{"type":"FeatureCollection","features":[{"type":"Feature","properties":{"role":"edge_left","orientation":"driving direction, from the lap origin","unseen_spans":[[0.05871,0.05993],[0.06238,0.0636],[0.08172,0.08319],[0.15665,0.15812],[0.16571,0.17159],[0.1733,0.17624],[0.17844,0.18383],[0.19215,0.19485],[0.23035,0.23598],[0.25778,0.26953],[0.28544,0.28667],[0.28936,0.29475],[0.29597,0.31605],[0.33735,0.33956],[0.34617,0.34788],[0.36331,0.40126],[0.40542,0.40738],[0.40763,0.40885],[0.41057,0.41889],[0.42452,0.42722],[0.42771,0.4326],[0.43554,0.44656],[0.54181,0.54328],[0.54352,0.54475],[0.5472,0.54842],[0.54916,0.55112],[0.55136,0.55895],[0.5592,0.56336],[0.56703,0.56948],[0.56997,0.57193],[0.57266,0.57438],[0.604,0.60572],[0.63853,0.63975],[0.65151,0.65273],[0.67256,0.67428],[0.68285,0.68603],[0.68677,0.69068],[0.69166,0.69387],[0.69436,0.69656],[0.6973,0.69999],[0.70293,0.70513],[0.73451,0.73598],[0.75851,0.7612],[0.79377,0.79646],[0.7972,0.79891],[0.83564,0.83784],[0.88951,0.89269],[0.8993,0.90102],[0.90518,0.90959],[0.91767,0.91889],[0.95048,0.95636],[0.98035,0.98182]],"quality":{"source":"naip","accuracy_m":1.09,"relative_accuracy_m":0.25,"measured":true,"date":"2023-10-22","measured_fraction":0.749}},"geometry":{"type":"LineString","coordinates":[[-83.8134813,34.1500525],[-83.812912,34.1497557],[-83.8127097,34.1496514],[-83.8126277,34.149607],[-83.812534,34.1495601],[-83.812296,34.1494354],[-83.8116618,34.1491053],[-83.8113394,34.1489353],[-83.8112844,34.1489055],[-83.8112198,34.1488728],[-83.8111652,34.1488432],[-83.8111184,34.1488194],[-83.8110435,34.1487789],[-83.8110162,34.1487624],[-83.8109722,34.148734],[-83.8109203,34.1486991],[-83.8108864,34.1486752],[-83.8108297,34.1486324],[-83.8107391,34.1485672],[-83.8106825,34.1485242],[-83.810616,34.1484754],[-83.8105759,34.1484435],[-83.8105088,34.1483856],[-83.8104924,34.1483743],[-83.8104655,34.1483582],[-83.8104477,34.1483464],[-83.8104214,34.1483272],[-83.8104042,34.1483136],[-83.810361,34.1482771],[-83.8103434,34.1482609],[-83.8103282,34.1482422],[-83.8103217,34.1482321],[-83.810311,34.1482113],[-83.8102998,34.1481805],[-83.8102869,34.1481334],[-83.8102813,34.1481159],[-83.8102523,34.1480447],[-83.8102361,34.1479973],[-83.8102241,34.1479494],[-83.8102186,34.1479204],[-83.8102144,34.1478914],[-83.8102104,34.1478434],[-83.8102105,34.1478049],[-83.8102143,34.1477559],[-83.8102213,34.1477076],[-83.8102422,34.1476141],[-83.810252,34.1475772],[-83.8102606,34.1475499],[-83.8102798,34.1474974],[-83.8102992,34.1474362],[-83.8103434,34.1473176],[-83.8103514,34.1472985],[-83.8103947,34.1472109],[-83.8104227,34.1471587],[-83.8104528,34.1470938],[-83.8104676,34.1470671],[-83.8105067,34.1470083],[-83.8106093,34.146865],[-83.8106455,34.1468187],[-83.8106918,34.1467559],[-83.8107173,34.1467245],[-83.8107575,34.1466773],[-83.8107791,34.1466539],[-83.810802,34.1466313],[-83.8108259,34.1466097],[-83.8108423,34.1465961],[-83.8108921,34.1465581],[-83.8109417,34.1465221],[-83.8111269,34.1463847],[-83.8112748,34.1462666],[-83.8113296,34.1462236],[-83.8114353,34.1461375],[-83.8115439,34.1460404],[-83.8115776,34.146008],[-83.8116533,34.1459246],[-83.8117133,34.1458528],[-83.8117243,34.1458385],[-83.8117338,34.1458234],[-83.8117602,34.1457756],[-83.8118004,34.1457137],[-83.8118353,34.1456506],[-83.8118689,34.1455858],[-83.8118888,34.1455453],[-83.8118991,34.1455214],[-83.8119143,34.1454817],[-83.8119218,34.1454573],[-83.8119477,34.1453349],[-83.8119619,34.1452738],[-83.811979,34.1451814],[-83.8119878,34.1451493],[-83.8119965,34.1451275],[-83.8120078,34.1451064],[-83.8120142,34.1450963],[-83.8120281,34.1450775],[-83.8120428,34.1450604],[-83.8120879,34.1450129],[-83.8121049,34.1449971],[-83.8121144,34.1449895],[-83.8121352,34.1449755],[-83.812158,34.144963],[-83.8121699,34.1449574],[-83.8121944,34.1449477],[-83.8122193,34.14494],[-83.812267,34.1449278],[-83.8122887,34.1449215],[-83.81238,34.1448907],[-83.8124534,34.1448738],[-83.8125248,34.1448539],[-83.8125659,34.1448457],[-83.8125853,34.1448404],[-83.8126617,34.1448118],[-83.8127583,34.1447781],[-83.8127944,34.1447628],[-83.8128208,34.1447501],[-83.8129148,34.1446977],[-83.8129642,34.1446674],[-83.8130198,34.144629],[-83.8130974,34.1445709],[-83.8131262,34.1445477],[-83.8131461,34.1445288],[-83.8132168,34.1444549],[-83.8132459,34.1444209],[-83.8132678,34.1443922],[-83.8133159,34.1443255],[-83.8133305,34.1443038],[-83.8133434,34.1442815],[-83.8133549,34.1442583],[-83.8133694,34.1442262],[-83.8133831,34.1441934],[-83.8134026,34.1441424],[-83.8134295,34.1440846],[-83.8134409,34.1440515],[-83.8134655,34.143965],[-83.8134741,34.1439301],[-83.8134909,34.1438492],[-83.8135202,34.1437494],[-83.8135278,34.1437315],[-83.8135622,34.1436653],[-83.8135754,34.1436326],[-83.8136163,34.1435114],[-83.8136469,34.1434328],[-83.8136604,34.1433903],[-83.8136766,34.1433323],[-83.8137085,34.1432256],[-83.8137296,34.1431624],[-83.8137442,34.1431252],[-83.8137576,34.1430977],[-83.8137773,34.143062],[-83.8137927,34.1430357],[-83.81381,34.1430099],[-83.8138294,34.1429851],[-83.8138627,34.1429461],[-83.8139088,34.1428947],[-83.8139445,34.1428575],[-83.8139749,34.1428285],[-83.8140068,34.1428007],[-83.8140398,34.142774],[-83.8140739,34.1427486],[-83.8141094,34.1427242],[-83.8141372,34.1427065],[-83.8141756,34.1426841],[-83.814215,34.1426628],[-83.8142355,34.142653],[-83.8142565,34.1426441],[-83.8143301,34.142617],[-83.8144504,34.1425761],[-83.8145746,34.1425366],[-83.8146154,34.1425219],[-83.814644,34.1425104],[-83.8146873,34.1424917],[-83.8147115,34.14248],[-83.8147602,34.1424519],[-83.8148317,34.1424142],[-83.8149091,34.1423696],[-83.814941,34.1423493],[-83.8149632,34.1423326],[-83.8150681,34.1422463],[-83.8151191,34.142202],[-83.8151536,34.1421697],[-83.8151997,34.1421223],[-83.8152514,34.142066],[-83.8153286,34.1419787],[-83.8153648,34.1419408],[-83.815389,34.1419185],[-83.8154146,34.1418974],[-83.815441,34.1418778],[-83.8154763,34.1418536],[-83.8155397,34.1418138],[-83.815568,34.1417976],[-83.8156062,34.1417772],[-83.8157299,34.1417164],[-83.8157694,34.1416982],[-83.8158001,34.141685],[-83.8158314,34.1416728],[-83.8158739,34.141658],[-83.8159175,34.1416443],[-83.8159623,34.1416314],[-83.8160065,34.1416206],[-83.8160566,34.1416123],[-83.8160833,34.141606],[-83.8161083,34.1415972],[-83.8161405,34.1415823],[-83.8161725,34.1415657],[-83.8161959,34.1415517],[-83.8162251,34.1415319],[-83.8162456,34.1415164],[-83.8162641,34.141499],[-83.8162931,34.1414667],[-83.8163175,34.1414416],[-83.8163282,34.1414285],[-83.8163406,34.1414074],[-83.8163495,34.141385],[-83.8163644,34.1413414],[-83.8163676,34.1413269],[-83.8163693,34.1413118],[-83.816373,34.1412232],[-83.816378,34.1411602],[-83.8163879,34.140982],[-83.8163899,34.1409091],[-83.8163965,34.1408381],[-83.8163996,34.1407306],[-83.8164043,34.1406355],[-83.816411,34.1405476],[-83.8164126,34.1404967],[-83.8164166,34.140423],[-83.8164269,34.1403005],[-83.816426,34.1402844],[-83.8164188,34.1402502],[-83.816416,34.1402316],[-83.8164125,34.1401921],[-83.8164115,34.140152],[-83.8164136,34.1400945],[-83.8164202,34.1400192],[-83.8164398,34.1398752],[-83.8164469,34.1398138],[-83.8164601,34.1396614],[-83.8164831,34.1394282],[-83.8164953,34.1392575],[-83.8165192,34.1389969],[-83.8165225,34.1389261],[-83.8165266,34.1387829],[-83.8165251,34.1386762],[-83.8165203,34.1384966],[-83.8165073,34.1382088],[-83.8165018,34.1381104],[-83.8164992,34.1380292],[-83.8164924,34.1379125],[-83.8164772,34.137687],[-83.8164749,34.1376153],[-83.8164655,34.1374904],[-83.8164557,34.1374088],[-83.8164522,34.1373708],[-83.8164509,34.1373426],[-83.8164504,34.1372807],[-83.8164487,34.1372376],[-83.8164351,34.1371054],[-83.8164269,34.1370057],[-83.816423,34.136932],[-83.816416,34.1368506],[-83.8164126,34.1367766],[-83.8164119,34.1367477],[-83.8164126,34.1367281],[-83.8164175,34.1366886],[-83.8164229,34.136659],[-83.8164299,34.1366296],[-83.8164356,34.1366101],[-83.8164456,34.1365811],[-83.816461,34.1365431],[-83.8164746,34.1365155],[-83.8164901,34.1364888],[-83.8165132,34.1364544],[-83.8165386,34.1364213],[-83.8165661,34.1363894],[-83.816596,34.1363587],[-83.8166288,34.1363292],[-83.8166553,34.1363083],[-83.8166926,34.1362827],[-83.8167317,34.1362596],[-83.8167624,34.1362438],[-83.8167944,34.1362297],[-83.816838,34.1362131],[-83.8168821,34.1361984],[-83.8169157,34.1361888],[-83.8169617,34.1361781],[-83.8169967,34.1361719],[-83.8170313,34.1361677],[-83.8170869,34.1361627],[-83.8171521,34.1361524],[-83.8171853,34.1361486],[-83.817381,34.1361344],[-83.81749,34.1361297],[-83.8175757,34.1361212],[-83.8176731,34.1361165],[-83.8178025,34.1361069],[-83.8179322,34.136099],[-83.8180091,34.1360967],[-83.8181007,34.1360913],[-83.8181379,34.1360901],[-83.8181756,34.1360908],[-83.8182139,34.1360934],[-83.8182537,34.1360987],[-83.818281,34.1361045],[-83.8183084,34.1361128],[-83.8183219,34.136118],[-83.8183481,34.1361304],[-83.8183606,34.1361375],[-83.818384,34.1361537],[-83.8183946,34.1361625],[-83.8184044,34.1361719],[-83.8184216,34.1361916],[-83.8184289,34.1362019],[-83.8184415,34.1362231],[-83.8184515,34.1362449],[-83.8184594,34.1362673],[-83.8184653,34.1362901],[-83.8184691,34.136313],[-83.8184709,34.1363358],[-83.8184708,34.1363579],[-83.8184668,34.1364094],[-83.8184624,34.1364474],[-83.8184495,34.1365285],[-83.8184433,34.1365821],[-83.818435,34.1366364],[-83.8184272,34.1367005],[-83.8184169,34.1367533],[-83.8184131,34.1367788],[-83.8184086,34.1368314],[-83.8183976,34.136912],[-83.8183963,34.1369298],[-83.8183955,34.1369665],[-83.8183923,34.1369946],[-83.8183756,34.1370761],[-83.8183583,34.1371745],[-83.8183447,34.1372375],[-83.8183133,34.1373984],[-83.8182926,34.1374967],[-83.8182808,34.1375504],[-83.8182266,34.13778],[-83.8182079,34.1378675],[-83.8181947,34.1379379],[-83.818172,34.138071],[-83.8181624,34.1381327],[-83.8181517,34.1382118],[-83.8181415,34.1383449],[-83.8181359,34.1384434],[-83.8181323,34.1385504],[-83.8181309,34.1386665],[-83.8181318,34.1387738],[-83.8181351,34.13889],[-83.8181396,34.1389791],[-83.8181457,34.1390511],[-83.8181492,34.1391317],[-83.8181568,34.1392025],[-83.8181613,34.1392558],[-83.8181699,34.1393182],[-83.818198,34.1395507],[-83.8182344,34.1398096],[-83.818243,34.1398811],[-83.8182672,34.1400332],[-83.8182773,34.1401138],[-83.8182919,34.140194],[-83.8183146,34.1403365],[-83.8183264,34.1404266],[-83.8183492,34.1405609],[-83.8183661,34.1406768],[-83.8183964,34.1408646],[-83.818413,34.1409804],[-83.8184243,34.1410425],[-83.8184404,34.1411417],[-83.8184624,34.141294],[-83.8184749,34.1413644],[-83.8185089,34.1415794],[-83.8186178,34.1422767],[-83.8186607,34.1425449],[-83.8187231,34.142947],[-83.8187323,34.1430002],[-83.818741,34.1430435],[-83.8187595,34.1431067],[-83.8187643,34.1431267],[-83.8187681,34.1431476],[-83.8187706,34.1431687],[-83.8187718,34.1431894],[-83.8187727,34.1432653],[-83.8187723,34.1432975],[-83.8187739,34.1433186],[-83.8187765,34.1433323],[-83.8187854,34.1433621],[-83.8187892,34.1433789],[-83.8187989,34.1434506],[-83.8188137,34.1435288],[-83.8188257,34.1436009],[-83.8188389,34.1436903],[-83.8188438,34.1437358],[-83.8188514,34.1437894],[-83.8188681,34.1439272],[-83.8188793,34.144066],[-83.818887,34.1441934],[-83.8188906,34.1442837],[-83.8188898,34.1443572],[-83.8188904,34.1444303],[-83.8188881,34.1445029],[-83.8188874,34.1445667],[-83.8188851,34.1446124],[-83.8188797,34.1446766],[-83.8188738,34.1447305],[-83.8188688,34.1448028],[-83.8188418,34.1450204],[-83.8188174,34.1451746],[-83.8188124,34.1452017],[-83.8187733,34.1453715],[-83.8187353,34.1455311],[-83.8187195,34.1455938],[-83.8186919,34.1456919],[-83.8186584,34.1457979],[-83.8186344,34.1458681],[-83.8185845,34.1460064],[-83.8185608,34.1460749],[-83.8185019,34.1462574],[-83.8183787,34.1466315],[-83.8182518,34.1470136],[-83.8182329,34.1470655],[-83.8182183,34.1471089],[-83.8181837,34.1472225],[-83.8181555,34.1473004],[-83.8180717,34.1475439],[-83.8180519,34.1476054],[-83.8180134,34.147718],[-83.8179642,34.1478645],[-83.8179394,34.1479419],[-83.8179187,34.1480017],[-83.8179088,34.1480352],[-83.817891,34.1481066],[-83.8178779,34.1481521],[-83.8178615,34.1482011],[-83.8178566,34.1482213],[-83.8178559,34.1482332],[-83.8178575,34.1482443],[-83.8178631,34.1482608],[-83.8178735,34.1482841],[-83.8178804,34.1482956],[-83.8178886,34.1483066],[-83.8178983,34.1483172],[-83.8179155,34.1483334],[-83.8179487,34.1483631],[-83.8179717,34.1483802],[-83.8180296,34.1484185],[-83.8181341,34.1484853],[-83.8181705,34.14851],[-83.818206,34.1485359],[-83.8182316,34.1485562],[-83.8182564,34.1485783],[-83.8182795,34.148603],[-83.8182937,34.1486208],[-83.8183124,34.148649],[-83.8183232,34.1486686],[-83.8183326,34.1486885],[-83.818344,34.1487188],[-83.8183499,34.1487391],[-83.8183547,34.1487595],[-83.8183583,34.1487802],[-83.8183607,34.1488012],[-83.8183615,34.1488337],[-83.8183597,34.1488557],[-83.818358,34.1488667],[-83.8183557,34.1488777],[-83.8183495,34.1488991],[-83.8183417,34.1489197],[-83.8183324,34.1489391],[-83.8182923,34.1490074],[-83.8182688,34.1490593],[-83.8182599,34.1490769],[-83.8182494,34.1490938],[-83.8182214,34.1491332],[-83.8181354,34.1492687],[-83.818094,34.1493324],[-83.8180303,34.1494276],[-83.8179608,34.1495374],[-83.8178894,34.1496578],[-83.8178479,34.1497308],[-83.8178302,34.1497641],[-83.8177872,34.1498521],[-83.8177587,34.1499034],[-83.8177363,34.1499356],[-83.8176735,34.1500163],[-83.8176441,34.1500505],[-83.8176274,34.1500677],[-83.817618,34.1500758],[-83.8176079,34.1500833],[-83.8175861,34.1500967],[-83.8175532,34.1501151],[-83.8175315,34.1501263],[-83.8174888,34.1501456],[-83.817468,34.1501538],[-83.8174378,34.1501643],[-83.8174195,34.1501722],[-83.8173527,34.1502123],[-83.8173057,34.1502359],[-83.8172877,34.150246],[-83.8172261,34.1502835],[-83.817198,34.1502995],[-83.8171786,34.1503095],[-83.8171203,34.1503363],[-83.8170642,34.1503661],[-83.8170058,34.1503942],[-83.8169475,34.1504209],[-83.8168892,34.1504457],[-83.8168275,34.150473],[-83.8167216,34.1505256],[-83.8166728,34.1505473],[-83.8166126,34.1505768],[-83.8165524,34.1506026],[-83.8164657,34.1506421],[-83.8164247,34.1506589],[-83.8163932,34.1506702],[-83.8162888,34.1507018],[-83.8160497,34.1507698],[-83.8159323,34.1507986],[-83.8157896,34.1508319],[-83.8157552,34.1508387],[-83.8157207,34.1508443],[-83.8156747,34.1508502],[-83.815629,34.1508543],[-83.8155839,34.1508572],[-83.8154941,34.1508613],[-83.8154601,34.1508621],[-83.8153724,34.1508613],[-83.81534,34.1508621],[-83.8152727,34.1508654],[-83.815249,34.1508657],[-83.8152249,34.1508648],[-83.8152007,34.1508627],[-83.815165,34.1508576],[-83.8150729,34.1508393],[-83.8150494,34.1508339],[-83.8150379,34.1508302],[-83.8150157,34.1508215],[-83.814885,34.1507639],[-83.8147372,34.1507008],[-83.8147081,34.1506874],[-83.8146613,34.1506642],[-83.8146133,34.1506425],[-83.8145748,34.1506239],[-83.8144358,34.1505527],[-83.8143359,34.1504988],[-83.8142331,34.1504477],[-83.8141506,34.1504041],[-83.8140487,34.1503533],[-83.8139486,34.1502982],[-83.813837,34.150242],[-83.8137472,34.1501923],[-83.8134813,34.1500525]]}},{"type":"Feature","properties":{"role":"edge_right","orientation":"driving direction, from the lap origin","unseen_spans":[[0.1116,0.11331],[0.26439,0.26561],[0.30748,0.31164],[0.32315,0.32585],[0.35107,0.35841],[0.37482,0.37604],[0.38216,0.38388],[0.38584,0.39196],[0.39637,0.39832],[0.39857,0.40028],[0.44607,0.44803],[0.53398,0.53618],[0.53887,0.54059],[0.54157,0.58442],[0.604,0.60523],[0.61331,0.61551],[0.63118,0.63339],[0.64318,0.64465],[0.70121,0.70244],[0.70268,0.70391],[0.72619,0.72815],[0.73525,0.73647],[0.73672,0.7421],[0.74284,0.74504],[0.75802,0.76071],[0.76316,0.76488],[0.7661,0.76757],[0.76781,0.76977],[0.77124,0.77247],[0.77369,0.77516],[0.77761,0.77932],[0.78936,0.82193],[0.82266,0.82683],[0.87017,0.87335],[0.87971,0.88314],[0.8878,0.89465],[0.89857,0.902],[0.90224,0.90371],[0.91938,0.92208],[0.94485,0.94876],[0.96517,0.96713],[0.98035,0.98256]],"quality":{"source":"naip","accuracy_m":1.09,"relative_accuracy_m":0.25,"measured":true,"date":"2023-10-22","measured_fraction":0.784}},"geometry":{"type":"LineString","coordinates":[[-83.8135537,34.1499572],[-83.8129746,34.1496554],[-83.8126796,34.1495036],[-83.8125517,34.1494361],[-83.8124402,34.1493803],[-83.8123114,34.1493129],[-83.8122299,34.1492684],[-83.8116241,34.1489523],[-83.8115148,34.1488944],[-83.811443,34.1488554],[-83.8113901,34.1488252],[-83.8113381,34.1487929],[-83.8110683,34.148619],[-83.8109113,34.148512],[-83.8107815,34.1484184],[-83.8107269,34.1483766],[-83.8106248,34.1482967],[-83.8105317,34.1482143],[-83.810495,34.1481795],[-83.8104799,34.148163],[-83.8104711,34.1481516],[-83.8104401,34.1481041],[-83.8104212,34.148072],[-83.8103969,34.1480236],[-83.8103867,34.1480002],[-83.8103786,34.1479767],[-83.8103616,34.147904],[-83.8103564,34.1478711],[-83.8103482,34.1477874],[-83.8103484,34.1477709],[-83.8103498,34.1477545],[-83.8103549,34.147713],[-83.8103589,34.1476878],[-83.8103705,34.1476374],[-83.8103853,34.1475873],[-83.810414,34.1475109],[-83.8104488,34.1474093],[-83.8104616,34.1473776],[-83.8104723,34.147355],[-83.8104816,34.1473408],[-83.810514,34.1473073],[-83.8105403,34.1472783],[-83.8105748,34.1472386],[-83.8105877,34.1472212],[-83.8105975,34.1472028],[-83.8106165,34.1471596],[-83.810639,34.1471136],[-83.8106601,34.1470747],[-83.8106787,34.1470431],[-83.8107438,34.1469428],[-83.8107593,34.1469201],[-83.8108139,34.1468438],[-83.8108543,34.1467939],[-83.8108786,34.146767],[-83.8108981,34.1467484],[-83.8110284,34.1466404],[-83.8110675,34.1466097],[-83.811188,34.1465187],[-83.8112509,34.1464674],[-83.8114009,34.1463487],[-83.8114866,34.1462786],[-83.8115255,34.146245],[-83.8115841,34.1461888],[-83.8116692,34.1461039],[-83.8116904,34.1460815],[-83.8117736,34.145982],[-83.8118448,34.1458865],[-83.8118676,34.145854],[-83.8118984,34.1458053],[-83.8119573,34.1457046],[-83.8119705,34.1456789],[-83.8120142,34.1455843],[-83.8120259,34.1455573],[-83.8120365,34.1455296],[-83.8120457,34.1455015],[-83.8120852,34.1453578],[-83.8121002,34.145295],[-83.8121198,34.1452024],[-83.8121273,34.1451828],[-83.8121346,34.1451712],[-83.8121392,34.1451658],[-83.81215,34.1451555],[-83.8121888,34.1451222],[-83.8122409,34.1450722],[-83.8122591,34.1450587],[-83.8122726,34.1450504],[-83.81228,34.1450468],[-83.8122961,34.1450406],[-83.8123232,34.1450321],[-83.8123854,34.1450183],[-83.8125085,34.1449852],[-83.8126229,34.144951],[-83.8126657,34.1449373],[-83.8127572,34.1449051],[-83.8128191,34.1448815],[-83.8128501,34.1448685],[-83.8129007,34.1448456],[-83.8129306,34.1448316],[-83.8129596,34.1448166],[-83.8130058,34.1447889],[-83.8130778,34.1447418],[-83.8131373,34.1446992],[-83.8131953,34.1446547],[-83.813236,34.14462],[-83.8132891,34.1445705],[-83.8133318,34.1445261],[-83.8133589,34.1444947],[-83.8133773,34.1444702],[-83.8134166,34.1444133],[-83.8134496,34.144363],[-83.8134649,34.1443365],[-83.8134787,34.1443097],[-83.8134909,34.144283],[-83.8135016,34.1442562],[-83.8135251,34.1441945],[-83.8135594,34.1440974],[-83.813585,34.1440173],[-83.8136297,34.143887],[-83.8136546,34.1438111],[-83.8137113,34.1436559],[-83.8137374,34.1435772],[-83.8137637,34.1434916],[-83.8138039,34.1433954],[-83.8138121,34.1433676],[-83.8138263,34.1432961],[-83.8138305,34.1432791],[-83.8138589,34.1431956],[-83.813871,34.1431643],[-83.8138819,34.1431417],[-83.8138985,34.1431119],[-83.8139219,34.1430755],[-83.8139366,34.1430544],[-83.8139476,34.1430408],[-83.8139802,34.1430073],[-83.8140178,34.1429644],[-83.8140432,34.1429375],[-83.8140763,34.1429057],[-83.8141114,34.1428753],[-83.814141,34.1428519],[-83.8141871,34.1428183],[-83.8142103,34.1428022],[-83.8142263,34.1427923],[-83.8143099,34.1427475],[-83.8143365,34.1427363],[-83.8143841,34.1427201],[-83.8144733,34.1426875],[-83.8145708,34.1426485],[-83.8146296,34.1426313],[-83.8146397,34.1426289],[-83.8146719,34.142624],[-83.814694,34.1426196],[-83.8147163,34.1426135],[-83.8147389,34.1426061],[-83.8147615,34.1425975],[-83.8148162,34.1425748],[-83.8148459,34.1425598],[-83.8148638,34.1425482],[-83.8149054,34.1425172],[-83.8149777,34.1424743],[-83.8150488,34.1424243],[-83.8150823,34.1423977],[-83.8151344,34.1423497],[-83.815196,34.1422975],[-83.8152264,34.14227],[-83.815256,34.1422416],[-83.8153122,34.1421836],[-83.8153388,34.1421542],[-83.8153827,34.1421017],[-83.8154446,34.1420297],[-83.8154627,34.1420101],[-83.8154755,34.141998],[-83.8154891,34.1419867],[-83.8155262,34.1419602],[-83.8155988,34.1419122],[-83.8156237,34.1418972],[-83.8156576,34.1418781],[-83.8157017,34.141855],[-83.8157572,34.1418282],[-83.8158115,34.1418006],[-83.8158566,34.1417804],[-83.8158842,34.1417696],[-83.8159216,34.1417563],[-83.8159498,34.1417473],[-83.815978,34.1417398],[-83.8159971,34.1417359],[-83.8160168,34.141733],[-83.8160825,34.1417257],[-83.8161061,34.1417205],[-83.8161296,34.141713],[-83.8161759,34.1416965],[-83.8161983,34.1416872],[-83.8162198,34.141677],[-83.8162505,34.1416604],[-83.8162796,34.1416423],[-83.8163079,34.141623],[-83.8163352,34.1416019],[-83.8163604,34.141579],[-83.816383,34.1415552],[-83.8164036,34.1415309],[-83.8164222,34.1415053],[-83.8164334,34.1414872],[-83.8164693,34.1414225],[-83.8164837,34.1413939],[-83.8164945,34.1413633],[-83.8165015,34.141332],[-83.8165035,34.1413114],[-83.8165035,34.1413014],[-83.816498,34.1412554],[-83.8164982,34.1412383],[-83.8165008,34.1412214],[-83.8165075,34.1411952],[-83.8165109,34.1411769],[-83.8165116,34.141158],[-83.8165093,34.1410944],[-83.8165096,34.1410773],[-83.8165118,34.1410602],[-83.8165237,34.1410151],[-83.8165267,34.1409958],[-83.8165264,34.1409767],[-83.8165231,34.1409493],[-83.8165226,34.140932],[-83.8165245,34.140915],[-83.8165316,34.1408708],[-83.8165347,34.1408327],[-83.8165338,34.140804],[-83.8165288,34.1407678],[-83.8165273,34.1407506],[-83.8165272,34.1407336],[-83.8165294,34.1407081],[-83.8165377,34.1406488],[-83.8165442,34.1406248],[-83.8165551,34.1406017],[-83.8165754,34.1405696],[-83.8165855,34.140552],[-83.8165938,34.1405331],[-83.8166001,34.1405136],[-83.8166063,34.140484],[-83.8166156,34.1404263],[-83.8166174,34.1404072],[-83.816617,34.1403781],[-83.8166125,34.1403084],[-83.8166081,34.1402783],[-83.8165972,34.1402229],[-83.8165916,34.1401821],[-83.8165905,34.1401582],[-83.8165895,34.1400565],[-83.816592,34.1400221],[-83.8166046,34.1399152],[-83.8166108,34.139851],[-83.8166164,34.1397501],[-83.816619,34.1396697],[-83.8166284,34.139544],[-83.8166312,34.1394897],[-83.8166357,34.1394262],[-83.8166375,34.1393803],[-83.8166375,34.1392991],[-83.8166387,34.1392548],[-83.8166456,34.1391654],[-83.8166484,34.139093],[-83.8166543,34.1390116],[-83.8166569,34.1389565],[-83.816661,34.1388022],[-83.8166611,34.1387197],[-83.8166554,34.1384842],[-83.8166406,34.1381682],[-83.8166281,34.137952],[-83.8166227,34.1378884],[-83.8166189,34.137799],[-83.8166133,34.1377177],[-83.8166109,34.1376638],[-83.816606,34.1376095],[-83.8165999,34.1375098],[-83.8165932,34.1374462],[-83.8165915,34.1374196],[-83.8165907,34.1373597],[-83.816592,34.1373424],[-83.8165974,34.1373063],[-83.8165981,34.1372875],[-83.8165934,34.1372122],[-83.8165906,34.137184],[-83.8165773,34.1371029],[-83.8165726,34.1370584],[-83.8165655,34.1370228],[-83.8165609,34.1369876],[-83.8165572,34.1369438],[-83.8165462,34.1367754],[-83.8165464,34.1367419],[-83.81655,34.1367095],[-83.8165616,34.1366542],[-83.81657,34.1366231],[-83.8165791,34.1366004],[-83.816587,34.1365858],[-83.8166195,34.1365357],[-83.8166393,34.1365076],[-83.8166608,34.1364802],[-83.8166838,34.1364537],[-83.8167078,34.1364281],[-83.8167269,34.1364104],[-83.8167545,34.1363887],[-83.816784,34.136368],[-83.8168072,34.1363533],[-83.8168315,34.1363401],[-83.8168567,34.1363283],[-83.8168916,34.1363143],[-83.8169188,34.1363049],[-83.8169559,34.1362941],[-83.8169935,34.1362853],[-83.8170317,34.1362786],[-83.817093,34.136271],[-83.8171461,34.136266],[-83.8172628,34.1362583],[-83.8173386,34.1362547],[-83.8175324,34.1362429],[-83.8178138,34.1362246],[-83.8178899,34.1362208],[-83.8180702,34.1362054],[-83.8180899,34.1362046],[-83.8181089,34.1362054],[-83.8181363,34.1362097],[-83.818188,34.1362225],[-83.8182107,34.1362297],[-83.8182359,34.1362416],[-83.8182469,34.1362482],[-83.8182568,34.1362555],[-83.8182657,34.136264],[-83.8182869,34.1362881],[-83.8183066,34.1363084],[-83.8183197,34.1363251],[-83.8183261,34.1363372],[-83.8183307,34.1363501],[-83.8183334,34.1363639],[-83.8183342,34.1363864],[-83.8183328,34.1364024],[-83.818321,34.1364983],[-83.8183131,34.1365522],[-83.8183074,34.1366058],[-83.8183026,34.136641],[-83.818295,34.1366847],[-83.8182785,34.1367571],[-83.8182771,34.1367665],[-83.8182765,34.1368221],[-83.8182744,34.1368488],[-83.818245,34.1370702],[-83.8182246,34.1372034],[-83.8182073,34.1372918],[-83.8181887,34.1373803],[-83.8181584,34.1375121],[-83.8181016,34.137751],[-83.818082,34.1378409],[-83.8180666,34.1379221],[-83.8180436,34.1380567],[-83.8180326,34.1381293],[-83.8180245,34.1381932],[-83.8180157,34.1382939],[-83.8180064,34.1384479],[-83.8180022,34.1385572],[-83.8180007,34.1386663],[-83.8180018,34.1387845],[-83.8180054,34.1389117],[-83.8180111,34.1390117],[-83.8180131,34.1390656],[-83.818019,34.1391381],[-83.8180222,34.139202],[-83.8180489,34.1394457],[-83.8180644,34.1395719],[-83.8180937,34.1397783],[-83.8181175,34.1399305],[-83.8181287,34.1400109],[-83.818145,34.1401097],[-83.8181541,34.1401722],[-83.8181629,34.1402258],[-83.8182343,34.1407001],[-83.8182694,34.140914],[-83.8182796,34.1409863],[-83.8182875,34.1410314],[-83.8183072,34.1411555],[-83.8183219,34.1412627],[-83.8183283,34.1413169],[-83.8183483,34.1414336],[-83.8183609,34.1415141],[-83.8183734,34.1415851],[-83.8183988,34.1417457],[-83.8184086,34.1418177],[-83.818421,34.1418891],[-83.8184445,34.142041],[-83.8184595,34.1421302],[-83.8184696,34.1422017],[-83.8184876,34.1423182],[-83.8185459,34.1426847],[-83.8185595,34.142765],[-83.8185826,34.1429169],[-83.8186198,34.1431455],[-83.8186212,34.1431606],[-83.8186197,34.1431759],[-83.8186104,34.143208],[-83.8185935,34.1432606],[-83.8185835,34.1433012],[-83.8185783,34.1433344],[-83.8185787,34.1433564],[-83.8185821,34.143377],[-83.8186109,34.1435131],[-83.8186262,34.1435665],[-83.8186673,34.1437248],[-83.8187264,34.1439159],[-83.8187327,34.1439409],[-83.8187359,34.1439663],[-83.8187462,34.1441074],[-83.8187495,34.1441789],[-83.8187551,34.1443485],[-83.8187519,34.1445001],[-83.8187467,34.1446157],[-83.8187294,34.1448208],[-83.8187213,34.1448917],[-83.8187105,34.1449624],[-83.8186946,34.1450775],[-83.8186798,34.1451565],[-83.8186506,34.145297],[-83.8186232,34.1454206],[-83.8186003,34.1455176],[-83.8185825,34.145587],[-83.8185577,34.1456734],[-83.8185306,34.1457594],[-83.8185013,34.145845],[-83.8184484,34.145992],[-83.818413,34.1460973],[-83.8183711,34.1462278],[-83.8181906,34.1467754],[-83.8180436,34.1472281],[-83.8180005,34.1473579],[-83.8179649,34.1474615],[-83.8179307,34.1475562],[-83.8178784,34.1476842],[-83.8178147,34.1478584],[-83.8178065,34.1478851],[-83.8177975,34.1479203],[-83.817786,34.1479553],[-83.8177781,34.1479826],[-83.817771,34.1480102],[-83.8177616,34.1480549],[-83.8177571,34.1480719],[-83.8177409,34.148122],[-83.8177181,34.1481872],[-83.8177124,34.1482094],[-83.8177087,34.1482333],[-83.8177082,34.1482582],[-83.8177095,34.1482706],[-83.817712,34.1482829],[-83.8177159,34.1482947],[-83.8177267,34.1483169],[-83.8177512,34.1483588],[-83.8177661,34.1483785],[-83.8177748,34.1483874],[-83.8177937,34.1484034],[-83.8178231,34.1484238],[-83.8179936,34.1485317],[-83.8180533,34.1485677],[-83.818069,34.148578],[-83.8180899,34.1485955],[-83.8181351,34.1486392],[-83.818153,34.1486574],[-83.8181636,34.1486697],[-83.8181772,34.1486886],[-83.8181914,34.148715],[-83.8182029,34.1487428],[-83.8182116,34.148772],[-83.8182197,34.1488091],[-83.8182224,34.1488308],[-83.8182213,34.1488517],[-83.8182186,34.1488655],[-83.8182146,34.1488793],[-83.818203,34.1489082],[-83.8181875,34.1489392],[-83.818174,34.1489634],[-83.8181365,34.1490259],[-83.8180104,34.1492236],[-83.8179412,34.1493349],[-83.8179252,34.1493581],[-83.8179016,34.149389],[-83.8178905,34.1494051],[-83.8178304,34.1495028],[-83.8177526,34.1496327],[-83.8177152,34.149698],[-83.8176907,34.1497369],[-83.8176799,34.1497516],[-83.8176683,34.1497657],[-83.8176232,34.1498134],[-83.8176047,34.1498346],[-83.8175869,34.1498563],[-83.8175592,34.1498929],[-83.8175472,34.1499064],[-83.8175102,34.1499423],[-83.8174747,34.1499715],[-83.8174553,34.1499845],[-83.8174252,34.1500003],[-83.8173115,34.1500487],[-83.8172438,34.1500825],[-83.8171499,34.1501271],[-83.8171127,34.1501441],[-83.8170484,34.150172],[-83.8170003,34.1501919],[-83.8169338,34.1502182],[-83.8168758,34.1502392],[-83.8168177,34.1502614],[-83.8167339,34.1502899],[-83.8167119,34.1502984],[-83.8166912,34.1503088],[-83.8166533,34.1503314],[-83.8165634,34.1503829],[-83.8165293,34.1504017],[-83.8165122,34.15041],[-83.8164377,34.1504407],[-83.8162614,34.150518],[-83.8161672,34.1505601],[-83.8160138,34.1506258],[-83.8159181,34.1506646],[-83.8158219,34.1507017],[-83.8157934,34.1507113],[-83.8157647,34.1507187],[-83.8157162,34.150728],[-83.8156568,34.1507353],[-83.815606,34.1507395],[-83.8155225,34.1507432],[-83.815481,34.1507438],[-83.8154287,34.1507429],[-83.8152892,34.150736],[-83.8152403,34.1507324],[-83.8152025,34.1507281],[-83.8151738,34.1507234],[-83.8151068,34.1507107],[-83.8150795,34.1507045],[-83.8149738,34.1506732],[-83.8149354,34.1506586],[-83.8148691,34.1506301],[-83.8147576,34.1505792],[-83.8146922,34.1505477],[-83.8145837,34.1504909],[-83.8143162,34.1503538],[-83.8141874,34.1502867],[-83.8140774,34.1502303],[-83.8139842,34.1501835],[-83.8135537,34.1499572]]}},{"type":"Feature","properties":{"role":"midline","derived_from":["edge_left","edge_right"],"quality":{"source":"derived","accuracy_m":1.09,"relative_accuracy_m":0.25,"measured":true,"date":"2023-10-22"}},"geometry":{"type":"LineString","coordinates":[[-83.8135175,34.1500048],[-83.8129388,34.1497032],[-83.8127452,34.1496034],[-83.8125063,34.149479],[-83.8124139,34.1494318],[-83.812194,34.1493161],[-83.8116153,34.1490144],[-83.8114964,34.1489515],[-83.8113689,34.1488829],[-83.8112616,34.1488217],[-83.8111196,34.1487389],[-83.8110758,34.1487124],[-83.8110329,34.1486848],[-83.8109571,34.1486337],[-83.8108254,34.1485399],[-83.8107763,34.1485043],[-83.8106794,34.1484322],[-83.8106322,34.148395],[-83.810555,34.1483316],[-83.8105145,34.1483017],[-83.8104832,34.1482768],[-83.8104308,34.1482311],[-83.81041,34.1482101],[-83.8103986,34.1481947],[-83.8103848,34.1481701],[-83.8103211,34.1480264],[-83.8103116,34.1480005],[-83.8103063,34.147983],[-83.8102976,34.1479477],[-83.8102901,34.1479122],[-83.8102859,34.1478854],[-83.8102831,34.1478584],[-83.8102806,34.1478224],[-83.8102798,34.1477954],[-83.8102802,34.1477773],[-83.8102826,34.1477503],[-83.8102875,34.1477145],[-83.8102922,34.1476877],[-83.8103086,34.1476169],[-83.8103244,34.1475645],[-83.8103437,34.1475128],[-83.8103823,34.1474001],[-83.8104024,34.1473486],[-83.810414,34.1473232],[-83.8104239,34.147307],[-83.810495,34.1472058],[-83.8105052,34.1471899],[-83.8105136,34.1471734],[-83.8105324,34.1471311],[-83.8105495,34.1470979],[-83.8105734,34.1470575],[-83.8105989,34.1470177],[-83.8106847,34.1468924],[-83.8107526,34.1468001],[-83.8107953,34.146748],[-83.8108212,34.146719],[-83.810842,34.1466982],[-83.8108714,34.1466716],[-83.8109018,34.1466459],[-83.8109727,34.1465902],[-83.8111653,34.1464448],[-83.8113847,34.1462703],[-83.8114542,34.1462133],[-83.8114843,34.1461873],[-83.8115993,34.1460794],[-83.811634,34.1460447],[-83.8117104,34.1459571],[-83.8117816,34.1458666],[-83.8117973,34.1458429],[-83.811852,34.1457548],[-83.8118896,34.1456898],[-83.8119112,34.1456484],[-83.8119476,34.1455732],[-83.811959,34.1455478],[-83.8119786,34.1454963],[-83.8119864,34.1454701],[-83.8120291,34.1452933],[-83.8120466,34.1452044],[-83.8120531,34.1451779],[-83.8120596,34.1451606],[-83.8120682,34.145144],[-83.8120793,34.1451285],[-83.8120921,34.1451139],[-83.8121547,34.1450518],[-83.8121694,34.1450386],[-83.8121936,34.1450206],[-83.8122114,34.1450102],[-83.81223,34.1450011],[-83.8122597,34.1449901],[-83.8123521,34.1449644],[-83.8124031,34.1449491],[-83.8124757,34.144931],[-83.8125371,34.1449131],[-83.812589,34.1449],[-83.8126196,34.1448908],[-83.8127591,34.144841],[-83.8127985,34.1448259],[-83.8128273,34.1448134],[-83.8128557,34.1448002],[-83.81292,34.1447666],[-83.8129469,34.1447514],[-83.8129732,34.1447355],[-83.8130329,34.1446966],[-83.8130904,34.1446554],[-83.8131542,34.1446066],[-83.8131845,34.1445808],[-83.8132267,34.1445397],[-83.8132743,34.1444905],[-83.8133056,34.1444537],[-83.8133282,34.144423],[-83.8133774,34.1443529],[-83.8133927,34.144329],[-83.8134065,34.1443046],[-83.8134189,34.1442796],[-83.8134338,34.1442457],[-83.8134703,34.1441513],[-83.8134913,34.1441001],[-83.8135031,34.1440654],[-83.8135297,34.143978],[-83.8135642,34.1438551],[-83.8135888,34.1437766],[-83.8135986,34.1437508],[-83.813625,34.1436916],[-83.8136386,34.1436573],[-83.8136909,34.143501],[-83.8137328,34.1433891],[-83.8137408,34.1433629],[-83.8137606,34.1432835],[-83.813768,34.1432571],[-83.8137943,34.143179],[-83.8138076,34.1431447],[-83.8138197,34.1431197],[-83.8138379,34.143087],[-83.8138577,34.1430549],[-83.8138739,34.1430314],[-83.8138983,34.1430016],[-83.8139247,34.142973],[-83.8139633,34.1429295],[-83.8139901,34.1429012],[-83.8140184,34.1428738],[-83.8140479,34.1428474],[-83.8140787,34.142822],[-83.8141189,34.1427918],[-83.8141605,34.1427628],[-83.8141865,34.1427465],[-83.8142134,34.1427313],[-83.8142591,34.142707],[-83.8142875,34.1426938],[-83.8143071,34.1426861],[-83.8145364,34.1426044],[-83.8146073,34.1425822],[-83.814669,34.142565],[-83.8147187,34.1425468],[-83.814757,34.1425297],[-83.8147941,34.1425109],[-83.8148208,34.1424954],[-83.8148729,34.1424629],[-83.8149264,34.1424322],[-83.8149778,34.142399],[-83.8150182,34.142369],[-83.8151318,34.1422723],[-83.815169,34.1422395],[-83.8152118,34.1421987],[-83.8152658,34.1421423],[-83.8152919,34.1421135],[-83.8153871,34.1420038],[-83.8154138,34.1419754],[-83.8154281,34.1419619],[-83.8154511,34.1419428],[-83.8154753,34.1419248],[-83.8155004,34.1419076],[-83.8155687,34.1418633],[-83.8155953,34.1418477],[-83.8156315,34.1418278],[-83.8156683,34.1418088],[-83.8157711,34.1417584],[-83.8157994,34.1417452],[-83.8158283,34.1417327],[-83.8158578,34.1417212],[-83.8158977,34.1417071],[-83.8159281,34.1416975],[-83.8159589,34.1416888],[-83.8160007,34.1416793],[-83.816022,34.1416757],[-83.8160648,34.1416698],[-83.8160754,34.1416679],[-83.8160962,34.1416627],[-83.8161265,34.1416527],[-83.8161462,34.1416451],[-83.8161842,34.1416277],[-83.8162115,34.141613],[-83.8162378,34.141597],[-83.8162712,34.1415741],[-83.8162947,34.1415554],[-83.8163093,34.141542],[-83.8163293,34.1415207],[-83.8163609,34.1414841],[-83.8163782,34.1414612],[-83.8163882,34.1414452],[-83.8163972,34.1414288],[-83.8164169,34.1413869],[-83.8164237,34.1413698],[-83.8164294,34.1413524],[-83.816435,34.1413257],[-83.8164368,34.1412986],[-83.8164349,34.1412535],[-83.8164354,34.1412355],[-83.8164372,34.1412176],[-83.8164442,34.1411729],[-83.8164462,34.1410737],[-83.8164489,34.1410467],[-83.816455,34.141011],[-83.816457,34.1409931],[-83.8164574,34.1409751],[-83.8164559,34.14093],[-83.8164572,34.140912],[-83.816463,34.1408672],[-83.8164653,34.1408402],[-83.8164659,34.1408132],[-83.8164632,34.1407411],[-83.8164644,34.1407141],[-83.8164692,34.1406601],[-83.8164722,34.1406332],[-83.8164772,34.1406065],[-83.8164819,34.1405889],[-83.8164962,34.1405454],[-83.8165049,34.1405101],[-83.8165092,34.1404833],[-83.8165173,34.1404115],[-83.816519,34.1403754],[-83.816519,34.1403034],[-83.8165161,34.1402765],[-83.8165088,34.1402409],[-83.8165059,34.140223],[-83.816502,34.1401871],[-83.816501,34.1401511],[-83.8165028,34.140061],[-83.8165066,34.140016],[-83.8165215,34.1398994],[-83.8165274,34.1398456],[-83.8165343,34.1397556],[-83.8165396,34.1396656],[-83.8165592,34.1394317],[-83.8165624,34.1393777],[-83.8165668,34.1392606],[-83.8165752,34.1391616],[-83.8165798,34.1390896],[-83.8165864,34.1390087],[-83.8165888,34.1389636],[-83.8165912,34.1388916],[-83.816594,34.1387654],[-83.8165892,34.138531],[-83.8165858,34.1384409],[-83.8165662,34.1380355],[-83.8165459,34.1377114],[-83.8165423,34.1376394],[-83.8165344,34.1375224],[-83.8165247,34.1374235],[-83.8165221,34.1373875],[-83.8165212,34.1373515],[-83.816524,34.1373064],[-83.8165243,34.1372884],[-83.8165211,34.1372253],[-83.8165186,34.1371983],[-83.8165066,34.1371087],[-83.8165025,34.1370638],[-83.8164943,34.137001],[-83.8164847,34.1368661],[-83.8164794,34.136776],[-83.8164793,34.1367399],[-83.816483,34.136704],[-83.8164936,34.1366507],[-83.8165005,34.1366243],[-83.816506,34.1366069],[-83.8165161,34.1365812],[-83.8165283,34.1365562],[-83.8165474,34.1365238],[-83.8165737,34.1364845],[-83.8165969,34.1364541],[-83.8166221,34.1364248],[-83.8166489,34.1363965],[-83.8166779,34.1363698],[-83.8167014,34.1363511],[-83.8167346,34.1363279],[-83.8167695,34.1363065],[-83.8167969,34.1362919],[-83.8168255,34.136279],[-83.8168648,34.1362637],[-83.8169051,34.1362502],[-83.8169358,34.1362415],[-83.8169776,34.1362317],[-83.81702,34.1362244],[-83.8170953,34.1362163],[-83.8171489,34.1362097],[-83.817192,34.1362056],[-83.8173974,34.1361921],[-83.8174948,34.1361873],[-83.8175812,34.1361803],[-83.8176785,34.1361749],[-83.8178082,34.1361658],[-83.8178839,34.1361617],[-83.8179379,34.1361576],[-83.8180028,34.1361541],[-83.8180676,34.1361494],[-83.8181001,34.136148],[-83.8181326,34.136149],[-83.8181541,34.1361511],[-83.8181862,34.1361553],[-83.8182286,34.1361629],[-83.8182493,34.1361685],[-83.8182692,34.1361757],[-83.8182884,34.1361843],[-83.8182975,34.1361893],[-83.8183147,34.1362004],[-83.8183227,34.1362066],[-83.8183371,34.1362202],[-83.8183498,34.1362349],[-83.8183612,34.1362503],[-83.8183766,34.1362741],[-83.8183854,34.1362905],[-83.8183925,34.1363076],[-83.8183976,34.1363251],[-83.8184008,34.1363429],[-83.8184021,34.1363609],[-83.8184019,34.136379],[-83.8183977,34.1364239],[-83.818364,34.1366747],[-83.8183451,34.1367727],[-83.8183418,34.1368357],[-83.8183325,34.1369075],[-83.8183259,34.1369794],[-83.8182948,34.1371669],[-83.8182491,34.1373982],[-83.8182196,34.1375312],[-83.8181631,34.13777],[-83.818144,34.1378587],[-83.8181291,34.1379389],[-83.8181063,34.1380728],[-83.8180969,34.1381354],[-83.8180876,34.1382071],[-83.8180783,34.138324],[-83.8180714,34.1384411],[-83.8180674,34.1385492],[-83.8180658,34.1386664],[-83.8180669,34.1387836],[-83.8180703,34.1389008],[-83.8180729,34.1389548],[-83.8180854,34.1391529],[-83.8180944,34.1392518],[-83.8181206,34.1394761],[-83.8181318,34.1395658],[-83.8181774,34.1398881],[-83.8182139,34.1401296],[-83.8182288,34.1402189],[-83.8182608,34.1404336],[-83.8182811,34.1405587],[-83.8183009,34.1406929],[-83.8183342,34.1408984],[-83.8183456,34.140979],[-83.8183738,34.1411486],[-83.8183961,34.1413098],[-83.8184071,34.1413723],[-83.8184404,34.1415778],[-83.8184643,34.1417297],[-83.818476,34.1418103],[-83.8185263,34.142123],[-83.818552,34.142293],[-83.8186247,34.1427488],[-83.8186508,34.1429187],[-83.8186719,34.1430437],[-83.8186897,34.1431234],[-83.8186944,34.1431503],[-83.8186957,34.1431685],[-83.8186948,34.1431866],[-83.818679,34.143294],[-83.8186767,34.1433209],[-83.8186773,34.1433389],[-83.8186804,34.1433567],[-83.8186889,34.1433921],[-83.8187061,34.1434902],[-83.8187226,34.143561],[-83.818759,34.1437388],[-83.8187824,34.1438452],[-83.8187974,34.1439162],[-83.8188004,34.1439341],[-83.8188033,34.143961],[-83.8188105,34.1440509],[-83.8188177,34.144177],[-83.8188215,34.1442761],[-83.8188225,34.1443483],[-83.8188219,34.1444294],[-83.818819,34.1445466],[-83.8188149,34.1446277],[-83.8187993,34.1448075],[-83.8187889,34.1448972],[-83.8187719,34.1450227],[-83.8187609,34.1450942],[-83.8187434,34.1451923],[-83.8187,34.1453873],[-83.8186689,34.14552],[-83.8186509,34.1455905],[-83.8186261,34.1456783],[-83.818596,34.1457742],[-83.8185663,34.145861],[-83.8185135,34.1460078],[-83.8184841,34.1460946],[-83.8184308,34.14626],[-83.8181872,34.146999],[-83.8181578,34.1470858],[-83.8181164,34.1472166],[-83.8180455,34.1474248],[-83.8179912,34.1475806],[-83.8179459,34.1477011],[-83.8178882,34.1478655],[-83.817867,34.1479355],[-83.8178496,34.1479876],[-83.8178399,34.1480227],[-83.8178253,34.1480846],[-83.8178094,34.1481371],[-83.8177888,34.1481977],[-83.8177831,34.1482242],[-83.8177822,34.1482422],[-83.8177843,34.1482602],[-83.8177865,34.1482691],[-83.8177931,34.1482863],[-83.8178062,34.1483111],[-83.8178158,34.1483272],[-83.8178274,34.1483425],[-83.8178412,34.1483564],[-83.8178724,34.1483815],[-83.8179214,34.148417],[-83.8180243,34.1484833],[-83.8180937,34.1485265],[-83.8181189,34.1485436],[-83.8181424,34.1485623],[-83.8181876,34.1486013],[-83.8182087,34.1486218],[-83.8182276,34.1486438],[-83.8182438,34.1486673],[-83.8182531,34.1486835],[-83.8182613,34.1487002],[-83.8182717,34.1487257],[-83.818282,34.1487607],[-83.818289,34.1487962],[-83.8182912,34.1488142],[-83.818292,34.1488322],[-83.8182897,34.1488592],[-83.8182832,34.1488857],[-83.8182769,34.148903],[-83.8182652,34.1489282],[-83.8182331,34.1489854],[-83.8182028,34.1490433],[-83.8181934,34.1490595],[-83.8181563,34.1491146],[-83.8179991,34.1493616],[-83.8179556,34.149424],[-83.8179056,34.1495039],[-83.8178187,34.1496493],[-83.8177542,34.1497635],[-83.8177396,34.1497877],[-83.8177237,34.1498113],[-83.8176847,34.1498655],[-83.8176264,34.1499415],[-83.817601,34.1499707],[-83.8175742,34.149999],[-83.8175599,34.1500126],[-83.8175443,34.1500251],[-83.8175186,34.1500417],[-83.8174823,34.1500614],[-83.8174443,34.1500786],[-83.8173854,34.1501016],[-83.8173665,34.1501104],[-83.8173029,34.1501451],[-83.817247,34.1501727],[-83.817174,34.1502117],[-83.8171368,34.1502303],[-83.81707,34.1502602],[-83.8170227,34.1502823],[-83.8169651,34.1503074],[-83.8168778,34.1503436],[-83.8167697,34.1503857],[-83.816751,34.1503949],[-83.8166602,34.1504442],[-83.8165769,34.1504865],[-83.816558,34.1504952],[-83.8164999,34.1505196],[-83.8163946,34.1505662],[-83.8163459,34.150586],[-83.8162468,34.1506225],[-83.8160274,34.1507003],[-83.8159059,34.1507391],[-83.8158345,34.1507606],[-83.8157932,34.1507716],[-83.8157618,34.1507785],[-83.81573,34.1507843],[-83.8156979,34.150789],[-83.815655,34.1507938],[-83.8156118,34.1507973],[-83.8155685,34.1507996],[-83.8155036,34.1508023],[-83.8154602,34.1508029],[-83.8153518,34.1508004],[-83.8152651,34.1508002],[-83.8152218,34.1507977],[-83.8151896,34.1507938],[-83.8151578,34.1507883],[-83.815084,34.1507738],[-83.8150531,34.1507653],[-83.8149441,34.1507251],[-83.8148666,34.1506927],[-83.8147611,34.1506465],[-83.8146389,34.1505882],[-83.8144728,34.1505029],[-83.8143813,34.1504545],[-83.8142701,34.1503984],[-83.8141876,34.1503551],[-83.8140857,34.1503035],[-83.8140034,34.1502599],[-83.8138834,34.1501984],[-83.8137833,34.1501445],[-83.8135175,34.1500048]]}},{"type":"Feature","properties":{"role":"surface","rings":["outer","inner"],"area_m2":null},"geometry":{"type":"Polygon","coordinates":[[[-83.8134813,34.1500525],[-83.812912,34.1497557],[-83.8127097,34.1496514],[-83.8126277,34.149607],[-83.812534,34.1495601],[-83.812296,34.1494354],[-83.8116618,34.1491053],[-83.8113394,34.1489353],[-83.8112844,34.1489055],[-83.8112198,34.1488728],[-83.8111652,34.1488432],[-83.8111184,34.1488194],[-83.8110435,34.1487789],[-83.8110162,34.1487624],[-83.8109722,34.148734],[-83.8109203,34.1486991],[-83.8108864,34.1486752],[-83.8108297,34.1486324],[-83.8107391,34.1485672],[-83.8106825,34.1485242],[-83.810616,34.1484754],[-83.8105759,34.1484435],[-83.8105088,34.1483856],[-83.8104924,34.1483743],[-83.8104655,34.1483582],[-83.8104477,34.1483464],[-83.8104214,34.1483272],[-83.8104042,34.1483136],[-83.810361,34.1482771],[-83.8103434,34.1482609],[-83.8103282,34.1482422],[-83.8103217,34.1482321],[-83.810311,34.1482113],[-83.8102998,34.1481805],[-83.8102869,34.1481334],[-83.8102813,34.1481159],[-83.8102523,34.1480447],[-83.8102361,34.1479973],[-83.8102241,34.1479494],[-83.8102186,34.1479204],[-83.8102144,34.1478914],[-83.8102104,34.1478434],[-83.8102105,34.1478049],[-83.8102143,34.1477559],[-83.8102213,34.1477076],[-83.8102422,34.1476141],[-83.810252,34.1475772],[-83.8102606,34.1475499],[-83.8102798,34.1474974],[-83.8102992,34.1474362],[-83.8103434,34.1473176],[-83.8103514,34.1472985],[-83.8103947,34.1472109],[-83.8104227,34.1471587],[-83.8104528,34.1470938],[-83.8104676,34.1470671],[-83.8105067,34.1470083],[-83.8106093,34.146865],[-83.8106455,34.1468187],[-83.8106918,34.1467559],[-83.8107173,34.1467245],[-83.8107575,34.1466773],[-83.8107791,34.1466539],[-83.810802,34.1466313],[-83.8108259,34.1466097],[-83.8108423,34.1465961],[-83.8108921,34.1465581],[-83.8109417,34.1465221],[-83.8111269,34.1463847],[-83.8112748,34.1462666],[-83.8113296,34.1462236],[-83.8114353,34.1461375],[-83.8115439,34.1460404],[-83.8115776,34.146008],[-83.8116533,34.1459246],[-83.8117133,34.1458528],[-83.8117243,34.1458385],[-83.8117338,34.1458234],[-83.8117602,34.1457756],[-83.8118004,34.1457137],[-83.8118353,34.1456506],[-83.8118689,34.1455858],[-83.8118888,34.1455453],[-83.8118991,34.1455214],[-83.8119143,34.1454817],[-83.8119218,34.1454573],[-83.8119477,34.1453349],[-83.8119619,34.1452738],[-83.811979,34.1451814],[-83.8119878,34.1451493],[-83.8119965,34.1451275],[-83.8120078,34.1451064],[-83.8120142,34.1450963],[-83.8120281,34.1450775],[-83.8120428,34.1450604],[-83.8120879,34.1450129],[-83.8121049,34.1449971],[-83.8121144,34.1449895],[-83.8121352,34.1449755],[-83.812158,34.144963],[-83.8121699,34.1449574],[-83.8121944,34.1449477],[-83.8122193,34.14494],[-83.812267,34.1449278],[-83.8122887,34.1449215],[-83.81238,34.1448907],[-83.8124534,34.1448738],[-83.8125248,34.1448539],[-83.8125659,34.1448457],[-83.8125853,34.1448404],[-83.8126617,34.1448118],[-83.8127583,34.1447781],[-83.8127944,34.1447628],[-83.8128208,34.1447501],[-83.8129148,34.1446977],[-83.8129642,34.1446674],[-83.8130198,34.144629],[-83.8130974,34.1445709],[-83.8131262,34.1445477],[-83.8131461,34.1445288],[-83.8132168,34.1444549],[-83.8132459,34.1444209],[-83.8132678,34.1443922],[-83.8133159,34.1443255],[-83.8133305,34.1443038],[-83.8133434,34.1442815],[-83.8133549,34.1442583],[-83.8133694,34.1442262],[-83.8133831,34.1441934],[-83.8134026,34.1441424],[-83.8134295,34.1440846],[-83.8134409,34.1440515],[-83.8134655,34.143965],[-83.8134741,34.1439301],[-83.8134909,34.1438492],[-83.8135202,34.1437494],[-83.8135278,34.1437315],[-83.8135622,34.1436653],[-83.8135754,34.1436326],[-83.8136163,34.1435114],[-83.8136469,34.1434328],[-83.8136604,34.1433903],[-83.8136766,34.1433323],[-83.8137085,34.1432256],[-83.8137296,34.1431624],[-83.8137442,34.1431252],[-83.8137576,34.1430977],[-83.8137773,34.143062],[-83.8137927,34.1430357],[-83.81381,34.1430099],[-83.8138294,34.1429851],[-83.8138627,34.1429461],[-83.8139088,34.1428947],[-83.8139445,34.1428575],[-83.8139749,34.1428285],[-83.8140068,34.1428007],[-83.8140398,34.142774],[-83.8140739,34.1427486],[-83.8141094,34.1427242],[-83.8141372,34.1427065],[-83.8141756,34.1426841],[-83.814215,34.1426628],[-83.8142355,34.142653],[-83.8142565,34.1426441],[-83.8143301,34.142617],[-83.8144504,34.1425761],[-83.8145746,34.1425366],[-83.8146154,34.1425219],[-83.814644,34.1425104],[-83.8146873,34.1424917],[-83.8147115,34.14248],[-83.8147602,34.1424519],[-83.8148317,34.1424142],[-83.8149091,34.1423696],[-83.814941,34.1423493],[-83.8149632,34.1423326],[-83.8150681,34.1422463],[-83.8151191,34.142202],[-83.8151536,34.1421697],[-83.8151997,34.1421223],[-83.8152514,34.142066],[-83.8153286,34.1419787],[-83.8153648,34.1419408],[-83.815389,34.1419185],[-83.8154146,34.1418974],[-83.815441,34.1418778],[-83.8154763,34.1418536],[-83.8155397,34.1418138],[-83.815568,34.1417976],[-83.8156062,34.1417772],[-83.8157299,34.1417164],[-83.8157694,34.1416982],[-83.8158001,34.141685],[-83.8158314,34.1416728],[-83.8158739,34.141658],[-83.8159175,34.1416443],[-83.8159623,34.1416314],[-83.8160065,34.1416206],[-83.8160566,34.1416123],[-83.8160833,34.141606],[-83.8161083,34.1415972],[-83.8161405,34.1415823],[-83.8161725,34.1415657],[-83.8161959,34.1415517],[-83.8162251,34.1415319],[-83.8162456,34.1415164],[-83.8162641,34.141499],[-83.8162931,34.1414667],[-83.8163175,34.1414416],[-83.8163282,34.1414285],[-83.8163406,34.1414074],[-83.8163495,34.141385],[-83.8163644,34.1413414],[-83.8163676,34.1413269],[-83.8163693,34.1413118],[-83.816373,34.1412232],[-83.816378,34.1411602],[-83.8163879,34.140982],[-83.8163899,34.1409091],[-83.8163965,34.1408381],[-83.8163996,34.1407306],[-83.8164043,34.1406355],[-83.816411,34.1405476],[-83.8164126,34.1404967],[-83.8164166,34.140423],[-83.8164269,34.1403005],[-83.816426,34.1402844],[-83.8164188,34.1402502],[-83.816416,34.1402316],[-83.8164125,34.1401921],[-83.8164115,34.140152],[-83.8164136,34.1400945],[-83.8164202,34.1400192],[-83.8164398,34.1398752],[-83.8164469,34.1398138],[-83.8164601,34.1396614],[-83.8164831,34.1394282],[-83.8164953,34.1392575],[-83.8165192,34.1389969],[-83.8165225,34.1389261],[-83.8165266,34.1387829],[-83.8165251,34.1386762],[-83.8165203,34.1384966],[-83.8165073,34.1382088],[-83.8165018,34.1381104],[-83.8164992,34.1380292],[-83.8164924,34.1379125],[-83.8164772,34.137687],[-83.8164749,34.1376153],[-83.8164655,34.1374904],[-83.8164557,34.1374088],[-83.8164522,34.1373708],[-83.8164509,34.1373426],[-83.8164504,34.1372807],[-83.8164487,34.1372376],[-83.8164351,34.1371054],[-83.8164269,34.1370057],[-83.816423,34.136932],[-83.816416,34.1368506],[-83.8164126,34.1367766],[-83.8164119,34.1367477],[-83.8164126,34.1367281],[-83.8164175,34.1366886],[-83.8164229,34.136659],[-83.8164299,34.1366296],[-83.8164356,34.1366101],[-83.8164456,34.1365811],[-83.816461,34.1365431],[-83.8164746,34.1365155],[-83.8164901,34.1364888],[-83.8165132,34.1364544],[-83.8165386,34.1364213],[-83.8165661,34.1363894],[-83.816596,34.1363587],[-83.8166288,34.1363292],[-83.8166553,34.1363083],[-83.8166926,34.1362827],[-83.8167317,34.1362596],[-83.8167624,34.1362438],[-83.8167944,34.1362297],[-83.816838,34.1362131],[-83.8168821,34.1361984],[-83.8169157,34.1361888],[-83.8169617,34.1361781],[-83.8169967,34.1361719],[-83.8170313,34.1361677],[-83.8170869,34.1361627],[-83.8171521,34.1361524],[-83.8171853,34.1361486],[-83.817381,34.1361344],[-83.81749,34.1361297],[-83.8175757,34.1361212],[-83.8176731,34.1361165],[-83.8178025,34.1361069],[-83.8179322,34.136099],[-83.8180091,34.1360967],[-83.8181007,34.1360913],[-83.8181379,34.1360901],[-83.8181756,34.1360908],[-83.8182139,34.1360934],[-83.8182537,34.1360987],[-83.818281,34.1361045],[-83.8183084,34.1361128],[-83.8183219,34.136118],[-83.8183481,34.1361304],[-83.8183606,34.1361375],[-83.818384,34.1361537],[-83.8183946,34.1361625],[-83.8184044,34.1361719],[-83.8184216,34.1361916],[-83.8184289,34.1362019],[-83.8184415,34.1362231],[-83.8184515,34.1362449],[-83.8184594,34.1362673],[-83.8184653,34.1362901],[-83.8184691,34.136313],[-83.8184709,34.1363358],[-83.8184708,34.1363579],[-83.8184668,34.1364094],[-83.8184624,34.1364474],[-83.8184495,34.1365285],[-83.8184433,34.1365821],[-83.818435,34.1366364],[-83.8184272,34.1367005],[-83.8184169,34.1367533],[-83.8184131,34.1367788],[-83.8184086,34.1368314],[-83.8183976,34.136912],[-83.8183963,34.1369298],[-83.8183955,34.1369665],[-83.8183923,34.1369946],[-83.8183756,34.1370761],[-83.8183583,34.1371745],[-83.8183447,34.1372375],[-83.8183133,34.1373984],[-83.8182926,34.1374967],[-83.8182808,34.1375504],[-83.8182266,34.13778],[-83.8182079,34.1378675],[-83.8181947,34.1379379],[-83.818172,34.138071],[-83.8181624,34.1381327],[-83.8181517,34.1382118],[-83.8181415,34.1383449],[-83.8181359,34.1384434],[-83.8181323,34.1385504],[-83.8181309,34.1386665],[-83.8181318,34.1387738],[-83.8181351,34.13889],[-83.8181396,34.1389791],[-83.8181457,34.1390511],[-83.8181492,34.1391317],[-83.8181568,34.1392025],[-83.8181613,34.1392558],[-83.8181699,34.1393182],[-83.818198,34.1395507],[-83.8182344,34.1398096],[-83.818243,34.1398811],[-83.8182672,34.1400332],[-83.8182773,34.1401138],[-83.8182919,34.140194],[-83.8183146,34.1403365],[-83.8183264,34.1404266],[-83.8183492,34.1405609],[-83.8183661,34.1406768],[-83.8183964,34.1408646],[-83.818413,34.1409804],[-83.8184243,34.1410425],[-83.8184404,34.1411417],[-83.8184624,34.141294],[-83.8184749,34.1413644],[-83.8185089,34.1415794],[-83.8186178,34.1422767],[-83.8186607,34.1425449],[-83.8187231,34.142947],[-83.8187323,34.1430002],[-83.818741,34.1430435],[-83.8187595,34.1431067],[-83.8187643,34.1431267],[-83.8187681,34.1431476],[-83.8187706,34.1431687],[-83.8187718,34.1431894],[-83.8187727,34.1432653],[-83.8187723,34.1432975],[-83.8187739,34.1433186],[-83.8187765,34.1433323],[-83.8187854,34.1433621],[-83.8187892,34.1433789],[-83.8187989,34.1434506],[-83.8188137,34.1435288],[-83.8188257,34.1436009],[-83.8188389,34.1436903],[-83.8188438,34.1437358],[-83.8188514,34.1437894],[-83.8188681,34.1439272],[-83.8188793,34.144066],[-83.818887,34.1441934],[-83.8188906,34.1442837],[-83.8188898,34.1443572],[-83.8188904,34.1444303],[-83.8188881,34.1445029],[-83.8188874,34.1445667],[-83.8188851,34.1446124],[-83.8188797,34.1446766],[-83.8188738,34.1447305],[-83.8188688,34.1448028],[-83.8188418,34.1450204],[-83.8188174,34.1451746],[-83.8188124,34.1452017],[-83.8187733,34.1453715],[-83.8187353,34.1455311],[-83.8187195,34.1455938],[-83.8186919,34.1456919],[-83.8186584,34.1457979],[-83.8186344,34.1458681],[-83.8185845,34.1460064],[-83.8185608,34.1460749],[-83.8185019,34.1462574],[-83.8183787,34.1466315],[-83.8182518,34.1470136],[-83.8182329,34.1470655],[-83.8182183,34.1471089],[-83.8181837,34.1472225],[-83.8181555,34.1473004],[-83.8180717,34.1475439],[-83.8180519,34.1476054],[-83.8180134,34.147718],[-83.8179642,34.1478645],[-83.8179394,34.1479419],[-83.8179187,34.1480017],[-83.8179088,34.1480352],[-83.817891,34.1481066],[-83.8178779,34.1481521],[-83.8178615,34.1482011],[-83.8178566,34.1482213],[-83.8178559,34.1482332],[-83.8178575,34.1482443],[-83.8178631,34.1482608],[-83.8178735,34.1482841],[-83.8178804,34.1482956],[-83.8178886,34.1483066],[-83.8178983,34.1483172],[-83.8179155,34.1483334],[-83.8179487,34.1483631],[-83.8179717,34.1483802],[-83.8180296,34.1484185],[-83.8181341,34.1484853],[-83.8181705,34.14851],[-83.818206,34.1485359],[-83.8182316,34.1485562],[-83.8182564,34.1485783],[-83.8182795,34.148603],[-83.8182937,34.1486208],[-83.8183124,34.148649],[-83.8183232,34.1486686],[-83.8183326,34.1486885],[-83.818344,34.1487188],[-83.8183499,34.1487391],[-83.8183547,34.1487595],[-83.8183583,34.1487802],[-83.8183607,34.1488012],[-83.8183615,34.1488337],[-83.8183597,34.1488557],[-83.818358,34.1488667],[-83.8183557,34.1488777],[-83.8183495,34.1488991],[-83.8183417,34.1489197],[-83.8183324,34.1489391],[-83.8182923,34.1490074],[-83.8182688,34.1490593],[-83.8182599,34.1490769],[-83.8182494,34.1490938],[-83.8182214,34.1491332],[-83.8181354,34.1492687],[-83.818094,34.1493324],[-83.8180303,34.1494276],[-83.8179608,34.1495374],[-83.8178894,34.1496578],[-83.8178479,34.1497308],[-83.8178302,34.1497641],[-83.8177872,34.1498521],[-83.8177587,34.1499034],[-83.8177363,34.1499356],[-83.8176735,34.1500163],[-83.8176441,34.1500505],[-83.8176274,34.1500677],[-83.817618,34.1500758],[-83.8176079,34.1500833],[-83.8175861,34.1500967],[-83.8175532,34.1501151],[-83.8175315,34.1501263],[-83.8174888,34.1501456],[-83.817468,34.1501538],[-83.8174378,34.1501643],[-83.8174195,34.1501722],[-83.8173527,34.1502123],[-83.8173057,34.1502359],[-83.8172877,34.150246],[-83.8172261,34.1502835],[-83.817198,34.1502995],[-83.8171786,34.1503095],[-83.8171203,34.1503363],[-83.8170642,34.1503661],[-83.8170058,34.1503942],[-83.8169475,34.1504209],[-83.8168892,34.1504457],[-83.8168275,34.150473],[-83.8167216,34.1505256],[-83.8166728,34.1505473],[-83.8166126,34.1505768],[-83.8165524,34.1506026],[-83.8164657,34.1506421],[-83.8164247,34.1506589],[-83.8163932,34.1506702],[-83.8162888,34.1507018],[-83.8160497,34.1507698],[-83.8159323,34.1507986],[-83.8157896,34.1508319],[-83.8157552,34.1508387],[-83.8157207,34.1508443],[-83.8156747,34.1508502],[-83.815629,34.1508543],[-83.8155839,34.1508572],[-83.8154941,34.1508613],[-83.8154601,34.1508621],[-83.8153724,34.1508613],[-83.81534,34.1508621],[-83.8152727,34.1508654],[-83.815249,34.1508657],[-83.8152249,34.1508648],[-83.8152007,34.1508627],[-83.815165,34.1508576],[-83.8150729,34.1508393],[-83.8150494,34.1508339],[-83.8150379,34.1508302],[-83.8150157,34.1508215],[-83.814885,34.1507639],[-83.8147372,34.1507008],[-83.8147081,34.1506874],[-83.8146613,34.1506642],[-83.8146133,34.1506425],[-83.8145748,34.1506239],[-83.8144358,34.1505527],[-83.8143359,34.1504988],[-83.8142331,34.1504477],[-83.8141506,34.1504041],[-83.8140487,34.1503533],[-83.8139486,34.1502982],[-83.813837,34.150242],[-83.8137472,34.1501923],[-83.8134813,34.1500525]],[[-83.8135537,34.1499572],[-83.8129746,34.1496554],[-83.8126796,34.1495036],[-83.8125517,34.1494361],[-83.8124402,34.1493803],[-83.8123114,34.1493129],[-83.8122299,34.1492684],[-83.8116241,34.1489523],[-83.8115148,34.1488944],[-83.811443,34.1488554],[-83.8113901,34.1488252],[-83.8113381,34.1487929],[-83.8110683,34.148619],[-83.8109113,34.148512],[-83.8107815,34.1484184],[-83.8107269,34.1483766],[-83.8106248,34.1482967],[-83.8105317,34.1482143],[-83.810495,34.1481795],[-83.8104799,34.148163],[-83.8104711,34.1481516],[-83.8104401,34.1481041],[-83.8104212,34.148072],[-83.8103969,34.1480236],[-83.8103867,34.1480002],[-83.8103786,34.1479767],[-83.8103616,34.147904],[-83.8103564,34.1478711],[-83.8103482,34.1477874],[-83.8103484,34.1477709],[-83.8103498,34.1477545],[-83.8103549,34.147713],[-83.8103589,34.1476878],[-83.8103705,34.1476374],[-83.8103853,34.1475873],[-83.810414,34.1475109],[-83.8104488,34.1474093],[-83.8104616,34.1473776],[-83.8104723,34.147355],[-83.8104816,34.1473408],[-83.810514,34.1473073],[-83.8105403,34.1472783],[-83.8105748,34.1472386],[-83.8105877,34.1472212],[-83.8105975,34.1472028],[-83.8106165,34.1471596],[-83.810639,34.1471136],[-83.8106601,34.1470747],[-83.8106787,34.1470431],[-83.8107438,34.1469428],[-83.8107593,34.1469201],[-83.8108139,34.1468438],[-83.8108543,34.1467939],[-83.8108786,34.146767],[-83.8108981,34.1467484],[-83.8110284,34.1466404],[-83.8110675,34.1466097],[-83.811188,34.1465187],[-83.8112509,34.1464674],[-83.8114009,34.1463487],[-83.8114866,34.1462786],[-83.8115255,34.146245],[-83.8115841,34.1461888],[-83.8116692,34.1461039],[-83.8116904,34.1460815],[-83.8117736,34.145982],[-83.8118448,34.1458865],[-83.8118676,34.145854],[-83.8118984,34.1458053],[-83.8119573,34.1457046],[-83.8119705,34.1456789],[-83.8120142,34.1455843],[-83.8120259,34.1455573],[-83.8120365,34.1455296],[-83.8120457,34.1455015],[-83.8120852,34.1453578],[-83.8121002,34.145295],[-83.8121198,34.1452024],[-83.8121273,34.1451828],[-83.8121346,34.1451712],[-83.8121392,34.1451658],[-83.81215,34.1451555],[-83.8121888,34.1451222],[-83.8122409,34.1450722],[-83.8122591,34.1450587],[-83.8122726,34.1450504],[-83.81228,34.1450468],[-83.8122961,34.1450406],[-83.8123232,34.1450321],[-83.8123854,34.1450183],[-83.8125085,34.1449852],[-83.8126229,34.144951],[-83.8126657,34.1449373],[-83.8127572,34.1449051],[-83.8128191,34.1448815],[-83.8128501,34.1448685],[-83.8129007,34.1448456],[-83.8129306,34.1448316],[-83.8129596,34.1448166],[-83.8130058,34.1447889],[-83.8130778,34.1447418],[-83.8131373,34.1446992],[-83.8131953,34.1446547],[-83.813236,34.14462],[-83.8132891,34.1445705],[-83.8133318,34.1445261],[-83.8133589,34.1444947],[-83.8133773,34.1444702],[-83.8134166,34.1444133],[-83.8134496,34.144363],[-83.8134649,34.1443365],[-83.8134787,34.1443097],[-83.8134909,34.144283],[-83.8135016,34.1442562],[-83.8135251,34.1441945],[-83.8135594,34.1440974],[-83.813585,34.1440173],[-83.8136297,34.143887],[-83.8136546,34.1438111],[-83.8137113,34.1436559],[-83.8137374,34.1435772],[-83.8137637,34.1434916],[-83.8138039,34.1433954],[-83.8138121,34.1433676],[-83.8138263,34.1432961],[-83.8138305,34.1432791],[-83.8138589,34.1431956],[-83.813871,34.1431643],[-83.8138819,34.1431417],[-83.8138985,34.1431119],[-83.8139219,34.1430755],[-83.8139366,34.1430544],[-83.8139476,34.1430408],[-83.8139802,34.1430073],[-83.8140178,34.1429644],[-83.8140432,34.1429375],[-83.8140763,34.1429057],[-83.8141114,34.1428753],[-83.814141,34.1428519],[-83.8141871,34.1428183],[-83.8142103,34.1428022],[-83.8142263,34.1427923],[-83.8143099,34.1427475],[-83.8143365,34.1427363],[-83.8143841,34.1427201],[-83.8144733,34.1426875],[-83.8145708,34.1426485],[-83.8146296,34.1426313],[-83.8146397,34.1426289],[-83.8146719,34.142624],[-83.814694,34.1426196],[-83.8147163,34.1426135],[-83.8147389,34.1426061],[-83.8147615,34.1425975],[-83.8148162,34.1425748],[-83.8148459,34.1425598],[-83.8148638,34.1425482],[-83.8149054,34.1425172],[-83.8149777,34.1424743],[-83.8150488,34.1424243],[-83.8150823,34.1423977],[-83.8151344,34.1423497],[-83.815196,34.1422975],[-83.8152264,34.14227],[-83.815256,34.1422416],[-83.8153122,34.1421836],[-83.8153388,34.1421542],[-83.8153827,34.1421017],[-83.8154446,34.1420297],[-83.8154627,34.1420101],[-83.8154755,34.141998],[-83.8154891,34.1419867],[-83.8155262,34.1419602],[-83.8155988,34.1419122],[-83.8156237,34.1418972],[-83.8156576,34.1418781],[-83.8157017,34.141855],[-83.8157572,34.1418282],[-83.8158115,34.1418006],[-83.8158566,34.1417804],[-83.8158842,34.1417696],[-83.8159216,34.1417563],[-83.8159498,34.1417473],[-83.815978,34.1417398],[-83.8159971,34.1417359],[-83.8160168,34.141733],[-83.8160825,34.1417257],[-83.8161061,34.1417205],[-83.8161296,34.141713],[-83.8161759,34.1416965],[-83.8161983,34.1416872],[-83.8162198,34.141677],[-83.8162505,34.1416604],[-83.8162796,34.1416423],[-83.8163079,34.141623],[-83.8163352,34.1416019],[-83.8163604,34.141579],[-83.816383,34.1415552],[-83.8164036,34.1415309],[-83.8164222,34.1415053],[-83.8164334,34.1414872],[-83.8164693,34.1414225],[-83.8164837,34.1413939],[-83.8164945,34.1413633],[-83.8165015,34.141332],[-83.8165035,34.1413114],[-83.8165035,34.1413014],[-83.816498,34.1412554],[-83.8164982,34.1412383],[-83.8165008,34.1412214],[-83.8165075,34.1411952],[-83.8165109,34.1411769],[-83.8165116,34.141158],[-83.8165093,34.1410944],[-83.8165096,34.1410773],[-83.8165118,34.1410602],[-83.8165237,34.1410151],[-83.8165267,34.1409958],[-83.8165264,34.1409767],[-83.8165231,34.1409493],[-83.8165226,34.140932],[-83.8165245,34.140915],[-83.8165316,34.1408708],[-83.8165347,34.1408327],[-83.8165338,34.140804],[-83.8165288,34.1407678],[-83.8165273,34.1407506],[-83.8165272,34.1407336],[-83.8165294,34.1407081],[-83.8165377,34.1406488],[-83.8165442,34.1406248],[-83.8165551,34.1406017],[-83.8165754,34.1405696],[-83.8165855,34.140552],[-83.8165938,34.1405331],[-83.8166001,34.1405136],[-83.8166063,34.140484],[-83.8166156,34.1404263],[-83.8166174,34.1404072],[-83.816617,34.1403781],[-83.8166125,34.1403084],[-83.8166081,34.1402783],[-83.8165972,34.1402229],[-83.8165916,34.1401821],[-83.8165905,34.1401582],[-83.8165895,34.1400565],[-83.816592,34.1400221],[-83.8166046,34.1399152],[-83.8166108,34.139851],[-83.8166164,34.1397501],[-83.816619,34.1396697],[-83.8166284,34.139544],[-83.8166312,34.1394897],[-83.8166357,34.1394262],[-83.8166375,34.1393803],[-83.8166375,34.1392991],[-83.8166387,34.1392548],[-83.8166456,34.1391654],[-83.8166484,34.139093],[-83.8166543,34.1390116],[-83.8166569,34.1389565],[-83.816661,34.1388022],[-83.8166611,34.1387197],[-83.8166554,34.1384842],[-83.8166406,34.1381682],[-83.8166281,34.137952],[-83.8166227,34.1378884],[-83.8166189,34.137799],[-83.8166133,34.1377177],[-83.8166109,34.1376638],[-83.816606,34.1376095],[-83.8165999,34.1375098],[-83.8165932,34.1374462],[-83.8165915,34.1374196],[-83.8165907,34.1373597],[-83.816592,34.1373424],[-83.8165974,34.1373063],[-83.8165981,34.1372875],[-83.8165934,34.1372122],[-83.8165906,34.137184],[-83.8165773,34.1371029],[-83.8165726,34.1370584],[-83.8165655,34.1370228],[-83.8165609,34.1369876],[-83.8165572,34.1369438],[-83.8165462,34.1367754],[-83.8165464,34.1367419],[-83.81655,34.1367095],[-83.8165616,34.1366542],[-83.81657,34.1366231],[-83.8165791,34.1366004],[-83.816587,34.1365858],[-83.8166195,34.1365357],[-83.8166393,34.1365076],[-83.8166608,34.1364802],[-83.8166838,34.1364537],[-83.8167078,34.1364281],[-83.8167269,34.1364104],[-83.8167545,34.1363887],[-83.816784,34.136368],[-83.8168072,34.1363533],[-83.8168315,34.1363401],[-83.8168567,34.1363283],[-83.8168916,34.1363143],[-83.8169188,34.1363049],[-83.8169559,34.1362941],[-83.8169935,34.1362853],[-83.8170317,34.1362786],[-83.817093,34.136271],[-83.8171461,34.136266],[-83.8172628,34.1362583],[-83.8173386,34.1362547],[-83.8175324,34.1362429],[-83.8178138,34.1362246],[-83.8178899,34.1362208],[-83.8180702,34.1362054],[-83.8180899,34.1362046],[-83.8181089,34.1362054],[-83.8181363,34.1362097],[-83.818188,34.1362225],[-83.8182107,34.1362297],[-83.8182359,34.1362416],[-83.8182469,34.1362482],[-83.8182568,34.1362555],[-83.8182657,34.136264],[-83.8182869,34.1362881],[-83.8183066,34.1363084],[-83.8183197,34.1363251],[-83.8183261,34.1363372],[-83.8183307,34.1363501],[-83.8183334,34.1363639],[-83.8183342,34.1363864],[-83.8183328,34.1364024],[-83.818321,34.1364983],[-83.8183131,34.1365522],[-83.8183074,34.1366058],[-83.8183026,34.136641],[-83.818295,34.1366847],[-83.8182785,34.1367571],[-83.8182771,34.1367665],[-83.8182765,34.1368221],[-83.8182744,34.1368488],[-83.818245,34.1370702],[-83.8182246,34.1372034],[-83.8182073,34.1372918],[-83.8181887,34.1373803],[-83.8181584,34.1375121],[-83.8181016,34.137751],[-83.818082,34.1378409],[-83.8180666,34.1379221],[-83.8180436,34.1380567],[-83.8180326,34.1381293],[-83.8180245,34.1381932],[-83.8180157,34.1382939],[-83.8180064,34.1384479],[-83.8180022,34.1385572],[-83.8180007,34.1386663],[-83.8180018,34.1387845],[-83.8180054,34.1389117],[-83.8180111,34.1390117],[-83.8180131,34.1390656],[-83.818019,34.1391381],[-83.8180222,34.139202],[-83.8180489,34.1394457],[-83.8180644,34.1395719],[-83.8180937,34.1397783],[-83.8181175,34.1399305],[-83.8181287,34.1400109],[-83.818145,34.1401097],[-83.8181541,34.1401722],[-83.8181629,34.1402258],[-83.8182343,34.1407001],[-83.8182694,34.140914],[-83.8182796,34.1409863],[-83.8182875,34.1410314],[-83.8183072,34.1411555],[-83.8183219,34.1412627],[-83.8183283,34.1413169],[-83.8183483,34.1414336],[-83.8183609,34.1415141],[-83.8183734,34.1415851],[-83.8183988,34.1417457],[-83.8184086,34.1418177],[-83.818421,34.1418891],[-83.8184445,34.142041],[-83.8184595,34.1421302],[-83.8184696,34.1422017],[-83.8184876,34.1423182],[-83.8185459,34.1426847],[-83.8185595,34.142765],[-83.8185826,34.1429169],[-83.8186198,34.1431455],[-83.8186212,34.1431606],[-83.8186197,34.1431759],[-83.8186104,34.143208],[-83.8185935,34.1432606],[-83.8185835,34.1433012],[-83.8185783,34.1433344],[-83.8185787,34.1433564],[-83.8185821,34.143377],[-83.8186109,34.1435131],[-83.8186262,34.1435665],[-83.8186673,34.1437248],[-83.8187264,34.1439159],[-83.8187327,34.1439409],[-83.8187359,34.1439663],[-83.8187462,34.1441074],[-83.8187495,34.1441789],[-83.8187551,34.1443485],[-83.8187519,34.1445001],[-83.8187467,34.1446157],[-83.8187294,34.1448208],[-83.8187213,34.1448917],[-83.8187105,34.1449624],[-83.8186946,34.1450775],[-83.8186798,34.1451565],[-83.8186506,34.145297],[-83.8186232,34.1454206],[-83.8186003,34.1455176],[-83.8185825,34.145587],[-83.8185577,34.1456734],[-83.8185306,34.1457594],[-83.8185013,34.145845],[-83.8184484,34.145992],[-83.818413,34.1460973],[-83.8183711,34.1462278],[-83.8181906,34.1467754],[-83.8180436,34.1472281],[-83.8180005,34.1473579],[-83.8179649,34.1474615],[-83.8179307,34.1475562],[-83.8178784,34.1476842],[-83.8178147,34.1478584],[-83.8178065,34.1478851],[-83.8177975,34.1479203],[-83.817786,34.1479553],[-83.8177781,34.1479826],[-83.817771,34.1480102],[-83.8177616,34.1480549],[-83.8177571,34.1480719],[-83.8177409,34.148122],[-83.8177181,34.1481872],[-83.8177124,34.1482094],[-83.8177087,34.1482333],[-83.8177082,34.1482582],[-83.8177095,34.1482706],[-83.817712,34.1482829],[-83.8177159,34.1482947],[-83.8177267,34.1483169],[-83.8177512,34.1483588],[-83.8177661,34.1483785],[-83.8177748,34.1483874],[-83.8177937,34.1484034],[-83.8178231,34.1484238],[-83.8179936,34.1485317],[-83.8180533,34.1485677],[-83.818069,34.148578],[-83.8180899,34.1485955],[-83.8181351,34.1486392],[-83.818153,34.1486574],[-83.8181636,34.1486697],[-83.8181772,34.1486886],[-83.8181914,34.148715],[-83.8182029,34.1487428],[-83.8182116,34.148772],[-83.8182197,34.1488091],[-83.8182224,34.1488308],[-83.8182213,34.1488517],[-83.8182186,34.1488655],[-83.8182146,34.1488793],[-83.818203,34.1489082],[-83.8181875,34.1489392],[-83.818174,34.1489634],[-83.8181365,34.1490259],[-83.8180104,34.1492236],[-83.8179412,34.1493349],[-83.8179252,34.1493581],[-83.8179016,34.149389],[-83.8178905,34.1494051],[-83.8178304,34.1495028],[-83.8177526,34.1496327],[-83.8177152,34.149698],[-83.8176907,34.1497369],[-83.8176799,34.1497516],[-83.8176683,34.1497657],[-83.8176232,34.1498134],[-83.8176047,34.1498346],[-83.8175869,34.1498563],[-83.8175592,34.1498929],[-83.8175472,34.1499064],[-83.8175102,34.1499423],[-83.8174747,34.1499715],[-83.8174553,34.1499845],[-83.8174252,34.1500003],[-83.8173115,34.1500487],[-83.8172438,34.1500825],[-83.8171499,34.1501271],[-83.8171127,34.1501441],[-83.8170484,34.150172],[-83.8170003,34.1501919],[-83.8169338,34.1502182],[-83.8168758,34.1502392],[-83.8168177,34.1502614],[-83.8167339,34.1502899],[-83.8167119,34.1502984],[-83.8166912,34.1503088],[-83.8166533,34.1503314],[-83.8165634,34.1503829],[-83.8165293,34.1504017],[-83.8165122,34.15041],[-83.8164377,34.1504407],[-83.8162614,34.150518],[-83.8161672,34.1505601],[-83.8160138,34.1506258],[-83.8159181,34.1506646],[-83.8158219,34.1507017],[-83.8157934,34.1507113],[-83.8157647,34.1507187],[-83.8157162,34.150728],[-83.8156568,34.1507353],[-83.815606,34.1507395],[-83.8155225,34.1507432],[-83.815481,34.1507438],[-83.8154287,34.1507429],[-83.8152892,34.150736],[-83.8152403,34.1507324],[-83.8152025,34.1507281],[-83.8151738,34.1507234],[-83.8151068,34.1507107],[-83.8150795,34.1507045],[-83.8149738,34.1506732],[-83.8149354,34.1506586],[-83.8148691,34.1506301],[-83.8147576,34.1505792],[-83.8146922,34.1505477],[-83.8145837,34.1504909],[-83.8143162,34.1503538],[-83.8141874,34.1502867],[-83.8140774,34.1502303],[-83.8139842,34.1501835],[-83.8135537,34.1499572]]]}},{"type":"Feature","properties":{"role":"pit_lane","name":"Pit Lane","osm_way":109915844,"quality":{"source":"osm","accuracy_m":5.0,"measured":false,"note":"OSM-traced pit-lane centerline; not measured"}},"geometry":{"type":"LineString","coordinates":[[-83.8177532,34.1497475],[-83.8176886,34.1498109],[-83.817637,34.1498636],[-83.8175395,34.1499411],[-83.817478,34.149984],[-83.8174363,34.1500104],[-83.8173453,34.1500539],[-83.8170997,34.1501675],[-83.8169263,34.1502365],[-83.8167999,34.1502835],[-83.8166727,34.1503264],[-83.8165867,34.1503506],[-83.8165265,34.150363],[-83.8164533,34.1503756],[-83.816352,34.1503911],[-83.816261,34.1504002],[-83.8161919,34.1504024],[-83.8161257,34.1503996],[-83.8160418,34.1503924],[-83.8159599,34.1503808],[-83.8158541,34.1503659],[-83.8156523,34.1503431],[-83.8155965,34.1503397],[-83.8155477,34.1503387],[-83.8154972,34.150343],[-83.8154556,34.1503511],[-83.815402,34.150363],[-83.8153416,34.1503825],[-83.815229,34.1504363],[-83.8151288,34.1504828],[-83.8150708,34.1505023],[-83.8150252,34.1505129],[-83.8149774,34.1505174],[-83.8149407,34.1505184],[-83.8148934,34.1505164],[-83.8148574,34.1505112],[-83.8148221,34.1505013],[-83.8146966,34.1504307],[-83.8145472,34.1503564],[-83.8131133,34.1495928],[-83.8124858,34.1492613],[-83.8111682,34.1485598],[-83.8110535,34.1484896],[-83.8109133,34.1483983],[-83.8107906,34.148292],[-83.8107006,34.1482048],[-83.810615,34.1481099],[-83.8105761,34.1480445],[-83.8105386,34.1479718],[-83.8105063,34.1478858],[-83.8104922,34.1478383],[-83.8104808,34.1477615],[-83.8104702,34.1476865],[-83.810473,34.1476039],[-83.8104875,34.1475229],[-83.8105019,34.1474363],[-83.8105251,34.1473386],[-83.8105455,34.1472694],[-83.8105667,34.1472088],[-83.8105909,34.1471501],[-83.8106295,34.1470675],[-83.810686,34.1469812],[-83.8107247,34.1469219],[-83.8108094,34.1468103],[-83.8108661,34.1467337],[-83.8111114,34.1464737]]}},{"type":"Feature","properties":{"role":"pit_lane","name":"Left Hand Pitlane","osm_way":1076890519,"quality":{"source":"osm","accuracy_m":5.0,"measured":false,"note":"OSM-traced pit-lane centerline; not measured"}},"geometry":{"type":"LineString","coordinates":[[-83.8160871,34.1512834],[-83.8158011,34.1515319],[-83.8157514,34.1515572],[-83.8156798,34.1515714],[-83.8156213,34.1515683],[-83.8155638,34.1515541],[-83.8154979,34.151515],[-83.8154494,34.151479],[-83.8153705,34.151403],[-83.8152651,34.1512894],[-83.8151264,34.1511211],[-83.8150862,34.1510744],[-83.8150513,34.1510434],[-83.8150186,34.1510145],[-83.8149722,34.1509857],[-83.8140978,34.1505661],[-83.8131783,34.1500685],[-83.8119536,34.1494108],[-83.8118917,34.149373],[-83.8117844,34.1493087],[-83.8116127,34.1491955],[-83.8113206,34.1489991],[-83.8109489,34.1487726],[-83.8107893,34.1486638],[-83.8106731,34.1485776],[-83.8105524,34.1484837],[-83.8104846,34.1484121],[-83.8104285,34.148332],[-83.8104017,34.1482676],[-83.8103789,34.1481888],[-83.8103559,34.1480916]]}},{"type":"Feature","properties":{"role":"edge_unseen","side":"left","note":"bridged: the edge was not seen in the imagery here"},"geometry":{"type":"MultiLineString","coordinates":[[[-83.8112659,34.1488961],[-83.8112566,34.1488914],[-83.8112473,34.1488867],[-83.811238,34.148882]],[[-83.8111273,34.1488239],[-83.811118,34.1488192],[-83.8111089,34.1488143],[-83.8110998,34.1488093]],[[-83.8104755,34.1483642],[-83.8104664,34.1483588],[-83.8104575,34.1483529],[-83.8104484,34.1483468],[-83.8104396,34.1483405],[-83.8104307,34.148334]],[[-83.8116149,34.1459669],[-83.8116215,34.1459597],[-83.811628,34.1459525],[-83.8116344,34.1459454],[-83.8116408,34.1459384],[-83.811647,34.1459315]],[[-83.8118135,34.1456899],[-83.811818,34.1456819],[-83.8118223,34.1456741],[-83.8118266,34.1456663],[-83.8118309,34.1456585],[-83.8118353,34.1456506],[-83.8118394,34.1456427],[-83.8118435,34.1456347],[-83.8118477,34.1456267],[-83.8118518,34.1456187],[-83.811856,34.1456107],[-83.8118602,34.1456025],[-83.8118645,34.1455943],[-83.8118688,34.1455861],[-83.8118728,34.1455778],[-83.8118769,34.1455696],[-83.8118808,34.1455615],[-83.8118848,34.1455535],[-83.8118886,34.1455456],[-83.8118921,34.1455377],[-83.8118954,34.1455299],[-83.8118989,34.145522],[-83.811902,34.1455139],[-83.8119051,34.1455057]],[[-83.8119252,34.1454413],[-83.811927,34.1454327],[-83.8119289,34.1454239],[-83.8119307,34.1454151],[-83.8119326,34.1454062],[-83.8119345,34.1453973],[-83.8119364,34.1453885],[-83.8119382,34.1453796],[-83.8119401,34.1453707],[-83.811942,34.1453618],[-83.8119439,34.1453529],[-83.8119458,34.1453441]],[[-83.8119633,34.145266],[-83.811965,34.1452573],[-83.8119666,34.1452485],[-83.8119682,34.1452396],[-83.8119699,34.1452307],[-83.8119716,34.1452216],[-83.8119732,34.1452125],[-83.811975,34.1452031],[-83.8119768,34.1451935],[-83.8119786,34.1451835],[-83.8119813,34.1451732],[-83.8119842,34.1451624],[-83.8119873,34.1451511],[-83.8119916,34.1451397],[-83.8119963,34.145128],[-83.8120023,34.1451167],[-83.8120083,34.1451055],[-83.8120152,34.1450949],[-83.8120226,34.145085],[-83.8120298,34.1450755],[-83.8120372,34.1450669],[-83.8120443,34.1450588],[-83.8120514,34.1450513]],[[-83.8124021,34.1448856],[-83.8124128,34.1448831],[-83.8124233,34.1448807],[-83.8124335,34.1448784],[-83.8124435,34.1448761],[-83.8124534,34.1448738],[-83.8124631,34.1448711],[-83.812473,34.1448683],[-83.8124831,34.1448655],[-83.8124935,34.1448626],[-83.8125041,34.1448597],[-83.8125149,34.1448567]],[[-83.8134631,34.1439735],[-83.8134655,34.1439649],[-83.8134677,34.1439562],[-83.8134698,34.1439475],[-83.813472,34.1439388],[-83.8134741,34.14393],[-83.813476,34.1439211],[-83.8134778,34.1439122],[-83.8134797,34.1439033],[-83.8134815,34.1438944],[-83.8134834,34.1438855],[-83.8134852,34.1438766],[-83.8134871,34.1438676],[-83.8134889,34.1438586],[-83.8134908,34.1438495],[-83.8134935,34.1438404],[-83.8134961,34.1438314],[-83.8134988,34.1438224],[-83.8135014,34.1438135],[-83.813504,34.1438047],[-83.8135066,34.1437958],[-83.8135092,34.1437869],[-83.8135119,34.1437778]],[[-83.8138298,34.1429846],[-83.8138367,34.1429765],[-83.8138435,34.1429685],[-83.8138503,34.1429607],[-83.8138568,34.142953],[-83.8138632,34.1429455],[-83.8138696,34.1429384],[-83.813876,34.1429312],[-83.8138824,34.1429241],[-83.8138889,34.1429169],[-83.8138955,34.1429095],[-83.8139022,34.1429021],[-83.8139089,34.1428946],[-83.813916,34.1428872],[-83.8139231,34.1428797],[-83.8139303,34.1428723],[-83.8139375,34.1428648],[-83.8139447,34.1428573],[-83.8139523,34.14285],[-83.8139599,34.1428428],[-83.8139675,34.1428356],[-83.813975,34.1428284],[-83.813983,34.1428214],[-83.813991,34.1428145],[-83.8139989,34.1428076],[-83.8140069,34.1428006],[-83.8140152,34.1427939],[-83.8140235,34.1427872],[-83.8140318,34.1427805],[-83.8140401,34.1427738],[-83.8140486,34.1427674],[-83.8140571,34.1427611],[-83.8140656,34.1427548],[-83.8140741,34.1427485],[-83.8140829,34.1427424],[-83.8140916,34.1427364],[-83.8141004,34.1427304],[-83.8141093,34.1427242],[-83.8141186,34.1427183],[-83.814128,34.1427123],[-83.8141375,34.1427063],[-83.8141472,34.1427007],[-83.8141569,34.142695],[-83.8141665,34.1426894],[-83.8141759,34.1426839],[-83.8141855,34.1426787],[-83.814195,34.1426736],[-83.8142046,34.1426684]],[[-83.8148309,34.1424146],[-83.8148403,34.1424093],[-83.8148495,34.142404],[-83.8148585,34.1423988],[-83.8148672,34.1423938],[-83.8148756,34.1423889]],[[-83.8149629,34.1423328],[-83.8149699,34.1423271],[-83.814977,34.1423213],[-83.8149842,34.1423153],[-83.8149916,34.1423092],[-83.8149991,34.142303],[-83.8150068,34.1422967],[-83.8150145,34.1422904],[-83.8150222,34.1422841],[-83.8150299,34.1422777],[-83.8150376,34.1422714],[-83.8150453,34.1422651],[-83.815053,34.1422587],[-83.8150607,34.1422524],[-83.8150683,34.1422461],[-83.8150757,34.1422397],[-83.815083,34.1422334],[-83.8150903,34.142227],[-83.8150976,34.1422207],[-83.8151049,34.1422144],[-83.815112,34.1422081],[-83.8151192,34.1422019],[-83.815126,34.1421955]],[[-83.8151602,34.142163],[-83.8151666,34.1421563],[-83.8151731,34.1421496],[-83.8151798,34.1421428],[-83.8151865,34.1421359],[-83.8151932,34.142129],[-83.8151999,34.1421221],[-83.8152063,34.1421151],[-83.8152127,34.1421082],[-83.815219,34.1421012],[-83.8152254,34.1420943],[-83.8152317,34.1420874],[-83.8152381,34.1420805],[-83.8152445,34.1420735],[-83.815251,34.1420665],[-83.8152573,34.1420593],[-83.8152637,34.1420521],[-83.8152701,34.1420448],[-83.8152765,34.1420376],[-83.8152829,34.1420303],[-83.8152894,34.1420231],[-83.8152958,34.1420158],[-83.8153022,34.1420085],[-83.8153087,34.1420012],[-83.8153152,34.1419939],[-83.8153217,34.1419865],[-83.8153284,34.1419789],[-83.8153355,34.1419715],[-83.8153426,34.141964],[-83.8153498,34.1419565],[-83.8153572,34.1419488],[-83.8153647,34.1419409],[-83.8153729,34.1419333],[-83.8153812,34.1419257],[-83.8153895,34.1419181],[-83.8153981,34.141911],[-83.8154067,34.1419039],[-83.8154153,34.1418969],[-83.8154241,34.1418903],[-83.8154329,34.1418838],[-83.8154416,34.1418774],[-83.8154505,34.1418713],[-83.8154594,34.1418652],[-83.8154681,34.1418592],[-83.8154767,34.1418533],[-83.8154855,34.1418478],[-83.8154943,34.1418423],[-83.8155031,34.1418368],[-83.815512,34.1418312],[-83.8155211,34.1418255],[-83.8155302,34.1418197],[-83.8155395,34.1418139],[-83.8155491,34.1418084],[-83.8155586,34.141803],[-83.815568,34.1417976],[-83.8155776,34.1417925],[-83.8155871,34.1417874],[-83.8155966,34.1417823],[-83.8156061,34.1417772],[-83.8156158,34.1417725],[-83.8156255,34.1417677],[-83.8156351,34.141763],[-83.8156447,34.1417583],[-83.8156543,34.1417536],[-83.8156637,34.1417489],[-83.8156731,34.1417443],[-83.8156825,34.1417397],[-83.8156918,34.1417351],[-83.8157012,34.1417305],[-83.8157106,34.1417259],[-83.81572,34.1417213],[-83.8157296,34.1417166],[-83.8157393,34.141712],[-83.8157492,34.1417075],[-83.8157592,34.1417029],[-83.8157692,34.1416983],[-83.8157795,34.1416939],[-83.8157898,34.1416894],[-83.8158001,34.141685],[-83.8158107,34.1416809],[-83.8158212,34.1416768],[-83.8158317,34.1416727]],[[-83.8163753,34.1411937],[-83.816376,34.141185],[-83.8163767,34.1411767],[-83.8163773,34.1411689],[-83.8163779,34.141161],[-83.8163784,34.141153],[-83.8163789,34.1411445],[-83.8163794,34.1411358],[-83.8163798,34.1411269],[-83.8163803,34.1411179]],[[-83.8163942,34.1408624],[-83.816395,34.1408541],[-83.8163958,34.1408459],[-83.8163965,34.1408378],[-83.8163967,34.1408297],[-83.816397,34.1408216]],[[-83.8164191,34.1402516],[-83.8164175,34.1402417],[-83.816416,34.1402317],[-83.8164151,34.1402216],[-83.8164142,34.1402116],[-83.8164133,34.1402015],[-83.8164125,34.1401913],[-83.8164122,34.1401812],[-83.816412,34.1401711],[-83.8164117,34.1401612],[-83.8164115,34.1401514],[-83.8164119,34.1401418],[-83.8164122,34.1401323],[-83.8164126,34.140123],[-83.8164129,34.1401138],[-83.8164132,34.1401047],[-83.8164136,34.1400956],[-83.8164143,34.1400865],[-83.8164151,34.1400771],[-83.816416,34.1400675],[-83.8164168,34.1400578],[-83.8164177,34.140048],[-83.8164185,34.1400384],[-83.8164194,34.1400288],[-83.8164202,34.1400192],[-83.8164215,34.1400097],[-83.8164228,34.1400003],[-83.816424,34.1399909],[-83.8164253,34.1399817],[-83.8164265,34.1399727],[-83.8164278,34.1399637],[-83.816429,34.1399547],[-83.8164302,34.1399457],[-83.8164314,34.1399368],[-83.8164326,34.1399278],[-83.8164338,34.1399189],[-83.8164351,34.1399101],[-83.8164363,34.1399013],[-83.8164374,34.1398925],[-83.8164386,34.1398838],[-83.8164398,34.139875],[-83.8164408,34.1398662],[-83.8164419,34.1398574],[-83.8164429,34.1398488],[-83.8164439,34.1398402],[-83.8164448,34.1398315],[-83.8164459,34.1398228],[-83.8164469,34.139814],[-83.8164477,34.1398051],[-83.8164484,34.1397962],[-83.8164492,34.1397872],[-83.81645,34.1397783],[-83.8164507,34.1397694],[-83.8164515,34.1397605],[-83.8164523,34.1397517],[-83.816453,34.1397429],[-83.8164538,34.1397341],[-83.8164546,34.1397252],[-83.8164554,34.1397162],[-83.8164561,34.1397072],[-83.8164569,34.1396982],[-83.8164577,34.1396892],[-83.8164585,34.13968],[-83.8164593,34.1396708],[-83.8164601,34.1396616],[-83.816461,34.1396524],[-83.8164619,34.1396432],[-83.8164628,34.1396341],[-83.8164637,34.139625],[-83.8164646,34.139616],[-83.8164655,34.139607],[-83.8164664,34.139598],[-83.8164672,34.139589],[-83.8164681,34.13958],[-83.816469,34.1395711],[-83.8164699,34.1395621],[-83.8164708,34.1395531],[-83.8164717,34.1395441],[-83.8164726,34.1395351],[-83.8164734,34.1395261],[-83.8164743,34.1395171],[-83.8164752,34.1395082],[-83.8164761,34.1394992],[-83.816477,34.1394902],[-83.8164779,34.1394812],[-83.8164788,34.1394722],[-83.8164796,34.1394633],[-83.8164805,34.1394543],[-83.8164814,34.1394455],[-83.8164823,34.1394367],[-83.8164831,34.1394279],[-83.8164837,34.1394192],[-83.8164844,34.1394104],[-83.816485,34.1394016],[-83.8164856,34.1393927],[-83.8164863,34.1393839],[-83.8164869,34.1393751],[-83.8164875,34.1393664],[-83.8164882,34.1393575],[-83.8164888,34.1393486],[-83.8164894,34.1393397],[-83.8164901,34.1393307],[-83.8164907,34.1393217],[-83.8164914,34.1393127],[-83.816492,34.1393037],[-83.8164926,34.1392946],[-83.8164933,34.1392855],[-83.816494,34.1392763],[-83.8164946,34.1392669],[-83.8164953,34.1392575],[-83.8164962,34.1392481],[-83.816497,34.1392387],[-83.8164979,34.1392295],[-83.8164987,34.1392204],[-83.8164995,34.1392114],[-83.8165004,34.1392024],[-83.8165012,34.1391934],[-83.816502,34.1391845],[-83.8165028,34.1391756],[-83.8165036,34.1391668],[-83.8165044,34.139158],[-83.8165052,34.1391492],[-83.816506,34.1391403],[-83.8165069,34.1391314],[-83.8165077,34.1391225],[-83.8165085,34.1391135],[-83.8165093,34.1391044],[-83.8165102,34.1390953],[-83.816511,34.1390861],[-83.8165119,34.139077],[-83.8165127,34.1390679],[-83.8165135,34.1390588],[-83.8165144,34.1390498],[-83.8165152,34.1390408],[-83.816516,34.1390319],[-83.8165168,34.139023],[-83.8165176,34.1390142],[-83.8165184,34.1390055],[-83.8165192,34.1389968],[-83.8165196,34.138988],[-83.81652,34.1389792],[-83.8165204,34.1389704],[-83.8165208,34.1389616],[-83.8165213,34.1389527],[-83.8165217,34.1389439],[-83.8165221,34.1389349],[-83.8165225,34.138926],[-83.8165228,34.138917],[-83.816523,34.1389081],[-83.8165233,34.1388991],[-83.8165235,34.1388902],[-83.8165238,34.1388813],[-83.816524,34.1388724],[-83.8165243,34.1388634]],[[-83.8165255,34.1387032],[-83.8165254,34.1386942],[-83.8165252,34.1386851],[-83.8165251,34.1386761],[-83.8165249,34.1386671],[-83.8165246,34.1386581],[-83.8165244,34.1386491],[-83.8165241,34.1386401]],[[-83.8165234,34.138613],[-83.8165232,34.138604],[-83.8165229,34.138595],[-83.8165227,34.138586]],[[-83.8165205,34.1385056],[-83.8165203,34.1384967],[-83.8165199,34.1384877],[-83.8165195,34.1384787],[-83.8165191,34.1384697],[-83.8165187,34.1384607],[-83.8165183,34.1384518],[-83.8165179,34.1384429],[-83.8165175,34.138434],[-83.8165171,34.138425],[-83.8165167,34.1384161],[-83.8165163,34.1384071],[-83.8165158,34.1383981],[-83.8165154,34.1383891],[-83.816515,34.1383801],[-83.8165146,34.1383711],[-83.8165142,34.138362],[-83.8165138,34.138353],[-83.8165134,34.138344],[-83.816513,34.138335],[-83.8165126,34.138326],[-83.8165122,34.138317],[-83.8165118,34.138308],[-83.8165114,34.138299],[-83.816511,34.13829],[-83.8165106,34.138281],[-83.8165102,34.138272],[-83.8165097,34.1382629],[-83.8165093,34.1382539],[-83.8165089,34.1382449],[-83.8165085,34.1382359],[-83.8165081,34.1382269],[-83.8165077,34.1382179]],[[-83.8164976,34.1380023],[-83.8164971,34.1379933],[-83.8164966,34.1379843],[-83.8164961,34.1379753],[-83.8164955,34.1379663],[-83.816495,34.1379573],[-83.8164945,34.1379483],[-83.816494,34.1379393],[-83.8164934,34.1379303],[-83.8164929,34.1379213],[-83.8164924,34.1379123],[-83.8164918,34.1379033]],[[-83.81649,34.1378763],[-83.8164894,34.1378673],[-83.8164887,34.1378583],[-83.8164881,34.1378493],[-83.8164875,34.1378403],[-83.8164869,34.1378313],[-83.8164863,34.1378223],[-83.8164857,34.1378133],[-83.8164851,34.1378043],[-83.8164845,34.1377953],[-83.8164839,34.1377863],[-83.8164833,34.1377773],[-83.8164827,34.1377683],[-83.8164821,34.1377593],[-83.8164815,34.1377503],[-83.8164809,34.1377412],[-83.8164802,34.1377322],[-83.8164796,34.1377231],[-83.816479,34.137714]],[[-83.8164736,34.1375974],[-83.8164729,34.1375884],[-83.8164722,34.1375794],[-83.8164715,34.1375704],[-83.8164708,34.1375614],[-83.8164702,34.1375525],[-83.8164695,34.1375436],[-83.8164688,34.1375348],[-83.8164682,34.1375261],[-83.8164675,34.1375174],[-83.8164669,34.1375086],[-83.8164662,34.1374997],[-83.8164655,34.1374908],[-83.8164645,34.1374818],[-83.8164634,34.1374729],[-83.8164623,34.1374639],[-83.8164612,34.1374548],[-83.8164601,34.1374457],[-83.816459,34.1374366],[-83.8164579,34.1374274],[-83.8164568,34.1374181],[-83.8164557,34.1374087],[-83.8164548,34.1373992],[-83.8164539,34.1373897],[-83.8164531,34.1373801],[-83.8164522,34.1373703],[-83.8164517,34.1373605],[-83.8164513,34.1373506],[-83.8164509,34.1373408],[-83.8164508,34.1373312],[-83.8164507,34.1373221],[-83.8164507,34.1373134],[-83.8164506,34.137305],[-83.8164505,34.1372969],[-83.8164505,34.1372889],[-83.8164504,34.1372807],[-83.8164501,34.1372723],[-83.8164497,34.1372637],[-83.8164494,34.137255],[-83.816449,34.1372462],[-83.8164487,34.1372376],[-83.8164478,34.1372291],[-83.816447,34.1372207],[-83.8164461,34.1372124],[-83.8164452,34.137204]],[[-83.8183115,34.1374071],[-83.8183095,34.1374162],[-83.8183076,34.1374252],[-83.8183058,34.1374342],[-83.8183039,34.1374431],[-83.818302,34.137452],[-83.8183001,34.1374609],[-83.8182983,34.1374698],[-83.8182964,34.1374787],[-83.8182945,34.1374876],[-83.8182927,34.1374965],[-83.8182907,34.1375053],[-83.8182887,34.1375142]],[[-83.8182662,34.1376122],[-83.8182641,34.1376211],[-83.818262,34.1376299],[-83.8182599,34.1376388]],[[-83.8182495,34.137683],[-83.8182474,34.1376918],[-83.8182453,34.1377007],[-83.8182432,34.1377095],[-83.8182411,34.1377184],[-83.8182391,34.1377272],[-83.818237,34.1377361],[-83.8182349,34.1377449],[-83.8182328,34.1377537],[-83.8182307,34.1377625],[-83.8182287,34.1377712],[-83.8182266,34.1377798],[-83.8182248,34.1377886],[-83.8182229,34.1377973],[-83.818221,34.1378061],[-83.8182191,34.1378149],[-83.8182172,34.1378238],[-83.8182154,34.1378326],[-83.8182135,34.1378414],[-83.8182116,34.1378502],[-83.8182097,34.1378589],[-83.8182079,34.1378675],[-83.8182063,34.1378762],[-83.8182046,34.1378849],[-83.818203,34.1378937],[-83.8182013,34.1379025],[-83.8181997,34.1379114],[-83.818198,34.1379203],[-83.8181963,34.1379291],[-83.8181947,34.1379379],[-83.8181932,34.1379467],[-83.8181917,34.1379555],[-83.8181902,34.1379644],[-83.8181887,34.1379732],[-83.8181872,34.1379821],[-83.8181856,34.137991],[-83.8181841,34.138],[-83.8181826,34.1380089],[-83.8181811,34.1380178]],[[-83.8181765,34.1380446],[-83.818175,34.1380535],[-83.8181735,34.1380623],[-83.818172,34.1380711],[-83.8181706,34.1380799],[-83.8181693,34.1380886],[-83.8181679,34.1380974],[-83.8181665,34.1381063],[-83.8181651,34.1381151],[-83.8181638,34.138124],[-83.8181624,34.1381328],[-83.8181612,34.1381416],[-83.81816,34.1381504],[-83.8181588,34.1381592],[-83.8181576,34.1381681],[-83.8181564,34.1381769],[-83.8181552,34.1381858]],[[-83.8181435,34.1383183],[-83.8181429,34.1383271],[-83.8181422,34.1383359],[-83.8181415,34.1383448],[-83.818141,34.1383537],[-83.8181405,34.1383627],[-83.81814,34.1383717],[-83.8181395,34.1383807],[-83.818139,34.1383897],[-83.8181384,34.1383987],[-83.8181379,34.1384077]],[[-83.8181364,34.1384344],[-83.8181359,34.1384432],[-83.8181356,34.138452],[-83.8181353,34.1384609],[-83.818135,34.1384698],[-83.8181347,34.1384788],[-83.8181344,34.1384878],[-83.8181341,34.1384968]],[[-83.8181332,34.1385237],[-83.8181329,34.1385327],[-83.8181326,34.1385415],[-83.8181323,34.1385503],[-83.8181322,34.1385592],[-83.8181321,34.138568],[-83.818132,34.1385769],[-83.8181319,34.1385859]],[[-83.8182143,34.1396666],[-83.8182156,34.1396755],[-83.8182168,34.1396845],[-83.8182181,34.1396935],[-83.8182193,34.1397024],[-83.8182206,34.1397114],[-83.8182218,34.1397203],[-83.8182231,34.1397293]],[[-83.8184067,34.1409366],[-83.818408,34.1409455],[-83.8184093,34.1409544],[-83.8184105,34.1409632]],[[-83.818482,34.1414094],[-83.8184834,34.1414183],[-83.8184848,34.1414273],[-83.8184863,34.1414362]],[[-83.8186011,34.1421697],[-83.8186025,34.1421787],[-83.8186039,34.1421876],[-83.8186053,34.1421966],[-83.8186067,34.1422055],[-83.8186081,34.1422144],[-83.8186095,34.1422234],[-83.8186109,34.1422323]],[[-83.8186621,34.1425537],[-83.8186634,34.1425626],[-83.8186648,34.1425716],[-83.8186662,34.1425805],[-83.8186676,34.1425894],[-83.818669,34.1425984],[-83.8186704,34.1426073],[-83.8186718,34.1426163],[-83.8186732,34.1426252],[-83.8186745,34.1426341],[-83.8186759,34.1426431],[-83.8186773,34.142652]],[[-83.8186843,34.1426967],[-83.8186857,34.1427057],[-83.818687,34.1427146],[-83.8186884,34.1427236],[-83.8186898,34.1427326],[-83.8186912,34.1427416],[-83.8186926,34.1427506],[-83.818694,34.1427595],[-83.8186954,34.1427685],[-83.8186968,34.1427775],[-83.8186982,34.1427864],[-83.8186996,34.1427954],[-83.818701,34.1428043],[-83.8187023,34.1428132],[-83.8187037,34.1428222]],[[-83.8187107,34.1428669],[-83.8187121,34.1428758],[-83.8187134,34.1428847],[-83.8187148,34.1428936],[-83.8187162,34.1429024],[-83.8187176,34.1429112],[-83.8187189,34.1429201],[-83.8187203,34.1429289],[-83.8187217,34.1429378],[-83.8187231,34.1429467]],[[-83.8187277,34.1429734],[-83.8187292,34.1429824],[-83.8187308,34.1429913],[-83.8187323,34.1430001],[-83.8187341,34.1430089],[-83.8187358,34.1430176],[-83.8187375,34.1430261],[-83.8187392,34.1430345]],[[-83.8187509,34.1430774],[-83.8187535,34.1430863],[-83.8187562,34.1430953],[-83.8187589,34.1431045],[-83.8187613,34.143114],[-83.8187636,34.1431239],[-83.8187657,34.1431342],[-83.8187676,34.1431449],[-83.8187691,34.1431561],[-83.8187705,34.1431675],[-83.8187712,34.143179]],[[-83.8187725,34.1433005],[-83.8187731,34.143308],[-83.8187736,34.1433149],[-83.8187744,34.1433211],[-83.8187755,34.1433268],[-83.8187765,34.1433323],[-83.8187782,34.1433379],[-83.8187801,34.1433442]],[[-83.8188901,34.144439],[-83.8188898,34.1444482],[-83.8188895,34.1444573],[-83.8188893,34.1444663],[-83.818889,34.1444754],[-83.8188887,34.1444844]],[[-83.8187837,34.1453265],[-83.8187816,34.1453354],[-83.8187796,34.1453442],[-83.8187775,34.1453531],[-83.8187755,34.145362],[-83.8187735,34.1453708],[-83.8187713,34.1453797],[-83.8187692,34.1453887],[-83.8187671,34.1453976],[-83.818765,34.1454065],[-83.8187628,34.1454155]],[[-83.8183903,34.1465964],[-83.8183874,34.1466051],[-83.8183845,34.1466138],[-83.8183817,34.1466225],[-83.8183788,34.1466312],[-83.8183759,34.1466399],[-83.818373,34.1466486],[-83.8183701,34.1466572],[-83.8183673,34.1466659],[-83.8183644,34.1466746]],[[-83.8183499,34.1467181],[-83.8183471,34.1467268],[-83.8183442,34.1467355],[-83.8183413,34.1467441],[-83.8183384,34.1467528],[-83.8183355,34.1467615]],[[-83.8179003,34.1480694],[-83.817898,34.1480784],[-83.8178957,34.1480877],[-83.8178934,34.1480971],[-83.817891,34.1481065],[-83.8178884,34.1481157],[-83.8178857,34.1481249],[-83.8178831,34.1481339],[-83.8178805,34.148143]],[[-83.8178135,34.1497984],[-83.8178091,34.1498074],[-83.8178046,34.1498165],[-83.8178002,34.1498256],[-83.8177957,34.1498347],[-83.8177913,34.1498437],[-83.817787,34.1498525],[-83.8177822,34.1498611],[-83.8177775,34.1498695],[-83.8177729,34.1498779],[-83.8177682,34.1498864],[-83.8177634,34.1498949]],[[-83.8175512,34.1501161],[-83.8175404,34.1501217],[-83.8175295,34.1501272],[-83.8175185,34.1501322],[-83.8175075,34.1501372],[-83.8174966,34.1501421],[-83.8174858,34.1501468],[-83.817475,34.150151]],[[-83.8173148,34.1502313],[-83.8173059,34.1502358],[-83.8172974,34.1502406],[-83.8172889,34.1502453],[-83.8172805,34.1502504],[-83.817272,34.1502556],[-83.8172633,34.1502608],[-83.8172545,34.1502662],[-83.8172455,34.1502717],[-83.8172364,34.1502772],[-83.8172271,34.1502829],[-83.8172175,34.1502884],[-83.8172078,34.1502939],[-83.817198,34.1502995],[-83.8171879,34.1503047],[-83.8171778,34.1503099],[-83.8171677,34.1503145],[-83.8171578,34.1503191]],[[-83.8168337,34.1504702],[-83.8168265,34.1504735],[-83.8168198,34.1504768],[-83.8168128,34.1504803]],[[-83.8154372,34.1508619],[-83.815426,34.1508618],[-83.8154151,34.1508617],[-83.8154042,34.1508616],[-83.8153933,34.1508615],[-83.8153826,34.1508614],[-83.8153719,34.1508613],[-83.8153613,34.1508616],[-83.8153508,34.1508618],[-83.8153403,34.1508621],[-83.8153297,34.1508626],[-83.815319,34.1508631],[-83.8153082,34.1508637],[-83.8152971,34.1508642],[-83.8152858,34.1508648],[-83.8152742,34.1508653],[-83.8152622,34.1508655],[-83.8152501,34.1508657],[-83.8152379,34.1508653],[-83.8152256,34.1508648],[-83.8152132,34.1508638],[-83.8152007,34.1508627],[-83.8151884,34.1508609],[-83.8151761,34.1508592]],[[-83.8142146,34.1504379],[-83.8142054,34.1504331],[-83.8141962,34.1504282],[-83.814187,34.1504234],[-83.8141779,34.1504185],[-83.8141689,34.1504138]]]}},{"type":"Feature","properties":{"role":"edge_unseen","side":"right","note":"bridged: the edge was not seen in the imagery here"},"geometry":{"type":"MultiLineString","coordinates":[[[-83.8105059,34.1473157],[-83.8105126,34.1473087],[-83.8105192,34.1473016],[-83.8105257,34.1472944],[-83.8105323,34.1472871],[-83.8105389,34.1472799],[-83.8105454,34.1472725]],[[-83.8141191,34.1428692],[-83.8141264,34.1428634],[-83.8141337,34.1428576],[-83.8141412,34.1428518]],[[-83.8155831,34.1419226],[-83.8155913,34.1419172],[-83.8155994,34.1419118],[-83.8156076,34.1419069],[-83.8156158,34.141902],[-83.815624,34.1418971],[-83.8156324,34.1418923],[-83.8156408,34.1418875],[-83.8156494,34.1418827],[-83.815658,34.1418779],[-83.8156668,34.1418733],[-83.8156755,34.1418687],[-83.8156844,34.1418641],[-83.8156932,34.1418595],[-83.8157021,34.1418548],[-83.8157112,34.1418504],[-83.8157204,34.141846]],[[-83.8161986,34.141687],[-83.8162092,34.141682],[-83.8162198,34.141677],[-83.8162301,34.1416715],[-83.8162403,34.1416659],[-83.8162506,34.1416604],[-83.8162603,34.1416543],[-83.8162701,34.1416482],[-83.8162797,34.1416422],[-83.816289,34.1416359],[-83.8162983,34.1416296],[-83.8163076,34.1416232]],[[-83.8165318,34.1406911],[-83.816533,34.1406823],[-83.8165342,34.1406736],[-83.8165354,34.140665],[-83.8165366,34.1406566],[-83.8165378,34.1406484],[-83.81654,34.1406405],[-83.8165421,34.1406327],[-83.8165441,34.1406251],[-83.8165475,34.1406178],[-83.8165509,34.1406105],[-83.8165544,34.1406031],[-83.8165589,34.1405957],[-83.8165638,34.1405879],[-83.816569,34.1405797],[-83.8165745,34.140571],[-83.8165798,34.1405619],[-83.8165852,34.1405526],[-83.8165895,34.1405429],[-83.8165938,34.1405331],[-83.8165971,34.140523],[-83.8166003,34.1405129],[-83.8166024,34.1405027],[-83.8166045,34.1404927],[-83.8166065,34.140483],[-83.816608,34.1404735],[-83.8166095,34.1404642],[-83.816611,34.140455],[-83.8166125,34.1404458]],[[-83.8166124,34.1398231],[-83.8166129,34.139814],[-83.8166134,34.1398049],[-83.8166139,34.1397959]],[[-83.816627,34.1395621],[-83.8166277,34.1395531],[-83.8166284,34.1395441],[-83.8166289,34.1395351],[-83.8166293,34.1395261],[-83.8166298,34.1395171],[-83.8166303,34.1395081],[-83.8166307,34.1394991]],[[-83.8166361,34.139417],[-83.8166364,34.1394078],[-83.8166368,34.1393986],[-83.8166371,34.1393894],[-83.8166375,34.1393802],[-83.8166375,34.1393709],[-83.8166375,34.1393618],[-83.8166375,34.1393526],[-83.8166375,34.1393436],[-83.8166375,34.1393345],[-83.8166375,34.1393255],[-83.8166375,34.1393165],[-83.8166375,34.1393075],[-83.8166375,34.1392985],[-83.8166378,34.1392896],[-83.816638,34.1392808],[-83.8166382,34.1392721],[-83.8166385,34.1392636],[-83.8166387,34.139255],[-83.8166394,34.1392463],[-83.81664,34.1392375],[-83.8166407,34.1392287],[-83.8166414,34.1392197],[-83.8166421,34.1392107],[-83.8166428,34.1392017]],[[-83.8166529,34.1390302],[-83.8166536,34.139021],[-83.8166543,34.1390118],[-83.8166547,34.1390025],[-83.8166552,34.1389933],[-83.8166556,34.1389841],[-83.816656,34.1389748]],[[-83.8166571,34.1389473],[-83.8166574,34.1389382],[-83.8166576,34.1389291],[-83.8166579,34.1389201],[-83.8166581,34.138911],[-83.8166584,34.1389019]],[[-83.8165924,34.1372024],[-83.8165915,34.1371928],[-83.8165905,34.1371834],[-83.816589,34.1371741],[-83.8165875,34.1371649],[-83.816586,34.1371559],[-83.8165845,34.1371469],[-83.8165831,34.137138]],[[-83.8182382,34.1371148],[-83.8182368,34.1371237],[-83.8182354,34.1371326],[-83.8182341,34.1371414],[-83.8182328,34.1371502],[-83.8182314,34.1371589],[-83.8182301,34.1371675],[-83.8182288,34.1371763],[-83.8182274,34.1371851]],[[-83.818209,34.137283],[-83.8182073,34.1372919],[-83.8182054,34.1373008],[-83.8182035,34.1373097],[-83.8182017,34.1373185],[-83.8181998,34.1373274],[-83.8181979,34.1373363],[-83.8181961,34.1373452]],[[-83.8181867,34.1373891],[-83.8181847,34.1373977],[-83.8181827,34.1374064],[-83.8181807,34.1374152],[-83.8181787,34.137424],[-83.8181766,34.1374328],[-83.8181746,34.1374417],[-83.8181726,34.1374505],[-83.8181705,34.1374594],[-83.8181685,34.1374682],[-83.8181664,34.1374771],[-83.8181644,34.1374859],[-83.8181624,34.1374948],[-83.8181604,34.1375036],[-83.8181583,34.1375123],[-83.8181563,34.1375211],[-83.8181542,34.1375298],[-83.8181521,34.1375385],[-83.81815,34.1375473],[-83.8181479,34.1375561],[-83.8181458,34.137565],[-83.8181437,34.1375738],[-83.8181416,34.1375827],[-83.8181395,34.1375915],[-83.8181374,34.1376003],[-83.8181353,34.1376092],[-83.8181332,34.137618],[-83.8181311,34.1376269],[-83.818129,34.1376357],[-83.8181269,34.1376446],[-83.8181248,34.1376534],[-83.8181227,34.1376622],[-83.8181206,34.1376711],[-83.8181185,34.1376799],[-83.8181164,34.1376888],[-83.8181143,34.1376976],[-83.8181122,34.1377065],[-83.8181101,34.1377153],[-83.818108,34.1377242],[-83.8181059,34.1377331],[-83.8181037,34.137742],[-83.8181016,34.137751],[-83.8180996,34.13776],[-83.8180977,34.137769],[-83.8180957,34.1377781],[-83.8180937,34.137787],[-83.8180918,34.1377959],[-83.8180899,34.1378048],[-83.8180879,34.1378137],[-83.818086,34.1378226],[-83.818084,34.1378316],[-83.818082,34.1378407],[-83.8180803,34.1378498],[-83.8180786,34.137859],[-83.8180768,34.1378681],[-83.8180751,34.1378771],[-83.8180734,34.1378861],[-83.8180717,34.137895],[-83.81807,34.1379039],[-83.8180683,34.1379129],[-83.8180666,34.1379219],[-83.8180651,34.137931],[-83.8180635,34.13794],[-83.818062,34.137949],[-83.8180605,34.137958],[-83.8180589,34.137967],[-83.8180574,34.1379759],[-83.8180559,34.1379849],[-83.8180544,34.1379938],[-83.8180528,34.1380027],[-83.8180513,34.1380116],[-83.8180498,34.1380206],[-83.8180482,34.1380295],[-83.8180467,34.1380385],[-83.8180452,34.1380475],[-83.8180436,34.1380565],[-83.8180422,34.1380656],[-83.8180409,34.1380748],[-83.8180395,34.1380838],[-83.8180381,34.1380929],[-83.8180368,34.1381019],[-83.8180354,34.1381109],[-83.818034,34.13812],[-83.8180326,34.1381291],[-83.8180315,34.1381383],[-83.8180303,34.1381474],[-83.8180292,34.1381564],[-83.818028,34.1381655],[-83.8180269,34.1381746],[-83.8180257,34.1381837],[-83.8180245,34.138193],[-83.8180237,34.1382024],[-83.8180229,34.1382119],[-83.8180221,34.1382212],[-83.8180213,34.1382304],[-83.8180205,34.1382395],[-83.8180197,34.1382485],[-83.8180189,34.1382575],[-83.8180181,34.1382665],[-83.8180173,34.1382755],[-83.8180165,34.1382845],[-83.8180157,34.1382935],[-83.8180152,34.1383026],[-83.8180146,34.1383118],[-83.8180141,34.1383209],[-83.8180135,34.1383301],[-83.818013,34.1383393],[-83.8180124,34.1383483],[-83.8180119,34.1383574],[-83.8180113,34.1383664],[-83.8180108,34.1383754],[-83.8180102,34.1383844],[-83.8180097,34.1383934],[-83.8180091,34.1384025],[-83.8180086,34.1384115],[-83.818008,34.1384206],[-83.8180075,34.1384297],[-83.8180069,34.1384389],[-83.8180064,34.1384481],[-83.818006,34.1384573],[-83.8180057,34.1384664],[-83.8180053,34.1384754],[-83.818005,34.1384845],[-83.8180046,34.1384935],[-83.8180043,34.1385025],[-83.818004,34.1385115],[-83.8180036,34.1385206],[-83.8180033,34.1385297],[-83.8180029,34.1385389],[-83.8180026,34.1385481],[-83.8180022,34.1385573],[-83.8180021,34.1385664],[-83.8180019,34.1385756],[-83.8180018,34.1385846],[-83.8180017,34.1385937],[-83.8180016,34.1386027],[-83.8180015,34.1386117],[-83.8180013,34.1386207],[-83.8180012,34.1386297],[-83.8180011,34.1386388],[-83.818001,34.1386479],[-83.8180008,34.1386571],[-83.8180007,34.1386663],[-83.8180008,34.1386755],[-83.8180009,34.1386847],[-83.818001,34.1386938],[-83.818001,34.1387028],[-83.8180011,34.1387119],[-83.8180012,34.1387209],[-83.8180013,34.1387299],[-83.8180014,34.1387389],[-83.8180015,34.138748],[-83.8180015,34.138757],[-83.8180016,34.1387661],[-83.8180017,34.1387753],[-83.8180018,34.1387844],[-83.8180021,34.1387936],[-83.8180023,34.1388028],[-83.8180026,34.1388119],[-83.8180028,34.1388209],[-83.8180031,34.1388299],[-83.8180033,34.138839],[-83.8180036,34.138848],[-83.8180039,34.138857],[-83.8180041,34.138866],[-83.8180044,34.1388751],[-83.8180046,34.1388842],[-83.8180049,34.1388933],[-83.8180051,34.1389025],[-83.8180054,34.1389117],[-83.8180059,34.1389208],[-83.8180064,34.1389299],[-83.818007,34.138939],[-83.8180075,34.1389482],[-83.818008,34.1389573]],[[-83.8180797,34.1396798],[-83.818081,34.1396887],[-83.8180823,34.1396977],[-83.8180835,34.1397066],[-83.8180848,34.1397156],[-83.8180861,34.1397245]],[[-83.8181317,34.1400291],[-83.8181332,34.1400381],[-83.8181347,34.140047],[-83.8181361,34.1400559],[-83.8181376,34.1400648],[-83.8181391,34.1400738],[-83.8181405,34.1400827],[-83.818142,34.1400917]],[[-83.8182302,34.1406729],[-83.8182316,34.1406819],[-83.8182329,34.1406909],[-83.8182343,34.1407],[-83.8182358,34.1407091],[-83.8182373,34.1407181],[-83.8182387,34.1407271],[-83.8182402,34.1407361],[-83.8182417,34.140745],[-83.8182431,34.1407539]],[[-83.8183002,34.1411116],[-83.8183016,34.1411205],[-83.8183031,34.1411294],[-83.8183045,34.1411382],[-83.8183058,34.1411469],[-83.8183072,34.1411556]],[[-83.8186085,34.1432139],[-83.8186057,34.1432226],[-83.8186029,34.1432314],[-83.8186001,34.1432402],[-83.8185972,34.143249],[-83.8185943,34.143258],[-83.8185919,34.1432672],[-83.8185895,34.1432768],[-83.8185871,34.1432868],[-83.8185845,34.1432972],[-83.8185824,34.1433083],[-83.8185805,34.1433201]],[[-83.8187479,34.1441434],[-83.8187483,34.1441524],[-83.8187487,34.1441613],[-83.8187491,34.1441702],[-83.8187495,34.144179],[-83.8187498,34.1441879],[-83.8187501,34.1441967],[-83.8187504,34.1442057]],[[-83.8187525,34.144473],[-83.8187523,34.144482],[-83.8187521,34.144491],[-83.8187519,34.1445001]],[[-83.8187507,34.1445269],[-83.8187503,34.1445357],[-83.8187499,34.1445445],[-83.8187495,34.1445533],[-83.8187491,34.1445621],[-83.8187487,34.144571],[-83.8187483,34.1445799],[-83.8187479,34.1445889],[-83.8187475,34.1445978],[-83.8187471,34.1446067],[-83.8187467,34.1446154],[-83.818746,34.1446241],[-83.8187453,34.1446328],[-83.8187445,34.1446415],[-83.8187438,34.1446503],[-83.818743,34.1446593],[-83.8187423,34.1446682],[-83.8187415,34.1446772],[-83.8187408,34.1446862],[-83.81874,34.1446952],[-83.8187392,34.1447042]],[[-83.8187354,34.1447491],[-83.8187347,34.1447581],[-83.8187339,34.1447671],[-83.8187332,34.144776],[-83.8187324,34.1447849],[-83.8187317,34.1447937],[-83.818731,34.1448024],[-83.8187302,34.1448112]],[[-83.8186525,34.145288],[-83.8186506,34.1452969],[-83.8186487,34.1453058],[-83.8186467,34.1453146],[-83.8186447,34.1453235],[-83.8186428,34.1453324],[-83.8186408,34.1453412],[-83.8186388,34.1453501],[-83.8186369,34.1453589],[-83.8186349,34.1453677],[-83.818633,34.1453764]],[[-83.8186107,34.1454735],[-83.8186086,34.1454823],[-83.8186066,34.1454911],[-83.8186045,34.1454998],[-83.8186024,34.1455085],[-83.8186004,34.1455172],[-83.8185982,34.1455258],[-83.8185959,34.1455346]],[[-83.8185848,34.145578],[-83.8185826,34.1455866],[-83.8185801,34.1455952],[-83.8185777,34.1456039],[-83.8185752,34.1456126],[-83.8185727,34.1456213],[-83.8185701,34.14563],[-83.8185676,34.1456388],[-83.8185652,34.1456474],[-83.8185627,34.145656],[-83.8185603,34.1456645],[-83.8185578,34.145673],[-83.8185551,34.1456815],[-83.8185524,34.1456901],[-83.8185497,34.1456988]],[[-83.8185307,34.1457592],[-83.8185278,34.1457676],[-83.8185249,34.1457761],[-83.8185219,34.1457847],[-83.818519,34.1457933],[-83.818516,34.145802]],[[-83.8185013,34.1458449],[-83.8184983,34.1458534],[-83.8184952,34.145862],[-83.8184921,34.1458705],[-83.818489,34.1458791],[-83.8184859,34.1458878]],[[-83.8184485,34.1459918],[-83.8184455,34.1460007],[-83.8184425,34.1460095],[-83.8184396,34.1460183],[-83.8184366,34.146027],[-83.8184337,34.1460357]],[[-83.8183139,34.1464014],[-83.818311,34.1464101],[-83.8183082,34.1464188],[-83.8183053,34.1464275],[-83.8183024,34.1464362],[-83.8182996,34.1464449],[-83.8182967,34.1464536],[-83.8182938,34.1464622],[-83.818291,34.1464709],[-83.8182881,34.1464796],[-83.8182852,34.1464883],[-83.8182824,34.146497],[-83.8182795,34.1465057],[-83.8182766,34.1465144],[-83.8182738,34.1465231],[-83.8182709,34.1465318],[-83.818268,34.1465405],[-83.8182652,34.1465492],[-83.8182623,34.1465579],[-83.8182594,34.1465666],[-83.8182566,34.1465753],[-83.8182537,34.146584],[-83.8182508,34.1465927],[-83.818248,34.1466014],[-83.8182451,34.1466101],[-83.8182422,34.1466187],[-83.8182394,34.1466274],[-83.8182365,34.1466361],[-83.8182336,34.1466448],[-83.8182308,34.1466535],[-83.8182279,34.1466622],[-83.818225,34.1466709],[-83.8182222,34.1466796],[-83.8182193,34.1466883],[-83.8182164,34.146697],[-83.8182136,34.1467057],[-83.8182107,34.1467144],[-83.8182078,34.1467231],[-83.818205,34.1467318],[-83.8182021,34.1467405],[-83.8181992,34.1467492],[-83.8181964,34.1467579],[-83.8181935,34.1467666],[-83.8181906,34.1467753],[-83.8181878,34.146784],[-83.818185,34.1467927],[-83.8181822,34.1468014],[-83.8181793,34.1468101],[-83.8181765,34.1468188],[-83.8181737,34.1468275],[-83.8181709,34.1468362],[-83.818168,34.1468449],[-83.8181652,34.1468536],[-83.8181624,34.1468623],[-83.8181596,34.146871],[-83.8181567,34.1468797],[-83.8181539,34.1468884],[-83.8181511,34.1468971],[-83.8181483,34.1469058],[-83.8181454,34.1469145],[-83.8181426,34.1469232],[-83.8181398,34.1469319],[-83.818137,34.1469406],[-83.8181341,34.1469493],[-83.8181313,34.146958],[-83.8181285,34.1469667],[-83.8181257,34.1469753],[-83.8181229,34.146984],[-83.8181201,34.1469926],[-83.8181173,34.1470012],[-83.8181145,34.1470099],[-83.8181116,34.1470186],[-83.8181088,34.1470273],[-83.818106,34.147036],[-83.8181031,34.1470448],[-83.8181003,34.1470535],[-83.8180974,34.1470624],[-83.8180945,34.1470713],[-83.8180917,34.1470801],[-83.8180888,34.147089],[-83.8180859,34.1470978],[-83.8180831,34.1471065],[-83.8180803,34.1471152],[-83.8180774,34.1471239],[-83.8180746,34.1471326],[-83.8180718,34.1471413],[-83.8180689,34.14715],[-83.8180661,34.1471587],[-83.8180633,34.1471674],[-83.8180605,34.1471761],[-83.8180577,34.1471847],[-83.8180549,34.1471933],[-83.8180521,34.1472018],[-83.8180494,34.1472103],[-83.8180466,34.1472188],[-83.8180438,34.1472275],[-83.8180409,34.1472361],[-83.8180381,34.1472448],[-83.8180352,34.1472535],[-83.8180323,34.1472621],[-83.8180294,34.1472708],[-83.8180265,34.1472795],[-83.8180236,34.1472882],[-83.8180208,34.1472969],[-83.8180179,34.1473056],[-83.818015,34.1473143],[-83.8180121,34.147323],[-83.8180092,34.1473317],[-83.8180063,34.1473404],[-83.8180034,34.147349],[-83.8180006,34.1473577],[-83.8179976,34.1473664],[-83.8179946,34.1473751],[-83.8179916,34.1473837],[-83.8179887,34.1473924],[-83.8179857,34.147401],[-83.8179827,34.1474096],[-83.8179798,34.1474182],[-83.8179768,34.1474268],[-83.8179739,34.1474355],[-83.8179709,34.1474441],[-83.8179679,34.1474528],[-83.8179649,34.1474614],[-83.8179618,34.1474701],[-83.8179587,34.1474787],[-83.8179556,34.1474873],[-83.8179524,34.147496],[-83.8179493,34.1475046],[-83.8179462,34.1475132],[-83.8179431,34.1475219],[-83.81794,34.1475305],[-83.8179369,34.1475391],[-83.8179338,34.1475476],[-83.8179307,34.1475561]],[[-83.8179205,34.1475811],[-83.8179171,34.1475896],[-83.8179136,34.147598],[-83.8179101,34.1476066],[-83.8179066,34.1476151],[-83.8179031,34.1476236],[-83.8178997,34.1476322],[-83.8178962,34.1476407],[-83.8178927,34.1476493],[-83.8178892,34.1476579],[-83.8178856,34.1476665],[-83.8178821,34.1476752],[-83.8178785,34.1476839],[-83.8178753,34.1476927],[-83.8178721,34.1477015],[-83.8178689,34.1477103],[-83.8178657,34.1477189],[-83.8178625,34.1477276]],[[-83.8180815,34.1491122],[-83.8180763,34.1491202],[-83.8180713,34.1491282],[-83.8180662,34.1491362],[-83.8180611,34.1491441],[-83.818056,34.1491521],[-83.8180509,34.1491601],[-83.8180459,34.149168],[-83.8180408,34.149176],[-83.8180357,34.1491839],[-83.8180306,34.1491919],[-83.8180255,34.1491999],[-83.8180205,34.1492078]],[[-83.8178853,34.1494135],[-83.8178803,34.1494217],[-83.8178753,34.1494299],[-83.8178703,34.1494379],[-83.8178653,34.149446],[-83.8178604,34.1494541],[-83.8178554,34.1494622],[-83.8178504,34.1494703],[-83.8178453,34.1494785],[-83.8178403,34.1494867],[-83.8178353,34.1494949],[-83.8178303,34.149503],[-83.8178254,34.1495111],[-83.8178206,34.1495192]],[[-83.8177196,34.1496903],[-83.8177149,34.1496984],[-83.8177099,34.1497064],[-83.8177049,34.1497143],[-83.8177,34.1497222],[-83.8176951,34.1497299],[-83.8176902,34.1497375],[-83.8176849,34.1497448],[-83.8176796,34.1497519],[-83.817674,34.1497588],[-83.8176684,34.1497656],[-83.8176621,34.1497722],[-83.8176558,34.1497789],[-83.8176494,34.1497857],[-83.8176429,34.1497925],[-83.8176363,34.1497995],[-83.8176297,34.1498065],[-83.8176231,34.1498135],[-83.817617,34.1498205],[-83.8176109,34.1498275],[-83.8176047,34.1498345],[-83.8175988,34.1498417],[-83.8175929,34.149849],[-83.8175868,34.1498564],[-83.8175811,34.149864],[-83.8175754,34.1498715],[-83.8175697,34.149879]],[[-83.8174639,34.1499787],[-83.8174572,34.1499832],[-83.8174499,34.1499873],[-83.8174423,34.1499913],[-83.8174347,34.1499953],[-83.817427,34.1499993],[-83.8174189,34.150003],[-83.8174106,34.1500065],[-83.8174022,34.1500101],[-83.8173935,34.1500138],[-83.8173845,34.1500176],[-83.817375,34.1500217],[-83.8173649,34.150026],[-83.8173543,34.1500305],[-83.817343,34.1500353],[-83.8173315,34.1500402],[-83.8173199,34.1500451],[-83.8173087,34.1500501],[-83.8172983,34.1500553],[-83.8172885,34.1500602]],[[-83.8166599,34.1503275],[-83.8166508,34.1503328],[-83.8166418,34.150338],[-83.8166329,34.1503431],[-83.8166241,34.1503481],[-83.8166154,34.1503531],[-83.8166069,34.150358],[-83.8165985,34.1503628],[-83.8165901,34.1503676],[-83.8165816,34.1503725],[-83.8165729,34.1503774],[-83.8165641,34.1503825]],[[-83.8156773,34.1507328],[-83.8156672,34.150734],[-83.8156572,34.1507353],[-83.815647,34.1507361],[-83.8156369,34.1507369],[-83.8156267,34.1507378],[-83.8156165,34.1507386],[-83.8156063,34.1507395],[-83.815596,34.1507399],[-83.8155856,34.1507404],[-83.8155751,34.1507409],[-83.8155646,34.1507413],[-83.815554,34.1507418],[-83.8155434,34.1507423],[-83.8155328,34.1507427]],[[-83.8148599,34.1506259],[-83.8148504,34.1506216],[-83.8148409,34.1506172],[-83.8148315,34.1506129],[-83.8148221,34.1506086],[-83.8148127,34.1506044],[-83.8148036,34.1506002],[-83.8147945,34.150596],[-83.8147854,34.1505919]],[[-83.8142889,34.1503396],[-83.8142798,34.1503348],[-83.8142706,34.1503301],[-83.8142614,34.1503253],[-83.8142522,34.1503205],[-83.8142429,34.1503156],[-83.8142336,34.1503108],[-83.8142242,34.1503059],[-83.8142149,34.150301],[-83.8142055,34.1502961]]]}},{"type":"Feature","properties":{"role":"start_finish","id":"start_finish","marker":0.0,"width_m":12.5,"quality":{"source":"naip","accuracy_m":1.09,"relative_accuracy_m":0.25,"measured":true,"date":"2023-10-22"}},"geometry":{"type":"LineString","coordinates":[[-83.8134814,34.1500525],[-83.8135536,34.1499571]]}},{"type":"Feature","properties":{"role":"pit_entry","id":"pit_entry","marker":0.93995,"width_m":14.08,"quality":{"source":"naip","accuracy_m":1.09,"relative_accuracy_m":0.25,"measured":true,"date":"2023-10-22"}},"geometry":{"type":"LineString","coordinates":[[-83.8159327,34.1507985],[-83.8158793,34.1506796]]}},{"type":"Feature","properties":{"role":"pit_exit","id":"pit_exit","marker":0.13106,"width_m":15.51,"quality":{"source":"naip","accuracy_m":1.09,"relative_accuracy_m":0.25,"measured":true,"date":"2023-10-22"}},"geometry":{"type":"LineString","coordinates":[[-83.8108102,34.1466239],[-83.8109322,34.1467202]]}},{"type":"Feature","properties":{"role":"corner_entry","id":"t1-entry","marker":0.0827,"width_m":15.8,"quality":{"source":"naip","accuracy_m":2.05,"relative_accuracy_m":1.75,"measured":false,"date":"2023-10-22"},"corner":"t1"},"geometry":{"type":"LineString","coordinates":[[-83.8104396,34.1483405],[-83.8105582,34.1482377]]}},{"type":"Feature","properties":{"role":"corner_exit","id":"t1-exit","marker":0.10204,"width_m":12.11,"quality":{"source":"naip","accuracy_m":1.09,"relative_accuracy_m":0.25,"measured":true,"date":"2023-10-22"},"corner":"t1"},"geometry":{"type":"LineString","coordinates":[[-83.8102421,34.1476147],[-83.8103706,34.1476372]]}},{"type":"Feature","properties":{"role":"corner_entry","id":"t2-entry","marker":0.14832,"width_m":14.49,"quality":{"source":"naip","accuracy_m":1.09,"relative_accuracy_m":0.25,"measured":true,"date":"2023-10-22"},"corner":"t2"},"geometry":{"type":"LineString","coordinates":[[-83.8113679,34.1461924],[-83.8114783,34.1462854]]}},{"type":"Feature","properties":{"role":"corner_exit","id":"t2-exit","marker":0.17525,"width_m":12.68,"quality":{"source":"naip","accuracy_m":2.05,"relative_accuracy_m":1.75,"measured":false,"date":"2023-10-22"},"corner":"t2"},"geometry":{"type":"LineString","coordinates":[[-83.8119382,34.1453796],[-83.812073,34.1454021]]}},{"type":"Feature","properties":{"role":"corner_entry","id":"t3-entry","marker":0.17942,"width_m":13.07,"quality":{"source":"naip","accuracy_m":2.05,"relative_accuracy_m":1.75,"measured":false,"date":"2023-10-22"},"corner":"t3"},"geometry":{"type":"LineString","coordinates":[[-83.8119699,34.1452307],[-83.8121098,34.1452498]]}},{"type":"Feature","properties":{"role":"corner_exit","id":"t3-exit","marker":0.1897,"width_m":12.83,"quality":{"source":"naip","accuracy_m":1.09,"relative_accuracy_m":0.25,"measured":true,"date":"2023-10-22"},"corner":"t3"},"geometry":{"type":"LineString","coordinates":[[-83.812299,34.144918],[-83.8123433,34.1450276]]}},{"type":"Feature","properties":{"role":"corner_entry","id":"t4-entry","marker":0.19533,"width_m":13.09,"quality":{"source":"naip","accuracy_m":1.09,"relative_accuracy_m":0.25,"measured":true,"date":"2023-10-22"},"corner":"t4"},"geometry":{"type":"LineString","coordinates":[[-83.8125365,34.1448516],[-83.8125792,34.1449641]]}},{"type":"Feature","properties":{"role":"corner_exit","id":"t4-exit","marker":0.22496,"width_m":12.52,"quality":{"source":"naip","accuracy_m":1.09,"relative_accuracy_m":0.25,"measured":true,"date":"2023-10-22"},"corner":"t4"},"geometry":{"type":"LineString","coordinates":[[-83.813396,34.1441596],[-83.8135252,34.1441943]]}},{"type":"Feature","properties":{"role":"corner_entry","id":"t5-entry","marker":0.25116,"width_m":12.41,"quality":{"source":"naip","accuracy_m":1.09,"relative_accuracy_m":0.25,"measured":true,"date":"2023-10-22"},"corner":"t5"},"geometry":{"type":"LineString","coordinates":[[-83.813706,34.143234],[-83.8138361,34.1432627]]}},{"type":"Feature","properties":{"role":"corner_exit","id":"t5-exit","marker":0.27295,"width_m":12.42,"quality":{"source":"naip","accuracy_m":1.09,"relative_accuracy_m":0.25,"measured":true,"date":"2023-10-22"},"corner":"t5"},"geometry":{"type":"LineString","coordinates":[[-83.8143507,34.14261],[-83.8144038,34.1427129]]}},{"type":"Feature","properties":{"role":"corner_entry","id":"t6-entry","marker":0.32045,"width_m":12.72,"quality":{"source":"naip","accuracy_m":1.09,"relative_accuracy_m":0.25,"measured":true,"date":"2023-10-22"},"corner":"t6"},"geometry":{"type":"LineString","coordinates":[[-83.8160406,34.1416149],[-83.8160677,34.1417273]]}},{"type":"Feature","properties":{"role":"corner_exit","id":"t6-exit","marker":0.33539,"width_m":11.89,"quality":{"source":"naip","accuracy_m":1.09,"relative_accuracy_m":0.25,"measured":true,"date":"2023-10-22"},"corner":"t6"},"geometry":{"type":"LineString","coordinates":[[-83.8163709,34.1412726],[-83.8164998,34.1412707]]}},{"type":"Feature","properties":{"role":"corner_entry","id":"t7-entry","marker":0.45684,"width_m":12.38,"quality":{"source":"naip","accuracy_m":1.09,"relative_accuracy_m":0.25,"measured":true,"date":"2023-10-22"},"corner":"t7"},"geometry":{"type":"LineString","coordinates":[[-83.8164144,34.1368147],[-83.8165484,34.1368094]]}},{"type":"Feature","properties":{"role":"corner_exit","id":"t7-exit","marker":0.48034,"width_m":12.01,"quality":{"source":"naip","accuracy_m":1.09,"relative_accuracy_m":0.25,"measured":true,"date":"2023-10-22"},"corner":"t7"},"geometry":{"type":"LineString","coordinates":[[-83.8170763,34.1361637],[-83.8170938,34.1362709]]}},{"type":"Feature","properties":{"role":"corner_entry","id":"t8-entry","marker":0.50312,"width_m":12.5,"quality":{"source":"naip","accuracy_m":1.09,"relative_accuracy_m":0.25,"measured":true,"date":"2023-10-22"},"corner":"t8"},"geometry":{"type":"LineString","coordinates":[[-83.818088,34.1360921],[-83.8180916,34.1362047]]}},{"type":"Feature","properties":{"role":"corner_exit","id":"t8-exit","marker":0.51487,"width_m":12.38,"quality":{"source":"naip","accuracy_m":1.09,"relative_accuracy_m":0.25,"measured":true,"date":"2023-10-22"},"corner":"t8"},"geometry":{"type":"LineString","coordinates":[[-83.8184656,34.1364197],[-83.8183319,34.13641]]}},{"type":"Feature","properties":{"role":"corner_entry","id":"t9-entry","marker":0.56017,"width_m":11.95,"quality":{"source":"naip","accuracy_m":2.05,"relative_accuracy_m":1.75,"measured":false,"date":"2023-10-22"},"corner":"t9"},"geometry":{"type":"LineString","coordinates":[[-83.818172,34.1380711],[-83.8180436,34.1380565]]}},{"type":"Feature","properties":{"role":"corner_exit","id":"t9-exit","marker":0.56727,"width_m":11.9,"quality":{"source":"naip","accuracy_m":2.05,"relative_accuracy_m":1.75,"measured":false,"date":"2023-10-22"},"corner":"t9"},"geometry":{"type":"LineString","coordinates":[[-83.8181429,34.1383271],[-83.8180141,34.1383209]]}},{"type":"Feature","properties":{"role":"corner_entry","id":"t10-entry","marker":0.69704,"width_m":12.8,"quality":{"source":"naip","accuracy_m":1.09,"relative_accuracy_m":0.25,"measured":true,"date":"2023-10-22"},"corner":"t10"},"geometry":{"type":"LineString","coordinates":[[-83.8187458,34.1430599],[-83.8186092,34.1430807]]}},{"type":"Feature","properties":{"role":"corner_exit","id":"t10-exit","marker":0.7012,"width_m":15.21,"quality":{"source":"naip","accuracy_m":2.05,"relative_accuracy_m":1.75,"measured":false,"date":"2023-10-22"},"corner":"t10"},"geometry":{"type":"LineString","coordinates":[[-83.8187723,34.1432303],[-83.8186085,34.1432139]]}},{"type":"Feature","properties":{"role":"corner_entry","id":"t11-entry","marker":0.83857,"width_m":13.1,"quality":{"source":"naip","accuracy_m":1.09,"relative_accuracy_m":0.25,"measured":true,"date":"2023-10-22"},"corner":"t11"},"geometry":{"type":"LineString","coordinates":[[-83.817869,34.1481787],[-83.8177321,34.1481471]]}},{"type":"Feature","properties":{"role":"corner_exit","id":"t11-exit","marker":0.84616,"width_m":12.4,"quality":{"source":"naip","accuracy_m":1.09,"relative_accuracy_m":0.25,"measured":true,"date":"2023-10-22"},"corner":"t11"},"geometry":{"type":"LineString","coordinates":[[-83.8179485,34.1483629],[-83.817861,34.1484478]]}},{"type":"Feature","properties":{"role":"corner_entry","id":"t12-entry","marker":0.85204,"width_m":11.77,"quality":{"source":"naip","accuracy_m":1.09,"relative_accuracy_m":0.25,"measured":true,"date":"2023-10-22"},"corner":"t12"},"geometry":{"type":"LineString","coordinates":[[-83.8181517,34.1484973],[-83.8180692,34.1485782]]}},{"type":"Feature","properties":{"role":"corner_exit","id":"t12-exit","marker":0.86526,"width_m":11.99,"quality":{"source":"naip","accuracy_m":1.09,"relative_accuracy_m":0.25,"measured":true,"date":"2023-10-22"},"corner":"t12"},"geometry":{"type":"LineString","coordinates":[[-83.8183015,34.1489918],[-83.8181834,34.1489466]]}},{"type":"Feature","properties":{"role":"corner_entry","id":"t13-entry","marker":0.89391,"width_m":16.33,"quality":{"source":"naip","accuracy_m":2.05,"relative_accuracy_m":1.75,"measured":false,"date":"2023-10-22"},"corner":"t13"},"geometry":{"type":"LineString","coordinates":[[-83.8177304,34.1499432],[-83.8175811,34.149864]]}},{"type":"Feature","properties":{"role":"corner_exit","id":"t13-exit","marker":0.90076,"width_m":17.01,"quality":{"source":"naip","accuracy_m":2.05,"relative_accuracy_m":1.75,"measured":false,"date":"2023-10-22"},"corner":"t13"},"geometry":{"type":"LineString","coordinates":[[-83.8174858,34.1501468],[-83.8174022,34.1500101]]}},{"type":"Feature","properties":{"role":"corner_entry","id":"t14-entry","marker":0.95316,"width_m":13.82,"quality":{"source":"naip","accuracy_m":2.05,"relative_accuracy_m":1.75,"measured":false,"date":"2023-10-22"},"corner":"t14"},"geometry":{"type":"LineString","coordinates":[[-83.8153297,34.1508626],[-83.8153308,34.1507381]]}},{"type":"Feature","properties":{"role":"corner_exit","id":"t14-exit","marker":0.96296,"width_m":12.56,"quality":{"source":"naip","accuracy_m":1.09,"relative_accuracy_m":0.25,"measured":true,"date":"2023-10-22"},"corner":"t14"},"geometry":{"type":"LineString","coordinates":[[-83.8148846,34.1507637],[-83.8149454,34.1506624]]}},{"type":"Feature","properties":{"role":"brake_point","id":"t1-brake","marker":0.06011,"width_m":13.71,"quality":{"source":"naip","accuracy_m":1.09,"relative_accuracy_m":0.25,"measured":true,"date":"2023-10-22"},"corner":"t1","speed_kmh":258.4},"geometry":{"type":"LineString","coordinates":[[-83.8112192,34.1488725],[-83.811304,34.1487709]]}},{"type":"Feature","properties":{"role":"brake_point","id":"t2-brake","marker":0.16448,"width_m":12.7,"quality":{"source":"naip","accuracy_m":1.09,"relative_accuracy_m":0.25,"measured":true,"date":"2023-10-22"},"corner":"t2","speed_kmh":218.8},"geometry":{"type":"LineString","coordinates":[[-83.8117851,34.1457372],[-83.811908,34.1457888]]}},{"type":"Feature","properties":{"role":"brake_point","id":"t3-brake","marker":0.18125,"width_m":13.27,"quality":{"source":"naip","accuracy_m":2.05,"relative_accuracy_m":1.75,"measured":false,"date":"2023-10-22"},"corner":"t3","speed_kmh":147.6},"geometry":{"type":"LineString","coordinates":[[-83.8119842,34.1451624],[-83.812123,34.1451941]]}},{"type":"Feature","properties":{"role":"brake_point","id":"t5-brake","marker":0.25146,"width_m":12.44,"quality":{"source":"naip","accuracy_m":1.09,"relative_accuracy_m":0.25,"measured":true,"date":"2023-10-22"},"corner":"t5","speed_kmh":202.2},"geometry":{"type":"LineString","coordinates":[[-83.8137087,34.1432249],[-83.8138389,34.1432544]]}},{"type":"Feature","properties":{"role":"brake_point","id":"t6-brake","marker":0.30828,"width_m":12.02,"quality":{"source":"naip","accuracy_m":2.05,"relative_accuracy_m":1.75,"measured":false,"date":"2023-10-22"},"corner":"t6","speed_kmh":216.8},"geometry":{"type":"LineString","coordinates":[[-83.8155302,34.1418197],[-83.8156076,34.1419069]]}},{"type":"Feature","properties":{"role":"brake_point","id":"t7-brake","marker":0.44081,"width_m":12.59,"quality":{"source":"naip","accuracy_m":2.05,"relative_accuracy_m":1.75,"measured":false,"date":"2023-10-22"},"corner":"t7","speed_kmh":232.8},"geometry":{"type":"LineString","coordinates":[[-83.8164548,34.1373992],[-83.8165912,34.1373937]]}},{"type":"Feature","properties":{"role":"brake_point","id":"t8-brake","marker":0.49132,"width_m":13.11,"quality":{"source":"naip","accuracy_m":1.09,"relative_accuracy_m":0.25,"measured":true,"date":"2023-10-22"},"corner":"t8","speed_kmh":159.7},"geometry":{"type":"LineString","coordinates":[[-83.8175646,34.1361223],[-83.817577,34.13624]]}},{"type":"Feature","properties":{"role":"brake_point","id":"t11-brake","marker":0.80661,"width_m":12.25,"quality":{"source":"naip","accuracy_m":2.05,"relative_accuracy_m":1.75,"measured":false,"date":"2023-10-22"},"corner":"t11","speed_kmh":274.0},"geometry":{"type":"LineString","coordinates":[[-83.8182423,34.1470398],[-83.8181145,34.1470099]]}},{"type":"Feature","properties":{"role":"brake_point","id":"t12-brake","marker":0.85092,"width_m":11.87,"quality":{"source":"naip","accuracy_m":1.09,"relative_accuracy_m":0.25,"measured":true,"date":"2023-10-22"},"corner":"t12","speed_kmh":132.6},"geometry":{"type":"LineString","coordinates":[[-83.8181063,34.1484675],[-83.8180288,34.1485529]]}},{"type":"Feature","properties":{"role":"racing_line","model":"gt3","lap_time_s":76.84,"speed_kmh":[241,241,242,242,242,243,243,243,244,244,244,245,245,245,246,246,246,247,247,247,248,248,248,248,249,249,249,250,250,250,250,251,251,251,252,252,252,252,253,253,253,253,254,254,254,254,255,255,255,255,256,256,256,256,257,257,257,257,258,258,258,258,258,253,248,244,239,235,231,227,223,219,215,211,207,203,200,197,193,190,187,184,182,180,178,176,174,171,167,163,160,159,159,159,159,160,160,160,161,161,162,163,164,164,165,166,167,169,170,171,172,174,175,176,177,178,179,180,182,183,184,185,186,187,188,189,190,190,191,192,193,194,195,196,197,197,198,199,200,201,201,202,203,204,204,205,206,207,207,208,209,209,210,211,211,212,213,213,214,214,215,216,216,217,217,218,219,218,214,209,204,199,193,188,182,176,170,165,159,155,151,148,147,147,147,144,144,144,145,146,148,148,149,151,153,155,156,158,159,161,162,164,165,166,168,169,170,172,173,170,168,167,166,165,165,165,165,166,168,169,170,172,173,174,175,176,178,179,180,181,182,183,184,185,186,187,188,189,190,191,192,193,193,194,195,196,197,198,199,199,200,201,202,202,199,196,193,190,187,184,182,181,181,181,182,182,183,184,185,186,187,188,189,190,191,192,193,194,194,195,196,197,198,199,199,200,201,202,202,203,204,205,205,206,207,208,208,209,210,210,211,212,212,213,213,214,215,215,216,216,216,213,208,204,199,193,187,181,176,170,165,160,156,151,147,143,140,137,134,132,132,131,132,133,134,136,137,138,140,142,144,146,148,150,151,153,155,156,158,159,161,162,164,165,167,168,169,171,172,173,174,175,177,178,179,180,181,182,183,184,185,186,187,188,189,190,191,192,193,194,194,195,196,197,198,199,199,200,201,202,203,203,204,205,205,206,207,208,208,209,210,210,211,212,212,213,213,214,215,215,216,217,217,218,218,219,219,220,221,221,222,222,223,223,224,224,225,225,226,226,227,227,228,228,229,229,230,230,230,231,231,232,232,233,232,227,222,216,211,206,201,196,191,186,181,177,173,169,165,161,158,155,152,148,145,142,138,135,131,129,127,125,125,125,125,126,128,129,131,133,135,136,138,140,142,144,146,148,150,152,153,155,157,158,160,156,149,143,137,130,124,118,113,107,102,98,95,93,92,93,94,96,99,101,100,98,98,98,99,102,105,108,112,115,118,121,124,127,129,132,134,136,138,141,143,145,146,148,150,152,154,155,157,158,160,161,163,164,166,167,168,170,171,172,173,175,176,177,178,179,180,181,182,183,184,185,186,187,188,189,190,191,192,193,194,195,196,196,197,198,199,200,200,201,202,203,204,204,205,206,206,207,208,208,209,210,210,211,212,212,213,214,214,215,216,216,217,217,218,218,219,220,220,221,221,222,222,223,223,224,224,225,225,226,226,227,227,228,228,229,229,230,230,231,231,231,232,232,233,233,234,234,234,235,235,236,236,236,237,237,238,238,238,239,239,240,240,240,241,241,241,242,242,242,243,243,243,244,244,244,245,245,245,246,246,246,247,247,247,248,248,248,248,249,249,249,250,250,250,251,251,251,251,252,252,252,252,253,253,253,253,254,254,254,255,255,255,255,256,256,256,256,256,257,257,257,257,258,258,258,258,259,259,259,259,259,260,260,260,260,260,261,261,261,261,262,262,262,262,262,263,263,263,263,263,263,264,264,264,264,264,265,265,265,265,265,265,266,266,266,266,266,267,267,267,267,267,267,268,268,268,268,268,268,268,269,269,269,269,269,269,270,270,270,270,270,270,270,271,271,271,271,271,271,271,272,272,272,272,272,272,272,272,273,273,273,273,273,273,273,273,274,274,274,274,270,265,260,254,249,244,238,233,228,222,217,211,206,200,194,189,183,177,171,165,160,154,148,143,138,133,128,123,119,115,111,109,108,108,110,113,115,117,119,121,124,127,129,132,129,123,118,114,110,107,106,106,107,109,111,113,115,116,117,119,121,124,126,129,131,134,136,138,140,142,144,146,148,150,152,153,155,157,158,160,161,163,164,166,167,168,170,171,172,173,174,176,177,178,179,180,181,182,183,184,185,186,187,188,189,190,191,192,193,194,195,196,196,197,198,199,200,200,201,202,203,203,204,205,206,206,207,208,208,209,210,210,211,212,212,213,214,214,215,215,216,217,217,218,218,219,220,220,221,221,222,222,223,223,224,224,225,225,226,226,227,227,228,228,229,229,230,230,231,231,231,232,232,233,233,234,234,234,235,235,236,236,236,237,237,238,238,238,239,239,239,240,240,241],"quality":{"source":"model","measured":false,"note":"minimum-curvature line inside the measured edges; not driven, no elevation"}},"geometry":{"type":"LineString","coordinates":[[-83.8134873,34.1500446],[-83.8134507,34.1500254],[-83.813414,34.1500062],[-83.8133773,34.1499869],[-83.8133406,34.1499677],[-83.8133039,34.1499485],[-83.8132672,34.1499293],[-83.8132305,34.1499101],[-83.8131937,34.1498909],[-83.813157,34.1498717],[-83.8131203,34.1498525],[-83.8130836,34.1498334],[-83.8130468,34.1498142],[-83.8130101,34.149795],[-83.8129733,34.1497759],[-83.8129366,34.1497567],[-83.8128998,34.1497376],[-83.8128631,34.1497185],[-83.8128263,34.1496993],[-83.8127895,34.1496802],[-83.8127528,34.1496611],[-83.812716,34.149642],[-83.8126792,34.1496229],[-83.8126424,34.1496038],[-83.8126057,34.1495847],[-83.8125689,34.1495656],[-83.8125321,34.1495465],[-83.8124953,34.1495274],[-83.8124585,34.1495083],[-83.8124217,34.1494892],[-83.8123849,34.1494701],[-83.8123481,34.149451],[-83.8123113,34.149432],[-83.8122745,34.1494129],[-83.8122377,34.1493938],[-83.8122009,34.1493747],[-83.8121641,34.1493556],[-83.8121273,34.1493365],[-83.8120905,34.1493174],[-83.8120537,34.1492983],[-83.812017,34.1492792],[-83.8119802,34.1492601],[-83.8119434,34.149241],[-83.8119066,34.1492218],[-83.8118699,34.1492027],[-83.8118331,34.1491836],[-83.8117964,34.1491644],[-83.8117597,34.1491452],[-83.8117229,34.1491261],[-83.8116862,34.1491069],[-83.8116495,34.1490876],[-83.8116128,34.1490684],[-83.8115762,34.1490492],[-83.8115395,34.1490299],[-83.8115029,34.1490106],[-83.8114663,34.1489912],[-83.8114297,34.1489718],[-83.8113933,34.1489523],[-83.8113569,34.1489327],[-83.8113206,34.1489129],[-83.8112845,34.148893],[-83.8112485,34.1488728],[-83.8112127,34.1488525],[-83.8111771,34.1488319],[-83.8111418,34.148811],[-83.8111067,34.1487898],[-83.8110718,34.1487683],[-83.8110374,34.1487464],[-83.8110032,34.1487242],[-83.8109695,34.1487015],[-83.8109361,34.1486785],[-83.8109032,34.148655],[-83.8108708,34.148631],[-83.8108389,34.1486066],[-83.8108075,34.1485817],[-83.8107767,34.1485563],[-83.8107465,34.1485305],[-83.810717,34.148504],[-83.8106882,34.148477],[-83.8106602,34.1484495],[-83.810633,34.1484214],[-83.8106067,34.1483928],[-83.8105813,34.1483635],[-83.810557,34.1483337],[-83.8105337,34.1483033],[-83.8105115,34.1482723],[-83.8104905,34.1482408],[-83.8104707,34.1482087],[-83.810452,34.1481761],[-83.8104343,34.1481432],[-83.8104176,34.1481099],[-83.8104025,34.1480761],[-83.8103889,34.1480419],[-83.8103769,34.1480073],[-83.8103665,34.1479723],[-83.8103574,34.147937],[-83.8103502,34.1479014],[-83.8103443,34.1478657],[-83.8103402,34.1478298],[-83.8103375,34.1477938],[-83.8103363,34.1477578],[-83.8103367,34.1477217],[-83.8103385,34.1476857],[-83.8103419,34.1476498],[-83.8103467,34.1476139],[-83.8103529,34.1475782],[-83.8103606,34.1475427],[-83.8103695,34.1475075],[-83.8103797,34.1474724],[-83.8103913,34.1474377],[-83.810404,34.1474032],[-83.8104178,34.147369],[-83.8104327,34.1473351],[-83.8104485,34.1473016],[-83.8104653,34.1472683],[-83.8104831,34.1472354],[-83.8105017,34.1472029],[-83.8105213,34.1471707],[-83.8105417,34.1471389],[-83.8105628,34.1471074],[-83.8105847,34.1470763],[-83.8106073,34.1470455],[-83.8106305,34.147015],[-83.8106543,34.1469849],[-83.8106787,34.146955],[-83.8107036,34.1469255],[-83.810729,34.1468963],[-83.8107549,34.1468674],[-83.8107812,34.1468387],[-83.8108079,34.1468103],[-83.810835,34.1467821],[-83.8108623,34.1467541],[-83.8108899,34.1467263],[-83.8109178,34.1466987],[-83.8109458,34.1466712],[-83.8109741,34.1466438],[-83.8110024,34.1466165],[-83.811031,34.1465894],[-83.8110596,34.1465623],[-83.8110884,34.1465353],[-83.8111172,34.1465083],[-83.811146,34.1464814],[-83.8111748,34.1464544],[-83.8112036,34.1464274],[-83.8112323,34.1464004],[-83.8112609,34.1463733],[-83.8112894,34.1463462],[-83.8113178,34.1463189],[-83.811346,34.1462915],[-83.8113739,34.1462639],[-83.8114017,34.1462362],[-83.8114292,34.1462083],[-83.8114563,34.1461802],[-83.8114832,34.1461519],[-83.8115097,34.1461233],[-83.8115358,34.1460945],[-83.8115614,34.1460655],[-83.8115867,34.1460361],[-83.8116114,34.1460065],[-83.8116356,34.1459766],[-83.8116593,34.1459464],[-83.8116823,34.1459158],[-83.8117047,34.1458849],[-83.8117264,34.1458537],[-83.8117474,34.1458222],[-83.8117678,34.1457904],[-83.8117874,34.1457582],[-83.8118064,34.1457258],[-83.8118248,34.1456931],[-83.8118426,34.1456603],[-83.81186,34.1456272],[-83.8118769,34.145594],[-83.8118933,34.1455606],[-83.8119094,34.1455271],[-83.8119254,34.1454936],[-83.8119413,34.14546],[-83.8119574,34.1454266],[-83.8119739,34.1453932],[-83.8119911,34.1453601],[-83.8120091,34.1453273],[-83.8120284,34.145295],[-83.8120489,34.1452632],[-83.8120709,34.1452322],[-83.8120946,34.145202],[-83.8121199,34.1451727],[-83.8121463,34.1451441],[-83.8121741,34.1451164],[-83.8122036,34.14509],[-83.8122344,34.1450646],[-83.8122663,34.1450402],[-83.8122992,34.1450167],[-83.8123334,34.1449945],[-83.8123686,34.1449734],[-83.8124046,34.1449534],[-83.8124415,34.1449344],[-83.8124789,34.1449161],[-83.8125167,34.1448984],[-83.8125548,34.1448812],[-83.8125931,34.1448643],[-83.8126315,34.1448476],[-83.8126699,34.1448308],[-83.8127081,34.1448138],[-83.8127462,34.1447966],[-83.812784,34.1447788],[-83.8128214,34.1447606],[-83.8128583,34.1447416],[-83.8128946,34.1447219],[-83.8129303,34.1447014],[-83.8129652,34.14468],[-83.8129994,34.1446579],[-83.8130328,34.1446348],[-83.8130652,34.1446109],[-83.8130966,34.144586],[-83.8131269,34.1445602],[-83.8131561,34.1445336],[-83.8131842,34.1445061],[-83.813211,34.1444777],[-83.8132367,34.1444487],[-83.8132613,34.144419],[-83.8132849,34.1443887],[-83.8133074,34.1443579],[-83.8133289,34.1443266],[-83.8133494,34.1442949],[-83.8133691,34.1442627],[-83.813388,34.1442303],[-83.8134061,34.1441975],[-83.8134233,34.1441644],[-83.8134398,34.144131],[-83.8134556,34.1440975],[-83.8134707,34.1440637],[-83.8134853,34.1440297],[-83.8134993,34.1439956],[-83.8135129,34.1439613],[-83.8135261,34.143927],[-83.8135389,34.1438925],[-83.8135514,34.143858],[-83.8135637,34.1438234],[-83.8135759,34.1437888],[-83.8135879,34.1437542],[-83.8135999,34.1437195],[-83.8136119,34.1436849],[-83.813624,34.1436502],[-83.8136362,34.1436156],[-83.8136487,34.1435811],[-83.8136614,34.1435466],[-83.8136744,34.1435122],[-83.8136879,34.1434779],[-83.8137018,34.1434438],[-83.8137161,34.1434098],[-83.8137311,34.1433759],[-83.8137467,34.1433423],[-83.813763,34.1433089],[-83.81378,34.1432757],[-83.8137979,34.1432428],[-83.8138167,34.1432103],[-83.8138362,34.1431781],[-83.8138568,34.1431464],[-83.8138782,34.143115],[-83.8139006,34.1430841],[-83.8139239,34.1430537],[-83.8139482,34.1430239],[-83.8139735,34.1429946],[-83.8139999,34.142966],[-83.8140275,34.1429382],[-83.814056,34.142911],[-83.8140854,34.1428845],[-83.8141157,34.1428587],[-83.8141469,34.1428336],[-83.8141789,34.1428093],[-83.8142116,34.1427856],[-83.8142449,34.1427625],[-83.8142788,34.14274],[-83.8143131,34.142718],[-83.8143479,34.1426964],[-83.8143831,34.1426753],[-83.8144186,34.1426546],[-83.8144544,34.1426343],[-83.8144904,34.1426142],[-83.8145266,34.1425943],[-83.8145629,34.1425746],[-83.8145993,34.142555],[-83.8146358,34.1425355],[-83.8146722,34.1425159],[-83.8147085,34.1424962],[-83.8147447,34.1424764],[-83.8147808,34.1424564],[-83.8148167,34.1424361],[-83.8148522,34.1424154],[-83.8148874,34.1423943],[-83.8149222,34.1423729],[-83.8149566,34.1423509],[-83.8149906,34.1423285],[-83.8150242,34.1423057],[-83.8150574,34.1422825],[-83.8150904,34.142259],[-83.815123,34.1422353],[-83.8151555,34.1422114],[-83.8151879,34.1421874],[-83.8152201,34.1421633],[-83.8152524,34.1421392],[-83.8152846,34.1421151],[-83.815317,34.1420911],[-83.8153495,34.1420672],[-83.8153822,34.1420436],[-83.8154152,34.1420202],[-83.8154485,34.1419971],[-83.8154822,34.1419743],[-83.8155162,34.1419519],[-83.8155506,34.1419299],[-83.8155854,34.1419085],[-83.8156209,34.1418877],[-83.8156569,34.1418676],[-83.8156933,34.1418481],[-83.8157302,34.1418291],[-83.8157673,34.1418105],[-83.8158047,34.1417922],[-83.8158421,34.141774],[-83.8158796,34.1417558],[-83.8159169,34.1417374],[-83.8159541,34.1417188],[-83.8159909,34.1416998],[-83.8160273,34.1416801],[-83.8160631,34.1416598],[-83.8160982,34.1416386],[-83.8161324,34.1416164],[-83.8161657,34.1415934],[-83.816198,34.1415693],[-83.8162291,34.1415442],[-83.8162588,34.1415179],[-83.8162871,34.1414906],[-83.8163136,34.141462],[-83.8163382,34.1414324],[-83.816361,34.1414017],[-83.8163819,34.1413701],[-83.8164012,34.1413378],[-83.8164185,34.1413047],[-83.8164341,34.1412711],[-83.8164478,34.1412369],[-83.8164597,34.1412022],[-83.8164701,34.1411672],[-83.8164791,34.1411319],[-83.8164866,34.1410964],[-83.816493,34.1410608],[-83.8164984,34.141025],[-83.8165028,34.1409891],[-83.8165063,34.1409532],[-83.8165091,34.1409172],[-83.8165113,34.1408812],[-83.8165131,34.1408452],[-83.8165145,34.1408091],[-83.8165156,34.1407731],[-83.8165165,34.140737],[-83.8165174,34.140701],[-83.8165184,34.1406649],[-83.8165193,34.1406289],[-83.8165202,34.1405928],[-83.8165211,34.1405567],[-83.8165221,34.1405207],[-83.816523,34.1404846],[-83.8165239,34.1404486],[-83.8165247,34.1404125],[-83.8165256,34.1403765],[-83.8165265,34.1403404],[-83.8165273,34.1403044],[-83.8165282,34.1402683],[-83.816529,34.1402323],[-83.8165298,34.1401962],[-83.8165306,34.1401602],[-83.8165314,34.1401241],[-83.8165322,34.1400881],[-83.8165329,34.140052],[-83.8165336,34.1400159],[-83.8165343,34.1399799],[-83.816535,34.1399438],[-83.8165357,34.1399078],[-83.8165363,34.1398717],[-83.8165369,34.1398357],[-83.8165375,34.1397996],[-83.816538,34.1397636],[-83.8165386,34.1397275],[-83.816539,34.1396914],[-83.8165395,34.1396554],[-83.8165399,34.1396193],[-83.8165403,34.1395833],[-83.8165407,34.1395472],[-83.816541,34.1395111],[-83.8165413,34.1394751],[-83.8165415,34.139439],[-83.8165418,34.139403],[-83.8165419,34.1393669],[-83.8165421,34.1393308],[-83.8165422,34.1392948],[-83.8165422,34.1392587],[-83.8165422,34.1392227],[-83.8165422,34.1391866],[-83.8165421,34.1391505],[-83.8165419,34.1391145],[-83.8165418,34.1390784],[-83.8165415,34.1390424],[-83.8165412,34.1390063],[-83.8165409,34.1389703],[-83.8165405,34.1389342],[-83.8165401,34.1388981],[-83.8165396,34.1388621],[-83.8165391,34.138826],[-83.8165385,34.13879],[-83.8165378,34.1387539],[-83.8165371,34.1387179],[-83.8165363,34.1386818],[-83.8165355,34.1386457],[-83.8165346,34.1386097],[-83.8165337,34.1385736],[-83.8165327,34.1385376],[-83.8165316,34.1385015],[-83.8165305,34.1384655],[-83.8165293,34.1384294],[-83.816528,34.1383934],[-83.8165267,34.1383574],[-83.8165253,34.1383213],[-83.8165239,34.1382853],[-83.8165224,34.1382492],[-83.8165208,34.1382132],[-83.8165192,34.1381772],[-83.8165175,34.1381411],[-83.8165158,34.1381051],[-83.816514,34.1380691],[-83.8165121,34.138033],[-83.8165102,34.137997],[-83.8165082,34.137961],[-83.8165062,34.137925],[-83.8165041,34.137889],[-83.8165019,34.1378529],[-83.8164997,34.1378169],[-83.8164974,34.1377809],[-83.816495,34.1377449],[-83.8164926,34.1377089],[-83.8164901,34.1376729],[-83.8164875,34.1376369],[-83.8164849,34.1376009],[-83.8164823,34.1375649],[-83.8164796,34.1375289],[-83.8164768,34.1374929],[-83.8164741,34.137457],[-83.8164714,34.137421],[-83.8164688,34.137385],[-83.8164663,34.137349],[-83.816464,34.137313],[-83.8164618,34.137277],[-83.8164599,34.1372409],[-83.8164583,34.1372049],[-83.816457,34.1371688],[-83.8164562,34.1371328],[-83.816456,34.1370967],[-83.8164564,34.1370607],[-83.8164576,34.1370246],[-83.8164597,34.1369886],[-83.8164627,34.1369526],[-83.8164668,34.1369167],[-83.816472,34.1368809],[-83.8164784,34.1368453],[-83.8164861,34.1368098],[-83.8164953,34.1367746],[-83.8165059,34.1367396],[-83.816518,34.136705],[-83.8165318,34.1366708],[-83.8165469,34.136637],[-83.8165638,34.1366038],[-83.8165821,34.1365711],[-83.8166022,34.1365391],[-83.816624,34.136508],[-83.8166477,34.1364778],[-83.8166733,34.1364487],[-83.8167008,34.1364208],[-83.8167303,34.1363944],[-83.8167613,34.1363692],[-83.8167942,34.1363457],[-83.8168283,34.1363234],[-83.8168637,34.1363026],[-83.8169002,34.1362832],[-83.8169378,34.1362651],[-83.8169763,34.1362486],[-83.8170156,34.1362333],[-83.8170556,34.1362194],[-83.8170963,34.1362069],[-83.8171374,34.1361956],[-83.817179,34.1361853],[-83.817221,34.1361764],[-83.8172633,34.1361683],[-83.8173058,34.1361611],[-83.8173485,34.1361548],[-83.8173914,34.1361493],[-83.8174343,34.1361444],[-83.8174774,34.1361401],[-83.8175205,34.1361363],[-83.8175637,34.1361328],[-83.8176069,34.1361298],[-83.8176501,34.136127],[-83.8176934,34.1361245],[-83.8177367,34.1361223],[-83.81778,34.1361207],[-83.8178234,34.1361199],[-83.8178667,34.1361203],[-83.81791,34.136122],[-83.8179532,34.1361253],[-83.8179961,34.1361307],[-83.8180384,34.1361384],[-83.8180799,34.1361488],[-83.8181202,34.1361621],[-83.8181586,34.1361788],[-83.8181949,34.1361985],[-83.8182288,34.136221],[-83.8182602,34.1362458],[-83.8182896,34.1362724],[-83.8183163,34.1363008],[-83.8183401,34.1363309],[-83.8183614,34.1363623],[-83.8183789,34.1363952],[-83.8183929,34.1364294],[-83.8184034,34.1364643],[-83.8184107,34.1364999],[-83.8184151,34.1365357],[-83.8184173,34.1365717],[-83.8184177,34.1366078],[-83.8184163,34.1366438],[-83.8184137,34.1366798],[-83.81841,34.1367158],[-83.8184056,34.1367516],[-83.8184009,34.1367875],[-83.8183959,34.1368233],[-83.8183906,34.1368591],[-83.8183851,34.1368948],[-83.8183793,34.1369306],[-83.8183734,34.1369663],[-83.8183672,34.137002],[-83.8183609,34.1370377],[-83.8183544,34.1370733],[-83.8183478,34.137109],[-83.818341,34.1371446],[-83.8183341,34.1371802],[-83.8183271,34.1372158],[-83.81832,34.1372513],[-83.8183128,34.1372869],[-83.8183055,34.1373225],[-83.8182982,34.137358],[-83.8182909,34.1373935],[-83.8182835,34.1374291],[-83.8182761,34.1374646],[-83.8182686,34.1375001],[-83.8182612,34.1375357],[-83.8182539,34.1375712],[-83.8182465,34.1376067],[-83.8182392,34.1376423],[-83.818232,34.1376778],[-83.8182249,34.1377134],[-83.8182178,34.137749],[-83.8182109,34.1377846],[-83.818204,34.1378202],[-83.8181973,34.1378558],[-83.8181907,34.1378915],[-83.8181843,34.1379271],[-83.8181781,34.1379628],[-83.818172,34.1379985],[-83.8181662,34.1380342],[-83.8181606,34.13807],[-83.8181551,34.1381058],[-83.81815,34.1381416],[-83.818145,34.1381774],[-83.8181403,34.1382133],[-83.8181359,34.1382491],[-83.8181316,34.138285],[-83.8181276,34.1383209],[-83.8181239,34.1383568],[-83.8181204,34.1383928],[-83.8181171,34.1384287],[-83.818114,34.1384647],[-83.8181112,34.1385007],[-83.8181086,34.1385367],[-83.8181062,34.1385727],[-83.818104,34.1386087],[-83.818102,34.1386447],[-83.8181003,34.1386808],[-83.8180987,34.1387168],[-83.8180974,34.1387528],[-83.8180963,34.1387889],[-83.8180954,34.1388249],[-83.8180946,34.138861],[-83.8180941,34.1388971],[-83.8180938,34.1389331],[-83.8180937,34.1389692],[-83.8180937,34.1390052],[-83.8180939,34.1390413],[-83.8180944,34.1390773],[-83.818095,34.1391134],[-83.8180958,34.1391495],[-83.8180967,34.1391855],[-83.8180979,34.1392216],[-83.8180992,34.1392576],[-83.8181007,34.1392936],[-83.8181023,34.1393297],[-83.8181041,34.1393657],[-83.8181061,34.1394017],[-83.8181082,34.1394377],[-83.8181105,34.1394738],[-83.818113,34.1395098],[-83.8181156,34.1395457],[-83.8181183,34.1395817],[-83.8181212,34.1396177],[-83.8181243,34.1396537],[-83.8181274,34.1396897],[-83.8181308,34.1397256],[-83.8181342,34.1397616],[-83.8181378,34.1397975],[-83.8181415,34.1398334],[-83.8181454,34.1398693],[-83.8181493,34.1399052],[-83.8181534,34.1399411],[-83.8181577,34.139977],[-83.818162,34.1400129],[-83.8181664,34.1400488],[-83.818171,34.1400846],[-83.8181757,34.1401205],[-83.8181804,34.1401563],[-83.8181853,34.1401922],[-83.8181903,34.140228],[-83.8181954,34.1402638],[-83.8182006,34.1402996],[-83.8182059,34.1403354],[-83.8182112,34.1403712],[-83.8182167,34.1404069],[-83.8182222,34.1404427],[-83.8182278,34.1404785],[-83.8182335,34.1405142],[-83.8182393,34.1405499],[-83.8182452,34.1405857],[-83.8182511,34.1406214],[-83.8182571,34.1406571],[-83.8182632,34.1406928],[-83.8182693,34.1407285],[-83.8182755,34.1407642],[-83.8182818,34.1407999],[-83.8182881,34.1408356],[-83.8182945,34.1408712],[-83.8183009,34.1409069],[-83.8183074,34.1409425],[-83.8183139,34.1409782],[-83.8183205,34.1410138],[-83.8183271,34.1410495],[-83.8183338,34.1410851],[-83.8183405,34.1411207],[-83.8183472,34.1411564],[-83.818354,34.141192],[-83.8183608,34.1412276],[-83.8183676,34.1412632],[-83.8183744,34.1412988],[-83.8183813,34.1413344],[-83.8183882,34.14137],[-83.8183951,34.1414056],[-83.818402,34.1414412],[-83.8184089,34.1414768],[-83.8184159,34.1415124],[-83.8184228,34.141548],[-83.8184298,34.1415836],[-83.8184367,34.1416192],[-83.8184437,34.1416548],[-83.8184506,34.1416904],[-83.8184576,34.141726],[-83.8184645,34.1417616],[-83.8184714,34.1417972],[-83.8184783,34.1418328],[-83.8184852,34.1418684],[-83.8184921,34.141904],[-83.8184989,34.1419396],[-83.8185058,34.1419752],[-83.8185126,34.1420108],[-83.8185193,34.1420464],[-83.8185261,34.1420821],[-83.8185328,34.1421177],[-83.8185394,34.1421533],[-83.8185461,34.1421889],[-83.8185526,34.1422246],[-83.8185592,34.1422602],[-83.8185657,34.1422959],[-83.8185721,34.1423316],[-83.8185785,34.1423672],[-83.8185848,34.1424029],[-83.8185911,34.1424386],[-83.8185973,34.1424743],[-83.8186034,34.14251],[-83.8186095,34.1425457],[-83.8186155,34.1425814],[-83.8186214,34.1426171],[-83.8186273,34.1426528],[-83.8186331,34.1426886],[-83.8186388,34.1427243],[-83.8186444,34.1427601],[-83.81865,34.1427958],[-83.8186554,34.1428316],[-83.8186608,34.1428674],[-83.818666,34.1429032],[-83.8186712,34.142939],[-83.8186763,34.1429748],[-83.8186812,34.1430106],[-83.8186861,34.1430465],[-83.8186909,34.1430823],[-83.8186955,34.1431182],[-83.8187001,34.143154],[-83.8187045,34.1431899],[-83.8187088,34.1432258],[-83.818713,34.1432617],[-83.818717,34.1432976],[-83.818721,34.1433335],[-83.8187248,34.1433694],[-83.8187285,34.1434053],[-83.818732,34.1434413],[-83.8187355,34.1434772],[-83.8187387,34.1435132],[-83.8187419,34.1435491],[-83.8187449,34.1435851],[-83.8187477,34.1436211],[-83.8187504,34.1436571],[-83.818753,34.1436931],[-83.8187554,34.1437291],[-83.8187576,34.1437651],[-83.8187596,34.1438011],[-83.8187615,34.1438371],[-83.8187633,34.1438732],[-83.8187648,34.1439092],[-83.8187662,34.1439452],[-83.8187674,34.1439813],[-83.8187685,34.1440173],[-83.8187693,34.1440534],[-83.81877,34.1440894],[-83.8187705,34.1441255],[-83.8187708,34.1441616],[-83.818771,34.1441976],[-83.8187709,34.1442337],[-83.8187706,34.1442697],[-83.8187702,34.1443058],[-83.8187695,34.1443419],[-83.8187687,34.1443779],[-83.8187676,34.144414],[-83.8187663,34.14445],[-83.8187648,34.144486],[-83.8187631,34.1445221],[-83.8187612,34.1445581],[-83.8187591,34.1445941],[-83.8187567,34.1446301],[-83.8187541,34.1446661],[-83.8187513,34.1447021],[-83.8187483,34.1447381],[-83.818745,34.144774],[-83.8187415,34.14481],[-83.8187377,34.1448459],[-83.8187338,34.1448818],[-83.8187296,34.1449177],[-83.8187251,34.1449536],[-83.8187204,34.1449894],[-83.8187155,34.1450252],[-83.8187104,34.1450611],[-83.8187051,34.1450968],[-83.8186995,34.1451326],[-83.8186937,34.1451683],[-83.8186877,34.1452041],[-83.8186816,34.1452397],[-83.8186752,34.1452754],[-83.8186686,34.1453111],[-83.8186618,34.1453467],[-83.8186548,34.1453823],[-83.8186476,34.1454178],[-83.8186402,34.1454534],[-83.8186326,34.1454889],[-83.8186249,34.1455243],[-83.818617,34.1455598],[-83.8186088,34.1455952],[-83.8186005,34.1456306],[-83.8185921,34.145666],[-83.8185834,34.1457013],[-83.8185746,34.1457366],[-83.8185656,34.1457719],[-83.8185565,34.1458071],[-83.8185472,34.1458424],[-83.8185377,34.1458776],[-83.8185281,34.1459127],[-83.8185184,34.1459479],[-83.8185085,34.145983],[-83.8184984,34.146018],[-83.8184882,34.1460531],[-83.8184778,34.1460881],[-83.8184673,34.1461231],[-83.8184567,34.146158],[-83.8184459,34.146193],[-83.818435,34.1462279],[-83.818424,34.1462628],[-83.8184128,34.1462976],[-83.8184016,34.1463324],[-83.8183902,34.1463672],[-83.8183787,34.146402],[-83.818367,34.1464367],[-83.8183553,34.1464714],[-83.8183434,34.1465061],[-83.8183315,34.1465408],[-83.8183194,34.1465754],[-83.8183072,34.14661],[-83.818295,34.1466446],[-83.8182826,34.1466792],[-83.8182702,34.1467137],[-83.8182576,34.1467483],[-83.818245,34.1467827],[-83.8182323,34.1468172],[-83.8182195,34.1468517],[-83.8182066,34.1468861],[-83.8181937,34.1469205],[-83.8181806,34.1469549],[-83.8181675,34.1469893],[-83.8181543,34.1470236],[-83.8181411,34.147058],[-83.8181278,34.1470923],[-83.8181144,34.1471266],[-83.818101,34.1471609],[-83.8180875,34.1471952],[-83.818074,34.1472294],[-83.8180604,34.1472637],[-83.8180468,34.1472979],[-83.8180331,34.1473321],[-83.8180193,34.1473663],[-83.8180056,34.1474005],[-83.8179918,34.1474347],[-83.8179779,34.1474689],[-83.8179641,34.1475031],[-83.8179502,34.1475372],[-83.8179362,34.1475714],[-83.8179223,34.1476055],[-83.8179084,34.1476397],[-83.8178948,34.1476739],[-83.8178815,34.1477082],[-83.8178687,34.1477427],[-83.8178564,34.1477773],[-83.8178449,34.147812],[-83.8178344,34.147847],[-83.817825,34.1478822],[-83.8178169,34.1479176],[-83.8178102,34.1479533],[-83.8178054,34.1479891],[-83.8178025,34.1480251],[-83.8178016,34.1480611],[-83.8178034,34.1480971],[-83.8178077,34.148133],[-83.817815,34.1481685],[-83.8178256,34.1482035],[-83.8178395,34.1482376],[-83.8178553,34.1482712],[-83.8178731,34.1483041],[-83.817893,34.1483361],[-83.8179152,34.1483671],[-83.8179394,34.148397],[-83.8179651,34.1484261],[-83.817992,34.1484544],[-83.8180195,34.1484823],[-83.8180471,34.1485101],[-83.8180744,34.1485381],[-83.8181008,34.1485667],[-83.8181262,34.1485959],[-83.8181497,34.1486262],[-83.8181712,34.1486575],[-83.8181902,34.1486899],[-83.8182065,34.1487233],[-83.8182194,34.1487577],[-83.8182293,34.1487928],[-83.8182362,34.1488284],[-83.8182407,34.1488643],[-83.8182426,34.1489003],[-83.8182421,34.1489363],[-83.8182385,34.1489723],[-83.8182321,34.1490079],[-83.8182235,34.1490433],[-83.8182128,34.1490782],[-83.8181999,34.1491126],[-83.8181854,34.1491466],[-83.8181696,34.1491802],[-83.8181524,34.1492133],[-83.8181342,34.149246],[-83.8181151,34.1492784],[-83.8180951,34.1493104],[-83.8180746,34.1493422],[-83.8180536,34.1493737],[-83.8180322,34.1494051],[-83.8180103,34.1494362],[-83.8179881,34.1494672],[-83.8179654,34.1494979],[-83.8179424,34.1495285],[-83.8179189,34.1495588],[-83.817895,34.1495889],[-83.8178707,34.1496188],[-83.817846,34.1496484],[-83.8178209,34.1496778],[-83.8177953,34.1497069],[-83.8177693,34.1497358],[-83.8177429,34.1497644],[-83.8177161,34.1497927],[-83.8176889,34.1498208],[-83.8176612,34.1498486],[-83.8176332,34.1498761],[-83.8176048,34.1499033],[-83.817576,34.1499303],[-83.8175468,34.149957],[-83.8175173,34.1499834],[-83.8174876,34.1500097],[-83.8174576,34.1500357],[-83.8174272,34.1500614],[-83.8173964,34.1500868],[-83.8173652,34.1501118],[-83.8173335,34.1501364],[-83.8173014,34.1501607],[-83.817269,34.1501847],[-83.8172361,34.1502082],[-83.8172029,34.1502314],[-83.8171693,34.1502542],[-83.8171353,34.1502765],[-83.8171009,34.1502985],[-83.8170661,34.1503201],[-83.817031,34.1503413],[-83.8169955,34.150362],[-83.8169597,34.1503823],[-83.8169235,34.1504021],[-83.8168869,34.1504215],[-83.81685,34.1504405],[-83.8168128,34.150459],[-83.8167753,34.1504771],[-83.8167375,34.1504948],[-83.8166994,34.150512],[-83.816661,34.1505287],[-83.8166222,34.150545],[-83.8165832,34.1505606],[-83.8165438,34.1505757],[-83.8165041,34.1505903],[-83.8164642,34.1506044],[-83.816424,34.1506179],[-83.8163835,34.1506308],[-83.8163428,34.1506433],[-83.8163018,34.150655],[-83.8162606,34.1506662],[-83.8162191,34.1506769],[-83.8161775,34.1506869],[-83.8161356,34.1506963],[-83.8160936,34.1507052],[-83.8160513,34.1507134],[-83.8160089,34.1507209],[-83.8159664,34.1507278],[-83.8159237,34.1507341],[-83.8158808,34.1507396],[-83.8158378,34.1507445],[-83.8157948,34.1507487],[-83.8157516,34.1507523],[-83.8157084,34.1507552],[-83.8156651,34.1507575],[-83.8156218,34.1507591],[-83.8155784,34.1507601],[-83.8155351,34.1507603],[-83.8154917,34.1507599],[-83.8154483,34.1507587],[-83.815405,34.1507568],[-83.8153618,34.1507542],[-83.8153186,34.1507507],[-83.8152756,34.1507464],[-83.8152326,34.1507414],[-83.8151898,34.1507356],[-83.8151471,34.1507293],[-83.8151046,34.1507222],[-83.8150622,34.1507145],[-83.81502,34.1507061],[-83.814978,34.1506971],[-83.8149363,34.1506874],[-83.8148947,34.1506771],[-83.8148534,34.1506661],[-83.8148123,34.1506545],[-83.8147715,34.1506423],[-83.8147309,34.1506296],[-83.8146906,34.1506163],[-83.8146505,34.1506026],[-83.8146107,34.1505883],[-83.8145711,34.1505736],[-83.8145317,34.1505585],[-83.8144926,34.150543],[-83.8144537,34.1505271],[-83.8144149,34.1505108],[-83.8143765,34.1504941],[-83.8143382,34.1504772],[-83.8143001,34.15046],[-83.8142622,34.1504425],[-83.8142244,34.1504247],[-83.8141868,34.1504068],[-83.8141494,34.1503885],[-83.8141121,34.1503702],[-83.8140749,34.1503516],[-83.8140378,34.1503329],[-83.8140009,34.150314],[-83.813964,34.150295],[-83.8139272,34.1502759],[-83.8138905,34.1502568],[-83.8138538,34.1502375],[-83.8138171,34.1502182],[-83.8137805,34.1501989],[-83.8137439,34.1501796],[-83.8137072,34.1501603],[-83.8136706,34.150141],[-83.813634,34.1501217],[-83.8135973,34.1501024],[-83.8135607,34.1500832],[-83.813524,34.1500639]]}},{"type":"Feature","properties":{"role":"apex","id":"t1-apex","corner":"t1","edge":"right","marker":0.09483,"quality":{"source":"naip","accuracy_m":1.09,"relative_accuracy_m":0.25,"measured":true,"date":"2023-10-22"}},"geometry":{"type":"Point","coordinates":[-83.8103576,34.147879]}},{"type":"Feature","properties":{"role":"geometric_apex","id":"t1-geometric-apex","corner":"t1","edge":"right","marker":0.08588,"quality":{"source":"naip","accuracy_m":1.09,"relative_accuracy_m":0.25,"measured":true,"date":"2023-10-22"}},"geometry":{"type":"Point","coordinates":[-83.81048,34.1481631]}},{"type":"Feature","properties":{"role":"apex","id":"t2-apex","corner":"t2","edge":"left","marker":0.16801,"quality":{"source":"naip","accuracy_m":2.05,"relative_accuracy_m":1.75,"measured":false,"date":"2023-10-22"}},"geometry":{"type":"Point","coordinates":[-83.8118477,34.1456267]}},{"type":"Feature","properties":{"role":"geometric_apex","id":"t2-geometric-apex","corner":"t2","edge":"left","marker":0.17256,"quality":{"source":"naip","accuracy_m":1.09,"relative_accuracy_m":0.25,"measured":true,"date":"2023-10-22"}},"geometry":{"type":"Point","coordinates":[-83.8119167,34.1454739]}},{"type":"Feature","properties":{"role":"apex","id":"t3-apex","corner":"t3","edge":"right","marker":0.18256,"quality":{"source":"naip","accuracy_m":1.09,"relative_accuracy_m":0.25,"measured":true,"date":"2023-10-22"}},"geometry":{"type":"Point","coordinates":[-83.8121426,34.1451626]}},{"type":"Feature","properties":{"role":"geometric_apex","id":"t3-geometric-apex","corner":"t3","edge":"right","marker":0.18186,"quality":{"source":"naip","accuracy_m":1.09,"relative_accuracy_m":0.25,"measured":true,"date":"2023-10-22"}},"geometry":{"type":"Point","coordinates":[-83.8121309,34.1451771]}},{"type":"Feature","properties":{"role":"apex","id":"t4-apex","corner":"t4","edge":"left","marker":0.21277,"quality":{"source":"naip","accuracy_m":1.09,"relative_accuracy_m":0.25,"measured":true,"date":"2023-10-22"}},"geometry":{"type":"Point","coordinates":[-83.813146,34.1445289]}},{"type":"Feature","properties":{"role":"geometric_apex","id":"t4-geometric-apex","corner":"t4","edge":"left","marker":0.22104,"quality":{"source":"naip","accuracy_m":1.09,"relative_accuracy_m":0.25,"measured":true,"date":"2023-10-22"}},"geometry":{"type":"Point","coordinates":[-83.8133393,34.1442886]}},{"type":"Feature","properties":{"role":"apex","id":"t5-apex","corner":"t5","edge":"right","marker":0.26374,"quality":{"source":"naip","accuracy_m":1.09,"relative_accuracy_m":0.25,"measured":true,"date":"2023-10-22"}},"geometry":{"type":"Point","coordinates":[-83.8140907,34.1428932]}},{"type":"Feature","properties":{"role":"geometric_apex","id":"t5-geometric-apex","corner":"t5","edge":"right","marker":0.25752,"quality":{"source":"naip","accuracy_m":1.09,"relative_accuracy_m":0.25,"measured":true,"date":"2023-10-22"}},"geometry":{"type":"Point","coordinates":[-83.8139319,34.1430612]}},{"type":"Feature","properties":{"role":"apex","id":"t6-apex","corner":"t6","edge":"left","marker":0.32972,"quality":{"source":"naip","accuracy_m":1.09,"relative_accuracy_m":0.25,"measured":true,"date":"2023-10-22"}},"geometry":{"type":"Point","coordinates":[-83.8163176,34.1414415]}},{"type":"Feature","properties":{"role":"geometric_apex","id":"t6-geometric-apex","corner":"t6","edge":"left","marker":0.33049,"quality":{"source":"naip","accuracy_m":1.09,"relative_accuracy_m":0.25,"measured":true,"date":"2023-10-22"}},"geometry":{"type":"Point","coordinates":[-83.8163319,34.1414221]}},{"type":"Feature","properties":{"role":"apex","id":"t7-apex","corner":"t7","edge":"right","marker":0.46935,"quality":{"source":"naip","accuracy_m":1.09,"relative_accuracy_m":0.25,"measured":true,"date":"2023-10-22"}},"geometry":{"type":"Point","coordinates":[-83.8167085,34.1364274]}},{"type":"Feature","properties":{"role":"geometric_apex","id":"t7-geometric-apex","corner":"t7","edge":"right","marker":0.47324,"quality":{"source":"naip","accuracy_m":1.09,"relative_accuracy_m":0.25,"measured":true,"date":"2023-10-22"}},"geometry":{"type":"Point","coordinates":[-83.8168238,34.1363443]}},{"type":"Feature","properties":{"role":"apex","id":"t8-apex","corner":"t8","edge":"right","marker":0.50913,"quality":{"source":"naip","accuracy_m":1.09,"relative_accuracy_m":0.25,"measured":true,"date":"2023-10-22"}},"geometry":{"type":"Point","coordinates":[-83.8182681,34.1362668]}},{"type":"Feature","properties":{"role":"geometric_apex","id":"t8-geometric-apex","corner":"t8","edge":"right","marker":0.51242,"quality":{"source":"naip","accuracy_m":1.09,"relative_accuracy_m":0.25,"measured":true,"date":"2023-10-22"}},"geometry":{"type":"Point","coordinates":[-83.8183259,34.1363368]}},{"type":"Feature","properties":{"role":"apex","id":"t9-apex","corner":"t9","edge":"left","marker":0.56266,"quality":{"source":"naip","accuracy_m":2.05,"relative_accuracy_m":1.75,"measured":false,"date":"2023-10-22"}},"geometry":{"type":"Point","coordinates":[-83.8181588,34.1381592]}},{"type":"Feature","properties":{"role":"geometric_apex","id":"t9-geometric-apex","corner":"t9","edge":"left","marker":0.56408,"quality":{"source":"naip","accuracy_m":1.09,"relative_accuracy_m":0.25,"measured":true,"date":"2023-10-22"}},"geometry":{"type":"Point","coordinates":[-83.8181517,34.1382117]}},{"type":"Feature","properties":{"role":"apex","id":"t10-apex","corner":"t10","edge":"right","marker":0.69888,"quality":{"source":"naip","accuracy_m":1.09,"relative_accuracy_m":0.25,"measured":true,"date":"2023-10-22"}},"geometry":{"type":"Point","coordinates":[-83.818619,34.1431408]}},{"type":"Feature","properties":{"role":"geometric_apex","id":"t10-geometric-apex","corner":"t10","edge":"right","marker":0.69973,"quality":{"source":"naip","accuracy_m":1.09,"relative_accuracy_m":0.25,"measured":true,"date":"2023-10-22"}},"geometry":{"type":"Point","coordinates":[-83.8186204,34.1431689]}},{"type":"Feature","properties":{"role":"apex","id":"t11-apex","corner":"t11","edge":"left","marker":0.84274,"quality":{"source":"naip","accuracy_m":1.09,"relative_accuracy_m":0.25,"measured":true,"date":"2023-10-22"}},"geometry":{"type":"Point","coordinates":[-83.8178735,34.148284]}},{"type":"Feature","properties":{"role":"geometric_apex","id":"t11-geometric-apex","corner":"t11","edge":"left","marker":0.84077,"quality":{"source":"naip","accuracy_m":1.09,"relative_accuracy_m":0.25,"measured":true,"date":"2023-10-22"}},"geometry":{"type":"Point","coordinates":[-83.8178569,34.1482404]}},{"type":"Feature","properties":{"role":"apex","id":"t12-apex","corner":"t12","edge":"right","marker":0.85842,"quality":{"source":"naip","accuracy_m":1.09,"relative_accuracy_m":0.25,"measured":true,"date":"2023-10-22"}},"geometry":{"type":"Point","coordinates":[-83.8182028,34.1487426]}},{"type":"Feature","properties":{"role":"geometric_apex","id":"t12-geometric-apex","corner":"t12","edge":"right","marker":0.86183,"quality":{"source":"naip","accuracy_m":1.09,"relative_accuracy_m":0.25,"measured":true,"date":"2023-10-22"}},"geometry":{"type":"Point","coordinates":[-83.8182217,34.1488448]}},{"type":"Feature","properties":{"role":"apex","id":"t13-apex","corner":"t13","edge":"right","marker":0.89659,"quality":{"source":"naip","accuracy_m":1.09,"relative_accuracy_m":0.25,"measured":true,"date":"2023-10-22"}},"geometry":{"type":"Point","coordinates":[-83.8175154,34.1499372]}},{"type":"Feature","properties":{"role":"geometric_apex","id":"t13-geometric-apex","corner":"t13","edge":"right","marker":0.8988,"quality":{"source":"naip","accuracy_m":2.05,"relative_accuracy_m":1.75,"measured":false,"date":"2023-10-22"}},"geometry":{"type":"Point","coordinates":[-83.8174639,34.1499787]}},{"type":"Feature","properties":{"role":"apex","id":"t14-apex","corner":"t14","edge":"right","marker":0.95665,"quality":{"source":"naip","accuracy_m":1.09,"relative_accuracy_m":0.25,"measured":true,"date":"2023-10-22"}},"geometry":{"type":"Point","coordinates":[-83.8151941,34.1507267]}},{"type":"Feature","properties":{"role":"geometric_apex","id":"t14-geometric-apex","corner":"t14","edge":"right","marker":0.95928,"quality":{"source":"naip","accuracy_m":1.09,"relative_accuracy_m":0.25,"measured":true,"date":"2023-10-22"}},"geometry":{"type":"Point","coordinates":[-83.8150892,34.1507067]}},{"type":"Feature","properties":{"role":"sector_boundary","id":"s1-start","marker":0.0,"width_m":12.5,"quality":{"source":"naip","accuracy_m":1.09,"relative_accuracy_m":0.25,"measured":true,"date":"2023-10-22"},"range":"s1"},"geometry":{"type":"LineString","coordinates":[[-83.8134814,34.1500525],[-83.8135536,34.1499571]]}},{"type":"Feature","properties":{"role":"sector_boundary","id":"s2-start","marker":0.44292,"width_m":13.25,"quality":{"source":"naip","accuracy_m":2.05,"relative_accuracy_m":1.75,"measured":false,"date":"2023-10-22"},"range":"s2"},"geometry":{"type":"LineString","coordinates":[[-83.8164507,34.1373221],[-83.8165943,34.1373267]]}},{"type":"Feature","properties":{"role":"sector_boundary","id":"s3-start","marker":0.78687,"width_m":12.5,"quality":{"source":"naip","accuracy_m":1.09,"relative_accuracy_m":0.25,"measured":true,"date":"2023-10-22"},"range":"s3"},"geometry":{"type":"LineString","coordinates":[[-83.8184733,34.1463442],[-83.8183425,34.1463144]]}},{"type":"Feature","properties":{"role":"complex_entry","id":"t2-t3-t4-entry","marker":0.14832,"width_m":14.49,"quality":{"source":"naip","accuracy_m":1.09,"relative_accuracy_m":0.25,"measured":true,"date":"2023-10-22"},"complex":"t2-t3-t4"},"geometry":{"type":"LineString","coordinates":[[-83.8113679,34.1461924],[-83.8114783,34.1462854]]}},{"type":"Feature","properties":{"role":"complex_exit","id":"t2-t3-t4-exit","marker":0.22496,"width_m":12.52,"quality":{"source":"naip","accuracy_m":1.09,"relative_accuracy_m":0.25,"measured":true,"date":"2023-10-22"},"complex":"t2-t3-t4"},"geometry":{"type":"LineString","coordinates":[[-83.813396,34.1441596],[-83.8135252,34.1441943]]}},{"type":"Feature","properties":{"role":"complex_entry","id":"turn10-entry","marker":0.83857,"width_m":13.1,"quality":{"source":"naip","accuracy_m":1.09,"relative_accuracy_m":0.25,"measured":true,"date":"2023-10-22"},"complex":"turn10"},"geometry":{"type":"LineString","coordinates":[[-83.817869,34.1481787],[-83.8177321,34.1481471]]}},{"type":"Feature","properties":{"role":"complex_exit","id":"turn10-exit","marker":0.86526,"width_m":11.99,"quality":{"source":"naip","accuracy_m":1.09,"relative_accuracy_m":0.25,"measured":true,"date":"2023-10-22"},"complex":"turn10"},"geometry":{"type":"LineString","coordinates":[[-83.8183015,34.1489918],[-83.8181834,34.1489466]]}}]}