{"type":"FeatureCollection","features":[{"type":"Feature","properties":{"role":"edge_left","orientation":"driving direction, from the lap origin","unseen_spans":[[0.79216,0.79743],[0.79774,0.80643],[0.80767,0.80953],[0.81015,0.83433],[0.8458,0.84829],[0.85294,0.85666],[0.86131,0.86937],[0.86968,0.87216],[0.87247,0.87464],[0.87526,0.88456],[0.9041,0.90627],[0.91185,0.91433],[0.91557,0.91712],[0.92177,0.92363],[0.92394,0.92705],[0.92798,0.93046],[0.93418,0.93573],[0.9627,0.96518],[0.96705,0.97077],[0.9717,0.97697],[0.97728,0.98038],[0.98782,0.98968],[0.99061,0.99216],[0.9996,0.00115],[0.01325,0.01573],[0.01604,0.01945],[0.05883,0.06813],[0.07433,0.07588],[0.08984,0.09139],[0.09325,0.09542],[0.09883,0.10255],[0.10348,0.11247],[0.11526,0.11805],[0.1196,0.12332],[0.12549,0.13604],[0.13976,0.14627],[0.15929,0.16115],[0.16301,0.16549],[0.17046,0.17542],[0.17821,0.18069],[0.181,0.19185],[0.19681,0.19836],[0.20394,0.20674],[0.21852,0.22131],[0.23123,0.23278],[0.24487,0.24705],[0.24829,0.25387],[0.25418,0.2579],[0.26038,0.26782],[0.26875,0.27805],[0.27836,0.28208],[0.28239,0.28394],[0.28674,0.29046],[0.29232,0.29449],[0.2948,0.31247],[0.31309,0.31743],[0.31805,0.31991],[0.32022,0.32456],[0.32518,0.33139],[0.36332,0.381],[0.38751,0.38968],[0.39867,0.40146],[0.41356,0.41542],[0.41759,0.42007],[0.42038,0.42255],[0.4272,0.42906],[0.43154,0.43929],[0.4427,0.4458],[0.4486,0.45046],[0.45108,0.45356],[0.45635,0.45852],[0.45945,0.46348],[0.4641,0.46782],[0.47092,0.47464],[0.47774,0.47991],[0.48208,0.48487],[0.48549,0.48705],[0.49232,0.49542],[0.49945,0.50131],[0.50503,0.50844],[0.52332,0.53542],[0.53666,0.54286],[0.54782,0.54968],[0.55557,0.55774],[0.57015,0.57387],[0.57449,0.57635],[0.57666,0.58131],[0.58565,0.59216],[0.59247,0.59402],[0.59464,0.60736],[0.61201,0.61387],[0.61418,0.62565],[0.63247,0.63619],[0.63681,0.63836],[0.64115,0.6427],[0.64643,0.64829],[0.65015,0.65201],[0.65449,0.65914],[0.65976,0.6641],[0.66999,0.68705],[0.68736,0.69728],[0.69852,0.701],[0.70162,0.70348],[0.70627,0.70813],[0.70844,0.71309],[0.71464,0.71619],[0.71898,0.72146],[0.72177,0.72363],[0.72456,0.74162],[0.74224,0.74472],[0.74627,0.74875],[0.75278,0.75464],[0.75526,0.75681],[0.75712,0.76425],[0.76487,0.77232],[0.77759,0.78038],[0.78131,0.78286],[0.78534,0.78875]],"quality":{"source":"naip","accuracy_m":1.14,"relative_accuracy_m":0.28,"measured":true,"date":"2022-05-11","measured_fraction":0.34}},"geometry":{"type":"LineString","coordinates":[[-118.1858789,33.7657574],[-118.1858336,33.7657515],[-118.1857974,33.7657458],[-118.1857593,33.7657379],[-118.1857334,33.7657311],[-118.1856946,33.7657183],[-118.1856694,33.7657079],[-118.185645,33.7656961],[-118.1856216,33.765683],[-118.1855996,33.7656687],[-118.1855696,33.7656461],[-118.1855423,33.7656225],[-118.1855167,33.7655968],[-118.1855007,33.7655778],[-118.1854864,33.7655573],[-118.1854745,33.7655357],[-118.1854608,33.7655026],[-118.1854542,33.7654806],[-118.1854494,33.7654588],[-118.1854461,33.7654375],[-118.1854441,33.7654168],[-118.1854389,33.7652666],[-118.1854383,33.7652103],[-118.1854406,33.7651446],[-118.1854509,33.7649852],[-118.1854566,33.7648222],[-118.1854715,33.7646426],[-118.1854727,33.7646001],[-118.1854714,33.764567],[-118.1854673,33.7645343],[-118.1854589,33.7644941],[-118.1854497,33.7644626],[-118.1854383,33.7644324],[-118.1854243,33.7644036],[-118.1854076,33.764376],[-118.1853885,33.7643501],[-118.1853722,33.7643325],[-118.1853599,33.764322],[-118.1853397,33.7643073],[-118.1852805,33.7642703],[-118.1852651,33.7642624],[-118.1852413,33.764252],[-118.1851997,33.7642371],[-118.1851733,33.7642293],[-118.185136,33.7642199],[-118.1849439,33.7641782],[-118.1849267,33.7641754],[-118.1849031,33.7641731],[-118.1848805,33.7641722],[-118.184857,33.7641727],[-118.1848321,33.7641745],[-118.184806,33.7641775],[-118.1847521,33.7641864],[-118.1846627,33.764206],[-118.184627,33.7642156],[-118.1846006,33.7642239],[-118.184575,33.764233],[-118.1845506,33.7642431],[-118.1845278,33.7642541],[-118.1845132,33.7642622],[-118.1844989,33.764271],[-118.1844774,33.7642858],[-118.1844216,33.7643286],[-118.1844019,33.7643427],[-118.1843795,33.7643568],[-118.1843535,33.7643702],[-118.184339,33.7643763],[-118.1843236,33.7643817],[-118.1843072,33.7643861],[-118.1842899,33.7643895],[-118.1842719,33.7643915],[-118.1842535,33.7643921],[-118.1842348,33.7643911],[-118.1842163,33.7643884],[-118.1841981,33.7643841],[-118.1841805,33.7643782],[-118.1841638,33.7643708],[-118.1841483,33.764362],[-118.184134,33.7643519],[-118.1841211,33.7643408],[-118.1841096,33.7643287],[-118.1840998,33.7643158],[-118.1840916,33.7643023],[-118.1840851,33.7642883],[-118.1840803,33.764274],[-118.1840772,33.7642595],[-118.1840757,33.7642451],[-118.1840757,33.7642308],[-118.1840771,33.7642168],[-118.1840797,33.7642033],[-118.1840874,33.7641773],[-118.1840981,33.7641533],[-118.1841048,33.7641423],[-118.1841125,33.7641322],[-118.1841208,33.764123],[-118.1841379,33.7641064],[-118.1842213,33.7640287],[-118.1842817,33.7639758],[-118.1843272,33.7639326],[-118.1843443,33.7639194],[-118.1843956,33.7638838],[-118.1844925,33.7638102],[-118.1845184,33.7637922],[-118.1845363,33.7637807],[-118.1846346,33.7637212],[-118.1846776,33.7636943],[-118.1847115,33.7636723],[-118.1847622,33.7636373],[-118.1848064,33.7636104],[-118.1848924,33.7635557],[-118.1849543,33.7635174],[-118.1850421,33.7634679],[-118.1850739,33.7634477],[-118.1851041,33.7634265],[-118.185126,33.7634096],[-118.1852238,33.7633259],[-118.1852483,33.7633058],[-118.185283,33.7632796],[-118.1853108,33.7632606],[-118.1853305,33.7632484],[-118.1853514,33.7632367],[-118.1853847,33.7632206],[-118.1854294,33.7632022],[-118.1855088,33.7631746],[-118.1855353,33.7631642],[-118.1855957,33.7631354],[-118.1856559,33.7631033],[-118.1857236,33.7630622],[-118.1858113,33.7630108],[-118.1858985,33.7629578],[-118.1859687,33.7629163],[-118.18603,33.7628785],[-118.1861093,33.762832],[-118.1861528,33.7628053],[-118.1862978,33.7627217],[-118.1863653,33.7626781],[-118.18642,33.7626447],[-118.1866006,33.7625402],[-118.1867523,33.7624494],[-118.1869221,33.7623538],[-118.1870152,33.7622951],[-118.1870778,33.7622577],[-118.1871137,33.7622373],[-118.1872246,33.7621772],[-118.1873382,33.7621209],[-118.1874529,33.7620663],[-118.1875601,33.7620203],[-118.1876951,33.7619646],[-118.1877457,33.7619444],[-118.1877987,33.7619247],[-118.1878521,33.7619066],[-118.1878954,33.7618934],[-118.1879175,33.7618877],[-118.1879614,33.7618786],[-118.1879821,33.7618736],[-118.1880823,33.7618457],[-118.1881336,33.7618325],[-118.1881972,33.7618173],[-118.1882508,33.7618054],[-118.1884009,33.7617757],[-118.1885967,33.7617434],[-118.1886408,33.761738],[-118.1887383,33.7617278],[-118.1888705,33.7617175],[-118.189041,33.7617081],[-118.1890614,33.7617059],[-118.1891028,33.7616996],[-118.1891463,33.761694],[-118.1892147,33.7616871],[-118.1892618,33.7616848],[-118.1893211,33.761685],[-118.1893675,33.7616874],[-118.1894127,33.761691],[-118.1895653,33.7617065],[-118.189696,33.7617227],[-118.1898019,33.7617394],[-118.1898662,33.7617479],[-118.1899336,33.7617557],[-118.1899675,33.7617627],[-118.1900311,33.7617789],[-118.1900939,33.7617893],[-118.1901259,33.7617957],[-118.1902639,33.7618285],[-118.1903177,33.7618428],[-118.1903815,33.7618626],[-118.1904539,33.7618883],[-118.1906521,33.7619646],[-118.1908584,33.7620456],[-118.1908983,33.762062],[-118.1909281,33.7620753],[-118.191033,33.7621267],[-118.191098,33.7621572],[-118.19121,33.7622048],[-118.1913056,33.7622414],[-118.1913951,33.7622731],[-118.1914448,33.7622915],[-118.1914864,33.7623045],[-118.1915853,33.7623439],[-118.1917129,33.7623923],[-118.1921697,33.7625764],[-118.1922399,33.7626032],[-118.1923758,33.7626617],[-118.1924696,33.7626988],[-118.1925049,33.7627106],[-118.1925224,33.7627152],[-118.192549,33.7627206],[-118.1925863,33.7627257],[-118.1926488,33.7627313],[-118.1926831,33.7627353],[-118.1927189,33.762741],[-118.1927676,33.7627511],[-118.1927917,33.7627575],[-118.1928148,33.7627654],[-118.1928911,33.7627953],[-118.1929234,33.7628094],[-118.1929445,33.7628199],[-118.1930051,33.7628538],[-118.193053,33.762884],[-118.1931291,33.7629372],[-118.1931652,33.7629611],[-118.1931784,33.7629693],[-118.1931991,33.7629803],[-118.1932312,33.7629947],[-118.1933496,33.7630447],[-118.1934815,33.7631028],[-118.1935168,33.7631169],[-118.1936065,33.7631507],[-118.1936605,33.7631737],[-118.1937017,33.7631939],[-118.1937928,33.763241],[-118.1938649,33.7632759],[-118.1940526,33.7633622],[-118.194109,33.7633891],[-118.1941761,33.7634186],[-118.1943177,33.7634832],[-118.1943913,33.7635204],[-118.1944681,33.7635633],[-118.1944908,33.763575],[-118.1945101,33.7635828],[-118.1945251,33.763586],[-118.1945415,33.7635872],[-118.1945512,33.7635867],[-118.1945567,33.7635856],[-118.1945692,33.763582],[-118.1945908,33.7635731],[-118.1946137,33.7635607],[-118.1946506,33.7635352],[-118.1946997,33.7635061],[-118.1947225,33.7634897],[-118.1947292,33.7634835],[-118.1947416,33.7634701],[-118.1947968,33.763403],[-118.194837,33.76336],[-118.194867,33.7633215],[-118.1948862,33.7632983],[-118.1949066,33.763275],[-118.1949285,33.7632518],[-118.1949609,33.763222],[-118.1949876,33.7632012],[-118.1950162,33.7631821],[-118.1950561,33.7631598],[-118.1950763,33.7631499],[-118.1951066,33.7631363],[-118.1951579,33.7631162],[-118.1953326,33.763054],[-118.195375,33.7630404],[-118.1954078,33.763031],[-118.1954527,33.7630196],[-118.1954868,33.7630132],[-118.1955545,33.7630034],[-118.1956688,33.7629906],[-118.1956934,33.7629861],[-118.1957145,33.76298],[-118.1957271,33.7629748],[-118.1957442,33.7629652],[-118.1957548,33.7629573],[-118.1957652,33.7629479],[-118.1957809,33.7629307],[-118.1958241,33.7628768],[-118.1958401,33.7628598],[-118.1958582,33.7628432],[-118.1958784,33.7628275],[-118.1958892,33.7628201],[-118.1959123,33.7628066],[-118.1959245,33.7628006],[-118.1959499,33.7627901],[-118.1959765,33.7627817],[-118.196004,33.7627756],[-118.1960323,33.7627718],[-118.196061,33.7627704],[-118.1960899,33.7627716],[-118.1961186,33.7627753],[-118.1961327,33.7627781],[-118.1961603,33.7627856],[-118.1961737,33.7627903],[-118.1961868,33.7627956],[-118.1962118,33.7628079],[-118.1962237,33.7628148],[-118.1962462,33.7628301],[-118.1962665,33.7628472],[-118.1962757,33.7628564],[-118.1962841,33.762866],[-118.1962985,33.7628861],[-118.1963155,33.7629168],[-118.1963277,33.7629469],[-118.1963492,33.7630156],[-118.1963544,33.7630298],[-118.1963603,33.7630431],[-118.1963682,33.7630551],[-118.1963779,33.763066],[-118.1963945,33.7630812],[-118.1964068,33.763091],[-118.1964275,33.763105],[-118.1964589,33.7631225],[-118.1966419,33.7632123],[-118.1966989,33.7632419],[-118.1968236,33.7633136],[-118.1969151,33.7633609],[-118.1969621,33.7633864],[-118.1970508,33.763439],[-118.1970757,33.763453],[-118.197119,33.7634743],[-118.1972066,33.7635134],[-118.1972374,33.7635292],[-118.1972579,33.7635412],[-118.1972778,33.7635546],[-118.1972968,33.7635696],[-118.1973145,33.7635862],[-118.1973305,33.7636043],[-118.1973444,33.7636238],[-118.1973559,33.7636443],[-118.197365,33.7636655],[-118.1973717,33.763687],[-118.1973762,33.7637086],[-118.1973795,33.7637406],[-118.1973797,33.7637615],[-118.1973777,33.7637923],[-118.197373,33.7638223],[-118.1973648,33.763861],[-118.1973569,33.7638893],[-118.1973445,33.7639261],[-118.1973271,33.7639707],[-118.1973115,33.7640061],[-118.1972985,33.7640321],[-118.1972757,33.764074],[-118.197247,33.7641327],[-118.1971995,33.7642236],[-118.19717,33.764274],[-118.1971446,33.7643151],[-118.1971238,33.7643473],[-118.1970692,33.7644268],[-118.1970347,33.7644749],[-118.197016,33.7644983],[-118.1969706,33.7645502],[-118.1968971,33.7646383],[-118.196869,33.7646746],[-118.1968428,33.7647116],[-118.1968241,33.7647415],[-118.1968119,33.7647648],[-118.1968052,33.7647811],[-118.19678,33.7648513],[-118.1967637,33.7648891],[-118.1967472,33.7649186],[-118.1967331,33.7649386],[-118.1967248,33.7649485],[-118.1967055,33.764968],[-118.1966944,33.7649773],[-118.1966821,33.7649862],[-118.1966688,33.7649945],[-118.1966545,33.765002],[-118.1966391,33.7650087],[-118.196623,33.7650143],[-118.1966061,33.7650186],[-118.1965888,33.7650217],[-118.1965712,33.7650233],[-118.1965538,33.7650236],[-118.1965366,33.7650226],[-118.1965198,33.7650206],[-118.1965037,33.7650177],[-118.1964734,33.7650097],[-118.1964458,33.7649996],[-118.1964093,33.7649824],[-118.1963875,33.7649702],[-118.1963674,33.7649579],[-118.1963487,33.7649455],[-118.1963065,33.7649157],[-118.1962042,33.7648525],[-118.1960515,33.764765],[-118.1958942,33.764682],[-118.1957931,33.7646296],[-118.1956617,33.7645646],[-118.1955546,33.7645095],[-118.1955289,33.7644977],[-118.1955026,33.7644871],[-118.1954448,33.7644679],[-118.1954025,33.7644552],[-118.1953825,33.7644476],[-118.1953458,33.7644304],[-118.1952572,33.7643922],[-118.1951571,33.7643458],[-118.1950768,33.7643142],[-118.1950081,33.7642849],[-118.1949697,33.7642675],[-118.1949231,33.7642441],[-118.1948584,33.7642095],[-118.1947813,33.764163],[-118.1947561,33.7641487],[-118.1947299,33.7641352],[-118.1946057,33.7640747],[-118.1945404,33.7640387],[-118.1944782,33.7640029],[-118.1944293,33.7639776],[-118.1944102,33.7639652],[-118.1943268,33.7639041],[-118.1942879,33.7638779],[-118.1942562,33.763859],[-118.1942139,33.7638379],[-118.194017,33.7637483],[-118.1937681,33.7636259],[-118.1937137,33.7636002],[-118.1935779,33.7635377],[-118.1934564,33.7634786],[-118.1932672,33.763395],[-118.1930272,33.7632911],[-118.1929607,33.763263],[-118.1929063,33.7632381],[-118.1928621,33.7632208],[-118.1928358,33.7632123],[-118.192818,33.7632076],[-118.1927594,33.7631971],[-118.1927459,33.7631962],[-118.1927287,33.7631978],[-118.1927137,33.7632024],[-118.1926987,33.7632105],[-118.1926828,33.7632225],[-118.1926726,33.7632333],[-118.1926635,33.763246],[-118.1926549,33.7632601],[-118.1925811,33.763391],[-118.192575,33.7634073],[-118.192573,33.7634158],[-118.1925689,33.7634504],[-118.1925606,33.7634941],[-118.1925554,33.7635308],[-118.1925502,33.7635482],[-118.192538,33.7635807],[-118.1925312,33.7636045],[-118.1925234,33.7636444],[-118.192519,33.7636769],[-118.1925165,33.7637193],[-118.1925191,33.7638012],[-118.1925188,33.763837],[-118.1925133,33.7639608],[-118.1925073,33.7640386],[-118.1925057,33.7640711],[-118.1925063,33.764095],[-118.1925079,33.7641114],[-118.1925167,33.7641557],[-118.1925186,33.7641751],[-118.1925189,33.7642048],[-118.1925174,33.7642712],[-118.1925212,33.7643276],[-118.1925183,33.764375],[-118.1925197,33.7644041],[-118.1925192,33.7644242],[-118.1925142,33.7644952],[-118.1925083,33.7645374],[-118.1925072,33.7645522],[-118.1925078,33.764574],[-118.1925128,33.7646142],[-118.1925136,33.764632],[-118.1925119,33.7647045],[-118.1925122,33.7647485],[-118.1925138,33.7648012],[-118.1925109,33.7648648],[-118.1925111,33.7649195],[-118.192509,33.7650727],[-118.1925094,33.7651504],[-118.1925114,33.76526],[-118.192512,33.7654409],[-118.1925103,33.7654783],[-118.1925074,33.7655058],[-118.1924938,33.7655879],[-118.1924838,33.765665],[-118.1924783,33.7656961],[-118.1924733,33.7657175],[-118.1924671,33.7657396],[-118.1924592,33.7657625],[-118.1924489,33.7657866],[-118.1924424,33.7657988],[-118.1924348,33.765811],[-118.192426,33.7658231],[-118.192416,33.7658349],[-118.1924049,33.7658462],[-118.1923927,33.7658568],[-118.1923798,33.7658667],[-118.1923661,33.7658757],[-118.1923519,33.7658838],[-118.1923374,33.765891],[-118.1923083,33.7659029],[-118.1922939,33.7659076],[-118.192266,33.7659147],[-118.1922276,33.7659213],[-118.1921818,33.7659267],[-118.1921035,33.7659346],[-118.1920566,33.7659377],[-118.1918783,33.7659409],[-118.1918114,33.7659406],[-118.1917647,33.765939],[-118.1917406,33.7659371],[-118.1917167,33.7659341],[-118.1916124,33.7659137],[-118.1915938,33.7659117],[-118.1915751,33.7659108],[-118.1915457,33.7659107],[-118.1913926,33.7659139],[-118.1912869,33.765913],[-118.1912582,33.7659142],[-118.1912209,33.7659185],[-118.1911926,33.7659237],[-118.191131,33.7659379],[-118.1910961,33.7659448],[-118.191071,33.7659486],[-118.1910318,33.7659527],[-118.1910058,33.7659545],[-118.1909811,33.7659544],[-118.190916,33.7659488],[-118.1907836,33.765944],[-118.1907649,33.7659445],[-118.1907465,33.7659469],[-118.190645,33.7659654],[-118.190622,33.7659686],[-118.1905521,33.7659757],[-118.1904724,33.7659808],[-118.1903926,33.7659812],[-118.1903449,33.7659788],[-118.1903086,33.7659741],[-118.1902327,33.7659583],[-118.1902032,33.7659539],[-118.1901534,33.7659504],[-118.1900841,33.7659489],[-118.1900454,33.7659502],[-118.1899613,33.7659574],[-118.1897458,33.765971],[-118.1896261,33.7659775],[-118.1894937,33.7659823],[-118.1894373,33.765983],[-118.1893912,33.7659824],[-118.1893219,33.7659792],[-118.1892326,33.7659717],[-118.1891445,33.7659623],[-118.1890149,33.7659457],[-118.1889655,33.7659414],[-118.1889374,33.7659409],[-118.1889089,33.7659419],[-118.1888153,33.7659493],[-118.1887472,33.7659528],[-118.1887003,33.765953],[-118.1886638,33.7659512],[-118.1886267,33.7659467],[-118.188579,33.7659383],[-118.1885463,33.7659308],[-118.1884813,33.7659134],[-118.1884567,33.7659087],[-118.1884315,33.7659069],[-118.1883816,33.7659078],[-118.1883213,33.7659072],[-118.1882961,33.765906],[-118.1882591,33.7659028],[-118.1882119,33.7658959],[-118.1881169,33.7658764],[-118.1880767,33.7658688],[-118.1880254,33.7658611],[-118.1879842,33.7658565],[-118.1879431,33.7658534],[-118.1879121,33.7658525],[-118.1877509,33.7658547],[-118.187641,33.7658538],[-118.1875531,33.7658517],[-118.1874981,33.7658485],[-118.1873055,33.7658331],[-118.1871102,33.7658195],[-118.1870116,33.7658065],[-118.1869763,33.7658011],[-118.1869409,33.7657944],[-118.1868753,33.7657798],[-118.1868553,33.7657762],[-118.1868361,33.7657739],[-118.1868177,33.7657731],[-118.1867999,33.7657739],[-118.1867168,33.765785],[-118.1866851,33.7657875],[-118.1866048,33.7657921],[-118.1865219,33.7658006],[-118.1864872,33.7658035],[-118.1864278,33.7658062],[-118.1863673,33.7658063],[-118.1863313,33.7658049],[-118.1862963,33.765802],[-118.1860465,33.7657746],[-118.1859743,33.7657684],[-118.1858789,33.7657574]]}},{"type":"Feature","properties":{"role":"edge_right","orientation":"driving direction, from the lap origin","unseen_spans":[[0.78658,0.78844],[0.78999,0.79309],[0.79929,0.81015],[0.81077,0.84736],[0.85015,0.85883],[0.85914,0.86224],[0.86348,0.86906],[0.87557,0.8796],[0.88022,0.88798],[0.88891,0.89356],[0.89387,0.89666],[0.89883,0.90689],[0.9072,0.93325],[0.93418,0.9472],[0.95309,0.9565],[0.95681,0.95898],[0.96115,0.9717],[0.97232,0.9748],[0.97573,0.98007],[0.98503,0.9872],[0.00984,0.01511],[0.01635,0.01852],[0.02813,0.06565],[0.07929,0.08177],[0.09015,0.09201],[0.0948,0.09759],[0.10131,0.10317],[0.10534,0.1072],[0.10751,0.10968],[0.11464,0.11619],[0.11774,0.12115],[0.12177,0.12394],[0.12891,0.13108],[0.13139,0.13759],[0.1379,0.14007],[0.14038,0.16239],[0.1627,0.17077],[0.17418,0.17635],[0.1779,0.18038],[0.1996,0.20301],[0.221,0.23185],[0.2396,0.24177],[0.24332,0.2458],[0.25077,0.25232],[0.25449,0.25759],[0.25852,0.26131],[0.26286,0.26565],[0.26689,0.27092],[0.27371,0.27557],[0.28239,0.28394],[0.2886,0.29604],[0.29635,0.30038],[0.301,0.30472],[0.30503,0.30689],[0.31991,0.32953],[0.32984,0.33511],[0.34007,0.34317],[0.34999,0.35371],[0.35805,0.3596],[0.36425,0.4058],[0.40798,0.41108],[0.41139,0.41387],[0.41821,0.41976],[0.42503,0.42689],[0.43309,0.43929],[0.44177,0.45449],[0.47061,0.47495],[0.47898,0.48394],[0.48456,0.48674],[0.48705,0.49046],[0.49232,0.4979],[0.49852,0.50937],[0.51495,0.51867],[0.5196,0.52115],[0.52891,0.53108],[0.53883,0.54069],[0.541,0.54379],[0.54968,0.55681],[0.56301,0.56456],[0.56487,0.56705],[0.56953,0.57108],[0.5717,0.57325],[0.5748,0.57666],[0.57697,0.57883],[0.58534,0.58689],[0.59123,0.59433],[0.59619,0.59867],[0.60177,0.60363],[0.60394,0.60922],[0.61387,0.62162],[0.63061,0.64053],[0.65294,0.65542],[0.66162,0.68953],[0.69015,0.69945],[0.69976,0.7072],[0.70968,0.71836],[0.72115,0.72332],[0.72363,0.72922],[0.73356,0.73573],[0.73697,0.73852],[0.73914,0.741],[0.74255,0.74441],[0.74503,0.74689],[0.75681,0.75929],[0.76736,0.77387],[0.77449,0.7779],[0.78069,0.78286]],"quality":{"source":"naip","accuracy_m":1.14,"relative_accuracy_m":0.28,"measured":true,"date":"2022-05-11","measured_fraction":0.266}},"geometry":{"type":"LineString","coordinates":[[-118.1858984,33.765584],[-118.1858207,33.7655821],[-118.1857878,33.7655788],[-118.1857726,33.7655758],[-118.1857581,33.7655717],[-118.1857443,33.7655667],[-118.1857245,33.7655579],[-118.1857116,33.7655508],[-118.1857056,33.7655464],[-118.185684,33.7655251],[-118.1856515,33.7654953],[-118.1856433,33.7654852],[-118.1856365,33.7654744],[-118.1856309,33.7654629],[-118.1856265,33.7654505],[-118.1856195,33.7654237],[-118.1856147,33.7653937],[-118.1856043,33.7652813],[-118.1856015,33.7652292],[-118.1856024,33.7651777],[-118.1856091,33.7650705],[-118.1856116,33.7650148],[-118.1856132,33.7648169],[-118.1856204,33.7646918],[-118.1856222,33.764645],[-118.1856217,33.7645873],[-118.1856197,33.7645578],[-118.1856163,33.7645282],[-118.1856073,33.764479],[-118.1855998,33.7644497],[-118.1855939,33.7644302],[-118.1855795,33.7643911],[-118.1855611,33.7643526],[-118.1855388,33.7643154],[-118.1855262,33.7642973],[-118.1855125,33.7642795],[-118.1854895,33.7642537],[-118.1854728,33.7642373],[-118.1854552,33.7642218],[-118.1854184,33.7641937],[-118.1853896,33.7641746],[-118.1853696,33.7641625],[-118.1853487,33.764151],[-118.1853271,33.7641402],[-118.185305,33.7641302],[-118.1852825,33.7641211],[-118.1852598,33.764113],[-118.1852256,33.7641022],[-118.1851917,33.764093],[-118.1851279,33.7640773],[-118.1850995,33.764069],[-118.185073,33.7640586],[-118.1850066,33.7640255],[-118.184983,33.7640159],[-118.1849703,33.7640116],[-118.1849435,33.7640045],[-118.1849156,33.7639995],[-118.1848875,33.7639965],[-118.1848598,33.7639953],[-118.1848329,33.7639953],[-118.1847938,33.7639974],[-118.1847562,33.7640012],[-118.1847193,33.7640064],[-118.1846829,33.764013],[-118.184659,33.7640184],[-118.1846236,33.7640279],[-118.184589,33.764039],[-118.1845554,33.7640519],[-118.1845122,33.7640714],[-118.18447,33.7640932],[-118.1844285,33.7641176],[-118.1843984,33.7641377],[-118.1843616,33.7641661],[-118.184337,33.7641875],[-118.1843096,33.7642147],[-118.1842966,33.7642254],[-118.1842693,33.7642436],[-118.1842557,33.7642513],[-118.1842468,33.7642548],[-118.1842428,33.7642555],[-118.1842386,33.7642552],[-118.1842326,33.7642522],[-118.1842287,33.7642462],[-118.1842279,33.7642409],[-118.1842295,33.7642313],[-118.1842345,33.7642198],[-118.1842398,33.7642111],[-118.1842512,33.7641961],[-118.1842727,33.764173],[-118.1843818,33.7640657],[-118.1844164,33.764034],[-118.1844377,33.7640166],[-118.1844603,33.7639997],[-118.1845896,33.7639065],[-118.1846295,33.763879],[-118.1846713,33.7638532],[-118.184856,33.7637449],[-118.1850069,33.7636594],[-118.1851336,33.7635902],[-118.1851809,33.7635623],[-118.1852088,33.7635443],[-118.1852447,33.7635194],[-118.1853343,33.7634526],[-118.185373,33.7634248],[-118.1854112,33.7633988],[-118.1854414,33.7633799],[-118.1854711,33.7633638],[-118.1854942,33.7633533],[-118.1855898,33.7633165],[-118.185632,33.7632986],[-118.1856827,33.7632745],[-118.1857406,33.7632441],[-118.1857875,33.7632178],[-118.1858417,33.7631861],[-118.1860969,33.7630331],[-118.1862466,33.762945],[-118.1863166,33.7629026],[-118.1863618,33.762874],[-118.1863796,33.7628615],[-118.1863966,33.7628482],[-118.1864204,33.7628271],[-118.1864845,33.7627653],[-118.1864991,33.7627531],[-118.1865222,33.762736],[-118.1865709,33.762703],[-118.1867061,33.7626148],[-118.1867487,33.7625882],[-118.1868175,33.7625475],[-118.1868356,33.7625383],[-118.1869664,33.7624765],[-118.1870047,33.762457],[-118.1870423,33.762436],[-118.1871028,33.7623982],[-118.1871657,33.7623652],[-118.1872268,33.7623294],[-118.1873248,33.7622774],[-118.1874516,33.7622125],[-118.1874702,33.7622039],[-118.1875919,33.762152],[-118.1876591,33.7621225],[-118.1876973,33.7621048],[-118.1877804,33.762064],[-118.1878432,33.7620362],[-118.1878619,33.7620304],[-118.1879583,33.762006],[-118.188052,33.7619893],[-118.1881065,33.7619805],[-118.1881279,33.7619758],[-118.1882099,33.7619542],[-118.1882911,33.7619362],[-118.1883836,33.7619175],[-118.188466,33.7619027],[-118.188549,33.7618897],[-118.188621,33.76188],[-118.1887154,33.76187],[-118.1887994,33.7618622],[-118.1888622,33.7618577],[-118.1890463,33.7618466],[-118.1891764,33.7618344],[-118.1892166,33.7618313],[-118.1892753,33.7618293],[-118.1893341,33.7618309],[-118.1894052,33.7618363],[-118.1895424,33.7618497],[-118.1895948,33.7618571],[-118.1896576,33.7618644],[-118.189731,33.7618746],[-118.1898067,33.7618838],[-118.1899181,33.7619015],[-118.1899476,33.7619074],[-118.1902458,33.7619728],[-118.1902849,33.7619828],[-118.1903626,33.7620055],[-118.1904408,33.7620303],[-118.1906093,33.7620888],[-118.1908337,33.7621727],[-118.1909084,33.7622029],[-118.1910616,33.7622714],[-118.1911411,33.7623045],[-118.1912219,33.7623351],[-118.1913618,33.7623838],[-118.1914291,33.7624096],[-118.191466,33.7624253],[-118.1915327,33.7624556],[-118.1915727,33.7624707],[-118.1917962,33.762559],[-118.191893,33.7625982],[-118.1919505,33.7626223],[-118.1921595,33.7627164],[-118.1923453,33.7628067],[-118.1923955,33.7628295],[-118.192428,33.7628429],[-118.1924739,33.7628589],[-118.1925094,33.7628691],[-118.1925444,33.7628775],[-118.1926386,33.7628973],[-118.1926746,33.7629065],[-118.1927163,33.7629206],[-118.1927755,33.7629444],[-118.1928254,33.7629672],[-118.1928962,33.7630064],[-118.1929189,33.7630213],[-118.1929495,33.7630432],[-118.1930156,33.7630954],[-118.1930349,33.7631096],[-118.1930668,33.76313],[-118.1931005,33.7631476],[-118.1931225,33.7631576],[-118.1931732,33.7631778],[-118.1932268,33.7632024],[-118.193382,33.7632676],[-118.1934146,33.7632795],[-118.193468,33.7632948],[-118.1935054,33.7633095],[-118.1935414,33.7633213],[-118.1935498,33.7633248],[-118.1935654,33.7633336],[-118.1936309,33.7633751],[-118.1937281,33.763422],[-118.1937763,33.7634443],[-118.1939293,33.7635136],[-118.1940543,33.7635662],[-118.194129,33.7636024],[-118.1941964,33.7636317],[-118.1942623,33.7636631],[-118.19434,33.7636979],[-118.1943713,33.763711],[-118.1944057,33.763724],[-118.1944315,33.7637324],[-118.1944607,33.7637395],[-118.1944766,33.7637423],[-118.1944934,33.7637441],[-118.1945109,33.7637448],[-118.1945287,33.7637441],[-118.1945465,33.7637419],[-118.1945639,33.7637381],[-118.1945805,33.7637327],[-118.1945958,33.7637259],[-118.1946098,33.763718],[-118.1946223,33.7637095],[-118.1946439,33.7636918],[-118.1946802,33.7636598],[-118.1947394,33.7636115],[-118.194772,33.7635842],[-118.1947878,33.76357],[-118.1948022,33.7635547],[-118.1948469,33.7635001],[-118.1948659,33.7634786],[-118.1949451,33.7633948],[-118.1949856,33.7633551],[-118.1950132,33.763331],[-118.1950418,33.7633093],[-118.1950642,33.7632945],[-118.1950953,33.7632766],[-118.1951118,33.7632686],[-118.1951563,33.7632505],[-118.1952003,33.7632289],[-118.1952843,33.7631949],[-118.1953228,33.7631813],[-118.1954106,33.7631546],[-118.1954683,33.7631405],[-118.1954971,33.7631349],[-118.1955265,33.7631301],[-118.1955766,33.7631232],[-118.195662,33.7631155],[-118.1957104,33.7631097],[-118.1957362,33.7631044],[-118.1957492,33.7631006],[-118.1957749,33.7630909],[-118.1957999,33.7630791],[-118.1958234,33.7630652],[-118.1958344,33.7630575],[-118.1958546,33.763041],[-118.1958722,33.7630236],[-118.1958873,33.763006],[-118.1959322,33.7629453],[-118.1959487,33.7629291],[-118.1959658,33.7629156],[-118.195984,33.7629045],[-118.195997,33.7628986],[-118.1960106,33.7628937],[-118.1960246,33.76289],[-118.1960389,33.7628873],[-118.1960606,33.7628856],[-118.1960749,33.7628864],[-118.1960889,33.7628887],[-118.1961092,33.7628942],[-118.196122,33.7628993],[-118.196134,33.7629056],[-118.1961451,33.762913],[-118.1961551,33.7629215],[-118.196169,33.7629355],[-118.1961814,33.7629515],[-118.1961919,33.7629705],[-118.1962244,33.7630544],[-118.1962389,33.7630839],[-118.1962509,33.7631036],[-118.1962648,33.7631228],[-118.196289,33.7631495],[-118.1963069,33.7631658],[-118.1963356,33.7631874],[-118.1963655,33.7632059],[-118.1964057,33.7632268],[-118.1964551,33.7632494],[-118.1965698,33.7632994],[-118.1966155,33.7633204],[-118.1966511,33.763338],[-118.1966865,33.7633567],[-118.1967596,33.763398],[-118.1968369,33.7634322],[-118.1968912,33.7634582],[-118.1969086,33.7634677],[-118.1969254,33.763478],[-118.1969824,33.7635202],[-118.1970103,33.7635375],[-118.1970498,33.7635577],[-118.1971258,33.763592],[-118.1971587,33.7636092],[-118.1971805,33.7636228],[-118.1971934,33.7636324],[-118.1972047,33.7636425],[-118.1972144,33.7636531],[-118.1972227,33.7636641],[-118.1972296,33.7636755],[-118.1972352,33.7636872],[-118.1972412,33.7637056],[-118.1972448,33.7637251],[-118.197247,33.7637459],[-118.1972477,33.7637678],[-118.1972471,33.7637828],[-118.1972455,33.7637982],[-118.1972414,33.7638218],[-118.1972354,33.7638457],[-118.1972279,33.7638697],[-118.1972159,33.763902],[-118.1971993,33.7639427],[-118.1971559,33.7640407],[-118.1971043,33.7641499],[-118.1970799,33.7641989],[-118.1970671,33.7642225],[-118.196992,33.7643493],[-118.196972,33.7643804],[-118.1969462,33.7644182],[-118.1969241,33.7644474],[-118.1969004,33.7644764],[-118.1968387,33.7645501],[-118.1967927,33.7646021],[-118.1967805,33.7646178],[-118.196752,33.7646586],[-118.1967248,33.7647006],[-118.1966688,33.7648007],[-118.1966552,33.7648231],[-118.1966413,33.7648434],[-118.1966316,33.7648553],[-118.1966218,33.7648656],[-118.1966118,33.7648741],[-118.1966019,33.7648807],[-118.1965924,33.7648853],[-118.1965832,33.7648883],[-118.1965744,33.7648897],[-118.1965608,33.7648895],[-118.1965454,33.7648863],[-118.1965278,33.7648797],[-118.1965149,33.7648734],[-118.1964945,33.7648612],[-118.1964658,33.7648411],[-118.1963873,33.7647807],[-118.196322,33.7647316],[-118.1962796,33.7647011],[-118.1962362,33.7646714],[-118.1961831,33.764637],[-118.196128,33.7646035],[-118.1960719,33.7645719],[-118.1960069,33.7645369],[-118.195924,33.7644942],[-118.1958036,33.7644356],[-118.1957573,33.7644142],[-118.1957017,33.7643859],[-118.195652,33.7643617],[-118.1955894,33.7643338],[-118.1955684,33.7643255],[-118.1955375,33.7643147],[-118.1955185,33.764307],[-118.1954637,33.7642805],[-118.1953772,33.7642421],[-118.1952997,33.7642054],[-118.1952455,33.7641812],[-118.1951539,33.7641378],[-118.1950547,33.7640854],[-118.1949261,33.7640204],[-118.1948859,33.7640025],[-118.1947854,33.7639618],[-118.1947578,33.7639495],[-118.1947222,33.7639325],[-118.1945369,33.7638357],[-118.1945051,33.7638169],[-118.1944366,33.763772],[-118.1943993,33.7637488],[-118.1943505,33.7637207],[-118.1943105,33.7637005],[-118.1942411,33.7636695],[-118.1941659,33.7636335],[-118.1940821,33.7635951],[-118.1939484,33.7635366],[-118.1938906,33.7635098],[-118.1938602,33.7634972],[-118.1938292,33.7634856],[-118.1937279,33.7634518],[-118.1936711,33.7634305],[-118.1935395,33.7633709],[-118.1933942,33.763308],[-118.1931846,33.7632141],[-118.1930501,33.7631564],[-118.1929694,33.7631236],[-118.1929258,33.7631083],[-118.1928912,33.7630983],[-118.1928675,33.7630931],[-118.1928309,33.7630872],[-118.1927925,33.7630837],[-118.1927653,33.763083],[-118.1927366,33.7630842],[-118.1927069,33.7630883],[-118.192692,33.7630916],[-118.1926774,33.7630959],[-118.1926631,33.763101],[-118.1926495,33.763107],[-118.1926365,33.7631137],[-118.192613,33.763129],[-118.1925928,33.7631458],[-118.1925753,33.7631632],[-118.1925601,33.7631808],[-118.1925414,33.7632074],[-118.1924923,33.7632932],[-118.1924784,33.7633193],[-118.1924144,33.7634514],[-118.192399,33.7634849],[-118.1923849,33.7635193],[-118.1923719,33.7635564],[-118.1923618,33.7635953],[-118.1923521,33.7636443],[-118.1923464,33.7636831],[-118.1923364,33.7637741],[-118.1923287,33.7638279],[-118.1923257,33.7639289],[-118.1923256,33.7639655],[-118.192329,33.7640505],[-118.1923322,33.7640803],[-118.19234,33.7641199],[-118.1923559,33.7641819],[-118.1923606,33.7642062],[-118.1923628,33.7642226],[-118.1923674,33.7643003],[-118.1923681,33.764326],[-118.1923676,33.7643431],[-118.1923639,33.7643856],[-118.1923615,33.7644019],[-118.1923578,33.7644175],[-118.1923491,33.76444],[-118.1923218,33.7644882],[-118.192313,33.7645074],[-118.1923092,33.7645175],[-118.1923008,33.7645494],[-118.1922976,33.7645705],[-118.1922956,33.7645908],[-118.1922913,33.7646637],[-118.1922881,33.7647646],[-118.1922854,33.7649085],[-118.1922858,33.7649617],[-118.1922846,33.7650706],[-118.192286,33.7652183],[-118.1922852,33.7652793],[-118.1922858,33.7653517],[-118.1922886,33.7654587],[-118.1922876,33.7655205],[-118.1922875,33.7656248],[-118.1922856,33.7656632],[-118.1922817,33.7656834],[-118.1922757,33.7657007],[-118.1922682,33.7657171],[-118.1922648,33.7657224],[-118.1922601,33.7657254],[-118.1922482,33.7657286],[-118.1922366,33.7657336],[-118.1922253,33.7657373],[-118.1921936,33.7657426],[-118.1920822,33.7657547],[-118.192043,33.7657574],[-118.1920027,33.7657591],[-118.1918865,33.7657622],[-118.1917934,33.7657618],[-118.1917455,33.7657599],[-118.191639,33.7657522],[-118.191602,33.7657511],[-118.1915773,33.7657513],[-118.1915301,33.7657531],[-118.1914547,33.7657581],[-118.1913929,33.7657597],[-118.1913722,33.7657597],[-118.1913178,33.7657578],[-118.1912707,33.7657583],[-118.1912342,33.7657597],[-118.1911855,33.7657637],[-118.1910681,33.7657775],[-118.1910338,33.7657798],[-118.1909994,33.7657797],[-118.1907658,33.7657711],[-118.190741,33.7657708],[-118.1907164,33.7657714],[-118.1906925,33.7657728],[-118.1906168,33.7657813],[-118.1905776,33.7657844],[-118.1905179,33.7657865],[-118.1904154,33.7657878],[-118.1903663,33.7657877],[-118.190299,33.7657855],[-118.1901739,33.7657765],[-118.1901275,33.7657754],[-118.1900799,33.7657757],[-118.1900438,33.765777],[-118.190009,33.7657795],[-118.1896657,33.7658091],[-118.1895495,33.765818],[-118.1894866,33.7658218],[-118.1894351,33.765824],[-118.1893949,33.7658247],[-118.1893549,33.7658243],[-118.1893143,33.7658224],[-118.1892729,33.7658193],[-118.1892206,33.7658146],[-118.1891687,33.765809],[-118.1891275,33.7658034],[-118.1890092,33.7657839],[-118.1889612,33.765778],[-118.1889007,33.7657738],[-118.1887505,33.7657699],[-118.188683,33.7657665],[-118.188638,33.7657616],[-118.1885436,33.7657474],[-118.1885058,33.7657441],[-118.188479,33.7657437],[-118.1884518,33.7657456],[-118.1884255,33.7657497],[-118.1883586,33.7657659],[-118.1883396,33.7657694],[-118.1883121,33.7657718],[-118.1882846,33.7657716],[-118.1882064,33.7657633],[-118.1881416,33.7657533],[-118.188097,33.7657476],[-118.1880525,33.7657429],[-118.1880079,33.7657393],[-118.1879177,33.7657354],[-118.187776,33.7657337],[-118.1877446,33.7657324],[-118.1876174,33.7657242],[-118.1874378,33.7657075],[-118.1873729,33.7657027],[-118.1873181,33.7656995],[-118.1872104,33.765695],[-118.1871366,33.7656897],[-118.1870829,33.7656877],[-118.1870515,33.7656858],[-118.1870315,33.7656838],[-118.1870125,33.7656807],[-118.1869763,33.7656721],[-118.1869487,33.7656632],[-118.1868871,33.7656408],[-118.1868514,33.7656305],[-118.186813,33.7656231],[-118.1867742,33.765619],[-118.1866815,33.7656149],[-118.1866133,33.765611],[-118.1865892,33.7656105],[-118.1865654,33.7656121],[-118.1865212,33.7656177],[-118.1864708,33.7656211],[-118.1863846,33.7656249],[-118.1863365,33.7656246],[-118.1862759,33.7656205],[-118.1861491,33.7656083],[-118.1861277,33.7656058],[-118.186074,33.7655975],[-118.1860075,33.7655902],[-118.185952,33.7655861],[-118.1858984,33.765584]]}},{"type":"Feature","properties":{"role":"midline","derived_from":["edge_left","edge_right"],"quality":{"source":"derived","accuracy_m":1.14,"relative_accuracy_m":0.28,"measured":true,"date":"2022-05-11"}},"geometry":{"type":"LineString","coordinates":[[-118.1858886,33.7656707],[-118.1858135,33.7656642],[-118.1857816,33.7656594],[-118.1857606,33.7656549],[-118.1857401,33.7656493],[-118.18572,33.7656425],[-118.1857007,33.7656345],[-118.185673,33.7656204],[-118.1856556,33.7656097],[-118.1856396,33.7655976],[-118.1856032,33.7655645],[-118.1855824,33.7655438],[-118.1855703,33.765529],[-118.1855599,33.7655133],[-118.1855515,33.7654967],[-118.1855447,33.7654797],[-118.1855394,33.7654623],[-118.1855352,33.7654447],[-118.1855299,33.7654091],[-118.1855214,33.7652742],[-118.1855198,33.7652202],[-118.1855217,33.7651571],[-118.1855309,33.7650041],[-118.1855348,33.7648239],[-118.1855374,33.7647789],[-118.1855444,33.7646889],[-118.1855468,33.7646438],[-118.1855474,33.7645986],[-118.1855447,33.7645533],[-118.1855396,33.7645173],[-118.1855297,33.7644728],[-118.1855218,33.7644464],[-118.1855157,33.764429],[-118.1855012,33.7643948],[-118.1854833,33.7643617],[-118.1854623,33.76433],[-118.1854505,33.7643148],[-118.1854377,33.7643002],[-118.1854163,33.7642797],[-118.1853847,33.764255],[-118.1853596,33.7642379],[-118.1853339,33.7642215],[-118.185316,33.7642114],[-118.1852976,33.7642021],[-118.1852594,33.7641856],[-118.1852297,33.764175],[-118.1851892,33.7641629],[-118.1851583,33.7641551],[-118.1850959,33.7641406],[-118.1850651,33.7641326],[-118.1850349,33.764123],[-118.1849753,33.7641018],[-118.1849549,33.7640957],[-118.1849339,33.7640907],[-118.1849018,33.7640859],[-118.1848693,33.7640841],[-118.1848367,33.7640846],[-118.1847936,33.764088],[-118.1847508,33.7640938],[-118.1847086,33.7641015],[-118.1846566,33.7641139],[-118.1846157,33.7641257],[-118.1845857,33.7641361],[-118.1845468,33.7641517],[-118.1845184,33.7641648],[-118.1844908,33.7641789],[-118.1844643,33.7641944],[-118.1844474,33.7642056],[-118.1844231,33.7642234],[-118.1843999,33.7642421],[-118.1843701,33.7642682],[-118.1843543,33.7642805],[-118.1843377,33.7642918],[-118.1843204,33.7643022],[-118.1843022,33.7643112],[-118.1842926,33.7643149],[-118.1842728,33.7643204],[-118.1842625,33.764322],[-118.1842418,33.7643226],[-118.1842315,33.7643216],[-118.1842214,33.7643197],[-118.1842116,33.7643168],[-118.1842023,33.7643131],[-118.1841934,33.7643086],[-118.1841852,33.7643032],[-118.1841778,33.7642972],[-118.1841711,33.7642904],[-118.1841654,33.7642832],[-118.1841606,33.7642754],[-118.1841569,33.7642672],[-118.1841542,33.7642588],[-118.1841525,33.7642502],[-118.1841522,33.7642328],[-118.1841552,33.7642155],[-118.184161,33.7641986],[-118.1841689,33.7641822],[-118.184174,33.7641743],[-118.184186,33.7641596],[-118.1842065,33.7641388],[-118.1842845,33.7640643],[-118.1843713,33.7639839],[-118.1843947,33.7639652],[-118.1844441,33.7639302],[-118.1845492,33.7638525],[-118.1845915,33.7638245],[-118.1847229,33.7637454],[-118.1848179,33.7636858],[-118.1849849,33.7635865],[-118.1850837,33.7635315],[-118.1851274,33.763505],[-118.1851527,33.7634881],[-118.1851773,33.7634705],[-118.1853026,33.7633713],[-118.1853433,33.7633417],[-118.1853686,33.7633248],[-118.1854038,33.7633041],[-118.1854411,33.7632861],[-118.1854702,33.7632743],[-118.1855591,33.7632417],[-118.1855974,33.7632251],[-118.1856533,33.7631978],[-118.1857167,33.7631634],[-118.1858575,33.7630799],[-118.1860764,33.7629482],[-118.1861647,33.7628963],[-118.1863051,33.7628123],[-118.1863472,33.762784],[-118.1864258,33.7627221],[-118.1864587,33.7626988],[-118.1865449,33.7626445],[-118.1867188,33.7625376],[-118.1867894,33.7624961],[-118.1869634,33.7624054],[-118.1869988,33.7623847],[-118.187059,33.7623466],[-118.1871841,33.7622758],[-118.1872658,33.7622319],[-118.1874231,33.7621531],[-118.1874991,33.7621188],[-118.1876432,33.7620573],[-118.1877477,33.7620103],[-118.187796,33.76199],[-118.1878255,33.7619789],[-118.1879275,33.7619493],[-118.1879905,33.7619366],[-118.1880843,33.7619159],[-118.188198,33.7618871],[-118.1883024,33.7618642],[-118.1883864,33.7618476],[-118.1884391,33.7618381],[-118.1885557,33.7618195],[-118.1886089,33.7618117],[-118.188673,33.7618044],[-118.1887695,33.7617949],[-118.188877,33.7617869],[-118.1890493,33.7617769],[-118.1891669,33.7617635],[-118.1892206,33.7617589],[-118.1892745,33.7617569],[-118.1893285,33.7617579],[-118.1894038,33.7617632],[-118.1895539,33.7617781],[-118.1896819,33.7617942],[-118.1897563,33.7618054],[-118.1899161,33.7618271],[-118.1899477,33.761833],[-118.19001,33.7618478],[-118.1900835,33.7618621],[-118.1901358,33.7618734],[-118.1902606,33.7619022],[-118.1902916,33.7619102],[-118.1903323,33.761922],[-118.1903828,33.7619379],[-118.1904228,33.7619515],[-118.1905715,33.762005],[-118.1906602,33.762038],[-118.1908563,33.7621135],[-118.1909141,33.7621378],[-118.1910841,33.7622162],[-118.1911708,33.7622527],[-118.1912591,33.7622865],[-118.1913686,33.7623249],[-118.1914577,33.7623571],[-118.1915541,33.7623977],[-118.1917107,33.7624584],[-118.1919731,33.7625643],[-118.1922042,33.7626619],[-118.1923557,33.7627312],[-118.1924229,33.7627601],[-118.1924521,33.7627718],[-118.1924923,33.7627852],[-118.1925337,33.7627956],[-118.1925759,33.7628033],[-118.1926609,33.7628163],[-118.1926924,33.7628225],[-118.1927234,33.7628301],[-118.1927439,33.7628359],[-118.192764,33.7628425],[-118.1928419,33.7628736],[-118.1928704,33.7628863],[-118.1928889,33.7628956],[-118.1929339,33.7629205],[-118.1929604,33.7629361],[-118.1930109,33.76297],[-118.1931,33.7630353],[-118.1931259,33.7630515],[-118.1931535,33.7630657],[-118.1931822,33.7630783],[-118.193221,33.7630941],[-118.1934317,33.7631852],[-118.1934612,33.7631965],[-118.1935115,33.763213],[-118.1935998,33.7632468],[-118.1936273,33.7632611],[-118.1936988,33.7633015],[-118.1937828,33.7633424],[-118.1939529,33.7634208],[-118.1941056,33.7634882],[-118.1941809,33.7635235],[-118.1942477,33.763553],[-118.1944252,33.7636393],[-118.1944545,33.7636516],[-118.1944749,33.7636584],[-118.1944961,33.7636633],[-118.194507,33.7636648],[-118.194529,33.7636653],[-118.1945506,33.7636625],[-118.194571,33.7636565],[-118.1945895,33.7636475],[-118.1946066,33.7636369],[-118.1946475,33.7636089],[-118.194695,33.7635734],[-118.1947438,33.763538],[-118.1947587,33.7635251],[-118.1947724,33.7635111],[-118.1948346,33.7634376],[-118.1948811,33.7633879],[-118.1949258,33.763337],[-118.1949599,33.763302],[-118.1949894,33.7632756],[-118.1950131,33.7632571],[-118.195047,33.7632346],[-118.1950739,33.7632195],[-118.1951496,33.7631846],[-118.1951981,33.763165],[-118.1952671,33.7631392],[-118.1953069,33.7631252],[-118.1953671,33.7631053],[-118.1954079,33.7630933],[-118.1954596,33.7630804],[-118.1955017,33.7630724],[-118.1955655,33.7630633],[-118.1956833,33.763051],[-118.1957148,33.7630452],[-118.195735,33.7630391],[-118.1957542,33.7630314],[-118.1957724,33.7630221],[-118.1957893,33.7630113],[-118.1958047,33.7629991],[-118.1958187,33.7629858],[-118.1958315,33.7629715],[-118.1958719,33.7629184],[-118.1958916,33.762897],[-118.1959063,33.7628838],[-118.1959221,33.7628715],[-118.1959482,33.7628556],[-118.195967,33.7628468],[-118.1959868,33.7628397],[-118.1960074,33.7628342],[-118.1960285,33.7628303],[-118.19605,33.7628283],[-118.1960716,33.7628282],[-118.1960931,33.7628303],[-118.1961142,33.7628342],[-118.1961347,33.7628399],[-118.1961447,33.7628435],[-118.1961544,33.7628475],[-118.1961729,33.7628568],[-118.1961901,33.7628676],[-118.1962059,33.7628799],[-118.1962201,33.7628935],[-118.1962265,33.7629008],[-118.1962431,33.762924],[-118.196256,33.7629487],[-118.1962628,33.7629658],[-118.1962868,33.763035],[-118.196294,33.7630519],[-118.1963025,33.7630684],[-118.1963129,33.7630842],[-118.1963319,33.763106],[-118.1963537,33.7631259],[-118.1963696,33.7631381],[-118.1963952,33.7631548],[-118.1964315,33.7631744],[-118.1964877,33.7632013],[-118.1966105,33.7632579],[-118.1966662,33.7632855],[-118.1967114,33.76331],[-118.1967916,33.7633558],[-118.1968851,33.7634008],[-118.196931,33.7634246],[-118.1969662,33.7634456],[-118.1970166,33.7634796],[-118.1970521,33.7635001],[-118.1970799,33.7635139],[-118.1971654,33.7635524],[-118.1971929,33.7635664],[-118.1972106,33.7635766],[-118.1972356,33.7635935],[-118.1972507,33.7636061],[-118.1972645,33.7636197],[-118.1972766,33.7636342],[-118.197287,33.7636496],[-118.1972956,33.7636657],[-118.1973023,33.7636824],[-118.1973072,33.7636995],[-118.1973105,33.7637169],[-118.1973132,33.7637432],[-118.1973135,33.7637698],[-118.1973124,33.7637876],[-118.1973087,33.7638141],[-118.1973033,33.7638406],[-118.1972964,33.7638668],[-118.1972849,33.7639014],[-118.1972684,33.7639442],[-118.1972502,33.7639865],[-118.1971898,33.7641118],[-118.1971393,33.7642114],[-118.197121,33.7642441],[-118.1970921,33.7642924],[-118.1970672,33.7643324],[-118.1970311,33.7643879],[-118.1970099,33.7644193],[-118.1969877,33.7644502],[-118.1969639,33.7644803],[-118.1968391,33.7646274],[-118.1968218,33.7646503],[-118.1967946,33.7646892],[-118.1967744,33.7647211],[-118.1967609,33.7647457],[-118.1967261,33.7648214],[-118.1967095,33.7648548],[-118.1966949,33.7648791],[-118.1966836,33.7648946],[-118.1966708,33.7649093],[-118.1966562,33.7649228],[-118.1966396,33.7649347],[-118.1966211,33.7649445],[-118.1966009,33.7649517],[-118.1965794,33.7649558],[-118.1965683,33.7649566],[-118.1965462,33.7649557],[-118.1965245,33.764952],[-118.196514,33.7649493],[-118.1964935,33.7649423],[-118.196474,33.7649337],[-118.1964463,33.7649188],[-118.1964118,33.7648964],[-118.1963548,33.7648548],[-118.1962631,33.7647921],[-118.1961691,33.7647322],[-118.1961082,33.7646953],[-118.1960817,33.7646801],[-118.1959276,33.7645975],[-118.1958446,33.7645552],[-118.1957048,33.764487],[-118.1956219,33.7644447],[-118.1955844,33.7644268],[-118.1955362,33.7644067],[-118.1954863,33.7643895],[-118.1954374,33.7643705],[-118.19539,33.7643488],[-118.1953324,33.7643239],[-118.1952199,33.7642719],[-118.1950956,33.7642177],[-118.1950396,33.7641906],[-118.1949475,33.7641436],[-118.1948387,33.7640849],[-118.1948012,33.764067],[-118.1947155,33.7640287],[-118.1946596,33.7640014],[-118.194542,33.7639374],[-118.1944961,33.7639138],[-118.1944696,33.7638982],[-118.1943862,33.763841],[-118.1943436,33.7638134],[-118.1943083,33.7637926],[-118.1942622,33.7637692],[-118.1941673,33.7637263],[-118.1938281,33.7635679],[-118.19378,33.7635475],[-118.1936921,33.7635129],[-118.1936438,33.7634929],[-118.1934835,33.7634183],[-118.1931587,33.7632756],[-118.193063,33.763234],[-118.1929379,33.7631809],[-118.1929083,33.7631696],[-118.1928781,33.7631596],[-118.1928472,33.7631515],[-118.1928261,33.7631473],[-118.1927942,33.7631428],[-118.1927623,33.76314],[-118.1927412,33.7631402],[-118.1927205,33.7631426],[-118.1927005,33.7631474],[-118.1926909,33.7631507],[-118.1926727,33.7631592],[-118.1926641,33.7631642],[-118.192648,33.7631756],[-118.1926264,33.7631954],[-118.192614,33.7632101],[-118.1925981,33.7632337],[-118.1925519,33.7633152],[-118.1925252,33.7633645],[-118.1925173,33.7633814],[-118.1925108,33.7633986],[-118.1925001,33.7634336],[-118.1924855,33.763477],[-118.1924754,33.7635121],[-118.1924537,33.7635725],[-118.1924447,33.7636078],[-118.192438,33.7636435],[-118.192434,33.7636704],[-118.1924305,33.7637064],[-118.192427,33.7637874],[-118.1924233,33.7638414],[-118.1924199,33.7639406],[-118.1924178,33.7640487],[-118.192419,33.7640757],[-118.192422,33.7641026],[-118.192427,33.7641293],[-118.1924353,33.7641647],[-118.192439,33.7641916],[-118.1924408,33.7642186],[-118.1924418,33.7642727],[-118.1924444,33.7643178],[-118.1924445,33.7643358],[-118.192442,33.7643719],[-118.1924413,33.764399],[-118.1924382,33.764426],[-118.1924327,33.7644527],[-118.192428,33.7644703],[-118.1924133,33.7645136],[-118.1924084,33.7645312],[-118.1924051,33.764549],[-118.192403,33.764576],[-118.1924036,33.7646211],[-118.1924012,33.7646932],[-118.1924006,33.7648013],[-118.1923988,33.7648644],[-118.1923968,33.7650627],[-118.1923984,33.7652248],[-118.1923985,33.765342],[-118.1924002,33.7654321],[-118.1923998,33.7654682],[-118.1923983,33.7654952],[-118.1923842,33.7656656],[-118.1923815,33.7656831],[-118.1923775,33.7657005],[-118.1923665,33.765734],[-118.1923594,33.7657501],[-118.1923506,33.7657655],[-118.1923393,33.7657795],[-118.1923325,33.7657858],[-118.192325,33.7657915],[-118.1923087,33.7658016],[-118.1922911,33.7658105],[-118.1922724,33.7658183],[-118.1922626,33.7658216],[-118.1922422,33.7658268],[-118.1921999,33.7658333],[-118.1920821,33.7658456],[-118.1920282,33.7658483],[-118.191888,33.7658515],[-118.1918232,33.7658514],[-118.1917801,33.7658506],[-118.1917478,33.7658488],[-118.1917264,33.7658467],[-118.1916304,33.7658337],[-118.1916088,33.7658319],[-118.191587,33.7658311],[-118.1915436,33.7658316],[-118.1914574,33.7658355],[-118.1913928,33.7658368],[-118.1913173,33.7658355],[-118.191274,33.7658357],[-118.1912415,33.7658374],[-118.1912092,33.7658405],[-118.1911772,33.765845],[-118.1910821,33.7658612],[-118.1910501,33.7658648],[-118.1910179,33.7658669],[-118.1909856,33.7658669],[-118.1909102,33.7658624],[-118.1907808,33.7658578],[-118.1907592,33.7658577],[-118.1907376,33.7658589],[-118.1907161,33.7658612],[-118.1906203,33.7658747],[-118.1905774,33.7658787],[-118.1904912,33.7658834],[-118.1904048,33.7658846],[-118.1903616,33.7658837],[-118.1903293,33.7658814],[-118.1902333,33.7658692],[-118.1901903,33.765865],[-118.1901362,33.7658626],[-118.1900712,33.7658625],[-118.1900387,33.765864],[-118.189942,33.7658722],[-118.1897055,33.7658896],[-118.1895979,33.7658968],[-118.1895333,33.7659002],[-118.1894686,33.7659027],[-118.1894146,33.7659037],[-118.1893714,33.7659032],[-118.1893391,33.765902],[-118.189296,33.7658992],[-118.1891994,33.7658904],[-118.1891246,33.7658816],[-118.1890076,33.7658646],[-118.1889539,33.7658594],[-118.1889323,33.7658585],[-118.1888999,33.7658582],[-118.1887489,33.7658614],[-118.1887057,33.7658606],[-118.1886734,33.7658589],[-118.1886414,33.7658553],[-118.1886096,33.7658504],[-118.1885043,33.7658302],[-118.1884719,33.7658269],[-118.1884502,33.7658267],[-118.1884393,33.7658273],[-118.1883751,33.7658357],[-118.1883429,33.7658385],[-118.1883104,33.7658393],[-118.1882888,33.7658386],[-118.1882564,33.7658357],[-118.1882138,33.7658297],[-118.1881187,33.7658131],[-118.1880762,33.7658067],[-118.1880227,33.7658004],[-118.1879797,33.7657968],[-118.1879473,33.7657949],[-118.1879041,33.7657938],[-118.187753,33.7657938],[-118.1876128,33.7657887],[-118.1875374,33.7657842],[-118.1874193,33.7657741],[-118.1873441,33.7657684],[-118.1871933,33.7657595],[-118.1871073,33.7657535],[-118.1870322,33.7657464],[-118.1869898,33.76574],[-118.1869483,33.7657306],[-118.1868663,33.7657078],[-118.1868345,33.7657018],[-118.1868129,33.7656995],[-118.1867804,33.7656986],[-118.1866941,33.7657011],[-118.186597,33.7657013],[-118.1865755,33.765703],[-118.186522,33.765709],[-118.1864683,33.7657129],[-118.1864036,33.7657154],[-118.1863496,33.7657153],[-118.1863172,33.7657136],[-118.186285,33.7657108],[-118.1861242,33.7656944],[-118.1860389,33.7656837],[-118.1859424,33.7656748],[-118.1858886,33.7656707]]}},{"type":"Feature","properties":{"role":"surface","rings":["outer","inner"],"area_m2":null},"geometry":{"type":"Polygon","coordinates":[[[-118.1858789,33.7657574],[-118.1858336,33.7657515],[-118.1857974,33.7657458],[-118.1857593,33.7657379],[-118.1857334,33.7657311],[-118.1856946,33.7657183],[-118.1856694,33.7657079],[-118.185645,33.7656961],[-118.1856216,33.765683],[-118.1855996,33.7656687],[-118.1855696,33.7656461],[-118.1855423,33.7656225],[-118.1855167,33.7655968],[-118.1855007,33.7655778],[-118.1854864,33.7655573],[-118.1854745,33.7655357],[-118.1854608,33.7655026],[-118.1854542,33.7654806],[-118.1854494,33.7654588],[-118.1854461,33.7654375],[-118.1854441,33.7654168],[-118.1854389,33.7652666],[-118.1854383,33.7652103],[-118.1854406,33.7651446],[-118.1854509,33.7649852],[-118.1854566,33.7648222],[-118.1854715,33.7646426],[-118.1854727,33.7646001],[-118.1854714,33.764567],[-118.1854673,33.7645343],[-118.1854589,33.7644941],[-118.1854497,33.7644626],[-118.1854383,33.7644324],[-118.1854243,33.7644036],[-118.1854076,33.764376],[-118.1853885,33.7643501],[-118.1853722,33.7643325],[-118.1853599,33.764322],[-118.1853397,33.7643073],[-118.1852805,33.7642703],[-118.1852651,33.7642624],[-118.1852413,33.764252],[-118.1851997,33.7642371],[-118.1851733,33.7642293],[-118.185136,33.7642199],[-118.1849439,33.7641782],[-118.1849267,33.7641754],[-118.1849031,33.7641731],[-118.1848805,33.7641722],[-118.184857,33.7641727],[-118.1848321,33.7641745],[-118.184806,33.7641775],[-118.1847521,33.7641864],[-118.1846627,33.764206],[-118.184627,33.7642156],[-118.1846006,33.7642239],[-118.184575,33.764233],[-118.1845506,33.7642431],[-118.1845278,33.7642541],[-118.1845132,33.7642622],[-118.1844989,33.764271],[-118.1844774,33.7642858],[-118.1844216,33.7643286],[-118.1844019,33.7643427],[-118.1843795,33.7643568],[-118.1843535,33.7643702],[-118.184339,33.7643763],[-118.1843236,33.7643817],[-118.1843072,33.7643861],[-118.1842899,33.7643895],[-118.1842719,33.7643915],[-118.1842535,33.7643921],[-118.1842348,33.7643911],[-118.1842163,33.7643884],[-118.1841981,33.7643841],[-118.1841805,33.7643782],[-118.1841638,33.7643708],[-118.1841483,33.764362],[-118.184134,33.7643519],[-118.1841211,33.7643408],[-118.1841096,33.7643287],[-118.1840998,33.7643158],[-118.1840916,33.7643023],[-118.1840851,33.7642883],[-118.1840803,33.764274],[-118.1840772,33.7642595],[-118.1840757,33.7642451],[-118.1840757,33.7642308],[-118.1840771,33.7642168],[-118.1840797,33.7642033],[-118.1840874,33.7641773],[-118.1840981,33.7641533],[-118.1841048,33.7641423],[-118.1841125,33.7641322],[-118.1841208,33.764123],[-118.1841379,33.7641064],[-118.1842213,33.7640287],[-118.1842817,33.7639758],[-118.1843272,33.7639326],[-118.1843443,33.7639194],[-118.1843956,33.7638838],[-118.1844925,33.7638102],[-118.1845184,33.7637922],[-118.1845363,33.7637807],[-118.1846346,33.7637212],[-118.1846776,33.7636943],[-118.1847115,33.7636723],[-118.1847622,33.7636373],[-118.1848064,33.7636104],[-118.1848924,33.7635557],[-118.1849543,33.7635174],[-118.1850421,33.7634679],[-118.1850739,33.7634477],[-118.1851041,33.7634265],[-118.185126,33.7634096],[-118.1852238,33.7633259],[-118.1852483,33.7633058],[-118.185283,33.7632796],[-118.1853108,33.7632606],[-118.1853305,33.7632484],[-118.1853514,33.7632367],[-118.1853847,33.7632206],[-118.1854294,33.7632022],[-118.1855088,33.7631746],[-118.1855353,33.7631642],[-118.1855957,33.7631354],[-118.1856559,33.7631033],[-118.1857236,33.7630622],[-118.1858113,33.7630108],[-118.1858985,33.7629578],[-118.1859687,33.7629163],[-118.18603,33.7628785],[-118.1861093,33.762832],[-118.1861528,33.7628053],[-118.1862978,33.7627217],[-118.1863653,33.7626781],[-118.18642,33.7626447],[-118.1866006,33.7625402],[-118.1867523,33.7624494],[-118.1869221,33.7623538],[-118.1870152,33.7622951],[-118.1870778,33.7622577],[-118.1871137,33.7622373],[-118.1872246,33.7621772],[-118.1873382,33.7621209],[-118.1874529,33.7620663],[-118.1875601,33.7620203],[-118.1876951,33.7619646],[-118.1877457,33.7619444],[-118.1877987,33.7619247],[-118.1878521,33.7619066],[-118.1878954,33.7618934],[-118.1879175,33.7618877],[-118.1879614,33.7618786],[-118.1879821,33.7618736],[-118.1880823,33.7618457],[-118.1881336,33.7618325],[-118.1881972,33.7618173],[-118.1882508,33.7618054],[-118.1884009,33.7617757],[-118.1885967,33.7617434],[-118.1886408,33.761738],[-118.1887383,33.7617278],[-118.1888705,33.7617175],[-118.189041,33.7617081],[-118.1890614,33.7617059],[-118.1891028,33.7616996],[-118.1891463,33.761694],[-118.1892147,33.7616871],[-118.1892618,33.7616848],[-118.1893211,33.761685],[-118.1893675,33.7616874],[-118.1894127,33.761691],[-118.1895653,33.7617065],[-118.189696,33.7617227],[-118.1898019,33.7617394],[-118.1898662,33.7617479],[-118.1899336,33.7617557],[-118.1899675,33.7617627],[-118.1900311,33.7617789],[-118.1900939,33.7617893],[-118.1901259,33.7617957],[-118.1902639,33.7618285],[-118.1903177,33.7618428],[-118.1903815,33.7618626],[-118.1904539,33.7618883],[-118.1906521,33.7619646],[-118.1908584,33.7620456],[-118.1908983,33.762062],[-118.1909281,33.7620753],[-118.191033,33.7621267],[-118.191098,33.7621572],[-118.19121,33.7622048],[-118.1913056,33.7622414],[-118.1913951,33.7622731],[-118.1914448,33.7622915],[-118.1914864,33.7623045],[-118.1915853,33.7623439],[-118.1917129,33.7623923],[-118.1921697,33.7625764],[-118.1922399,33.7626032],[-118.1923758,33.7626617],[-118.1924696,33.7626988],[-118.1925049,33.7627106],[-118.1925224,33.7627152],[-118.192549,33.7627206],[-118.1925863,33.7627257],[-118.1926488,33.7627313],[-118.1926831,33.7627353],[-118.1927189,33.762741],[-118.1927676,33.7627511],[-118.1927917,33.7627575],[-118.1928148,33.7627654],[-118.1928911,33.7627953],[-118.1929234,33.7628094],[-118.1929445,33.7628199],[-118.1930051,33.7628538],[-118.193053,33.762884],[-118.1931291,33.7629372],[-118.1931652,33.7629611],[-118.1931784,33.7629693],[-118.1931991,33.7629803],[-118.1932312,33.7629947],[-118.1933496,33.7630447],[-118.1934815,33.7631028],[-118.1935168,33.7631169],[-118.1936065,33.7631507],[-118.1936605,33.7631737],[-118.1937017,33.7631939],[-118.1937928,33.763241],[-118.1938649,33.7632759],[-118.1940526,33.7633622],[-118.194109,33.7633891],[-118.1941761,33.7634186],[-118.1943177,33.7634832],[-118.1943913,33.7635204],[-118.1944681,33.7635633],[-118.1944908,33.763575],[-118.1945101,33.7635828],[-118.1945251,33.763586],[-118.1945415,33.7635872],[-118.1945512,33.7635867],[-118.1945567,33.7635856],[-118.1945692,33.763582],[-118.1945908,33.7635731],[-118.1946137,33.7635607],[-118.1946506,33.7635352],[-118.1946997,33.7635061],[-118.1947225,33.7634897],[-118.1947292,33.7634835],[-118.1947416,33.7634701],[-118.1947968,33.763403],[-118.194837,33.76336],[-118.194867,33.7633215],[-118.1948862,33.7632983],[-118.1949066,33.763275],[-118.1949285,33.7632518],[-118.1949609,33.763222],[-118.1949876,33.7632012],[-118.1950162,33.7631821],[-118.1950561,33.7631598],[-118.1950763,33.7631499],[-118.1951066,33.7631363],[-118.1951579,33.7631162],[-118.1953326,33.763054],[-118.195375,33.7630404],[-118.1954078,33.763031],[-118.1954527,33.7630196],[-118.1954868,33.7630132],[-118.1955545,33.7630034],[-118.1956688,33.7629906],[-118.1956934,33.7629861],[-118.1957145,33.76298],[-118.1957271,33.7629748],[-118.1957442,33.7629652],[-118.1957548,33.7629573],[-118.1957652,33.7629479],[-118.1957809,33.7629307],[-118.1958241,33.7628768],[-118.1958401,33.7628598],[-118.1958582,33.7628432],[-118.1958784,33.7628275],[-118.1958892,33.7628201],[-118.1959123,33.7628066],[-118.1959245,33.7628006],[-118.1959499,33.7627901],[-118.1959765,33.7627817],[-118.196004,33.7627756],[-118.1960323,33.7627718],[-118.196061,33.7627704],[-118.1960899,33.7627716],[-118.1961186,33.7627753],[-118.1961327,33.7627781],[-118.1961603,33.7627856],[-118.1961737,33.7627903],[-118.1961868,33.7627956],[-118.1962118,33.7628079],[-118.1962237,33.7628148],[-118.1962462,33.7628301],[-118.1962665,33.7628472],[-118.1962757,33.7628564],[-118.1962841,33.762866],[-118.1962985,33.7628861],[-118.1963155,33.7629168],[-118.1963277,33.7629469],[-118.1963492,33.7630156],[-118.1963544,33.7630298],[-118.1963603,33.7630431],[-118.1963682,33.7630551],[-118.1963779,33.763066],[-118.1963945,33.7630812],[-118.1964068,33.763091],[-118.1964275,33.763105],[-118.1964589,33.7631225],[-118.1966419,33.7632123],[-118.1966989,33.7632419],[-118.1968236,33.7633136],[-118.1969151,33.7633609],[-118.1969621,33.7633864],[-118.1970508,33.763439],[-118.1970757,33.763453],[-118.197119,33.7634743],[-118.1972066,33.7635134],[-118.1972374,33.7635292],[-118.1972579,33.7635412],[-118.1972778,33.7635546],[-118.1972968,33.7635696],[-118.1973145,33.7635862],[-118.1973305,33.7636043],[-118.1973444,33.7636238],[-118.1973559,33.7636443],[-118.197365,33.7636655],[-118.1973717,33.763687],[-118.1973762,33.7637086],[-118.1973795,33.7637406],[-118.1973797,33.7637615],[-118.1973777,33.7637923],[-118.197373,33.7638223],[-118.1973648,33.763861],[-118.1973569,33.7638893],[-118.1973445,33.7639261],[-118.1973271,33.7639707],[-118.1973115,33.7640061],[-118.1972985,33.7640321],[-118.1972757,33.764074],[-118.197247,33.7641327],[-118.1971995,33.7642236],[-118.19717,33.764274],[-118.1971446,33.7643151],[-118.1971238,33.7643473],[-118.1970692,33.7644268],[-118.1970347,33.7644749],[-118.197016,33.7644983],[-118.1969706,33.7645502],[-118.1968971,33.7646383],[-118.196869,33.7646746],[-118.1968428,33.7647116],[-118.1968241,33.7647415],[-118.1968119,33.7647648],[-118.1968052,33.7647811],[-118.19678,33.7648513],[-118.1967637,33.7648891],[-118.1967472,33.7649186],[-118.1967331,33.7649386],[-118.1967248,33.7649485],[-118.1967055,33.764968],[-118.1966944,33.7649773],[-118.1966821,33.7649862],[-118.1966688,33.7649945],[-118.1966545,33.765002],[-118.1966391,33.7650087],[-118.196623,33.7650143],[-118.1966061,33.7650186],[-118.1965888,33.7650217],[-118.1965712,33.7650233],[-118.1965538,33.7650236],[-118.1965366,33.7650226],[-118.1965198,33.7650206],[-118.1965037,33.7650177],[-118.1964734,33.7650097],[-118.1964458,33.7649996],[-118.1964093,33.7649824],[-118.1963875,33.7649702],[-118.1963674,33.7649579],[-118.1963487,33.7649455],[-118.1963065,33.7649157],[-118.1962042,33.7648525],[-118.1960515,33.764765],[-118.1958942,33.764682],[-118.1957931,33.7646296],[-118.1956617,33.7645646],[-118.1955546,33.7645095],[-118.1955289,33.7644977],[-118.1955026,33.7644871],[-118.1954448,33.7644679],[-118.1954025,33.7644552],[-118.1953825,33.7644476],[-118.1953458,33.7644304],[-118.1952572,33.7643922],[-118.1951571,33.7643458],[-118.1950768,33.7643142],[-118.1950081,33.7642849],[-118.1949697,33.7642675],[-118.1949231,33.7642441],[-118.1948584,33.7642095],[-118.1947813,33.764163],[-118.1947561,33.7641487],[-118.1947299,33.7641352],[-118.1946057,33.7640747],[-118.1945404,33.7640387],[-118.1944782,33.7640029],[-118.1944293,33.7639776],[-118.1944102,33.7639652],[-118.1943268,33.7639041],[-118.1942879,33.7638779],[-118.1942562,33.763859],[-118.1942139,33.7638379],[-118.194017,33.7637483],[-118.1937681,33.7636259],[-118.1937137,33.7636002],[-118.1935779,33.7635377],[-118.1934564,33.7634786],[-118.1932672,33.763395],[-118.1930272,33.7632911],[-118.1929607,33.763263],[-118.1929063,33.7632381],[-118.1928621,33.7632208],[-118.1928358,33.7632123],[-118.192818,33.7632076],[-118.1927594,33.7631971],[-118.1927459,33.7631962],[-118.1927287,33.7631978],[-118.1927137,33.7632024],[-118.1926987,33.7632105],[-118.1926828,33.7632225],[-118.1926726,33.7632333],[-118.1926635,33.763246],[-118.1926549,33.7632601],[-118.1925811,33.763391],[-118.192575,33.7634073],[-118.192573,33.7634158],[-118.1925689,33.7634504],[-118.1925606,33.7634941],[-118.1925554,33.7635308],[-118.1925502,33.7635482],[-118.192538,33.7635807],[-118.1925312,33.7636045],[-118.1925234,33.7636444],[-118.192519,33.7636769],[-118.1925165,33.7637193],[-118.1925191,33.7638012],[-118.1925188,33.763837],[-118.1925133,33.7639608],[-118.1925073,33.7640386],[-118.1925057,33.7640711],[-118.1925063,33.764095],[-118.1925079,33.7641114],[-118.1925167,33.7641557],[-118.1925186,33.7641751],[-118.1925189,33.7642048],[-118.1925174,33.7642712],[-118.1925212,33.7643276],[-118.1925183,33.764375],[-118.1925197,33.7644041],[-118.1925192,33.7644242],[-118.1925142,33.7644952],[-118.1925083,33.7645374],[-118.1925072,33.7645522],[-118.1925078,33.764574],[-118.1925128,33.7646142],[-118.1925136,33.764632],[-118.1925119,33.7647045],[-118.1925122,33.7647485],[-118.1925138,33.7648012],[-118.1925109,33.7648648],[-118.1925111,33.7649195],[-118.192509,33.7650727],[-118.1925094,33.7651504],[-118.1925114,33.76526],[-118.192512,33.7654409],[-118.1925103,33.7654783],[-118.1925074,33.7655058],[-118.1924938,33.7655879],[-118.1924838,33.765665],[-118.1924783,33.7656961],[-118.1924733,33.7657175],[-118.1924671,33.7657396],[-118.1924592,33.7657625],[-118.1924489,33.7657866],[-118.1924424,33.7657988],[-118.1924348,33.765811],[-118.192426,33.7658231],[-118.192416,33.7658349],[-118.1924049,33.7658462],[-118.1923927,33.7658568],[-118.1923798,33.7658667],[-118.1923661,33.7658757],[-118.1923519,33.7658838],[-118.1923374,33.765891],[-118.1923083,33.7659029],[-118.1922939,33.7659076],[-118.192266,33.7659147],[-118.1922276,33.7659213],[-118.1921818,33.7659267],[-118.1921035,33.7659346],[-118.1920566,33.7659377],[-118.1918783,33.7659409],[-118.1918114,33.7659406],[-118.1917647,33.765939],[-118.1917406,33.7659371],[-118.1917167,33.7659341],[-118.1916124,33.7659137],[-118.1915938,33.7659117],[-118.1915751,33.7659108],[-118.1915457,33.7659107],[-118.1913926,33.7659139],[-118.1912869,33.765913],[-118.1912582,33.7659142],[-118.1912209,33.7659185],[-118.1911926,33.7659237],[-118.191131,33.7659379],[-118.1910961,33.7659448],[-118.191071,33.7659486],[-118.1910318,33.7659527],[-118.1910058,33.7659545],[-118.1909811,33.7659544],[-118.190916,33.7659488],[-118.1907836,33.765944],[-118.1907649,33.7659445],[-118.1907465,33.7659469],[-118.190645,33.7659654],[-118.190622,33.7659686],[-118.1905521,33.7659757],[-118.1904724,33.7659808],[-118.1903926,33.7659812],[-118.1903449,33.7659788],[-118.1903086,33.7659741],[-118.1902327,33.7659583],[-118.1902032,33.7659539],[-118.1901534,33.7659504],[-118.1900841,33.7659489],[-118.1900454,33.7659502],[-118.1899613,33.7659574],[-118.1897458,33.765971],[-118.1896261,33.7659775],[-118.1894937,33.7659823],[-118.1894373,33.765983],[-118.1893912,33.7659824],[-118.1893219,33.7659792],[-118.1892326,33.7659717],[-118.1891445,33.7659623],[-118.1890149,33.7659457],[-118.1889655,33.7659414],[-118.1889374,33.7659409],[-118.1889089,33.7659419],[-118.1888153,33.7659493],[-118.1887472,33.7659528],[-118.1887003,33.765953],[-118.1886638,33.7659512],[-118.1886267,33.7659467],[-118.188579,33.7659383],[-118.1885463,33.7659308],[-118.1884813,33.7659134],[-118.1884567,33.7659087],[-118.1884315,33.7659069],[-118.1883816,33.7659078],[-118.1883213,33.7659072],[-118.1882961,33.765906],[-118.1882591,33.7659028],[-118.1882119,33.7658959],[-118.1881169,33.7658764],[-118.1880767,33.7658688],[-118.1880254,33.7658611],[-118.1879842,33.7658565],[-118.1879431,33.7658534],[-118.1879121,33.7658525],[-118.1877509,33.7658547],[-118.187641,33.7658538],[-118.1875531,33.7658517],[-118.1874981,33.7658485],[-118.1873055,33.7658331],[-118.1871102,33.7658195],[-118.1870116,33.7658065],[-118.1869763,33.7658011],[-118.1869409,33.7657944],[-118.1868753,33.7657798],[-118.1868553,33.7657762],[-118.1868361,33.7657739],[-118.1868177,33.7657731],[-118.1867999,33.7657739],[-118.1867168,33.765785],[-118.1866851,33.7657875],[-118.1866048,33.7657921],[-118.1865219,33.7658006],[-118.1864872,33.7658035],[-118.1864278,33.7658062],[-118.1863673,33.7658063],[-118.1863313,33.7658049],[-118.1862963,33.765802],[-118.1860465,33.7657746],[-118.1859743,33.7657684],[-118.1858789,33.7657574]],[[-118.1858984,33.765584],[-118.1858207,33.7655821],[-118.1857878,33.7655788],[-118.1857726,33.7655758],[-118.1857581,33.7655717],[-118.1857443,33.7655667],[-118.1857245,33.7655579],[-118.1857116,33.7655508],[-118.1857056,33.7655464],[-118.185684,33.7655251],[-118.1856515,33.7654953],[-118.1856433,33.7654852],[-118.1856365,33.7654744],[-118.1856309,33.7654629],[-118.1856265,33.7654505],[-118.1856195,33.7654237],[-118.1856147,33.7653937],[-118.1856043,33.7652813],[-118.1856015,33.7652292],[-118.1856024,33.7651777],[-118.1856091,33.7650705],[-118.1856116,33.7650148],[-118.1856132,33.7648169],[-118.1856204,33.7646918],[-118.1856222,33.764645],[-118.1856217,33.7645873],[-118.1856197,33.7645578],[-118.1856163,33.7645282],[-118.1856073,33.764479],[-118.1855998,33.7644497],[-118.1855939,33.7644302],[-118.1855795,33.7643911],[-118.1855611,33.7643526],[-118.1855388,33.7643154],[-118.1855262,33.7642973],[-118.1855125,33.7642795],[-118.1854895,33.7642537],[-118.1854728,33.7642373],[-118.1854552,33.7642218],[-118.1854184,33.7641937],[-118.1853896,33.7641746],[-118.1853696,33.7641625],[-118.1853487,33.764151],[-118.1853271,33.7641402],[-118.185305,33.7641302],[-118.1852825,33.7641211],[-118.1852598,33.764113],[-118.1852256,33.7641022],[-118.1851917,33.764093],[-118.1851279,33.7640773],[-118.1850995,33.764069],[-118.185073,33.7640586],[-118.1850066,33.7640255],[-118.184983,33.7640159],[-118.1849703,33.7640116],[-118.1849435,33.7640045],[-118.1849156,33.7639995],[-118.1848875,33.7639965],[-118.1848598,33.7639953],[-118.1848329,33.7639953],[-118.1847938,33.7639974],[-118.1847562,33.7640012],[-118.1847193,33.7640064],[-118.1846829,33.764013],[-118.184659,33.7640184],[-118.1846236,33.7640279],[-118.184589,33.764039],[-118.1845554,33.7640519],[-118.1845122,33.7640714],[-118.18447,33.7640932],[-118.1844285,33.7641176],[-118.1843984,33.7641377],[-118.1843616,33.7641661],[-118.184337,33.7641875],[-118.1843096,33.7642147],[-118.1842966,33.7642254],[-118.1842693,33.7642436],[-118.1842557,33.7642513],[-118.1842468,33.7642548],[-118.1842428,33.7642555],[-118.1842386,33.7642552],[-118.1842326,33.7642522],[-118.1842287,33.7642462],[-118.1842279,33.7642409],[-118.1842295,33.7642313],[-118.1842345,33.7642198],[-118.1842398,33.7642111],[-118.1842512,33.7641961],[-118.1842727,33.764173],[-118.1843818,33.7640657],[-118.1844164,33.764034],[-118.1844377,33.7640166],[-118.1844603,33.7639997],[-118.1845896,33.7639065],[-118.1846295,33.763879],[-118.1846713,33.7638532],[-118.184856,33.7637449],[-118.1850069,33.7636594],[-118.1851336,33.7635902],[-118.1851809,33.7635623],[-118.1852088,33.7635443],[-118.1852447,33.7635194],[-118.1853343,33.7634526],[-118.185373,33.7634248],[-118.1854112,33.7633988],[-118.1854414,33.7633799],[-118.1854711,33.7633638],[-118.1854942,33.7633533],[-118.1855898,33.7633165],[-118.185632,33.7632986],[-118.1856827,33.7632745],[-118.1857406,33.7632441],[-118.1857875,33.7632178],[-118.1858417,33.7631861],[-118.1860969,33.7630331],[-118.1862466,33.762945],[-118.1863166,33.7629026],[-118.1863618,33.762874],[-118.1863796,33.7628615],[-118.1863966,33.7628482],[-118.1864204,33.7628271],[-118.1864845,33.7627653],[-118.1864991,33.7627531],[-118.1865222,33.762736],[-118.1865709,33.762703],[-118.1867061,33.7626148],[-118.1867487,33.7625882],[-118.1868175,33.7625475],[-118.1868356,33.7625383],[-118.1869664,33.7624765],[-118.1870047,33.762457],[-118.1870423,33.762436],[-118.1871028,33.7623982],[-118.1871657,33.7623652],[-118.1872268,33.7623294],[-118.1873248,33.7622774],[-118.1874516,33.7622125],[-118.1874702,33.7622039],[-118.1875919,33.762152],[-118.1876591,33.7621225],[-118.1876973,33.7621048],[-118.1877804,33.762064],[-118.1878432,33.7620362],[-118.1878619,33.7620304],[-118.1879583,33.762006],[-118.188052,33.7619893],[-118.1881065,33.7619805],[-118.1881279,33.7619758],[-118.1882099,33.7619542],[-118.1882911,33.7619362],[-118.1883836,33.7619175],[-118.188466,33.7619027],[-118.188549,33.7618897],[-118.188621,33.76188],[-118.1887154,33.76187],[-118.1887994,33.7618622],[-118.1888622,33.7618577],[-118.1890463,33.7618466],[-118.1891764,33.7618344],[-118.1892166,33.7618313],[-118.1892753,33.7618293],[-118.1893341,33.7618309],[-118.1894052,33.7618363],[-118.1895424,33.7618497],[-118.1895948,33.7618571],[-118.1896576,33.7618644],[-118.189731,33.7618746],[-118.1898067,33.7618838],[-118.1899181,33.7619015],[-118.1899476,33.7619074],[-118.1902458,33.7619728],[-118.1902849,33.7619828],[-118.1903626,33.7620055],[-118.1904408,33.7620303],[-118.1906093,33.7620888],[-118.1908337,33.7621727],[-118.1909084,33.7622029],[-118.1910616,33.7622714],[-118.1911411,33.7623045],[-118.1912219,33.7623351],[-118.1913618,33.7623838],[-118.1914291,33.7624096],[-118.191466,33.7624253],[-118.1915327,33.7624556],[-118.1915727,33.7624707],[-118.1917962,33.762559],[-118.191893,33.7625982],[-118.1919505,33.7626223],[-118.1921595,33.7627164],[-118.1923453,33.7628067],[-118.1923955,33.7628295],[-118.192428,33.7628429],[-118.1924739,33.7628589],[-118.1925094,33.7628691],[-118.1925444,33.7628775],[-118.1926386,33.7628973],[-118.1926746,33.7629065],[-118.1927163,33.7629206],[-118.1927755,33.7629444],[-118.1928254,33.7629672],[-118.1928962,33.7630064],[-118.1929189,33.7630213],[-118.1929495,33.7630432],[-118.1930156,33.7630954],[-118.1930349,33.7631096],[-118.1930668,33.76313],[-118.1931005,33.7631476],[-118.1931225,33.7631576],[-118.1931732,33.7631778],[-118.1932268,33.7632024],[-118.193382,33.7632676],[-118.1934146,33.7632795],[-118.193468,33.7632948],[-118.1935054,33.7633095],[-118.1935414,33.7633213],[-118.1935498,33.7633248],[-118.1935654,33.7633336],[-118.1936309,33.7633751],[-118.1937281,33.763422],[-118.1937763,33.7634443],[-118.1939293,33.7635136],[-118.1940543,33.7635662],[-118.194129,33.7636024],[-118.1941964,33.7636317],[-118.1942623,33.7636631],[-118.19434,33.7636979],[-118.1943713,33.763711],[-118.1944057,33.763724],[-118.1944315,33.7637324],[-118.1944607,33.7637395],[-118.1944766,33.7637423],[-118.1944934,33.7637441],[-118.1945109,33.7637448],[-118.1945287,33.7637441],[-118.1945465,33.7637419],[-118.1945639,33.7637381],[-118.1945805,33.7637327],[-118.1945958,33.7637259],[-118.1946098,33.763718],[-118.1946223,33.7637095],[-118.1946439,33.7636918],[-118.1946802,33.7636598],[-118.1947394,33.7636115],[-118.194772,33.7635842],[-118.1947878,33.76357],[-118.1948022,33.7635547],[-118.1948469,33.7635001],[-118.1948659,33.7634786],[-118.1949451,33.7633948],[-118.1949856,33.7633551],[-118.1950132,33.763331],[-118.1950418,33.7633093],[-118.1950642,33.7632945],[-118.1950953,33.7632766],[-118.1951118,33.7632686],[-118.1951563,33.7632505],[-118.1952003,33.7632289],[-118.1952843,33.7631949],[-118.1953228,33.7631813],[-118.1954106,33.7631546],[-118.1954683,33.7631405],[-118.1954971,33.7631349],[-118.1955265,33.7631301],[-118.1955766,33.7631232],[-118.195662,33.7631155],[-118.1957104,33.7631097],[-118.1957362,33.7631044],[-118.1957492,33.7631006],[-118.1957749,33.7630909],[-118.1957999,33.7630791],[-118.1958234,33.7630652],[-118.1958344,33.7630575],[-118.1958546,33.763041],[-118.1958722,33.7630236],[-118.1958873,33.763006],[-118.1959322,33.7629453],[-118.1959487,33.7629291],[-118.1959658,33.7629156],[-118.195984,33.7629045],[-118.195997,33.7628986],[-118.1960106,33.7628937],[-118.1960246,33.76289],[-118.1960389,33.7628873],[-118.1960606,33.7628856],[-118.1960749,33.7628864],[-118.1960889,33.7628887],[-118.1961092,33.7628942],[-118.196122,33.7628993],[-118.196134,33.7629056],[-118.1961451,33.762913],[-118.1961551,33.7629215],[-118.196169,33.7629355],[-118.1961814,33.7629515],[-118.1961919,33.7629705],[-118.1962244,33.7630544],[-118.1962389,33.7630839],[-118.1962509,33.7631036],[-118.1962648,33.7631228],[-118.196289,33.7631495],[-118.1963069,33.7631658],[-118.1963356,33.7631874],[-118.1963655,33.7632059],[-118.1964057,33.7632268],[-118.1964551,33.7632494],[-118.1965698,33.7632994],[-118.1966155,33.7633204],[-118.1966511,33.763338],[-118.1966865,33.7633567],[-118.1967596,33.763398],[-118.1968369,33.7634322],[-118.1968912,33.7634582],[-118.1969086,33.7634677],[-118.1969254,33.763478],[-118.1969824,33.7635202],[-118.1970103,33.7635375],[-118.1970498,33.7635577],[-118.1971258,33.763592],[-118.1971587,33.7636092],[-118.1971805,33.7636228],[-118.1971934,33.7636324],[-118.1972047,33.7636425],[-118.1972144,33.7636531],[-118.1972227,33.7636641],[-118.1972296,33.7636755],[-118.1972352,33.7636872],[-118.1972412,33.7637056],[-118.1972448,33.7637251],[-118.197247,33.7637459],[-118.1972477,33.7637678],[-118.1972471,33.7637828],[-118.1972455,33.7637982],[-118.1972414,33.7638218],[-118.1972354,33.7638457],[-118.1972279,33.7638697],[-118.1972159,33.763902],[-118.1971993,33.7639427],[-118.1971559,33.7640407],[-118.1971043,33.7641499],[-118.1970799,33.7641989],[-118.1970671,33.7642225],[-118.196992,33.7643493],[-118.196972,33.7643804],[-118.1969462,33.7644182],[-118.1969241,33.7644474],[-118.1969004,33.7644764],[-118.1968387,33.7645501],[-118.1967927,33.7646021],[-118.1967805,33.7646178],[-118.196752,33.7646586],[-118.1967248,33.7647006],[-118.1966688,33.7648007],[-118.1966552,33.7648231],[-118.1966413,33.7648434],[-118.1966316,33.7648553],[-118.1966218,33.7648656],[-118.1966118,33.7648741],[-118.1966019,33.7648807],[-118.1965924,33.7648853],[-118.1965832,33.7648883],[-118.1965744,33.7648897],[-118.1965608,33.7648895],[-118.1965454,33.7648863],[-118.1965278,33.7648797],[-118.1965149,33.7648734],[-118.1964945,33.7648612],[-118.1964658,33.7648411],[-118.1963873,33.7647807],[-118.196322,33.7647316],[-118.1962796,33.7647011],[-118.1962362,33.7646714],[-118.1961831,33.764637],[-118.196128,33.7646035],[-118.1960719,33.7645719],[-118.1960069,33.7645369],[-118.195924,33.7644942],[-118.1958036,33.7644356],[-118.1957573,33.7644142],[-118.1957017,33.7643859],[-118.195652,33.7643617],[-118.1955894,33.7643338],[-118.1955684,33.7643255],[-118.1955375,33.7643147],[-118.1955185,33.764307],[-118.1954637,33.7642805],[-118.1953772,33.7642421],[-118.1952997,33.7642054],[-118.1952455,33.7641812],[-118.1951539,33.7641378],[-118.1950547,33.7640854],[-118.1949261,33.7640204],[-118.1948859,33.7640025],[-118.1947854,33.7639618],[-118.1947578,33.7639495],[-118.1947222,33.7639325],[-118.1945369,33.7638357],[-118.1945051,33.7638169],[-118.1944366,33.763772],[-118.1943993,33.7637488],[-118.1943505,33.7637207],[-118.1943105,33.7637005],[-118.1942411,33.7636695],[-118.1941659,33.7636335],[-118.1940821,33.7635951],[-118.1939484,33.7635366],[-118.1938906,33.7635098],[-118.1938602,33.7634972],[-118.1938292,33.7634856],[-118.1937279,33.7634518],[-118.1936711,33.7634305],[-118.1935395,33.7633709],[-118.1933942,33.763308],[-118.1931846,33.7632141],[-118.1930501,33.7631564],[-118.1929694,33.7631236],[-118.1929258,33.7631083],[-118.1928912,33.7630983],[-118.1928675,33.7630931],[-118.1928309,33.7630872],[-118.1927925,33.7630837],[-118.1927653,33.763083],[-118.1927366,33.7630842],[-118.1927069,33.7630883],[-118.192692,33.7630916],[-118.1926774,33.7630959],[-118.1926631,33.763101],[-118.1926495,33.763107],[-118.1926365,33.7631137],[-118.192613,33.763129],[-118.1925928,33.7631458],[-118.1925753,33.7631632],[-118.1925601,33.7631808],[-118.1925414,33.7632074],[-118.1924923,33.7632932],[-118.1924784,33.7633193],[-118.1924144,33.7634514],[-118.192399,33.7634849],[-118.1923849,33.7635193],[-118.1923719,33.7635564],[-118.1923618,33.7635953],[-118.1923521,33.7636443],[-118.1923464,33.7636831],[-118.1923364,33.7637741],[-118.1923287,33.7638279],[-118.1923257,33.7639289],[-118.1923256,33.7639655],[-118.192329,33.7640505],[-118.1923322,33.7640803],[-118.19234,33.7641199],[-118.1923559,33.7641819],[-118.1923606,33.7642062],[-118.1923628,33.7642226],[-118.1923674,33.7643003],[-118.1923681,33.764326],[-118.1923676,33.7643431],[-118.1923639,33.7643856],[-118.1923615,33.7644019],[-118.1923578,33.7644175],[-118.1923491,33.76444],[-118.1923218,33.7644882],[-118.192313,33.7645074],[-118.1923092,33.7645175],[-118.1923008,33.7645494],[-118.1922976,33.7645705],[-118.1922956,33.7645908],[-118.1922913,33.7646637],[-118.1922881,33.7647646],[-118.1922854,33.7649085],[-118.1922858,33.7649617],[-118.1922846,33.7650706],[-118.192286,33.7652183],[-118.1922852,33.7652793],[-118.1922858,33.7653517],[-118.1922886,33.7654587],[-118.1922876,33.7655205],[-118.1922875,33.7656248],[-118.1922856,33.7656632],[-118.1922817,33.7656834],[-118.1922757,33.7657007],[-118.1922682,33.7657171],[-118.1922648,33.7657224],[-118.1922601,33.7657254],[-118.1922482,33.7657286],[-118.1922366,33.7657336],[-118.1922253,33.7657373],[-118.1921936,33.7657426],[-118.1920822,33.7657547],[-118.192043,33.7657574],[-118.1920027,33.7657591],[-118.1918865,33.7657622],[-118.1917934,33.7657618],[-118.1917455,33.7657599],[-118.191639,33.7657522],[-118.191602,33.7657511],[-118.1915773,33.7657513],[-118.1915301,33.7657531],[-118.1914547,33.7657581],[-118.1913929,33.7657597],[-118.1913722,33.7657597],[-118.1913178,33.7657578],[-118.1912707,33.7657583],[-118.1912342,33.7657597],[-118.1911855,33.7657637],[-118.1910681,33.7657775],[-118.1910338,33.7657798],[-118.1909994,33.7657797],[-118.1907658,33.7657711],[-118.190741,33.7657708],[-118.1907164,33.7657714],[-118.1906925,33.7657728],[-118.1906168,33.7657813],[-118.1905776,33.7657844],[-118.1905179,33.7657865],[-118.1904154,33.7657878],[-118.1903663,33.7657877],[-118.190299,33.7657855],[-118.1901739,33.7657765],[-118.1901275,33.7657754],[-118.1900799,33.7657757],[-118.1900438,33.765777],[-118.190009,33.7657795],[-118.1896657,33.7658091],[-118.1895495,33.765818],[-118.1894866,33.7658218],[-118.1894351,33.765824],[-118.1893949,33.7658247],[-118.1893549,33.7658243],[-118.1893143,33.7658224],[-118.1892729,33.7658193],[-118.1892206,33.7658146],[-118.1891687,33.765809],[-118.1891275,33.7658034],[-118.1890092,33.7657839],[-118.1889612,33.765778],[-118.1889007,33.7657738],[-118.1887505,33.7657699],[-118.188683,33.7657665],[-118.188638,33.7657616],[-118.1885436,33.7657474],[-118.1885058,33.7657441],[-118.188479,33.7657437],[-118.1884518,33.7657456],[-118.1884255,33.7657497],[-118.1883586,33.7657659],[-118.1883396,33.7657694],[-118.1883121,33.7657718],[-118.1882846,33.7657716],[-118.1882064,33.7657633],[-118.1881416,33.7657533],[-118.188097,33.7657476],[-118.1880525,33.7657429],[-118.1880079,33.7657393],[-118.1879177,33.7657354],[-118.187776,33.7657337],[-118.1877446,33.7657324],[-118.1876174,33.7657242],[-118.1874378,33.7657075],[-118.1873729,33.7657027],[-118.1873181,33.7656995],[-118.1872104,33.765695],[-118.1871366,33.7656897],[-118.1870829,33.7656877],[-118.1870515,33.7656858],[-118.1870315,33.7656838],[-118.1870125,33.7656807],[-118.1869763,33.7656721],[-118.1869487,33.7656632],[-118.1868871,33.7656408],[-118.1868514,33.7656305],[-118.186813,33.7656231],[-118.1867742,33.765619],[-118.1866815,33.7656149],[-118.1866133,33.765611],[-118.1865892,33.7656105],[-118.1865654,33.7656121],[-118.1865212,33.7656177],[-118.1864708,33.7656211],[-118.1863846,33.7656249],[-118.1863365,33.7656246],[-118.1862759,33.7656205],[-118.1861491,33.7656083],[-118.1861277,33.7656058],[-118.186074,33.7655975],[-118.1860075,33.7655902],[-118.185952,33.7655861],[-118.1858984,33.765584]]]}},{"type":"Feature","properties":{"role":"edge_unseen","side":"left","note":"bridged: the edge was not seen in the imagery here"},"geometry":{"type":"MultiLineString","coordinates":[[[-118.185645,33.7656961],[-118.1856333,33.7656896],[-118.1856216,33.765683],[-118.1856102,33.7656756],[-118.1855987,33.765668],[-118.185588,33.7656599],[-118.1855775,33.765652],[-118.1855676,33.7656444],[-118.1855588,33.7656368],[-118.1855503,33.7656294],[-118.185542,33.7656222],[-118.1855342,33.7656144],[-118.1855261,33.7656063],[-118.1855177,33.7655978],[-118.1855096,33.7655884],[-118.1855013,33.7655785],[-118.1854938,33.7655679]],[[-118.18548,33.7655457],[-118.1854739,33.7655343],[-118.1854692,33.7655228],[-118.1854645,33.7655115],[-118.1854601,33.7655004],[-118.1854568,33.7654892],[-118.1854537,33.7654781],[-118.1854512,33.7654671],[-118.185449,33.7654563],[-118.1854474,33.7654457],[-118.1854459,33.7654353],[-118.1854449,33.765425],[-118.185444,33.7654148],[-118.1854437,33.7654047],[-118.1854433,33.7653949],[-118.185443,33.7653855],[-118.1854427,33.7653762],[-118.1854424,33.7653671],[-118.1854421,33.7653581],[-118.1854418,33.765349],[-118.1854414,33.76534],[-118.1854411,33.765331],[-118.1854408,33.765322],[-118.1854405,33.7653129],[-118.1854402,33.7653038],[-118.1854399,33.7652946],[-118.1854395,33.7652853],[-118.1854392,33.7652759]],[[-118.1854385,33.7652288],[-118.1854384,33.7652192],[-118.1854383,33.7652095],[-118.1854387,33.7652],[-118.185439,33.7651907],[-118.1854393,33.7651814]],[[-118.1854403,33.7651535],[-118.1854406,33.7651442],[-118.1854412,33.765135],[-118.1854418,33.7651258],[-118.1854424,33.7651167],[-118.185443,33.7651077],[-118.1854436,33.7650987],[-118.1854441,33.7650897],[-118.1854447,33.7650807],[-118.1854453,33.7650717],[-118.1854459,33.7650627],[-118.1854465,33.7650537],[-118.1854471,33.7650447],[-118.1854476,33.7650357],[-118.1854482,33.7650268],[-118.1854488,33.7650181],[-118.1854493,33.7650094],[-118.1854499,33.7650008],[-118.1854504,33.7649922],[-118.185451,33.7649835],[-118.1854513,33.7649747],[-118.1854516,33.7649657],[-118.1854519,33.7649568],[-118.1854522,33.7649478],[-118.1854525,33.7649387],[-118.1854528,33.7649297],[-118.1854532,33.7649207],[-118.1854535,33.7649117],[-118.1854538,33.7649027],[-118.1854541,33.7648937],[-118.1854544,33.7648847],[-118.1854547,33.7648757],[-118.185455,33.7648666],[-118.1854554,33.7648576],[-118.1854557,33.7648485],[-118.185456,33.7648392],[-118.1854563,33.7648299],[-118.1854567,33.7648205],[-118.1854575,33.7648112],[-118.1854583,33.7648018],[-118.1854591,33.7647926],[-118.1854598,33.7647833],[-118.1854606,33.7647741],[-118.1854614,33.7647649],[-118.1854621,33.7647557],[-118.1854629,33.7647466],[-118.1854636,33.7647376],[-118.1854644,33.7647286],[-118.1854651,33.7647196],[-118.1854658,33.7647107],[-118.1854666,33.7647018],[-118.1854673,33.7646931],[-118.185468,33.7646843],[-118.1854688,33.7646756],[-118.1854695,33.7646669],[-118.1854702,33.7646582],[-118.1854709,33.7646496],[-118.1854715,33.764641],[-118.1854718,33.7646325],[-118.185472,33.764624],[-118.1854723,33.7646155],[-118.1854725,33.7646072],[-118.1854727,33.7645989],[-118.1854723,33.7645907],[-118.185472,33.7645825],[-118.1854717,33.7645742],[-118.1854713,33.764566],[-118.1854703,33.764558],[-118.1854693,33.76455],[-118.1854683,33.764542],[-118.1854673,33.7645341],[-118.1854656,33.7645262],[-118.1854639,33.7645182],[-118.1854622,33.7645101],[-118.1854605,33.7645019],[-118.1854588,33.7644938],[-118.1854565,33.764486],[-118.1854543,33.7644782]],[[-118.1852511,33.7642563],[-118.185243,33.7642527],[-118.1852345,33.7642496],[-118.185226,33.7642465],[-118.1852176,33.7642435],[-118.1852092,33.7642405],[-118.1852007,33.7642375],[-118.1851919,33.7642348]],[[-118.1850263,33.7641961],[-118.1850145,33.7641935],[-118.1850029,33.764191],[-118.1849915,33.7641885],[-118.1849804,33.7641861],[-118.1849698,33.7641838],[-118.1849596,33.7641816],[-118.1849502,33.7641796],[-118.1849413,33.7641778],[-118.1849331,33.7641764],[-118.1849254,33.7641753],[-118.184918,33.7641745]],[[-118.1847905,33.7641801],[-118.1847815,33.7641815],[-118.1847724,33.764183],[-118.1847634,33.7641845],[-118.1847543,33.764186],[-118.1847454,33.7641879],[-118.1847365,33.7641898],[-118.1847275,33.7641918],[-118.1847184,33.7641938],[-118.1847091,33.7641958],[-118.1846998,33.7641979],[-118.1846907,33.7641999],[-118.1846816,33.7642019],[-118.1846726,33.7642038],[-118.1846637,33.7642058],[-118.184655,33.7642081],[-118.1846465,33.7642104],[-118.1846379,33.7642127],[-118.1846293,33.764215],[-118.1846207,33.7642176],[-118.184612,33.7642203],[-118.1846032,33.7642231],[-118.1845946,33.764226],[-118.1845862,33.764229],[-118.1845777,33.764232],[-118.1845694,33.7642353]],[[-118.184553,33.7642421],[-118.1845452,33.7642457],[-118.1845375,33.7642494],[-118.1845298,33.7642531],[-118.1845225,33.764257],[-118.1845153,33.7642611],[-118.1845081,33.7642653],[-118.1845009,33.7642698]],[[-118.1844867,33.7642794],[-118.1844794,33.7642844],[-118.1844723,33.7642897],[-118.1844652,33.7642952],[-118.1844577,33.7643009],[-118.1844499,33.7643069],[-118.1844415,33.7643134]],[[-118.1844131,33.7643347],[-118.1844028,33.764342],[-118.1843918,33.764349],[-118.1843805,33.7643562],[-118.1843681,33.7643627],[-118.184355,33.7643694],[-118.1843406,33.7643756],[-118.1843251,33.7643812],[-118.1843083,33.7643858],[-118.1842905,33.7643894],[-118.1842719,33.7643915],[-118.1842527,33.7643921],[-118.1842333,33.7643909],[-118.184214,33.7643879],[-118.184195,33.7643831],[-118.1841768,33.7643766],[-118.1841596,33.7643684],[-118.1841437,33.7643587],[-118.1841292,33.7643478],[-118.1841162,33.7643356],[-118.1841049,33.7643225],[-118.1840954,33.7643085],[-118.1840877,33.7642939],[-118.1840819,33.7642789],[-118.1840781,33.7642638],[-118.1840761,33.7642488],[-118.1840757,33.7642341],[-118.1840768,33.76422],[-118.1840791,33.7642063],[-118.1840827,33.7641932]],[[-118.1845904,33.763748],[-118.1845991,33.7637427],[-118.1846079,33.7637374],[-118.1846166,33.7637321],[-118.1846254,33.7637268],[-118.1846341,33.7637215],[-118.1846427,33.7637161]],[[-118.1848054,33.763611],[-118.184814,33.7636056],[-118.1848226,33.7636001],[-118.1848312,33.7635946],[-118.1848398,33.7635891],[-118.1848484,33.7635837],[-118.184857,33.7635782],[-118.1848656,33.7635727]],[[-118.1849089,33.7635455],[-118.1849177,33.76354],[-118.1849267,33.7635345],[-118.1849357,33.7635289],[-118.1849448,33.7635233]],[[-118.185081,33.7634427],[-118.1850885,33.7634375],[-118.1850958,33.7634323],[-118.1851032,33.7634271],[-118.1851103,33.7634217],[-118.1851174,33.7634162]],[[-118.1851317,33.7634047],[-118.1851389,33.7633985],[-118.1851463,33.7633922],[-118.1851538,33.7633858],[-118.1851613,33.7633794],[-118.1851689,33.7633729],[-118.1851764,33.7633665],[-118.185184,33.76336],[-118.1851915,33.7633535],[-118.1851991,33.7633471]],[[-118.1852302,33.7633207],[-118.1852384,33.7633139],[-118.1852467,33.7633071],[-118.1852552,33.7633006],[-118.1852638,33.7632941],[-118.1852725,33.7632875],[-118.1852813,33.7632809],[-118.1852906,33.7632744]],[[-118.1854287,33.7632025],[-118.1854396,33.7631986],[-118.1854503,33.763195],[-118.1854606,33.7631914],[-118.1854707,33.7631878]],[[-118.1862399,33.7627551],[-118.1862479,33.7627504],[-118.1862559,33.7627458],[-118.1862639,33.7627412],[-118.1862719,33.7627366],[-118.1862798,33.7627321],[-118.1862875,33.7627276],[-118.1862953,33.7627231]],[[-118.1863542,33.7626852],[-118.1863633,33.7626794],[-118.1863727,33.7626736],[-118.1863823,33.7626677],[-118.1863918,33.7626619],[-118.1864014,33.7626561],[-118.1864109,33.7626502],[-118.1864204,33.7626445],[-118.1864298,33.762639],[-118.186439,33.7626337],[-118.1864481,33.7626285],[-118.186457,33.7626233]],[[-118.1864928,33.7626026],[-118.1865018,33.7625974],[-118.1865108,33.7625922],[-118.1865198,33.762587],[-118.1865287,33.7625818],[-118.1865376,33.7625766],[-118.1865465,33.7625715],[-118.1865554,33.7625663],[-118.1865643,33.7625612],[-118.1865732,33.7625561],[-118.186582,33.7625509],[-118.1865909,33.7625458],[-118.1865998,33.7625407],[-118.1866086,33.7625354],[-118.1866174,33.7625302],[-118.1866261,33.7625249],[-118.1866349,33.7625197]],[[-118.1866525,33.7625091],[-118.1866614,33.7625038],[-118.1866704,33.7624984],[-118.1866793,33.7624931],[-118.1866883,33.7624877],[-118.1866973,33.7624823],[-118.1867062,33.762477],[-118.1867151,33.7624717],[-118.186724,33.7624663],[-118.1867331,33.7624609]],[[-118.1869536,33.7623339],[-118.1869618,33.7623288],[-118.18697,33.7623236],[-118.1869785,33.7623183],[-118.1869871,33.7623128],[-118.186996,33.7623072]],[[-118.1870329,33.7622845],[-118.187042,33.7622791],[-118.1870509,33.7622738],[-118.1870598,33.7622685],[-118.1870686,33.7622632]],[[-118.1872996,33.76214],[-118.1873089,33.7621354],[-118.1873182,33.7621308],[-118.1873275,33.7621262],[-118.1873368,33.7621216]],[[-118.187724,33.761953],[-118.1877342,33.761949],[-118.1877444,33.7619449],[-118.1877548,33.761941],[-118.1877655,33.761937],[-118.1877764,33.761933],[-118.1877875,33.7619289],[-118.1877987,33.7619247]],[[-118.1878209,33.7619172],[-118.1878315,33.7619136],[-118.1878418,33.7619101],[-118.1878519,33.7619067],[-118.1878622,33.7619035],[-118.1878727,33.7619003],[-118.1878834,33.761897],[-118.1878946,33.7618937],[-118.1879061,33.7618906],[-118.1879177,33.7618877],[-118.1879292,33.7618853]],[[-118.189309,33.761685],[-118.1893208,33.761685],[-118.1893327,33.7616856],[-118.1893445,33.7616862],[-118.1893561,33.7616868],[-118.1893675,33.7616874],[-118.1893786,33.7616883],[-118.1893897,33.7616892],[-118.1894009,33.7616901],[-118.1894122,33.761691],[-118.1894235,33.7616921],[-118.1894347,33.7616932],[-118.1894457,33.7616943],[-118.1894565,33.7616955],[-118.1894673,33.7616965],[-118.189478,33.7616976],[-118.1894888,33.7616987],[-118.1894995,33.7616998],[-118.1895102,33.7617009],[-118.189521,33.761702],[-118.1895318,33.7617031],[-118.1895428,33.7617042],[-118.1895539,33.7617053],[-118.1895651,33.7617065],[-118.1895763,33.7617079],[-118.1895874,33.7617092],[-118.1895983,33.7617106],[-118.1896091,33.7617119],[-118.1896198,33.7617133],[-118.1896305,33.7617146]],[[-118.189855,33.7617464],[-118.1898657,33.7617478],[-118.1898764,33.7617491],[-118.1898872,33.7617503],[-118.1898981,33.7617516]],[[-118.1903922,33.7618664],[-118.1904025,33.7618701],[-118.1904129,33.7618737],[-118.1904233,33.7618774],[-118.1904336,33.7618811]],[[-118.1905041,33.7619076],[-118.1905139,33.7619114],[-118.1905237,33.7619152],[-118.1905336,33.761919],[-118.1905434,33.7619227],[-118.1905532,33.7619265],[-118.190563,33.7619303]],[[-118.1906817,33.7619762],[-118.1906916,33.7619801],[-118.1907016,33.761984],[-118.1907115,33.7619879],[-118.1907213,33.7619918],[-118.1907311,33.7619956],[-118.1907409,33.7619995],[-118.1907507,33.7620033],[-118.1907605,33.7620071],[-118.1907702,33.762011],[-118.19078,33.7620148],[-118.1907898,33.7620187]],[[-118.1908289,33.762034],[-118.1908386,33.7620378],[-118.1908484,33.7620417],[-118.1908583,33.7620456],[-118.1908682,33.7620496],[-118.1908783,33.7620538],[-118.1908884,33.7620579],[-118.1908985,33.7620621],[-118.1909084,33.7620665],[-118.1909182,33.7620709],[-118.1909281,33.7620753],[-118.1909378,33.7620801],[-118.1909476,33.7620849],[-118.1909574,33.7620896],[-118.190967,33.7620944],[-118.1909766,33.762099],[-118.190986,33.7621037],[-118.1909953,33.7621082],[-118.1910047,33.7621128],[-118.191014,33.7621174],[-118.1910233,33.7621219],[-118.1910326,33.7621265],[-118.191042,33.7621309],[-118.1910514,33.7621353],[-118.1910608,33.7621398],[-118.1910702,33.7621442],[-118.1910796,33.7621486],[-118.1910889,33.7621529],[-118.1910981,33.7621573]],[[-118.1911917,33.762197],[-118.1912009,33.7622009],[-118.1912101,33.7622048],[-118.1912195,33.7622085],[-118.1912291,33.7622121],[-118.1912388,33.7622158],[-118.1912486,33.7622196],[-118.1912583,33.7622233]],[[-118.1913156,33.7622449],[-118.1913254,33.7622484],[-118.1913353,33.7622519],[-118.1913453,33.7622554],[-118.1913552,33.762259],[-118.1913652,33.7622625],[-118.1913752,33.762266],[-118.1913852,33.7622696],[-118.1913953,33.7622732],[-118.1914053,33.7622769],[-118.1914153,33.7622806],[-118.1914252,33.7622842]],[[-118.1915081,33.7623131],[-118.1915181,33.7623171],[-118.1915281,33.7623211],[-118.1915379,33.762325],[-118.1915476,33.7623289],[-118.1915572,33.7623327],[-118.1915668,33.7623365],[-118.1915762,33.7623403],[-118.1915856,33.762344],[-118.191595,33.7623476],[-118.1916045,33.7623512],[-118.1916142,33.7623548],[-118.1916239,33.7623585],[-118.1916337,33.7623623],[-118.1916435,33.762366],[-118.1916533,33.7623697],[-118.1916632,33.7623734],[-118.191673,33.7623772],[-118.1916828,33.7623809],[-118.1916927,33.7623846],[-118.1917025,33.7623884],[-118.1917124,33.7623921],[-118.1917222,33.7623961],[-118.1917321,33.7624],[-118.191742,33.762404],[-118.1917519,33.762408],[-118.1917618,33.762412],[-118.1917716,33.762416],[-118.1917814,33.7624199],[-118.1917911,33.7624238],[-118.1918008,33.7624277],[-118.1918106,33.7624317],[-118.1918203,33.7624356],[-118.19183,33.7624395]],[[-118.1919564,33.7624904],[-118.1919661,33.7624944],[-118.1919759,33.7624983],[-118.1919858,33.7625023],[-118.1919957,33.7625063],[-118.1920056,33.7625103],[-118.1920155,33.7625143],[-118.1920254,33.7625183],[-118.1920353,33.7625222],[-118.1920451,33.7625262],[-118.1920548,33.7625301],[-118.1920645,33.762534],[-118.1920743,33.7625379],[-118.192084,33.7625419],[-118.1920937,33.7625458],[-118.1921034,33.7625497],[-118.1921132,33.7625536],[-118.1921229,33.7625575],[-118.1921326,33.7625614],[-118.1921423,33.7625654],[-118.192152,33.7625693]],[[-118.1925571,33.7627217],[-118.1925662,33.762723],[-118.1925755,33.7627242],[-118.1925851,33.7627255],[-118.1925949,33.7627265],[-118.192605,33.7627274]],[[-118.192682,33.7627352],[-118.1926941,33.762737],[-118.1927063,33.762739],[-118.1927186,33.762741],[-118.1927308,33.7627435],[-118.192743,33.762746],[-118.1927554,33.7627486],[-118.192768,33.7627512]],[[-118.1929555,33.7628261],[-118.1929654,33.7628316],[-118.1929751,33.762837],[-118.1929847,33.7628424],[-118.1929945,33.7628479],[-118.1930045,33.7628535],[-118.1930143,33.7628596],[-118.1930242,33.7628658],[-118.1930339,33.7628719],[-118.1930434,33.7628779],[-118.1930527,33.7628838],[-118.1930615,33.76289],[-118.1930704,33.7628962],[-118.1930794,33.7629025],[-118.1930883,33.7629087],[-118.1930971,33.7629149]],[[-118.1931759,33.7629677],[-118.1931824,33.7629714],[-118.193189,33.7629749],[-118.1931955,33.7629784],[-118.1932024,33.7629818],[-118.1932097,33.762985],[-118.1932173,33.7629884],[-118.1932252,33.762992]],[[-118.1932425,33.7629995],[-118.1932518,33.7630034],[-118.1932615,33.7630075],[-118.1932714,33.7630117],[-118.1932814,33.7630159],[-118.1932914,33.7630201],[-118.1933012,33.7630243],[-118.193311,33.7630284],[-118.1933207,33.7630325],[-118.1933303,33.7630365],[-118.1933399,33.7630406],[-118.1933496,33.7630447],[-118.1933591,33.7630489],[-118.1933687,33.7630531],[-118.1933782,33.7630573],[-118.1933878,33.7630615],[-118.1933973,33.7630657],[-118.1934069,33.7630699],[-118.1934164,33.7630741],[-118.193426,33.7630783],[-118.1934355,33.7630825],[-118.1934449,33.7630867],[-118.1934542,33.7630908],[-118.1934633,33.7630948],[-118.193472,33.7630986],[-118.1934804,33.7631023],[-118.1934887,33.7631057],[-118.193497,33.763109],[-118.1935053,33.7631123],[-118.1935139,33.7631157],[-118.1935231,33.7631193],[-118.193533,33.763123],[-118.1935434,33.7631269],[-118.1935542,33.763131],[-118.193565,33.7631351]],[[-118.1937423,33.7632149],[-118.1937505,33.7632191],[-118.1937585,33.7632233],[-118.1937665,33.7632274],[-118.1937748,33.7632317]],[[-118.1939497,33.7633149],[-118.1939592,33.7633192],[-118.1939686,33.7633236],[-118.193978,33.7633279],[-118.1939873,33.7633322],[-118.1939965,33.7633364],[-118.1940056,33.7633406],[-118.1940147,33.7633448],[-118.1940239,33.763349]],[[-118.1943948,33.7635224],[-118.1944038,33.7635274],[-118.1944128,33.7635324],[-118.1944218,33.7635374],[-118.1944308,33.7635424],[-118.1944397,33.7635474],[-118.1944484,33.7635523],[-118.1944568,33.763557],[-118.1944649,33.7635615]],[[-118.1946804,33.7635176],[-118.1946887,33.7635126],[-118.1946968,33.7635078],[-118.194704,33.763503],[-118.1947108,33.7634981]],[[-118.1949796,33.7632074],[-118.1949886,33.7632005],[-118.1949982,33.7631941],[-118.1950078,33.7631877],[-118.1950177,33.7631813],[-118.1950281,33.7631754],[-118.1950384,33.7631697]],[[-118.1950877,33.7631448],[-118.1950976,33.7631404],[-118.1951076,33.7631359],[-118.1951181,33.7631318],[-118.1951285,33.7631277],[-118.1951389,33.7631237],[-118.1951491,33.7631196],[-118.1951594,33.7631157],[-118.1951697,33.763112],[-118.19518,33.7631083],[-118.1951903,33.7631047],[-118.1952004,33.7631011],[-118.1952105,33.7630975],[-118.1952206,33.7630939],[-118.1952307,33.7630903],[-118.195241,33.7630866],[-118.1952512,33.763083],[-118.1952615,33.7630793]],[[-118.195282,33.763072],[-118.1952922,33.7630684],[-118.1953024,33.7630647],[-118.1953126,33.7630611],[-118.1953228,33.7630575],[-118.1953332,33.7630538],[-118.1953438,33.7630504],[-118.1953545,33.763047],[-118.1953653,33.7630435],[-118.1953761,33.7630401],[-118.195387,33.763037],[-118.195398,33.7630338]],[[-118.1955,33.7630113],[-118.1955113,33.7630097],[-118.1955224,33.763008],[-118.1955335,33.7630064],[-118.1955447,33.7630048],[-118.195556,33.7630032],[-118.1955673,33.763002],[-118.1955785,33.7630007],[-118.1955894,33.7629995],[-118.1956003,33.7629983],[-118.195611,33.7629971],[-118.1956217,33.7629959],[-118.1956322,33.7629947],[-118.1956426,33.7629935],[-118.1956526,33.7629924],[-118.195662,33.7629914],[-118.1956709,33.7629902],[-118.1956791,33.7629887],[-118.1956868,33.7629873],[-118.1956941,33.7629859],[-118.1957008,33.762984],[-118.1957074,33.762982],[-118.195714,33.7629801],[-118.1957203,33.7629776]],[[-118.1957443,33.7629651],[-118.1957498,33.7629611],[-118.1957553,33.7629569],[-118.1957605,33.7629521],[-118.1957659,33.7629472],[-118.1957709,33.7629417],[-118.1957762,33.7629358],[-118.1957818,33.7629296],[-118.1957873,33.7629227],[-118.1957932,33.7629154],[-118.1957993,33.7629078],[-118.1958056,33.7628999],[-118.1958123,33.7628916],[-118.1958191,33.762883],[-118.1958264,33.7628743],[-118.1958345,33.7628658],[-118.1958429,33.7628573],[-118.1958519,33.7628489],[-118.1958614,33.7628407],[-118.1958714,33.7628329],[-118.1958817,33.7628252],[-118.1958926,33.7628181],[-118.195904,33.7628115],[-118.1959157,33.7628049],[-118.1959281,33.7627991],[-118.1959408,33.7627938],[-118.1959538,33.7627889],[-118.1959671,33.7627847],[-118.1959805,33.7627808],[-118.1959942,33.7627778]],[[-118.1960222,33.7627732],[-118.1960365,33.7627716],[-118.1960509,33.7627709],[-118.1960655,33.7627706],[-118.1960801,33.7627712],[-118.1960946,33.7627722],[-118.1961089,33.7627741],[-118.1961232,33.7627762],[-118.1961371,33.7627793],[-118.1961509,33.7627831],[-118.1961647,33.7627871],[-118.1961781,33.7627921]],[[-118.1962036,33.7628039],[-118.1962159,33.7628103],[-118.1962275,33.7628174],[-118.1962387,33.762825],[-118.1962496,33.762833]],[[-118.1963214,33.7629313],[-118.1963254,33.7629413],[-118.196329,33.762951],[-118.196332,33.7629606],[-118.1963349,33.7629698],[-118.1963376,33.7629787],[-118.1963404,33.7629874],[-118.196343,33.7629959],[-118.1963456,33.7630042],[-118.1963481,33.7630121],[-118.1963507,33.7630197],[-118.1963533,33.7630268]],[[-118.1963799,33.7630678],[-118.1963854,33.7630729],[-118.1963911,33.7630781],[-118.1963969,33.7630831],[-118.196403,33.763088],[-118.1964094,33.7630927],[-118.196416,33.7630972]],[[-118.1964299,33.7631063],[-118.1964374,33.7631105],[-118.1964451,33.7631148],[-118.1964531,33.7631193],[-118.1964613,33.7631237],[-118.1964698,33.7631278],[-118.1964785,33.7631321],[-118.1964873,33.7631365],[-118.1964964,33.7631409],[-118.1965054,33.7631453],[-118.1965146,33.7631498],[-118.1965237,33.7631543],[-118.1965328,33.7631588],[-118.196542,33.7631633],[-118.1965513,33.7631678],[-118.1965605,33.7631724],[-118.1965698,33.7631769],[-118.1965791,33.7631815],[-118.1965885,33.7631861],[-118.1965978,33.7631907],[-118.1966072,33.7631952],[-118.1966166,33.7631999],[-118.1966261,33.7632045],[-118.1966357,33.7632092],[-118.1966452,33.763214],[-118.1966547,33.763219],[-118.1966642,33.7632239],[-118.1966736,33.7632288],[-118.1966831,33.7632337],[-118.1966926,33.7632386],[-118.1967021,33.7632437],[-118.1967114,33.7632491],[-118.1967206,33.7632544],[-118.1967298,33.7632597],[-118.196739,33.7632649],[-118.1967481,33.7632702],[-118.1967572,33.7632754],[-118.1967662,33.7632806],[-118.1967752,33.7632858],[-118.1967841,33.7632909],[-118.1967929,33.763296],[-118.1968016,33.7633009],[-118.19681,33.7633058],[-118.1968183,33.7633106],[-118.1968266,33.7633151],[-118.1968351,33.7633195],[-118.1968438,33.763324],[-118.1968527,33.7633286],[-118.1968617,33.7633333],[-118.1968709,33.763338],[-118.1968801,33.7633428],[-118.1968894,33.7633476],[-118.1968987,33.7633524],[-118.1969082,33.7633573],[-118.1969176,33.7633623],[-118.1969271,33.7633674],[-118.1969365,33.7633725]],[[-118.1969653,33.7633883],[-118.1969747,33.7633939],[-118.1969842,33.7633995],[-118.1969937,33.7634051],[-118.1970031,33.7634107],[-118.1970124,33.7634162],[-118.1970214,33.7634216],[-118.1970302,33.7634268],[-118.1970387,33.7634319],[-118.197047,33.7634367],[-118.1970551,33.7634414],[-118.1970632,33.763446],[-118.1970713,33.7634505],[-118.1970795,33.7634549]],[[-118.1971047,33.7634673],[-118.1971133,33.7634715],[-118.1971222,33.7634757],[-118.1971314,33.7634798],[-118.1971407,33.763484],[-118.1971502,33.7634882]],[[-118.1971695,33.7634968],[-118.1971793,33.7635012],[-118.1971894,33.7635057],[-118.1971997,33.7635103],[-118.1972101,33.7635152],[-118.1972204,33.7635205],[-118.1972309,33.7635259],[-118.1972414,33.7635315],[-118.1972517,33.7635376],[-118.197262,33.763544],[-118.1972722,33.7635508],[-118.1972822,33.7635581],[-118.197292,33.7635658],[-118.1973014,33.7635739]],[[-118.1973274,33.7636008],[-118.1973349,33.7636105],[-118.197342,33.7636205],[-118.1973484,33.7636308],[-118.1973543,33.7636414],[-118.1973593,33.7636522],[-118.1973639,33.763663],[-118.1973677,33.763674],[-118.1973711,33.763685],[-118.1973736,33.7636959],[-118.1973758,33.7637067],[-118.1973771,33.7637174],[-118.1973782,33.763728],[-118.1973793,33.7637384],[-118.1973796,33.7637489],[-118.1973797,33.7637593],[-118.1973792,33.7637697],[-118.1973785,33.7637801],[-118.1973778,33.7637905],[-118.1973764,33.7638008]],[[-118.1968799,33.7646605],[-118.1968744,33.7646676],[-118.1968689,33.7646747],[-118.1968637,33.7646821],[-118.1968584,33.7646896],[-118.1968531,33.764697],[-118.1968479,33.7647045],[-118.1968426,33.7647118],[-118.1968379,33.7647194],[-118.1968332,33.7647269],[-118.1968286,33.7647343],[-118.196824,33.7647417],[-118.1968201,33.7647492],[-118.1968161,33.7647567],[-118.1968122,33.7647642],[-118.1968089,33.7647721],[-118.1968056,33.7647802],[-118.1968025,33.7647886],[-118.1967994,33.7647971],[-118.1967963,33.7648058],[-118.1967932,33.7648145],[-118.1967901,33.7648233],[-118.1967869,33.7648321],[-118.1967836,33.7648411],[-118.1967804,33.7648502],[-118.1967765,33.7648593],[-118.1967726,33.7648686],[-118.1967685,33.764878],[-118.1967643,33.7648878],[-118.1967591,33.7648974],[-118.1967536,33.7649072],[-118.1967479,33.7649173],[-118.1967412,33.7649272],[-118.196734,33.7649373],[-118.1967259,33.7649472],[-118.1967167,33.7649567],[-118.196707,33.7649665],[-118.1966962,33.7649758],[-118.1966843,33.7649846],[-118.1966714,33.7649929],[-118.1966574,33.7650005],[-118.1966425,33.7650072],[-118.1966267,33.765013],[-118.1966101,33.7650176],[-118.1965929,33.765021],[-118.1965754,33.7650229],[-118.196558,33.7650235],[-118.196541,33.7650229],[-118.1965245,33.7650212],[-118.1965085,33.7650186],[-118.1964932,33.7650149],[-118.1964784,33.765011],[-118.1964643,33.7650064],[-118.1964509,33.7650015],[-118.1964382,33.764996],[-118.1964261,33.7649903],[-118.1964144,33.7649848]],[[-118.1962176,33.7648608],[-118.1962094,33.7648557],[-118.1962011,33.7648507],[-118.1961926,33.7648459],[-118.196184,33.7648409],[-118.1961753,33.7648359],[-118.1961665,33.7648309]],[[-118.1959025,33.7646864],[-118.1958935,33.7646817],[-118.1958846,33.764677],[-118.1958758,33.7646725],[-118.195867,33.7646679],[-118.1958582,33.7646633],[-118.1958492,33.7646587],[-118.1958402,33.764654],[-118.1958311,33.7646493]],[[-118.1954695,33.7644761],[-118.1954594,33.7644727],[-118.1954488,33.7644692],[-118.1954378,33.7644658],[-118.1954267,33.7644625],[-118.1954155,33.7644591]],[[-118.1953338,33.7644252],[-118.1953245,33.7644212],[-118.195315,33.7644171],[-118.1953054,33.764413],[-118.1952955,33.7644087],[-118.1952855,33.7644044],[-118.1952754,33.7644],[-118.1952654,33.7643957]],[[-118.1952459,33.764387],[-118.1952364,33.7643826],[-118.1952269,33.7643782],[-118.1952175,33.7643738],[-118.1952081,33.7643694],[-118.1951987,33.7643651],[-118.1951895,33.7643608]],[[-118.1950341,33.764296],[-118.1950238,33.7642916],[-118.1950136,33.7642872],[-118.1950036,33.7642829],[-118.1949937,33.7642784],[-118.1949837,33.7642738]],[[-118.1948986,33.764231],[-118.194889,33.7642259],[-118.1948795,33.7642208],[-118.19487,33.7642157],[-118.1948607,33.7642107],[-118.1948517,33.7642055],[-118.1948429,33.7642001],[-118.1948341,33.7641948],[-118.1948253,33.7641896],[-118.1948166,33.7641843],[-118.1948081,33.7641791],[-118.1947997,33.7641741],[-118.1947916,33.7641692],[-118.1947837,33.7641645],[-118.1947759,33.7641599],[-118.1947679,33.7641554],[-118.1947598,33.7641508],[-118.1947514,33.7641463],[-118.1947428,33.7641419],[-118.1947341,33.7641374],[-118.1947251,33.7641329],[-118.1947159,33.7641284],[-118.1947066,33.7641238],[-118.1946971,33.7641192],[-118.1946875,33.7641146]],[[-118.1945698,33.7640549],[-118.1945607,33.7640499],[-118.1945517,33.7640449],[-118.1945427,33.76404],[-118.1945338,33.7640349],[-118.1945249,33.7640298],[-118.1945161,33.7640247],[-118.1945074,33.7640197],[-118.1944988,33.7640147],[-118.1944902,33.7640098]],[[-118.1943934,33.7639529],[-118.1943847,33.7639465],[-118.1943762,33.7639403],[-118.194368,33.7639343],[-118.1943599,33.7639283],[-118.1943518,33.7639224]],[[-118.1943282,33.7639052],[-118.1943203,33.7638997],[-118.1943124,33.7638944],[-118.1943045,33.7638891],[-118.1942967,33.7638838],[-118.194289,33.7638786],[-118.1942811,33.7638739],[-118.1942733,33.7638692]],[[-118.1941994,33.7638313],[-118.1941903,33.7638272],[-118.1941811,33.763823],[-118.1941717,33.7638187],[-118.1941622,33.7638144],[-118.1941527,33.7638101],[-118.1941432,33.7638057]],[[-118.1941045,33.7637881],[-118.1940949,33.7637837],[-118.1940853,33.7637794],[-118.1940758,33.7637751],[-118.1940663,33.7637707],[-118.1940568,33.7637664],[-118.1940474,33.7637621],[-118.1940379,33.7637578],[-118.1940284,33.7637535],[-118.1940189,33.7637492],[-118.1940096,33.7637447],[-118.1940003,33.7637401],[-118.193991,33.7637355]],[[-118.1939631,33.7637218],[-118.1939538,33.7637172],[-118.1939445,33.7637126],[-118.1939351,33.763708],[-118.1939258,33.7637035],[-118.1939165,33.7636989],[-118.1939072,33.7636943],[-118.1938979,33.7636897],[-118.1938886,33.7636852],[-118.1938793,33.7636806],[-118.19387,33.763676],[-118.1938607,33.7636714]],[[-118.1937614,33.7636227],[-118.1937525,33.7636185],[-118.1937435,33.7636143],[-118.1937346,33.7636101],[-118.1937255,33.7636058],[-118.1937163,33.7636014],[-118.193707,33.7635971],[-118.1936976,33.7635928],[-118.193688,33.7635884],[-118.1936785,33.763584],[-118.1936688,33.7635795],[-118.193659,33.763575]],[[-118.1935513,33.7635248],[-118.193542,33.7635202],[-118.1935326,33.7635157],[-118.1935233,33.7635111],[-118.193514,33.7635066],[-118.1935046,33.7635021],[-118.1934953,33.7634975]],[[-118.1934213,33.7634631],[-118.1934119,33.7634589],[-118.1934024,33.7634547],[-118.1933928,33.7634505],[-118.1933833,33.7634463],[-118.1933738,33.7634421],[-118.1933642,33.7634379],[-118.1933547,33.7634337],[-118.1933451,33.7634294]],[[-118.1933165,33.7634168],[-118.193307,33.7634126],[-118.1932974,33.7634084],[-118.1932879,33.7634041],[-118.1932783,33.7633999]],[[-118.1931061,33.7633253],[-118.1930966,33.7633211],[-118.193087,33.763317],[-118.1930774,33.7633128],[-118.1930678,33.7633087],[-118.1930583,33.7633046],[-118.1930488,33.7633004],[-118.1930393,33.7632963],[-118.1930298,33.7632922],[-118.1930203,33.7632882]],[[-118.1928897,33.7632316],[-118.192881,33.7632282],[-118.1928725,33.7632249],[-118.192864,33.7632216],[-118.1928555,33.7632187],[-118.1928471,33.7632159]],[[-118.1927415,33.7631966],[-118.1927353,33.7631972],[-118.1927293,33.7631977],[-118.1927238,33.7631993],[-118.1927184,33.763201],[-118.1927129,33.7632028],[-118.1927078,33.7632056],[-118.1927024,33.7632085],[-118.192697,33.7632118],[-118.1926917,33.7632158],[-118.1926862,33.76322]],[[-118.1925309,33.7636062],[-118.1925293,33.763614],[-118.1925278,33.763622],[-118.1925262,33.7636299],[-118.1925246,33.763638],[-118.1925232,33.7636462],[-118.192522,33.7636544],[-118.1925209,33.7636626],[-118.1925198,33.7636708],[-118.1925189,33.7636789],[-118.1925184,33.7636871],[-118.1925179,33.7636953],[-118.1925174,33.7637035],[-118.1925169,33.7637118],[-118.1925165,33.7637202],[-118.1925168,33.7637287],[-118.1925171,33.7637375],[-118.1925174,33.7637464],[-118.1925176,33.7637554],[-118.1925179,33.7637645],[-118.1925182,33.7637737],[-118.1925185,33.763783],[-118.1925188,33.7637923],[-118.1925191,33.7638016],[-118.192519,33.7638108],[-118.1925189,33.7638199],[-118.1925189,33.7638287],[-118.1925188,33.7638374],[-118.1925184,33.763846],[-118.192518,33.7638546],[-118.1925176,33.7638633],[-118.1925172,33.7638721],[-118.1925168,33.7638811],[-118.1925164,33.76389],[-118.192516,33.763899],[-118.1925156,33.763908],[-118.1925152,33.763917],[-118.1925149,33.7639259],[-118.1925145,33.7639347]],[[-118.1925119,33.7639792],[-118.1925112,33.7639882],[-118.1925105,33.7639972],[-118.1925098,33.7640061],[-118.1925091,33.764015],[-118.1925084,33.7640238],[-118.1925078,33.7640324],[-118.1925072,33.7640407],[-118.1925068,33.7640488],[-118.1925064,33.7640566],[-118.192506,33.7640644],[-118.1925057,33.7640721],[-118.1925059,33.7640797],[-118.1925061,33.7640874],[-118.1925063,33.7640951],[-118.1925071,33.7641029],[-118.1925078,33.7641108],[-118.1925094,33.764119],[-118.1925111,33.7641275],[-118.1925129,33.7641366]],[[-118.1925193,33.7642988],[-118.1925199,33.7643083],[-118.1925206,33.7643182],[-118.1925212,33.7643283],[-118.1925205,33.7643384],[-118.1925199,33.7643483]],[[-118.192508,33.7645408],[-118.1925076,33.7645474],[-118.1925072,33.7645536],[-118.1925074,33.7645599],[-118.1925076,33.7645662],[-118.1925078,33.7645729],[-118.1925085,33.7645799]],[[-118.1925107,33.7649475],[-118.1925106,33.7649565],[-118.1925105,33.7649655],[-118.1925103,33.7649746],[-118.1925102,33.7649836],[-118.1925101,33.7649926],[-118.19251,33.7650016],[-118.1925099,33.7650106],[-118.1925097,33.7650196],[-118.1925096,33.7650286],[-118.1925095,33.7650375],[-118.1925094,33.7650464]],[[-118.192509,33.7650726],[-118.192509,33.7650814],[-118.1925091,33.7650903],[-118.1925091,33.7650993],[-118.1925092,33.7651083],[-118.1925092,33.7651173]],[[-118.1925093,33.7651353],[-118.1925094,33.7651443],[-118.1925095,33.7651533],[-118.1925096,33.7651623],[-118.1925098,33.7651714],[-118.1925099,33.7651804],[-118.1925101,33.7651894],[-118.1925103,33.7651985],[-118.1925104,33.7652075],[-118.1925106,33.7652167],[-118.1925108,33.7652258],[-118.1925109,33.765235],[-118.1925111,33.7652441],[-118.1925113,33.7652532],[-118.1925114,33.7652622]],[[-118.1925119,33.7653961],[-118.1925119,33.7654053],[-118.1925119,33.7654145],[-118.1925119,33.7654239],[-118.192512,33.7654335],[-118.1925119,33.7654431],[-118.1925115,33.7654528],[-118.192511,33.7654626],[-118.1925106,33.7654725],[-118.1925099,33.7654823],[-118.1925088,33.7654921],[-118.1925078,33.7655018],[-118.1925065,33.7655113],[-118.192505,33.7655206],[-118.1925034,33.7655297],[-118.1925019,33.7655388],[-118.1925005,33.7655477],[-118.192499,33.7655567],[-118.1924975,33.7655657],[-118.192496,33.7655746],[-118.1924945,33.7655836]],[[-118.192492,33.7656015],[-118.1924909,33.7656105],[-118.1924897,33.7656195],[-118.1924885,33.7656285],[-118.1924874,33.7656376]],[[-118.1924835,33.7656666],[-118.1924817,33.7656771],[-118.1924797,33.7656881],[-118.1924776,33.7656993],[-118.1924749,33.7657105],[-118.1924722,33.7657216],[-118.1924691,33.7657324],[-118.1924658,33.7657433],[-118.192462,33.7657544],[-118.1924578,33.7657659],[-118.1924526,33.7657779],[-118.1924468,33.7657905],[-118.1924394,33.7658036],[-118.1924305,33.7658169],[-118.1924201,33.7658301],[-118.1924082,33.7658428],[-118.1923953,33.7658545],[-118.192382,33.765865],[-118.1923685,33.7658741],[-118.1923548,33.7658821],[-118.1923409,33.7658892],[-118.1923265,33.7658954],[-118.1923119,33.7659014],[-118.1922967,33.7659067],[-118.1922814,33.7659108],[-118.1922666,33.7659145],[-118.1922524,33.765917],[-118.192239,33.7659193],[-118.1922263,33.7659215],[-118.1922139,33.7659229],[-118.1922019,33.7659243],[-118.1921903,33.7659257],[-118.1921791,33.765927],[-118.1921681,33.7659281],[-118.1921573,33.7659292],[-118.1921465,33.7659303],[-118.1921356,33.7659314],[-118.1921245,33.7659325],[-118.192113,33.7659336],[-118.1921012,33.7659348],[-118.1920891,33.7659356]],[[-118.1919092,33.7659403],[-118.191898,33.7659405],[-118.1918866,33.7659408],[-118.1918752,33.7659409],[-118.1918639,33.7659408],[-118.1918528,33.7659408]],[[-118.1918304,33.7659407],[-118.191819,33.7659406],[-118.1918076,33.7659405],[-118.1917959,33.7659401],[-118.1917841,33.7659397],[-118.191772,33.7659392],[-118.1917596,33.7659386],[-118.1917471,33.7659376],[-118.1917345,33.7659363],[-118.191722,33.7659348],[-118.1917098,33.7659327],[-118.191698,33.7659304],[-118.1916867,33.7659282],[-118.1916757,33.7659261],[-118.191665,33.765924],[-118.1916546,33.765922],[-118.1916444,33.76592],[-118.1916347,33.7659181],[-118.1916254,33.7659162],[-118.1916166,33.7659145],[-118.1916082,33.7659132],[-118.1915998,33.7659124],[-118.1915914,33.7659116],[-118.1915827,33.7659112],[-118.1915737,33.7659108],[-118.1915643,33.7659108],[-118.1915546,33.7659107],[-118.1915448,33.7659107],[-118.1915347,33.7659109],[-118.1915245,33.7659111],[-118.191514,33.7659114],[-118.1915033,33.7659116],[-118.1914924,33.7659118],[-118.1914813,33.765912],[-118.1914701,33.7659123],[-118.1914588,33.7659125],[-118.1914475,33.7659128]],[[-118.1912115,33.7659202],[-118.1912022,33.7659219],[-118.1911926,33.7659237],[-118.191183,33.7659259],[-118.1911731,33.7659282],[-118.1911629,33.7659305],[-118.1911526,33.7659329],[-118.1911421,33.7659354],[-118.1911313,33.7659378],[-118.19112,33.7659401],[-118.1911084,33.7659424],[-118.1910963,33.7659448]],[[-118.1910584,33.7659499],[-118.1910455,33.7659513],[-118.1910324,33.7659526],[-118.1910192,33.7659536],[-118.191006,33.7659545]],[[-118.190892,33.7659479],[-118.1908816,33.7659476],[-118.1908711,33.7659472],[-118.1908604,33.7659468],[-118.1908497,33.7659464]],[[-118.1907288,33.7659501],[-118.1907197,33.7659518],[-118.19071,33.7659536],[-118.1906999,33.7659554],[-118.1906895,33.7659573],[-118.1906788,33.7659592]],[[-118.1905971,33.7659711],[-118.1905852,33.7659723],[-118.1905734,33.7659735],[-118.1905619,33.7659747],[-118.1905507,33.7659758],[-118.1905396,33.7659765]],[[-118.1904367,33.765981],[-118.1904254,33.765981],[-118.1904138,33.7659811],[-118.1904019,33.7659812],[-118.1903898,33.7659811],[-118.1903776,33.7659804],[-118.1903652,33.7659798],[-118.1903525,33.7659792],[-118.1903397,33.7659781],[-118.1903269,33.7659765],[-118.1903142,33.7659748],[-118.1903021,33.7659727],[-118.1902904,33.7659703],[-118.1902793,33.765968],[-118.1902685,33.7659657]],[[-118.1902374,33.7659593],[-118.1902275,33.7659575],[-118.1902176,33.7659561],[-118.190208,33.7659546],[-118.1901985,33.7659536],[-118.190189,33.7659529],[-118.1901797,33.7659523],[-118.1901703,33.7659516],[-118.1901608,33.7659509],[-118.1901511,33.7659504],[-118.1901414,33.7659501],[-118.1901318,33.7659499],[-118.190122,33.7659497],[-118.1901121,33.7659495]],[[-118.1899068,33.7659608],[-118.189896,33.7659615],[-118.1898852,33.7659622],[-118.1898744,33.7659629],[-118.1898637,33.7659636],[-118.1898529,33.7659642],[-118.1898421,33.7659649],[-118.1898314,33.7659656],[-118.1898206,33.7659663],[-118.1898098,33.765967],[-118.1897991,33.7659676],[-118.1897883,33.7659683],[-118.1897775,33.765969],[-118.1897668,33.7659697],[-118.189756,33.7659704],[-118.1897452,33.765971],[-118.1897343,33.7659716],[-118.1897234,33.7659722],[-118.1897125,33.7659728],[-118.1897016,33.7659734],[-118.1896907,33.765974],[-118.1896799,33.7659746],[-118.1896691,33.7659752],[-118.1896583,33.7659758],[-118.1896474,33.7659763],[-118.1896366,33.7659769],[-118.1896256,33.7659775],[-118.1896146,33.7659779],[-118.1896035,33.7659783],[-118.1895924,33.7659787],[-118.1895813,33.7659791],[-118.1895703,33.7659795],[-118.1895593,33.7659799],[-118.1895482,33.7659803],[-118.1895371,33.7659807],[-118.189526,33.7659811],[-118.189515,33.7659815],[-118.1895039,33.7659819],[-118.1894928,33.7659823],[-118.1894816,33.7659824],[-118.1894704,33.7659826],[-118.1894591,33.7659827],[-118.1894478,33.7659829],[-118.1894365,33.765983],[-118.189425,33.7659828],[-118.1894135,33.7659827],[-118.1894019,33.7659825],[-118.1893903,33.7659824],[-118.1893787,33.7659818],[-118.1893671,33.7659813],[-118.1893554,33.7659807],[-118.1893437,33.7659802],[-118.189332,33.7659797],[-118.1893204,33.7659791],[-118.1893089,33.7659781]],[[-118.189286,33.7659762],[-118.1892747,33.7659752],[-118.1892636,33.7659743],[-118.1892526,33.7659734],[-118.1892417,33.7659725],[-118.1892308,33.7659715],[-118.18922,33.7659704],[-118.189209,33.7659692],[-118.1891978,33.765968],[-118.1891866,33.7659668],[-118.1891753,33.7659656],[-118.1891642,33.7659644],[-118.1891532,33.7659632],[-118.1891422,33.765962],[-118.1891312,33.7659606],[-118.18912,33.7659592],[-118.1891088,33.7659577],[-118.1890976,33.7659563],[-118.1890865,33.7659549],[-118.1890756,33.7659535],[-118.1890648,33.7659521],[-118.1890541,33.7659507],[-118.1890434,33.7659494],[-118.1890329,33.765948],[-118.1890225,33.7659467],[-118.1890123,33.7659455],[-118.1890024,33.7659446],[-118.1889927,33.7659438],[-118.1889831,33.7659429],[-118.1889735,33.7659421],[-118.1889639,33.7659414],[-118.1889545,33.7659412]],[[-118.1889088,33.7659419],[-118.1888992,33.7659427],[-118.1888893,33.7659435],[-118.1888791,33.7659443],[-118.1888687,33.7659451],[-118.1888581,33.7659459],[-118.1888474,33.7659468],[-118.1888366,33.7659476]],[[-118.1888042,33.7659499],[-118.1887933,33.7659504],[-118.1887823,33.765951],[-118.188771,33.7659516],[-118.1887594,33.7659522],[-118.1887475,33.7659528]],[[-118.1886227,33.765946],[-118.1886103,33.7659438],[-118.1885982,33.7659417],[-118.1885863,33.7659396],[-118.1885747,33.7659373],[-118.1885635,33.7659348]],[[-118.1885421,33.7659297],[-118.1885318,33.7659269],[-118.1885217,33.7659242],[-118.188512,33.7659216],[-118.1885027,33.7659191],[-118.1884942,33.7659169],[-118.1884864,33.7659148],[-118.1884792,33.765913],[-118.1884723,33.7659117],[-118.1884658,33.7659104],[-118.1884595,33.7659092],[-118.1884532,33.7659084],[-118.1884463,33.765908],[-118.1884385,33.7659074],[-118.1884295,33.7659069]],[[-118.1883602,33.7659076],[-118.1883475,33.7659075],[-118.1883347,33.7659073],[-118.1883218,33.7659072],[-118.1883089,33.7659066]],[[-118.1881881,33.765891],[-118.1881772,33.7658888],[-118.1881664,33.7658866],[-118.1881558,33.7658844],[-118.1881453,33.7658822],[-118.1881349,33.7658801],[-118.1881246,33.765878],[-118.1881144,33.7658759]],[[-118.1880943,33.7658721],[-118.1880843,33.7658702],[-118.1880743,33.7658684],[-118.1880643,33.7658669],[-118.1880543,33.7658654],[-118.1880442,33.7658639]],[[-118.1880039,33.7658587],[-118.1879938,33.7658576],[-118.1879837,33.7658565],[-118.1879736,33.7658557],[-118.1879636,33.7658549],[-118.1879536,33.7658542],[-118.1879436,33.7658534],[-118.1879335,33.7658531],[-118.1879234,33.7658528],[-118.1879132,33.7658525],[-118.1879029,33.7658526],[-118.1878925,33.7658528],[-118.1878821,33.7658529],[-118.1878715,33.7658531],[-118.1878608,33.7658532],[-118.18785,33.7658533],[-118.1878392,33.7658535],[-118.1878285,33.7658536],[-118.1878177,33.7658538],[-118.1878068,33.7658539],[-118.187796,33.7658541],[-118.187785,33.7658542],[-118.187774,33.7658544],[-118.1877627,33.7658545],[-118.1877513,33.7658547],[-118.1877399,33.7658546],[-118.1877286,33.7658545],[-118.1877175,33.7658544],[-118.1877066,33.7658543],[-118.1876957,33.7658542],[-118.1876849,33.7658542],[-118.1876741,33.7658541],[-118.1876633,33.765854],[-118.1876524,33.7658539],[-118.1876415,33.7658538],[-118.1876306,33.7658536],[-118.1876194,33.7658533],[-118.1876082,33.765853],[-118.187597,33.7658527],[-118.1875859,33.7658525],[-118.1875749,33.7658522],[-118.1875639,33.765852],[-118.1875528,33.7658517],[-118.1875416,33.765851],[-118.1875304,33.7658504],[-118.1875192,33.7658497],[-118.1875081,33.7658491],[-118.1874971,33.7658484],[-118.1874862,33.7658475],[-118.1874754,33.7658467],[-118.1874646,33.7658458],[-118.1874539,33.765845],[-118.1874432,33.7658441],[-118.1874326,33.7658433],[-118.1874219,33.7658424]],[[-118.1873902,33.7658399],[-118.1873796,33.765839],[-118.1873689,33.7658382],[-118.1873584,33.7658373],[-118.1873479,33.7658365],[-118.1873374,33.7658357],[-118.187327,33.7658348],[-118.1873165,33.765834]],[[-118.1872522,33.7658294],[-118.1872414,33.7658286],[-118.1872306,33.7658279],[-118.1872198,33.7658271],[-118.187209,33.7658264],[-118.1871981,33.7658256],[-118.1871871,33.7658249],[-118.1871762,33.7658241]],[[-118.187021,33.7658077],[-118.1870092,33.7658061],[-118.1869972,33.7658043],[-118.1869852,33.7658025],[-118.1869731,33.7658005],[-118.1869612,33.7657982]],[[-118.1869261,33.7657911],[-118.1869148,33.7657886],[-118.1869037,33.7657861],[-118.1868929,33.7657837],[-118.1868824,33.7657814]],[[-118.1868623,33.7657775],[-118.186853,33.7657759],[-118.1868442,33.7657749],[-118.1868359,33.7657739],[-118.1868278,33.7657735],[-118.18682,33.7657732],[-118.1868124,33.7657733],[-118.1868048,33.7657737],[-118.1867969,33.7657743],[-118.1867886,33.7657754],[-118.1867799,33.7657766],[-118.1867708,33.7657778],[-118.1867611,33.7657791],[-118.186751,33.7657804],[-118.1867405,33.7657818],[-118.1867297,33.7657833],[-118.1867187,33.7657847],[-118.1867075,33.7657857],[-118.1866961,33.7657866],[-118.1866847,33.7657875],[-118.1866734,33.7657882],[-118.1866623,33.7657888],[-118.1866514,33.7657894]],[[-118.1866206,33.7657912],[-118.1866115,33.7657917],[-118.186603,33.7657923],[-118.1865948,33.7657931],[-118.1865863,33.765794],[-118.1865772,33.7657949],[-118.1865674,33.7657959],[-118.1865568,33.765797],[-118.1865456,33.7657982],[-118.186534,33.7657994],[-118.1865222,33.7658006],[-118.1865105,33.7658015],[-118.1864989,33.7658025],[-118.1864873,33.7658035],[-118.1864756,33.765804],[-118.1864639,33.7658046],[-118.1864524,33.7658051],[-118.1864409,33.7658056],[-118.1864295,33.7658061],[-118.1864178,33.7658062],[-118.1864059,33.7658062],[-118.186394,33.7658063],[-118.1863821,33.7658063],[-118.1863702,33.7658063]],[[-118.1861651,33.7657876],[-118.1861543,33.7657864],[-118.1861435,33.7657852],[-118.1861325,33.765784],[-118.1861214,33.7657828],[-118.1861101,33.7657816],[-118.1860989,33.7657803],[-118.1860878,33.7657791],[-118.1860768,33.7657779]],[[-118.186035,33.7657736],[-118.186025,33.7657728],[-118.1860151,33.7657719],[-118.186005,33.765771],[-118.1859946,33.7657701]],[[-118.1859002,33.7657599],[-118.1858894,33.7657586],[-118.1858785,33.7657573],[-118.1858676,33.7657559],[-118.1858566,33.7657545],[-118.1858457,33.7657531],[-118.1858346,33.7657516],[-118.1858232,33.7657499],[-118.1858113,33.765748],[-118.185799,33.765746]]]}},{"type":"Feature","properties":{"role":"edge_unseen","side":"right","note":"bridged: the edge was not seen in the imagery here"},"geometry":{"type":"MultiLineString","coordinates":[[[-118.1858882,33.7655837],[-118.1858776,33.7655835],[-118.185867,33.7655832],[-118.1858566,33.765583],[-118.1858465,33.7655827],[-118.185837,33.7655825]],[[-118.1857873,33.7655787],[-118.1857799,33.7655772],[-118.1857725,33.7655758],[-118.1857654,33.7655738],[-118.1857584,33.7655718],[-118.1857516,33.7655693],[-118.1857447,33.7655668],[-118.1857379,33.7655639],[-118.1857312,33.7655609],[-118.1857246,33.7655579]],[[-118.1856271,33.7654521],[-118.1856252,33.7654456],[-118.1856235,33.7654389],[-118.1856217,33.7654319],[-118.1856198,33.7654248],[-118.1856185,33.7654173],[-118.1856173,33.7654097],[-118.185616,33.765402],[-118.1856148,33.7653941],[-118.185614,33.7653858],[-118.1856132,33.7653773],[-118.1856124,33.7653685],[-118.1856115,33.7653596],[-118.1856107,33.7653506],[-118.1856099,33.7653417],[-118.1856091,33.7653327],[-118.1856082,33.7653237],[-118.1856074,33.7653147],[-118.1856066,33.7653057],[-118.1856057,33.7652969],[-118.1856049,33.765288],[-118.1856042,33.7652793],[-118.1856037,33.7652707],[-118.1856033,33.7652621],[-118.1856028,33.7652534],[-118.1856023,33.7652447],[-118.1856019,33.7652361],[-118.1856015,33.7652277],[-118.1856017,33.7652193],[-118.1856018,33.7652109],[-118.185602,33.7652024],[-118.1856021,33.7651937],[-118.1856023,33.765185],[-118.1856025,33.7651762],[-118.185603,33.7651674]],[[-118.1856047,33.7651413],[-118.1856052,33.7651324],[-118.1856058,33.7651235],[-118.1856063,33.7651145],[-118.1856069,33.7651055],[-118.1856075,33.7650965],[-118.185608,33.7650875],[-118.1856086,33.7650785],[-118.1856091,33.7650695],[-118.1856095,33.7650605],[-118.18561,33.7650515],[-118.1856104,33.7650424],[-118.1856108,33.7650333],[-118.1856112,33.7650241],[-118.1856116,33.7650147],[-118.1856117,33.7650053],[-118.1856118,33.7649959],[-118.1856118,33.7649866],[-118.1856119,33.7649774],[-118.185612,33.7649683],[-118.185612,33.7649592],[-118.1856121,33.7649502],[-118.1856122,33.7649412],[-118.1856123,33.7649321],[-118.1856123,33.7649231],[-118.1856124,33.7649141],[-118.1856125,33.7649051],[-118.1856126,33.7648961],[-118.1856126,33.7648871],[-118.1856127,33.764878],[-118.1856128,33.764869],[-118.1856129,33.7648601],[-118.1856129,33.7648512],[-118.185613,33.7648423],[-118.1856131,33.7648336],[-118.1856131,33.764825],[-118.1856132,33.7648163],[-118.1856137,33.7648077],[-118.1856142,33.7647989],[-118.1856147,33.7647902],[-118.1856152,33.7647814],[-118.1856157,33.7647726],[-118.1856163,33.7647638],[-118.1856168,33.7647549],[-118.1856173,33.7647459],[-118.1856178,33.7647369],[-118.1856183,33.7647279],[-118.1856188,33.7647188],[-118.1856194,33.7647097],[-118.1856199,33.7647004],[-118.1856204,33.7646912],[-118.1856208,33.7646819],[-118.1856211,33.7646726],[-118.1856215,33.7646632],[-118.1856219,33.7646538],[-118.1856222,33.7646444],[-118.1856221,33.7646349],[-118.185622,33.7646254],[-118.1856219,33.7646158],[-118.1856219,33.7646061],[-118.1856218,33.7645963],[-118.1856216,33.7645865],[-118.185621,33.7645768],[-118.1856203,33.764567],[-118.1856196,33.7645572],[-118.1856185,33.7645473],[-118.1856173,33.7645373],[-118.1856161,33.7645273],[-118.1856143,33.7645174],[-118.1856125,33.7645076],[-118.1856107,33.7644978],[-118.185609,33.7644881],[-118.1856071,33.7644784],[-118.1856047,33.7644688],[-118.1856022,33.7644591],[-118.1855997,33.7644493],[-118.1855967,33.7644395],[-118.1855937,33.7644296],[-118.1855901,33.7644199],[-118.1855865,33.7644101],[-118.1855829,33.7644004],[-118.1855793,33.7643907],[-118.1855748,33.7643813],[-118.1855703,33.7643718],[-118.1855657,33.7643622],[-118.1855611,33.7643526],[-118.1855556,33.7643434],[-118.1855501,33.7643343],[-118.1855446,33.7643251],[-118.1855391,33.7643159],[-118.1855329,33.7643069],[-118.1855266,33.7642979],[-118.1855197,33.7642889],[-118.1855127,33.7642797],[-118.1855048,33.7642709],[-118.1854969,33.7642621],[-118.185489,33.7642532],[-118.1854805,33.7642449],[-118.185472,33.7642366],[-118.1854632,33.7642289],[-118.1854545,33.7642213],[-118.1854453,33.7642143],[-118.1854363,33.7642074],[-118.1854273,33.7642005],[-118.1854184,33.7641937],[-118.185409,33.7641874],[-118.1853996,33.7641812],[-118.18539,33.7641749],[-118.1853801,33.7641688],[-118.1853699,33.7641627],[-118.1853592,33.7641568],[-118.1853486,33.7641509],[-118.1853377,33.7641455],[-118.1853269,33.7641401],[-118.185316,33.7641352],[-118.1853052,33.7641303],[-118.185294,33.7641258],[-118.1852828,33.7641212]],[[-118.1851707,33.7640878],[-118.1851601,33.7640852],[-118.1851497,33.7640827],[-118.1851394,33.7640801],[-118.1851295,33.7640777],[-118.1851199,33.764075],[-118.1851106,33.7640722],[-118.1851015,33.7640696],[-118.1850929,33.7640664],[-118.1850843,33.764063],[-118.1850757,33.7640597],[-118.1850672,33.7640557],[-118.1850586,33.7640514],[-118.1850497,33.764047],[-118.1850404,33.7640423],[-118.1850306,33.7640375],[-118.1850203,33.7640323],[-118.1850094,33.7640269],[-118.1849975,33.7640218],[-118.184985,33.7640167],[-118.1849718,33.7640121],[-118.184958,33.7640083],[-118.1849441,33.7640047],[-118.1849299,33.7640021],[-118.1849157,33.7639995],[-118.1849015,33.763998],[-118.1848874,33.7639965],[-118.1848734,33.7639959]],[[-118.184846,33.7639953],[-118.1848327,33.7639953],[-118.1848196,33.763996],[-118.1848068,33.7639967],[-118.1847941,33.7639974],[-118.1847815,33.7639986],[-118.1847691,33.7639999],[-118.1847567,33.7640012],[-118.1847444,33.7640029],[-118.1847323,33.7640046]],[[-118.1846719,33.7640155],[-118.1846602,33.7640181],[-118.1846487,33.7640212],[-118.1846373,33.7640242],[-118.1846257,33.7640273],[-118.1846143,33.7640309],[-118.1846028,33.7640346],[-118.1845912,33.7640383],[-118.1845798,33.7640426],[-118.1845683,33.764047],[-118.1845568,33.7640514],[-118.1845456,33.7640563],[-118.1845347,33.7640613],[-118.1845238,33.7640662],[-118.184513,33.764071],[-118.1845024,33.7640764],[-118.1844919,33.7640819],[-118.1844813,33.7640874]],[[-118.1842916,33.7642288],[-118.1842855,33.7642328],[-118.1842797,33.7642367],[-118.1842743,33.7642403],[-118.1842694,33.7642435],[-118.1842649,33.7642461],[-118.184261,33.7642483],[-118.1842576,33.7642502],[-118.1842546,33.7642517],[-118.184252,33.7642528],[-118.1842495,33.7642537],[-118.1842473,33.7642546],[-118.1842452,33.7642551]],[[-118.1842393,33.7642553],[-118.1842375,33.7642547],[-118.1842358,33.7642538],[-118.1842339,33.7642529],[-118.1842322,33.7642517],[-118.1842312,33.76425],[-118.18423,33.7642482],[-118.1842287,33.7642462],[-118.1842283,33.7642437],[-118.1842279,33.7642408],[-118.1842285,33.7642374],[-118.1842291,33.7642336],[-118.1842303,33.7642294],[-118.1842322,33.7642251],[-118.1842341,33.7642206],[-118.1842367,33.7642163],[-118.1842393,33.764212],[-118.1842423,33.7642078],[-118.1842457,33.7642034],[-118.1842494,33.7641984],[-118.184254,33.7641931],[-118.1842594,33.7641873],[-118.1842651,33.7641811],[-118.1842712,33.7641746],[-118.1842778,33.764168]],[[-118.1843054,33.7641408],[-118.1843124,33.7641339],[-118.1843194,33.7641271],[-118.1843263,33.7641203],[-118.1843332,33.7641135],[-118.18434,33.7641068],[-118.1843469,33.7641],[-118.1843538,33.7640933],[-118.1843607,33.7640865],[-118.1843676,33.7640796],[-118.1843746,33.7640728],[-118.1843816,33.7640659],[-118.1843888,33.7640593],[-118.184396,33.7640527],[-118.1844032,33.7640461]],[[-118.1844168,33.7640337],[-118.1844237,33.764028],[-118.1844304,33.7640226],[-118.1844371,33.7640171],[-118.1844441,33.7640118],[-118.1844513,33.7640064],[-118.1844587,33.7640009],[-118.1844666,33.7639952],[-118.1844747,33.7639893]],[[-118.184541,33.7639416],[-118.1845491,33.7639357],[-118.1845573,33.7639298],[-118.1845654,33.7639239],[-118.1845734,33.7639181],[-118.1845813,33.7639124],[-118.1845891,33.7639069],[-118.1845968,33.7639015],[-118.1846045,33.7638962],[-118.1846122,33.7638909],[-118.18462,33.7638855],[-118.1846278,33.7638802],[-118.1846358,33.7638751],[-118.184644,33.7638701],[-118.1846522,33.763865],[-118.1846606,33.7638598],[-118.1846692,33.7638545],[-118.1846779,33.7638493],[-118.1846867,33.7638442],[-118.1846956,33.763839],[-118.1847044,33.7638338],[-118.1847132,33.7638286],[-118.1847221,33.7638234],[-118.1847309,33.7638182],[-118.1847398,33.763813],[-118.1847488,33.7638078]],[[-118.1847668,33.7637972],[-118.1847759,33.7637919],[-118.1847849,33.7637866],[-118.1847939,33.7637813],[-118.1848028,33.7637761],[-118.1848117,33.7637709],[-118.1848205,33.7637657],[-118.1848293,33.7637605],[-118.1848381,33.7637554],[-118.1848468,33.7637503],[-118.1848554,33.7637453],[-118.184864,33.7637404],[-118.1848726,33.7637355],[-118.1848813,33.7637306],[-118.1848901,33.7637256],[-118.1848989,33.7637206],[-118.1849078,33.7637155],[-118.1849167,33.7637105],[-118.1849257,33.7637054],[-118.1849346,33.7637004],[-118.1849436,33.7636953],[-118.1849525,33.7636902],[-118.1849614,33.7636852],[-118.1849704,33.7636801],[-118.1849793,33.763675],[-118.1849882,33.76367],[-118.1849971,33.7636649],[-118.185006,33.7636599],[-118.1850148,33.7636551],[-118.1850235,33.7636503],[-118.1850322,33.7636456],[-118.1850408,33.7636409],[-118.1850495,33.7636361],[-118.1850583,33.7636313],[-118.1850672,33.7636264],[-118.1850762,33.7636215],[-118.1850853,33.7636166],[-118.1850943,33.7636116],[-118.1851035,33.7636066],[-118.1851128,33.7636016],[-118.1851222,33.7635964],[-118.1851318,33.7635912],[-118.1851413,33.7635857],[-118.1851507,33.7635801],[-118.1851601,33.7635746],[-118.1851695,33.763569],[-118.1851791,33.7635633],[-118.1851886,33.7635574],[-118.185198,33.7635513],[-118.1852074,33.7635452],[-118.1852167,33.7635388],[-118.1852259,33.7635325],[-118.1852351,33.7635261],[-118.1852441,33.7635198],[-118.1852528,33.7635134],[-118.1852612,33.7635071],[-118.1852694,33.763501],[-118.1852775,33.7634949],[-118.1852856,33.7634889],[-118.1852937,33.7634829],[-118.1853017,33.7634769],[-118.1853098,33.7634709],[-118.1853178,33.7634649],[-118.1853259,33.7634589],[-118.1853339,33.7634529],[-118.185342,33.7634471],[-118.1853499,33.7634414],[-118.1853576,33.7634358],[-118.1853653,33.7634304],[-118.1853728,33.7634249],[-118.1853806,33.7634196],[-118.1853884,33.7634143],[-118.1853961,33.7634091],[-118.1854036,33.763404],[-118.185411,33.763399],[-118.1854184,33.7633943],[-118.1854257,33.7633897],[-118.185433,33.7633851],[-118.1854403,33.7633806],[-118.1854477,33.7633765],[-118.1854551,33.7633725],[-118.1854624,33.7633685],[-118.1854698,33.7633645],[-118.1854775,33.7633609]],[[-118.1855101,33.7633472],[-118.185519,33.7633438],[-118.1855282,33.7633402],[-118.1855376,33.7633366],[-118.1855473,33.7633329],[-118.1855571,33.7633291],[-118.1855671,33.7633252],[-118.1855774,33.7633213],[-118.1855881,33.7633172],[-118.1855988,33.7633127],[-118.1856096,33.7633081],[-118.1856204,33.7633035],[-118.1856312,33.7632989],[-118.1856416,33.763294],[-118.1856519,33.7632891],[-118.185662,33.7632843],[-118.185672,33.7632796],[-118.1856819,33.7632749],[-118.1856917,33.7632698],[-118.1857016,33.7632646],[-118.1857114,33.7632594],[-118.1857211,33.7632543],[-118.1857307,33.7632493],[-118.1857402,33.7632443],[-118.1857495,33.7632391],[-118.1857589,33.7632338],[-118.1857685,33.7632285],[-118.1857781,33.7632231],[-118.1857875,33.7632178],[-118.1857967,33.7632124],[-118.1858057,33.7632072],[-118.1858146,33.763202],[-118.1858234,33.7631968],[-118.1858323,33.7631916],[-118.1858411,33.7631864],[-118.1858499,33.7631812],[-118.1858587,33.7631759],[-118.1858674,33.7631707],[-118.1858762,33.7631654],[-118.185885,33.7631601],[-118.1858938,33.7631548],[-118.1859027,33.7631495]],[[-118.1860784,33.7630442],[-118.1860872,33.7630389],[-118.186096,33.7630337],[-118.1861047,33.7630285],[-118.1861135,33.7630233],[-118.1861222,33.7630182],[-118.1861309,33.7630131],[-118.1861395,33.763008],[-118.1861482,33.7630029],[-118.186157,33.7629978],[-118.1861657,33.7629926]],[[-118.1861834,33.7629822],[-118.1861922,33.762977],[-118.1862011,33.7629718],[-118.18621,33.7629665],[-118.186219,33.7629613],[-118.1862279,33.762956],[-118.1862369,33.7629507]],[[-118.186307,33.7629084],[-118.1863157,33.7629031],[-118.1863244,33.7628976],[-118.1863332,33.7628921],[-118.1863422,33.7628864],[-118.1863514,33.7628806],[-118.1863608,33.7628746],[-118.18637,33.7628682],[-118.1863791,33.7628619],[-118.1863879,33.762855],[-118.1863967,33.7628481],[-118.1864051,33.7628407],[-118.1864134,33.7628333],[-118.1864215,33.762826],[-118.1864291,33.7628187],[-118.1864364,33.7628117],[-118.1864436,33.7628047],[-118.1864507,33.7627979],[-118.1864577,33.7627912],[-118.1864645,33.7627846],[-118.1864712,33.7627781],[-118.1864778,33.7627718],[-118.1864843,33.7627655],[-118.1864912,33.7627597],[-118.1864981,33.7627539],[-118.1865054,33.7627484],[-118.1865128,33.7627429],[-118.1865204,33.7627373],[-118.1865284,33.7627318],[-118.1865367,33.7627262],[-118.186545,33.7627206],[-118.1865533,33.7627149],[-118.1865617,33.7627092],[-118.18657,33.7627036]],[[-118.1865952,33.7626872],[-118.1866036,33.7626817],[-118.186612,33.7626762],[-118.1866205,33.7626706],[-118.186629,33.7626651],[-118.1866375,33.7626595],[-118.186646,33.762654],[-118.1866546,33.7626484]],[[-118.1866886,33.7626262],[-118.1866971,33.7626207],[-118.1867056,33.7626151],[-118.1867143,33.7626097],[-118.1867229,33.7626043],[-118.1867315,33.762599],[-118.18674,33.7625936],[-118.1867485,33.7625883],[-118.1867571,33.7625832],[-118.1867657,33.7625781],[-118.1867743,33.762573],[-118.186783,33.7625679],[-118.1867917,33.7625628],[-118.1868004,33.7625576]],[[-118.1869557,33.7624815],[-118.1869652,33.7624771],[-118.1869746,33.7624723],[-118.1869841,33.7624675],[-118.1869938,33.7624625],[-118.1870037,33.7624575],[-118.1870134,33.7624521]],[[-118.1876877,33.7621093],[-118.1876973,33.7621048],[-118.1877068,33.7621001],[-118.1877162,33.7620955],[-118.1877255,33.762091],[-118.1877348,33.7620864],[-118.1877441,33.7620818],[-118.1877533,33.7620773],[-118.1877625,33.7620728],[-118.1877715,33.7620683],[-118.1877805,33.7620639],[-118.1877897,33.7620599],[-118.1877988,33.7620558],[-118.1878079,33.7620518],[-118.1878169,33.7620478],[-118.1878257,33.762044],[-118.1878342,33.7620402]],[[-118.1878793,33.762026],[-118.1878893,33.7620235],[-118.1878995,33.7620209],[-118.1879097,33.7620183],[-118.1879197,33.7620158],[-118.1879294,33.7620133],[-118.1879387,33.7620109]],[[-118.1882701,33.7619409],[-118.1882805,33.7619386],[-118.1882908,33.7619363],[-118.1883012,33.7619342],[-118.1883114,33.7619321],[-118.1883215,33.7619301],[-118.1883316,33.761928],[-118.1883418,33.7619259],[-118.1883521,33.7619239],[-118.1883625,33.7619218],[-118.1883729,33.7619197],[-118.1883832,33.7619176],[-118.1883935,33.7619157],[-118.1884038,33.7619139],[-118.188414,33.761912],[-118.1884243,33.7619102],[-118.1884345,33.7619084],[-118.1884447,33.7619065],[-118.1884549,33.7619047],[-118.1884651,33.7619029],[-118.1884754,33.7619012],[-118.1884858,33.7618996],[-118.1884963,33.761898],[-118.1885069,33.7618963],[-118.1885175,33.7618946],[-118.1885281,33.761893],[-118.1885386,33.7618913],[-118.1885491,33.7618897],[-118.1885596,33.7618883],[-118.18857,33.7618869],[-118.1885804,33.7618855],[-118.1885907,33.7618841],[-118.188601,33.7618827],[-118.1886112,33.7618813],[-118.1886212,33.76188],[-118.1886313,33.7618789],[-118.1886415,33.7618778],[-118.1886519,33.7618767],[-118.1886623,33.7618756],[-118.1886727,33.7618745],[-118.1886831,33.7618734],[-118.1886935,33.7618723],[-118.188704,33.7618712],[-118.1887146,33.7618701],[-118.1887252,33.7618691],[-118.1887359,33.7618681],[-118.1887465,33.7618671],[-118.188757,33.7618661],[-118.1887674,33.7618652],[-118.1887777,33.7618642],[-118.188788,33.7618633],[-118.1887984,33.7618623],[-118.1888089,33.7618615],[-118.1888195,33.7618608],[-118.1888302,33.76186],[-118.188841,33.7618592],[-118.1888516,33.7618585],[-118.1888622,33.7618577],[-118.1888728,33.7618571],[-118.1888832,33.7618564],[-118.1888937,33.7618558],[-118.1889042,33.7618552],[-118.1889148,33.7618545],[-118.1889255,33.7618539],[-118.1889363,33.7618532],[-118.188947,33.7618526],[-118.1889578,33.7618519],[-118.1889686,33.7618513],[-118.1889793,33.7618506],[-118.1889901,33.76185],[-118.1890009,33.7618493],[-118.1890118,33.7618487],[-118.1890228,33.761848],[-118.189034,33.7618473],[-118.1890456,33.7618466],[-118.1890574,33.7618456],[-118.1890691,33.7618445],[-118.1890807,33.7618434],[-118.1890919,33.7618423],[-118.1891029,33.7618413],[-118.1891137,33.7618403],[-118.1891245,33.7618393],[-118.1891352,33.7618383],[-118.1891458,33.7618373],[-118.1891562,33.7618363],[-118.1891665,33.7618353],[-118.1891767,33.7618344],[-118.1891868,33.7618336],[-118.189197,33.7618328],[-118.189207,33.761832],[-118.1892169,33.7618313],[-118.1892266,33.761831],[-118.1892364,33.7618306],[-118.1892461,33.7618303],[-118.1892559,33.76183],[-118.1892656,33.7618296],[-118.1892752,33.7618293],[-118.1892848,33.7618296],[-118.1892945,33.7618298],[-118.1893042,33.7618301],[-118.189314,33.7618304],[-118.1893236,33.7618306],[-118.1893334,33.7618309],[-118.1893433,33.7618316],[-118.1893535,33.7618324],[-118.1893639,33.7618332],[-118.1893742,33.7618339],[-118.1893845,33.7618347],[-118.1893947,33.7618355],[-118.1894049,33.7618363],[-118.1894152,33.7618373],[-118.1894256,33.7618383],[-118.1894362,33.7618393],[-118.1894469,33.7618404],[-118.1894576,33.7618414],[-118.1894683,33.7618425],[-118.189479,33.7618435],[-118.1894897,33.7618446],[-118.1895004,33.7618456],[-118.189511,33.7618466],[-118.1895215,33.7618477]],[[-118.1899885,33.7619164],[-118.1899997,33.7619188],[-118.1900107,33.7619212],[-118.1900215,33.7619236],[-118.1900321,33.7619259],[-118.1900424,33.7619282],[-118.1900526,33.7619304],[-118.1900626,33.7619326]],[[-118.1903426,33.7619997],[-118.1903524,33.7620025],[-118.1903621,33.7620054],[-118.1903718,33.7620084],[-118.1903815,33.7620115],[-118.1903912,33.7620146]],[[-118.1904907,33.7620476],[-118.1905006,33.7620511],[-118.1905106,33.7620545],[-118.1905205,33.762058],[-118.1905303,33.7620614],[-118.1905401,33.7620648],[-118.1905499,33.7620682],[-118.1905597,33.7620716],[-118.1905696,33.762075]],[[-118.1906972,33.7621217],[-118.1907071,33.7621254],[-118.1907169,33.762129],[-118.1907268,33.7621327],[-118.1907367,33.7621364],[-118.1907465,33.7621401]],[[-118.1908242,33.7621691],[-118.1908336,33.7621727],[-118.1908429,33.7621764],[-118.1908523,33.7621802],[-118.1908617,33.762184],[-118.190871,33.7621878]],[[-118.1908895,33.7621953],[-118.1908988,33.762199],[-118.1909084,33.7622029],[-118.1909178,33.7622071],[-118.1909272,33.7622113],[-118.1909367,33.7622156],[-118.1909463,33.7622198]],[[-118.1911112,33.7622921],[-118.1911211,33.7622962],[-118.1911311,33.7623004],[-118.1911412,33.7623045],[-118.1911515,33.7623084]],[[-118.1912015,33.7623274],[-118.1912115,33.7623312],[-118.1912217,33.762335],[-118.191232,33.7623386],[-118.1912424,33.7623422],[-118.1912526,33.7623458],[-118.1912628,33.7623493],[-118.1912728,33.7623528],[-118.1912828,33.7623563],[-118.1912928,33.7623598],[-118.1913027,33.7623632]],[[-118.1913324,33.7623736],[-118.1913423,33.762377],[-118.1913521,33.7623804],[-118.191362,33.7623839],[-118.1913717,33.7623876],[-118.1913815,33.7623913],[-118.1913912,33.7623951]],[[-118.1915535,33.7624634],[-118.1915634,33.7624672],[-118.1915733,33.7624709],[-118.191583,33.7624748],[-118.1915928,33.7624786],[-118.1916026,33.7624825],[-118.1916123,33.7624863]],[[-118.1916318,33.7624941],[-118.1916416,33.7624979],[-118.1916513,33.7625017],[-118.1916609,33.7625056],[-118.1916705,33.7625094],[-118.1916801,33.7625131],[-118.1916897,33.7625169],[-118.1916993,33.7625207],[-118.191709,33.7625245],[-118.1917187,33.7625284],[-118.1917284,33.7625322],[-118.1917382,33.7625361],[-118.1917479,33.7625399],[-118.1917577,33.7625438],[-118.1917674,33.7625476],[-118.1917772,33.7625515],[-118.191787,33.7625553],[-118.1917967,33.7625592],[-118.1918064,33.7625631],[-118.1918161,33.7625671]],[[-118.1918356,33.7625749],[-118.1918453,33.7625789],[-118.191855,33.7625828],[-118.1918647,33.7625867],[-118.1918744,33.7625907],[-118.1918841,33.7625946],[-118.1918938,33.7625985]],[[-118.1919131,33.7626066],[-118.1919226,33.7626106],[-118.1919321,33.7626146],[-118.1919415,33.7626185],[-118.1919509,33.7626225],[-118.1919603,33.7626267],[-118.1919697,33.7626309],[-118.1919791,33.7626352],[-118.1919886,33.7626395],[-118.1919981,33.7626437],[-118.1920076,33.762648],[-118.1920171,33.7626523],[-118.1920266,33.7626566],[-118.1920361,33.7626609],[-118.1920456,33.7626651],[-118.1920551,33.7626694],[-118.1920646,33.7626737],[-118.1920741,33.762678],[-118.1920837,33.7626823],[-118.1920932,33.7626865],[-118.1921027,33.7626908],[-118.1921122,33.7626951],[-118.1921217,33.7626994],[-118.1921311,33.7627036],[-118.1921405,33.7627079],[-118.1921498,33.762712],[-118.192159,33.7627162],[-118.1921679,33.7627205],[-118.1921768,33.7627248],[-118.1921858,33.7627292],[-118.192195,33.7627336],[-118.1922042,33.7627381],[-118.1922135,33.7627426],[-118.1922228,33.7627472],[-118.1922321,33.7627517],[-118.1922415,33.7627562],[-118.1922508,33.7627608],[-118.1922601,33.7627653],[-118.1922695,33.7627699],[-118.1922789,33.7627744],[-118.1922883,33.762779],[-118.1922978,33.7627836],[-118.1923074,33.7627883],[-118.1923171,33.762793],[-118.1923268,33.7627977],[-118.1923364,33.7628024],[-118.192346,33.762807],[-118.1923556,33.7628114],[-118.1923654,33.7628158],[-118.1923753,33.7628203],[-118.1923854,33.7628249],[-118.1923958,33.7628296],[-118.1924067,33.7628341],[-118.1924177,33.7628386],[-118.1924288,33.7628432],[-118.1924403,33.7628472],[-118.1924519,33.7628512],[-118.1924636,33.7628553],[-118.1924753,33.7628593],[-118.1924873,33.7628628],[-118.1924992,33.7628662],[-118.1925111,33.7628695],[-118.192523,33.7628724],[-118.1925348,33.7628752],[-118.1925463,33.7628779],[-118.1925576,33.7628803],[-118.1925688,33.7628826],[-118.1925798,33.7628849],[-118.1925906,33.7628872],[-118.1926011,33.7628894],[-118.1926114,33.7628916]],[[-118.1926311,33.7628957],[-118.1926404,33.7628978],[-118.1926493,33.7629],[-118.1926581,33.7629023],[-118.1926668,33.7629045],[-118.1926754,33.7629068],[-118.1926838,33.7629096],[-118.192692,33.7629124],[-118.1927001,33.7629151],[-118.1927079,33.7629178],[-118.1927156,33.7629204],[-118.1927232,33.7629234],[-118.1927312,33.7629266],[-118.1927397,33.76293],[-118.1927487,33.7629336],[-118.1927581,33.7629374],[-118.1927674,33.7629412],[-118.1927767,33.7629449],[-118.1927854,33.7629489],[-118.1927939,33.7629528],[-118.192802,33.7629565],[-118.19281,33.7629602],[-118.1928178,33.7629637],[-118.1928256,33.7629673],[-118.1928331,33.7629715],[-118.1928409,33.7629758]],[[-118.1929352,33.763033],[-118.1929427,33.7630383],[-118.1929502,33.7630438],[-118.1929576,33.7630496],[-118.1929651,33.7630555],[-118.1929728,33.7630616],[-118.1929806,33.7630678]],[[-118.1930319,33.7631074],[-118.1930424,33.7631144],[-118.1930533,33.7631213],[-118.1930642,33.7631284],[-118.1930758,33.7631347],[-118.1930873,33.7631407],[-118.1930986,33.7631466],[-118.1931099,33.7631519]],[[-118.1937098,33.7634132],[-118.1937194,33.7634178],[-118.1937292,33.7634225],[-118.1937391,33.7634271],[-118.1937489,33.7634316],[-118.1937585,33.7634361],[-118.193768,33.7634405],[-118.1937775,33.7634449],[-118.193787,33.7634492],[-118.1937965,33.7634535],[-118.193806,33.7634578]],[[-118.1943671,33.7637093],[-118.1943784,33.7637137],[-118.1943902,33.7637181],[-118.1944025,33.7637228],[-118.1944157,33.7637273],[-118.1944296,33.7637318],[-118.1944447,33.7637356],[-118.1944606,33.7637395],[-118.1944777,33.7637424],[-118.1944956,33.7637442],[-118.1945142,33.7637447],[-118.1945331,33.7637436],[-118.1945518,33.7637407],[-118.19457,33.7637361],[-118.1945871,33.7637298],[-118.1946028,33.7637219],[-118.1946168,33.7637132],[-118.194629,33.763704],[-118.1946397,33.7636953],[-118.1946493,33.763687],[-118.1946582,33.7636792],[-118.1946665,33.7636719],[-118.1946745,33.7636648],[-118.1946825,33.7636579],[-118.1946907,33.7636512],[-118.1946989,33.7636446],[-118.1947069,33.763638],[-118.1947148,33.7636316],[-118.1947225,33.7636253],[-118.1947302,33.763619],[-118.1947378,33.7636128],[-118.1947454,33.7636065],[-118.194753,33.7636001],[-118.1947608,33.7635936],[-118.1947689,33.7635868]],[[-118.1949466,33.7633933],[-118.1949536,33.7633865],[-118.1949605,33.7633797],[-118.1949672,33.7633732],[-118.1949738,33.7633667],[-118.1949804,33.7633602],[-118.1949871,33.7633538]],[[-118.1950291,33.7633189],[-118.1950361,33.7633136],[-118.1950432,33.7633084],[-118.1950505,33.7633036],[-118.1950577,33.7632988],[-118.1950651,33.763294],[-118.1950729,33.7632895],[-118.1950806,33.7632851]],[[-118.1952285,33.7632175],[-118.1952379,33.7632137],[-118.1952473,33.7632099],[-118.1952568,33.763206],[-118.1952664,33.7632021]],[[-118.1953437,33.763175],[-118.1953536,33.7631719],[-118.1953634,33.7631689],[-118.1953733,33.7631659],[-118.195383,33.763163],[-118.1953926,33.7631601],[-118.1954021,33.7631572],[-118.1954116,33.7631544],[-118.1954212,33.763152],[-118.1954308,33.7631497]],[[-118.1954692,33.7631403],[-118.1954787,33.7631385],[-118.1954882,33.7631366],[-118.1954976,33.7631348],[-118.1955072,33.7631332],[-118.1955169,33.7631317],[-118.1955267,33.7631301],[-118.1955367,33.7631287],[-118.1955468,33.7631273]],[[-118.195608,33.7631204],[-118.1956186,33.7631194],[-118.1956293,33.7631185],[-118.19564,33.7631175],[-118.1956509,33.7631165],[-118.195662,33.7631155],[-118.1956734,33.7631141],[-118.1956853,33.7631127],[-118.1956978,33.7631112]],[[-118.1957647,33.7630947],[-118.1957779,33.7630895],[-118.1957906,33.7630835],[-118.1958031,33.7630772],[-118.195815,33.7630702],[-118.1958266,33.7630629],[-118.1958375,33.763055],[-118.1958477,33.7630466],[-118.1958575,33.7630381],[-118.1958665,33.7630293],[-118.1958749,33.7630204],[-118.1958827,33.7630114],[-118.1958899,33.7630026]],[[-118.1959451,33.7629326],[-118.1959506,33.7629276],[-118.1959564,33.762923],[-118.1959621,33.7629185],[-118.195968,33.7629143],[-118.1959743,33.7629104]],[[-118.1961295,33.7629032],[-118.1961354,33.7629065],[-118.1961409,33.7629102],[-118.1961464,33.7629141],[-118.1961513,33.7629183]],[[-118.1962108,33.7630192],[-118.1962142,33.763028],[-118.1962177,33.763037],[-118.1962213,33.7630464],[-118.1962252,33.763056],[-118.19623,33.7630658],[-118.196235,33.7630759],[-118.1962403,33.7630862],[-118.1962465,33.7630963],[-118.196253,33.7631065],[-118.1962601,33.7631164],[-118.1962676,33.7631259],[-118.1962758,33.7631349],[-118.1962838,33.7631438],[-118.1962921,33.7631523],[-118.196301,33.7631605],[-118.1963102,33.7631683],[-118.19632,33.7631756],[-118.1963296,33.7631829],[-118.1963395,33.7631898],[-118.1963497,33.7631961],[-118.1963597,33.7632023],[-118.1963698,33.7632082],[-118.1963801,33.7632135]],[[-118.1964001,33.7632239],[-118.19641,33.7632288],[-118.1964199,33.7632333],[-118.1964297,33.7632378],[-118.1964394,33.7632422],[-118.196449,33.7632466],[-118.1964587,33.763251],[-118.1964685,33.7632552],[-118.1964782,33.7632595],[-118.1964878,33.7632637],[-118.1964974,33.7632678],[-118.196507,33.763272],[-118.1965166,33.7632762]],[[-118.1965452,33.7632887],[-118.1965547,33.7632928],[-118.1965641,33.7632969],[-118.1965733,33.763301],[-118.1965824,33.7633052],[-118.1965916,33.7633094],[-118.1966008,33.7633136],[-118.19661,33.7633178],[-118.196619,33.7633222],[-118.196628,33.7633266],[-118.1966368,33.7633309],[-118.1966457,33.7633353]],[[-118.1966634,33.7633445],[-118.1966723,33.7633492],[-118.1966811,33.7633539],[-118.19669,33.7633587],[-118.1966988,33.7633636],[-118.1967076,33.7633686]],[[-118.1971021,33.7635813],[-118.1971114,33.7635855],[-118.1971205,33.7635896],[-118.1971294,33.7635939],[-118.1971378,33.7635983],[-118.197146,33.7636026],[-118.197154,33.7636068],[-118.1971617,33.7636111],[-118.197169,33.7636156],[-118.1971762,33.7636201],[-118.197183,33.7636247],[-118.1971894,33.7636294],[-118.1971954,33.7636342],[-118.197201,33.7636392],[-118.1972063,33.7636442],[-118.1972111,33.7636495],[-118.1972156,33.7636547],[-118.1972198,33.7636602],[-118.1972237,33.7636658],[-118.1972272,33.7636715],[-118.1972304,33.7636773],[-118.1972333,33.7636832],[-118.1972359,33.7636893],[-118.1972379,33.7636956],[-118.19724,33.7637019],[-118.1972417,33.7637085],[-118.197243,33.7637153],[-118.1972443,33.7637223],[-118.1972453,33.7637295],[-118.197246,33.7637369],[-118.1972468,33.7637444]],[[-118.1972474,33.7637596],[-118.1972477,33.7637672],[-118.1972474,33.7637748],[-118.1972471,33.7637824],[-118.1972463,33.7637901],[-118.1972455,33.7637979],[-118.1972442,33.7638058],[-118.1972428,33.7638137],[-118.1972414,33.7638217],[-118.1972394,33.7638297],[-118.1972374,33.7638376],[-118.1972354,33.7638455],[-118.197233,33.7638534],[-118.1972305,33.7638614],[-118.197228,33.7638694],[-118.197225,33.7638775],[-118.197222,33.7638855]],[[-118.1971628,33.7640252],[-118.197159,33.7640336],[-118.1971552,33.7640421],[-118.1971513,33.7640505],[-118.1971473,33.7640588],[-118.1971434,33.7640672],[-118.1971395,33.7640755],[-118.1971356,33.7640837],[-118.1971317,33.764092],[-118.1971278,33.7641002]],[[-118.1970295,33.764286],[-118.1970248,33.7642939],[-118.1970201,33.7643018],[-118.1970154,33.7643098],[-118.1970107,33.7643177],[-118.197006,33.7643257],[-118.1970013,33.7643337],[-118.1969965,33.7643417],[-118.1969917,33.7643497],[-118.1969867,33.7643575],[-118.1969817,33.7643653],[-118.1969767,33.7643731]],[[-118.1968943,33.7644837],[-118.1968881,33.7644911],[-118.1968819,33.7644985],[-118.1968757,33.7645059],[-118.1968696,33.7645132]],[[-118.1967687,33.7646347],[-118.1967631,33.7646428],[-118.1967574,33.7646508],[-118.1967518,33.764659],[-118.1967464,33.7646673],[-118.196741,33.7646757],[-118.1967355,33.7646841],[-118.19673,33.7646926],[-118.1967245,33.7647011],[-118.1967195,33.76471],[-118.1967145,33.764719],[-118.1967096,33.7647278],[-118.1967046,33.7647366],[-118.1966998,33.7647452],[-118.1966951,33.7647537],[-118.1966905,33.764762],[-118.1966859,33.7647702],[-118.1966813,33.7647784],[-118.1966768,33.7647864],[-118.1966723,33.7647944],[-118.1966679,33.7648023],[-118.1966632,33.7648099],[-118.1966586,33.7648175],[-118.1966541,33.7648248],[-118.1966493,33.7648317],[-118.1966447,33.7648384],[-118.1966401,33.7648449],[-118.1966352,33.7648509],[-118.1966304,33.7648566],[-118.1966254,33.7648618],[-118.1966205,33.7648667],[-118.1966154,33.764871],[-118.1966105,33.764875],[-118.1966054,33.7648784],[-118.1966005,33.7648814],[-118.1965956,33.7648838],[-118.1965908,33.7648858],[-118.1965861,33.7648873],[-118.1965817,33.7648885],[-118.1965774,33.7648892],[-118.1965733,33.7648897],[-118.1965693,33.7648896],[-118.1965653,33.7648896],[-118.1965612,33.7648895],[-118.1965567,33.7648886],[-118.1965519,33.7648877],[-118.1965468,33.7648866],[-118.1965415,33.7648848],[-118.196536,33.7648828],[-118.1965301,33.7648805],[-118.196524,33.7648778],[-118.1965177,33.7648747],[-118.1965112,33.7648712],[-118.1965046,33.7648672],[-118.1964978,33.7648632],[-118.1964909,33.7648587],[-118.196484,33.7648539],[-118.196477,33.7648489],[-118.1964697,33.7648438],[-118.1964625,33.7648385],[-118.1964552,33.7648329],[-118.1964477,33.7648272],[-118.1964399,33.7648212],[-118.196432,33.7648151],[-118.1964238,33.7648088],[-118.1964155,33.7648024],[-118.1964072,33.764796],[-118.1963989,33.7647896],[-118.1963907,33.7647833],[-118.1963826,33.7647771],[-118.1963745,33.764771],[-118.1963664,33.764765],[-118.1963583,33.7647589],[-118.1963502,33.7647528],[-118.196342,33.7647467],[-118.1963337,33.7647404],[-118.1963253,33.7647341],[-118.1963167,33.7647278],[-118.1963081,33.7647216],[-118.1962996,33.7647155],[-118.1962912,33.7647095],[-118.196283,33.7647035],[-118.1962746,33.7646977],[-118.1962662,33.764692],[-118.1962578,33.7646862],[-118.1962493,33.7646804],[-118.1962408,33.7646745],[-118.196232,33.7646687],[-118.1962231,33.7646629],[-118.1962143,33.7646572],[-118.1962055,33.7646515],[-118.1961967,33.7646458],[-118.196188,33.7646402],[-118.1961791,33.7646345],[-118.1961699,33.764629],[-118.1961606,33.7646233],[-118.1961512,33.7646176],[-118.1961417,33.7646119],[-118.1961324,33.7646062],[-118.196123,33.7646007],[-118.1961138,33.7645955],[-118.1961046,33.7645903],[-118.1960956,33.7645852],[-118.1960866,33.7645802],[-118.1960777,33.7645751],[-118.1960687,33.7645702],[-118.1960596,33.7645653],[-118.1960505,33.7645604],[-118.1960414,33.7645555],[-118.1960324,33.7645506],[-118.1960233,33.7645457],[-118.1960141,33.7645408],[-118.1960049,33.7645359],[-118.1959954,33.764531],[-118.1959859,33.7645261],[-118.1959763,33.7645211],[-118.1959668,33.7645162],[-118.1959574,33.7645114],[-118.1959481,33.7645066],[-118.1959388,33.7645018],[-118.1959295,33.764497],[-118.1959202,33.7644923],[-118.1959106,33.7644877],[-118.195901,33.764483],[-118.1958913,33.7644783],[-118.1958817,33.7644736],[-118.1958722,33.764469],[-118.1958628,33.7644644],[-118.1958534,33.7644598],[-118.195844,33.7644553],[-118.1958347,33.7644507],[-118.1958254,33.7644462],[-118.1958161,33.7644417],[-118.1958067,33.7644371]],[[-118.1957334,33.764402],[-118.1957242,33.7643974],[-118.195715,33.7643927],[-118.1957057,33.764388],[-118.1956963,33.7643833],[-118.1956866,33.7643785],[-118.1956768,33.7643738],[-118.1956668,33.7643689],[-118.1956567,33.764364],[-118.1956463,33.7643592]],[[-118.1956251,33.7643497],[-118.1956145,33.764345],[-118.1956039,33.7643403],[-118.1955932,33.7643355],[-118.1955823,33.764331],[-118.1955713,33.7643266],[-118.1955604,33.7643227],[-118.19555,33.7643191]],[[-118.1954143,33.7642586],[-118.1954048,33.7642544],[-118.1953955,33.7642502],[-118.1953864,33.7642462],[-118.1953774,33.7642422]],[[-118.1952063,33.7641626],[-118.1951969,33.7641582],[-118.1951876,33.7641538],[-118.1951784,33.7641494],[-118.1951693,33.7641451],[-118.1951605,33.7641409]],[[-118.1949753,33.7640453],[-118.1949661,33.7640406],[-118.1949569,33.764036],[-118.1949477,33.7640313],[-118.1949383,33.7640266],[-118.1949289,33.7640218],[-118.194919,33.7640172],[-118.1949087,33.7640127],[-118.1948982,33.764008],[-118.1948876,33.7640032],[-118.1948768,33.7639988],[-118.1948661,33.7639945],[-118.1948556,33.7639902],[-118.1948453,33.763986],[-118.1948351,33.7639819],[-118.194825,33.7639779],[-118.1948152,33.7639739],[-118.1948054,33.7639699],[-118.1947958,33.763966],[-118.1947864,33.7639622]],[[-118.1947076,33.7639249],[-118.1946991,33.7639204],[-118.1946904,33.7639159],[-118.1946815,33.7639112],[-118.1946725,33.7639065],[-118.1946633,33.7639018],[-118.1946542,33.763897],[-118.194645,33.7638922],[-118.1946358,33.7638874],[-118.1946266,33.7638826],[-118.1946173,33.7638777],[-118.1946078,33.7638728],[-118.1945983,33.7638678],[-118.1945888,33.7638628],[-118.1945795,33.763858],[-118.1945706,33.7638533],[-118.1945621,33.7638489],[-118.1945541,33.7638447],[-118.1945465,33.7638407],[-118.194539,33.7638368],[-118.1945317,33.7638326],[-118.1945243,33.7638282],[-118.1945165,33.7638237],[-118.1945084,33.7638188],[-118.1945001,33.7638136],[-118.1944917,33.7638081],[-118.1944833,33.7638026],[-118.1944747,33.763797],[-118.194466,33.7637913],[-118.1944573,33.7637855],[-118.1944484,33.7637797],[-118.1944394,33.7637739],[-118.1944304,33.7637681],[-118.1944212,33.7637624],[-118.1944119,33.7637566],[-118.1944025,33.7637508],[-118.1943928,33.7637451],[-118.1943829,33.7637394],[-118.1943729,33.7637336],[-118.1943629,33.7637278],[-118.1943528,33.763722]],[[-118.1938522,33.7634942],[-118.1938418,33.7634903],[-118.1938314,33.7634864],[-118.1938209,33.7634828],[-118.1938104,33.7634793],[-118.1938,33.7634758],[-118.1937897,33.7634724],[-118.1937795,33.763469],[-118.1937694,33.7634657],[-118.1937594,33.7634623],[-118.1937495,33.763459],[-118.1937397,33.7634557],[-118.1937299,33.7634525],[-118.1937203,33.763449]],[[-118.1935894,33.7633935],[-118.1935799,33.7633892],[-118.1935704,33.7633849],[-118.1935609,33.7633806],[-118.1935513,33.7633763],[-118.1935417,33.7633719],[-118.1935319,33.7633676],[-118.1935221,33.7633634],[-118.1935122,33.7633591],[-118.1935023,33.7633548],[-118.1934926,33.7633506],[-118.1934829,33.7633464],[-118.1934733,33.7633422],[-118.1934637,33.7633381],[-118.1934541,33.7633339],[-118.1934445,33.7633298]],[[-118.1934157,33.7633173],[-118.1934062,33.7633132],[-118.1933966,33.763309],[-118.193387,33.7633048],[-118.1933775,33.7633005],[-118.193368,33.7632963],[-118.1933585,33.763292]],[[-118.1933395,33.7632835],[-118.19333,33.7632792],[-118.1933204,33.763275],[-118.1933109,33.7632707],[-118.1933014,33.7632664],[-118.1932919,33.7632622],[-118.1932824,33.7632579],[-118.1932729,33.7632536],[-118.1932634,33.7632494],[-118.1932539,33.7632451],[-118.1932443,33.7632409]],[[-118.1931774,33.763211],[-118.1931678,33.7632069],[-118.1931582,33.7632028],[-118.1931486,33.7631986],[-118.193139,33.7631945],[-118.1931293,33.7631904],[-118.1931197,33.7631862],[-118.19311,33.7631821],[-118.1931003,33.7631779],[-118.1930905,33.7631737],[-118.1930808,33.7631696],[-118.1930711,33.7631654],[-118.1930615,33.7631613],[-118.1930519,33.7631572],[-118.1930422,33.7631532],[-118.1930325,33.7631492],[-118.1930228,33.7631453],[-118.193013,33.7631413]],[[-118.1929831,33.7631292],[-118.1929727,33.763125],[-118.192962,33.763121],[-118.192951,33.7631172],[-118.1929399,33.7631133],[-118.1929287,33.7631093],[-118.1929172,33.7631058],[-118.1929055,33.7631024],[-118.1928936,33.763099],[-118.1928814,33.7630962],[-118.1928691,33.7630935],[-118.1928566,33.7630913],[-118.192844,33.7630893],[-118.1928316,33.7630873],[-118.1928191,33.7630861],[-118.1928066,33.763085],[-118.1927939,33.7630838],[-118.1927807,33.7630834],[-118.1927671,33.763083],[-118.1927529,33.7630835],[-118.1927383,33.7630841],[-118.1927233,33.763086],[-118.1927082,33.7630881],[-118.1926931,33.7630914],[-118.1926782,33.7630957],[-118.1926637,33.7631008],[-118.1926498,33.7631069],[-118.1926366,33.7631137],[-118.1926246,33.7631215],[-118.1926129,33.7631291],[-118.1926026,33.7631376],[-118.1925926,33.763146],[-118.1925836,33.7631549],[-118.1925748,33.7631638],[-118.1925667,33.7631731]],[[-118.1924699,33.7633368],[-118.1924654,33.7633461],[-118.1924608,33.7633556],[-118.1924562,33.7633652],[-118.1924515,33.7633748],[-118.1924469,33.7633843],[-118.1924425,33.7633935],[-118.1924382,33.7634023],[-118.192434,33.7634109],[-118.19243,33.7634192],[-118.192426,33.7634275],[-118.1924219,33.7634358]],[[-118.1924056,33.7634706],[-118.1924017,33.763479],[-118.1923981,33.7634872],[-118.1923948,33.7634951],[-118.1923916,33.7635031]],[[-118.1923391,33.7637499],[-118.1923381,33.7637588],[-118.1923371,33.7637676],[-118.1923361,33.7637764],[-118.1923348,33.7637851],[-118.1923336,33.7637937],[-118.1923323,33.7638025]],[[-118.1923286,33.7640413],[-118.1923291,33.7640513],[-118.1923302,33.7640614],[-118.1923313,33.7640717],[-118.1923325,33.764082],[-118.1923346,33.7640923]],[[-118.1923386,33.7641128],[-118.1923408,33.7641229],[-118.1923433,33.7641327],[-118.1923457,33.7641423],[-118.1923481,33.7641515],[-118.1923503,33.7641601],[-118.1923524,33.7641683],[-118.1923544,33.764176],[-118.1923562,33.7641835]],[[-118.1923668,33.7643525],[-118.192366,33.7643613],[-118.1923652,33.7643703],[-118.1923645,33.7643792],[-118.1923636,33.7643876],[-118.1923624,33.7643956],[-118.1923612,33.7644033],[-118.1923594,33.7644107],[-118.1923576,33.764418],[-118.1923548,33.7644252],[-118.192352,33.7644324],[-118.1923493,33.7644396],[-118.1923454,33.7644466],[-118.1923414,33.7644536],[-118.1923372,33.764461],[-118.1923328,33.7644688],[-118.1923281,33.7644771],[-118.192323,33.7644861],[-118.1923183,33.7644958],[-118.1923135,33.7645062],[-118.1923093,33.7645173],[-118.1923062,33.7645288],[-118.1923032,33.7645404]],[[-118.1922889,33.7647389],[-118.1922886,33.7647479],[-118.1922883,33.7647569],[-118.1922881,33.7647659],[-118.1922879,33.7647748]],[[-118.1922876,33.7647924],[-118.1922874,33.7648011],[-118.1922873,33.7648098],[-118.1922871,33.7648186],[-118.1922869,33.7648274],[-118.1922868,33.7648365],[-118.1922866,33.7648456]],[[-118.1922855,33.7649279],[-118.1922856,33.7649369],[-118.1922857,33.7649459],[-118.1922857,33.764955],[-118.1922858,33.764964]],[[-118.1922855,33.764991],[-118.1922854,33.765],[-118.1922853,33.7650091],[-118.1922852,33.7650181],[-118.1922851,33.7650271]],[[-118.1922847,33.7650825],[-118.1922848,33.7650917],[-118.1922849,33.7651007],[-118.192285,33.7651098],[-118.1922851,33.7651188],[-118.1922851,33.7651278]],[[-118.1922853,33.7651459],[-118.1922854,33.7651549],[-118.1922855,33.7651639],[-118.1922856,33.7651729],[-118.1922857,33.7651819],[-118.1922857,33.7651909]],[[-118.1922868,33.76539],[-118.192287,33.7653989],[-118.1922873,33.7654078],[-118.1922875,33.7654166],[-118.1922877,33.7654252]],[[-118.1922876,33.7655535],[-118.1922876,33.7655626],[-118.1922876,33.7655716],[-118.1922875,33.7655807],[-118.1922875,33.7655897],[-118.1922875,33.7655987],[-118.1922875,33.7656078],[-118.1922875,33.7656168],[-118.1922875,33.7656257],[-118.192287,33.7656343]],[[-118.1922813,33.7656846],[-118.192279,33.7656912],[-118.1922767,33.7656978],[-118.1922742,33.765704],[-118.1922716,33.7657096],[-118.1922694,33.7657145],[-118.1922672,33.7657186],[-118.1922652,33.7657218]],[[-118.1922244,33.7657375],[-118.192219,33.7657384],[-118.192213,33.7657394],[-118.1922061,33.7657405],[-118.1921983,33.7657418],[-118.1921898,33.765743]],[[-118.1921714,33.765745],[-118.1921616,33.7657461],[-118.1921514,33.7657472],[-118.192141,33.7657483],[-118.1921304,33.7657495],[-118.1921198,33.7657506],[-118.1921092,33.7657518],[-118.1920989,33.7657529],[-118.1920889,33.765754],[-118.1920793,33.7657549],[-118.1920699,33.7657555],[-118.1920605,33.7657562],[-118.1920509,33.7657569],[-118.192041,33.7657575],[-118.1920311,33.7657579],[-118.1920211,33.7657583],[-118.1920109,33.7657588]],[[-118.1918428,33.765762],[-118.1918324,33.765762],[-118.1918221,33.7657619],[-118.191812,33.7657619],[-118.1918021,33.7657618],[-118.1917924,33.7657618],[-118.1917829,33.7657614],[-118.1917737,33.765761],[-118.1917647,33.7657607],[-118.1917558,33.7657603],[-118.1917468,33.76576],[-118.1917377,33.7657593],[-118.1917282,33.7657586],[-118.1917182,33.7657579],[-118.1917079,33.7657572],[-118.1916972,33.7657564],[-118.1916863,33.7657556],[-118.1916752,33.7657548],[-118.1916636,33.765754],[-118.1916515,33.7657531],[-118.1916389,33.7657522],[-118.1916259,33.7657518],[-118.1916127,33.7657514],[-118.1915995,33.7657511],[-118.1915867,33.7657512]],[[-118.1912558,33.7657589],[-118.1912434,33.7657593],[-118.191231,33.76576],[-118.1912186,33.765761],[-118.1912063,33.765762],[-118.191194,33.765763],[-118.1911819,33.7657641],[-118.1911699,33.7657655],[-118.1911582,33.7657669],[-118.1911467,33.7657683],[-118.1911354,33.7657696],[-118.1911244,33.7657709],[-118.1911136,33.7657722],[-118.191103,33.7657734],[-118.1910927,33.7657746],[-118.1910827,33.7657758],[-118.1910731,33.7657769],[-118.191064,33.7657778],[-118.1910551,33.7657784],[-118.1910464,33.765779],[-118.1910377,33.7657795],[-118.1910291,33.7657798],[-118.1910206,33.7657798],[-118.1910123,33.7657797],[-118.191004,33.7657797],[-118.1909956,33.7657796],[-118.1909869,33.7657792],[-118.1909778,33.7657789],[-118.1909681,33.7657785],[-118.1909579,33.7657782],[-118.1909473,33.7657778],[-118.1909363,33.7657774]],[[-118.1904846,33.7657869],[-118.1904748,33.765787],[-118.1904648,33.7657872],[-118.1904545,33.7657873],[-118.1904441,33.7657874],[-118.1904336,33.7657876],[-118.1904234,33.7657877],[-118.1904134,33.7657878]],[[-118.190197,33.7657782],[-118.1901849,33.7657773],[-118.1901729,33.7657765],[-118.190161,33.7657762],[-118.1901491,33.7657759],[-118.1901372,33.7657756],[-118.1901254,33.7657754],[-118.1901137,33.7657755],[-118.1901021,33.7657756],[-118.1900905,33.7657756],[-118.1900786,33.7657757],[-118.1900664,33.7657762],[-118.1900541,33.7657766],[-118.1900418,33.7657771],[-118.1900296,33.765778],[-118.1900177,33.7657789],[-118.1900062,33.7657797],[-118.189995,33.7657807],[-118.1899841,33.7657816],[-118.1899733,33.7657826],[-118.1899626,33.7657835],[-118.189952,33.7657844],[-118.1899415,33.7657853],[-118.189931,33.7657862],[-118.1899205,33.7657871],[-118.18991,33.765788],[-118.1898994,33.765789],[-118.1898887,33.7657899],[-118.189878,33.7657908],[-118.1898672,33.7657917],[-118.1898565,33.7657927],[-118.1898457,33.7657936],[-118.189835,33.7657945],[-118.1898243,33.7657954],[-118.1898135,33.7657964],[-118.1898028,33.7657973],[-118.189792,33.7657982],[-118.1897813,33.7657991],[-118.1897706,33.7658001],[-118.1897598,33.765801],[-118.1897491,33.7658019],[-118.1897384,33.7658028],[-118.1897277,33.7658038],[-118.189717,33.7658047],[-118.1897064,33.7658056],[-118.1896958,33.7658065],[-118.1896852,33.7658074],[-118.1896746,33.7658083],[-118.1896639,33.7658092],[-118.1896532,33.7658101],[-118.1896425,33.7658109],[-118.1896318,33.7658117],[-118.1896211,33.7658125],[-118.1896105,33.7658133],[-118.1896,33.7658141],[-118.1895896,33.7658149],[-118.1895791,33.7658157],[-118.1895687,33.7658165],[-118.1895581,33.7658173],[-118.1895476,33.7658181],[-118.1895371,33.7658187],[-118.1895267,33.7658194],[-118.1895162,33.76582],[-118.1895057,33.7658206],[-118.1894952,33.7658213],[-118.1894847,33.7658219],[-118.1894743,33.7658223],[-118.189464,33.7658228],[-118.1894537,33.7658232],[-118.1894434,33.7658236],[-118.1894332,33.765824],[-118.189423,33.7658242],[-118.189413,33.7658244],[-118.189403,33.7658246],[-118.189393,33.7658247],[-118.189383,33.7658246],[-118.1893731,33.7658245],[-118.1893632,33.7658244],[-118.1893533,33.7658242],[-118.1893434,33.7658238],[-118.1893335,33.7658233],[-118.1893235,33.7658228],[-118.1893134,33.7658223],[-118.1893033,33.7658216],[-118.1892932,33.7658208],[-118.1892828,33.76582],[-118.1892723,33.7658192],[-118.1892617,33.7658183],[-118.1892511,33.7658173],[-118.1892405,33.7658164]],[[-118.1892096,33.7658134],[-118.1891995,33.7658123],[-118.1891892,33.7658112],[-118.1891788,33.7658101],[-118.1891684,33.765809],[-118.189158,33.7658076],[-118.1891479,33.7658062],[-118.1891378,33.7658048],[-118.1891277,33.7658034],[-118.1891175,33.7658017],[-118.1891071,33.7658],[-118.1890967,33.7657983],[-118.1890861,33.7657966],[-118.1890755,33.7657948],[-118.1890648,33.7657931],[-118.1890539,33.7657913],[-118.1890428,33.7657894],[-118.1890314,33.7657876],[-118.1890197,33.7657856],[-118.189008,33.7657838],[-118.1889962,33.7657823],[-118.1889843,33.7657808],[-118.1889723,33.7657794],[-118.1889599,33.7657779],[-118.1889473,33.765777],[-118.1889347,33.7657762],[-118.1889223,33.7657753],[-118.1889101,33.7657745],[-118.1888982,33.7657737],[-118.1888865,33.7657734]],[[-118.1888639,33.7657728],[-118.188853,33.7657726],[-118.1888421,33.7657723],[-118.1888313,33.765772],[-118.1888205,33.7657717],[-118.1888097,33.7657714],[-118.1887989,33.7657712],[-118.1887882,33.7657709],[-118.1887777,33.7657706],[-118.1887674,33.7657703],[-118.1887574,33.7657701],[-118.1887477,33.7657698],[-118.1887381,33.7657693],[-118.1887285,33.7657688],[-118.1887191,33.7657683],[-118.1887098,33.7657678],[-118.1887007,33.7657674],[-118.188692,33.765767],[-118.1886834,33.7657665],[-118.1886748,33.7657656],[-118.1886662,33.7657647],[-118.1886575,33.7657637],[-118.1886486,33.7657627],[-118.1886394,33.7657618]],[[-118.1885456,33.7657477],[-118.1885329,33.7657465],[-118.1885195,33.7657453],[-118.1885055,33.7657441],[-118.1884908,33.7657439],[-118.1884758,33.7657439],[-118.1884605,33.765745],[-118.1884453,33.7657466],[-118.1884308,33.7657489],[-118.1884172,33.7657517],[-118.1884049,33.7657547],[-118.1883936,33.7657574],[-118.1883832,33.7657599],[-118.1883733,33.7657623],[-118.1883639,33.7657646],[-118.1883548,33.7657666],[-118.1883458,33.7657683],[-118.188337,33.7657696],[-118.1883282,33.7657704],[-118.1883195,33.7657712],[-118.1883108,33.7657718],[-118.1883023,33.7657717],[-118.1882936,33.7657717],[-118.1882848,33.7657716],[-118.1882758,33.7657707],[-118.1882667,33.7657697],[-118.1882573,33.7657687],[-118.1882476,33.7657677]],[[-118.1881436,33.7657536],[-118.1881325,33.7657521],[-118.1881213,33.7657507],[-118.1881101,33.7657493],[-118.1880988,33.7657478],[-118.1880875,33.7657466],[-118.1880762,33.7657454]],[[-118.1880536,33.765743],[-118.1880423,33.7657421],[-118.188031,33.7657412],[-118.1880196,33.7657402],[-118.1880082,33.7657393],[-118.1879968,33.7657388],[-118.1879853,33.7657383],[-118.1879738,33.7657378],[-118.1879623,33.7657373],[-118.1879508,33.7657368],[-118.1879393,33.7657363],[-118.1879279,33.7657358],[-118.1879165,33.7657354],[-118.1879052,33.7657352],[-118.1878939,33.7657351],[-118.1878828,33.765735],[-118.1878718,33.7657348],[-118.1878609,33.7657347]],[[-118.1877022,33.7657297],[-118.1876914,33.765729],[-118.1876807,33.7657283],[-118.1876699,33.7657276],[-118.1876592,33.7657269],[-118.1876485,33.7657262],[-118.1876379,33.7657255]],[[-118.1875859,33.7657213],[-118.1875754,33.7657203],[-118.1875649,33.7657193],[-118.1875545,33.7657184],[-118.1875443,33.7657174]],[[-118.1875131,33.7657145],[-118.1875025,33.7657135],[-118.1874918,33.7657125],[-118.1874811,33.7657115],[-118.1874703,33.7657105],[-118.1874596,33.7657095]],[[-118.1873943,33.7657043],[-118.1873834,33.7657035],[-118.1873725,33.7657027],[-118.1873615,33.765702],[-118.1873504,33.7657014],[-118.1873393,33.7657007]],[[-118.1873065,33.765699],[-118.1872957,33.7656986],[-118.1872849,33.7656981],[-118.1872741,33.7656977],[-118.1872634,33.7656972],[-118.1872526,33.7656968]],[[-118.1869211,33.7656532],[-118.1869105,33.7656493],[-118.1868992,33.7656452],[-118.1868875,33.7656409],[-118.1868749,33.7656373],[-118.186862,33.7656336],[-118.1868486,33.76563],[-118.1868349,33.7656273]],[[-118.18652,33.7656178],[-118.1865101,33.7656184],[-118.1865004,33.7656191],[-118.1864906,33.7656198],[-118.1864807,33.7656204],[-118.1864708,33.7656211],[-118.186461,33.7656215],[-118.1864511,33.765622],[-118.1864411,33.7656224],[-118.1864309,33.7656229],[-118.1864209,33.7656233],[-118.1864109,33.7656237],[-118.1864012,33.7656242],[-118.1863915,33.7656246],[-118.1863818,33.7656249],[-118.1863722,33.7656248],[-118.1863627,33.7656248],[-118.1863534,33.7656247],[-118.1863443,33.7656246],[-118.1863352,33.7656245],[-118.1863259,33.7656239]],[[-118.1862968,33.7656219],[-118.1862866,33.7656212],[-118.1862762,33.7656205],[-118.1862656,33.7656195],[-118.186255,33.7656185],[-118.1862443,33.7656175],[-118.1862336,33.7656164],[-118.1862229,33.7656154],[-118.1862122,33.7656144],[-118.1862014,33.7656133],[-118.1861907,33.7656123]],[[-118.1860865,33.7655994],[-118.1860755,33.7655977],[-118.1860642,33.7655964],[-118.1860527,33.7655952],[-118.1860413,33.7655939],[-118.1860299,33.7655927],[-118.1860188,33.7655914]]]}},{"type":"Feature","properties":{"role":"start_finish","id":"start_finish","marker":0.0,"width_m":14.2,"quality":{"source":"naip","accuracy_m":2.1,"relative_accuracy_m":1.78,"measured":false,"date":"2022-05-11"}},"geometry":{"type":"LineString","coordinates":[[-118.1873089,33.7621354],[-118.1873877,33.7622452]]}},{"type":"Feature","properties":{"role":"corner_entry","id":"t1-entry","marker":0.22044,"width_m":18.97,"quality":{"source":"naip","accuracy_m":2.1,"relative_accuracy_m":1.78,"measured":false,"date":"2022-05-11"},"corner":"t1"},"geometry":{"type":"LineString","coordinates":[[-118.1944484,33.7635523],[-118.1943462,33.7637005]]}},{"type":"Feature","properties":{"role":"corner_exit","id":"t1-exit","marker":0.22913,"width_m":12.12,"quality":{"source":"naip","accuracy_m":2.1,"relative_accuracy_m":1.78,"measured":false,"date":"2022-05-11"},"corner":"t1"},"geometry":{"type":"LineString","coordinates":[[-118.1946204,33.7635561],[-118.1947069,33.763638]]}},{"type":"Feature","properties":{"role":"corner_entry","id":"t2-entry","marker":0.27351,"width_m":12.61,"quality":{"source":"naip","accuracy_m":2.1,"relative_accuracy_m":1.78,"measured":false,"date":"2022-05-11"},"corner":"t2"},"geometry":{"type":"LineString","coordinates":[[-118.1958345,33.7628658],[-118.1959397,33.7629379]]}},{"type":"Feature","properties":{"role":"corner_exit","id":"t2-exit","marker":0.28685,"width_m":12.76,"quality":{"source":"naip","accuracy_m":2.1,"relative_accuracy_m":1.78,"measured":false,"date":"2022-05-11"},"corner":"t2"},"geometry":{"type":"LineString","coordinates":[[-118.1963214,33.7629313],[-118.1961924,33.7629718]]}},{"type":"Feature","properties":{"role":"corner_entry","id":"t3-entry","marker":0.28965,"width_m":12.35,"quality":{"source":"naip","accuracy_m":2.1,"relative_accuracy_m":1.78,"measured":false,"date":"2022-05-11"},"corner":"t3"},"geometry":{"type":"LineString","coordinates":[[-118.1963481,33.7630121],[-118.1962213,33.7630464]]}},{"type":"Feature","properties":{"role":"corner_exit","id":"t3-exit","marker":0.2974,"width_m":12.4,"quality":{"source":"naip","accuracy_m":2.1,"relative_accuracy_m":1.78,"measured":false,"date":"2022-05-11"},"corner":"t3"},"geometry":{"type":"LineString","coordinates":[[-118.1964964,33.7631409],[-118.1964297,33.7632378]]}},{"type":"Feature","properties":{"role":"corner_entry","id":"t4-entry","marker":0.3213,"width_m":11.32,"quality":{"source":"naip","accuracy_m":2.1,"relative_accuracy_m":1.78,"measured":false,"date":"2022-05-11"},"corner":"t4"},"geometry":{"type":"LineString","coordinates":[[-118.1971997,33.7635103],[-118.1971378,33.7635983]]}},{"type":"Feature","properties":{"role":"corner_exit","id":"t4-exit","marker":0.33403,"width_m":12.11,"quality":{"source":"naip","accuracy_m":2.1,"relative_accuracy_m":1.78,"measured":false,"date":"2022-05-11"},"corner":"t4"},"geometry":{"type":"LineString","coordinates":[[-118.197357,33.7638889],[-118.1972305,33.7638614]]}},{"type":"Feature","properties":{"role":"corner_entry","id":"t5-entry","marker":0.37189,"width_m":12.18,"quality":{"source":"naip","accuracy_m":2.1,"relative_accuracy_m":1.78,"measured":false,"date":"2022-05-11"},"corner":"t5"},"geometry":{"type":"LineString","coordinates":[[-118.1967685,33.764878],[-118.1966493,33.7648317]]}},{"type":"Feature","properties":{"role":"corner_exit","id":"t5-exit","marker":0.38182,"width_m":15.7,"quality":{"source":"naip","accuracy_m":2.1,"relative_accuracy_m":1.78,"measured":false,"date":"2022-05-11"},"corner":"t5"},"geometry":{"type":"LineString","coordinates":[[-118.1963821,33.7649669],[-118.196484,33.7648539]]}},{"type":"Feature","properties":{"role":"corner_entry","id":"t6-entry","marker":0.50006,"width_m":13.83,"quality":{"source":"naip","accuracy_m":2.1,"relative_accuracy_m":1.78,"measured":false,"date":"2022-05-11"},"corner":"t6"},"geometry":{"type":"LineString","coordinates":[[-118.1928725,33.7632249],[-118.1929287,33.7631093]]}},{"type":"Feature","properties":{"role":"corner_exit","id":"t6-exit","marker":0.51123,"width_m":12.02,"quality":{"source":"naip","accuracy_m":1.14,"relative_accuracy_m":0.28,"measured":true,"date":"2022-05-11"},"corner":"t6"},"geometry":{"type":"LineString","coordinates":[[-118.192642,33.763283],[-118.1925249,33.7632362]]}},{"type":"Feature","properties":{"role":"corner_entry","id":"t7-entry","marker":0.51992,"width_m":14.95,"quality":{"source":"naip","accuracy_m":2.1,"relative_accuracy_m":1.78,"measured":false,"date":"2022-05-11"},"corner":"t7"},"geometry":{"type":"LineString","coordinates":[[-118.192558,33.7635126],[-118.1924017,33.763479]]}},{"type":"Feature","properties":{"role":"corner_exit","id":"t7-exit","marker":0.52892,"width_m":16.56,"quality":{"source":"naip","accuracy_m":2.1,"relative_accuracy_m":1.78,"measured":false,"date":"2022-05-11"},"corner":"t7"},"geometry":{"type":"LineString","coordinates":[[-118.1925176,33.7637554],[-118.1923391,33.7637499]]}},{"type":"Feature","properties":{"role":"corner_entry","id":"t8-entry","marker":0.59471,"width_m":18.36,"quality":{"source":"naip","accuracy_m":2.1,"relative_accuracy_m":1.78,"measured":false,"date":"2022-05-11"},"corner":"t8"},"geometry":{"type":"LineString","coordinates":[[-118.1924835,33.7656666],[-118.1922862,33.7656506]]}},{"type":"Feature","properties":{"role":"corner_exit","id":"t8-exit","marker":0.60433,"width_m":20.1,"quality":{"source":"naip","accuracy_m":2.1,"relative_accuracy_m":1.78,"measured":false,"date":"2022-05-11"},"corner":"t8"},"geometry":{"type":"LineString","coordinates":[[-118.1921903,33.7659257],[-118.1921616,33.7657461]]}},{"type":"Feature","properties":{"role":"corner_entry","id":"t9-entry","marker":0.78751,"width_m":18.82,"quality":{"source":"naip","accuracy_m":2.1,"relative_accuracy_m":1.78,"measured":false,"date":"2022-05-11"},"corner":"t9"},"geometry":{"type":"LineString","coordinates":[[-118.1858346,33.7657516],[-118.1858566,33.765583]]}},{"type":"Feature","properties":{"role":"corner_exit","id":"t9-exit","marker":0.80241,"width_m":15.79,"quality":{"source":"naip","accuracy_m":2.1,"relative_accuracy_m":1.78,"measured":false,"date":"2022-05-11"},"corner":"t9"},"geometry":{"type":"LineString","coordinates":[[-118.185443,33.7653855],[-118.1856132,33.7653773]]}},{"type":"Feature","properties":{"role":"corner_entry","id":"t10-entry","marker":0.82848,"width_m":13.9,"quality":{"source":"naip","accuracy_m":2.1,"relative_accuracy_m":1.78,"measured":false,"date":"2022-05-11"},"corner":"t10"},"geometry":{"type":"LineString","coordinates":[[-118.185472,33.764624],[-118.185622,33.7646254]]}},{"type":"Feature","properties":{"role":"corner_exit","id":"t10-exit","marker":0.84896,"width_m":14.92,"quality":{"source":"naip","accuracy_m":1.14,"relative_accuracy_m":0.28,"measured":true,"date":"2022-05-11"},"corner":"t10"},"geometry":{"type":"LineString","coordinates":[[-118.1851644,33.7642271],[-118.185215,33.7640993]]}},{"type":"Feature","properties":{"role":"corner_entry","id":"t11-entry","marker":0.87565,"width_m":16.25,"quality":{"source":"naip","accuracy_m":2.1,"relative_accuracy_m":1.78,"measured":false,"date":"2022-05-11"},"corner":"t11"},"geometry":{"type":"LineString","coordinates":[[-118.1844028,33.764342],[-118.1842916,33.7642288]]}},{"type":"Feature","properties":{"role":"corner_exit","id":"t11-exit","marker":0.88682,"width_m":14.39,"quality":{"source":"naip","accuracy_m":2.1,"relative_accuracy_m":1.78,"measured":false,"date":"2022-05-11"},"corner":"t11"},"geometry":{"type":"LineString","coordinates":[[-118.1841382,33.7641061],[-118.1842594,33.7641873]]}},{"type":"Feature","properties":{"role":"brake_point","id":"t1-brake","marker":0.22345,"width_m":17.93,"quality":{"source":"naip","accuracy_m":2.1,"relative_accuracy_m":1.78,"measured":false,"date":"2022-05-11"},"corner":"t1","speed_kmh":107.9},"geometry":{"type":"LineString","coordinates":[[-118.1945133,33.7635835],[-118.1944777,33.7637424]]}},{"type":"Feature","properties":{"role":"brake_point","id":"t2-brake","marker":0.25948,"width_m":13.38,"quality":{"source":"naip","accuracy_m":2.1,"relative_accuracy_m":1.78,"measured":false,"date":"2022-05-11"},"corner":"t2","speed_kmh":156.5},"geometry":{"type":"LineString","coordinates":[[-118.1954655,33.7630172],[-118.1954976,33.7631348]]}},{"type":"Feature","properties":{"role":"brake_point","id":"t4-brake","marker":0.31137,"width_m":10.49,"quality":{"source":"naip","accuracy_m":2.1,"relative_accuracy_m":1.78,"measured":false,"date":"2022-05-11"},"corner":"t4","speed_kmh":142.8},"geometry":{"type":"LineString","coordinates":[[-118.1969082,33.7633573],[-118.1968504,33.7634387]]}},{"type":"Feature","properties":{"role":"brake_point","id":"t5-brake","marker":0.37814,"width_m":14.96,"quality":{"source":"naip","accuracy_m":2.1,"relative_accuracy_m":1.78,"measured":false,"date":"2022-05-11"},"corner":"t5","speed_kmh":85.2},"geometry":{"type":"LineString","coordinates":[[-118.196541,33.7650229],[-118.1965567,33.7648886]]}},{"type":"Feature","properties":{"role":"brake_point","id":"t6-brake","marker":0.50647,"width_m":12.21,"quality":{"source":"naip","accuracy_m":2.1,"relative_accuracy_m":1.78,"measured":false,"date":"2022-05-11"},"corner":"t6","speed_kmh":96.2},"geometry":{"type":"LineString","coordinates":[[-118.1927184,33.763201],[-118.1926637,33.7631008]]}},{"type":"Feature","properties":{"role":"brake_point","id":"t8-brake","marker":0.5722,"width_m":20.81,"quality":{"source":"naip","accuracy_m":2.1,"relative_accuracy_m":1.78,"measured":false,"date":"2022-05-11"},"corner":"t8","speed_kmh":184.4},"geometry":{"type":"LineString","coordinates":[[-118.19251,33.7650016],[-118.1922854,33.765]]}},{"type":"Feature","properties":{"role":"brake_point","id":"t9-brake","marker":0.7943,"width_m":16.83,"quality":{"source":"naip","accuracy_m":2.1,"relative_accuracy_m":1.78,"measured":false,"date":"2022-05-11"},"corner":"t9","speed_kmh":121.2},"geometry":{"type":"LineString","coordinates":[[-118.1855676,33.7656444],[-118.1856969,33.7655379]]}},{"type":"Feature","properties":{"role":"brake_point","id":"t10-brake","marker":0.84754,"width_m":14.85,"quality":{"source":"naip","accuracy_m":2.1,"relative_accuracy_m":1.78,"measured":false,"date":"2022-05-11"},"corner":"t10","speed_kmh":106.5},"geometry":{"type":"LineString","coordinates":[[-118.1852092,33.7642405],[-118.1852714,33.7641171]]}},{"type":"Feature","properties":{"role":"brake_point","id":"t11-brake","marker":0.8816,"width_m":14.18,"quality":{"source":"naip","accuracy_m":2.1,"relative_accuracy_m":1.78,"measured":false,"date":"2022-05-11"},"corner":"t11","speed_kmh":60.0},"geometry":{"type":"LineString","coordinates":[[-118.1841049,33.7643225],[-118.1842322,33.7642517]]}},{"type":"Feature","properties":{"role":"racing_line","model":"gt3","lap_time_s":76.82,"speed_kmh":[115,114,114,115,117,119,121,119,116,113,110,109,109,110,112,115,117,120,123,126,129,131,134,136,138,140,142,144,146,146,140,136,131,127,123,119,116,113,110,108,107,105,104,104,104,105,106,106,104,102,100,100,101,103,106,109,113,116,118,118,113,107,100,92,83,73,64,59,56,56,58,60,58,56,54,55,58,62,68,74,80,86,91,96,101,105,109,112,116,119,122,125,127,130,132,135,137,139,141,143,145,147,149,151,152,154,156,157,159,160,162,163,165,166,167,169,170,171,172,174,175,176,177,178,179,181,182,183,184,185,186,187,188,189,190,190,191,192,193,194,195,196,197,197,198,199,200,201,201,202,203,204,204,205,206,207,207,208,209,209,210,211,211,212,213,213,214,214,215,216,216,217,217,218,219,219,220,220,221,221,222,222,223,223,224,224,225,225,226,226,227,227,228,228,229,229,230,230,231,231,232,232,232,233,233,234,234,235,235,235,236,236,237,237,237,238,238,238,239,239,240,240,240,241,241,241,242,242,242,243,243,243,244,244,244,245,245,245,246,246,246,247,247,247,248,248,248,249,249,249,249,250,250,250,251,251,251,251,252,252,252,253,253,253,253,254,254,254,254,255,255,255,255,256,256,256,256,257,257,257,257,257,258,258,258,258,259,259,259,259,259,260,260,260,260,261,261,261,261,261,262,262,262,262,262,263,263,263,263,263,264,264,262,257,252,247,241,236,230,225,219,214,208,203,197,192,186,181,175,169,164,158,153,147,142,136,131,126,122,117,113,110,107,106,106,107,107,103,102,102,103,106,109,113,116,119,122,125,127,130,132,135,137,139,141,143,145,147,149,151,152,154,156,155,149,143,137,131,124,117,109,101,93,87,82,78,75,72,72,73,75,78,81,84,89,94,99,103,107,111,114,117,120,123,126,128,131,133,135,138,140,142,141,136,130,125,120,115,111,109,108,108,109,111,112,110,109,109,109,110,111,113,115,117,120,123,126,128,131,133,135,138,140,142,144,146,148,149,151,150,144,137,130,123,115,108,100,93,86,82,80,80,82,85,83,80,79,79,81,85,89,93,97,102,106,110,113,117,120,123,125,128,130,133,135,137,140,142,144,146,147,149,151,153,154,156,158,159,161,162,164,165,166,168,169,170,172,173,174,175,176,177,179,180,181,182,183,184,185,186,187,188,189,190,191,192,193,193,194,195,196,197,198,198,199,200,201,202,202,203,204,205,205,200,194,188,182,177,171,165,158,152,146,140,133,127,121,115,110,105,100,96,93,92,92,93,95,95,92,90,90,91,93,96,98,101,105,108,111,115,118,121,124,127,129,132,134,136,138,141,143,145,146,148,150,152,154,155,157,158,160,161,163,164,166,167,168,170,171,172,173,175,176,177,178,179,180,181,182,183,184,181,176,170,165,159,154,148,143,138,133,129,124,120,116,113,110,108,106,106,107,109,111,114,112,112,112,114,116,118,120,123,126,129,131,133,136,138,140,142,144,146,148,150,151,153,155,156,158,160,161,162,164,165,167,168,169,171,172,173,174,175,177,178,179,180,181,182,183,184,185,186,187,188,189,190,191,192,193,194,195,195,196,197,198,199,199,200,201,202,203,203,204,205,206,206,207,208,208,209,210,210,211,212,212,213,214,214,215,215,216,217,217,218,218,219,219,220,221,221,222,222,223,223,224,224,225,225,226,226,227,227,228,228,229,229,230,230,230,231,231,232,232,233,233,234,234,229,224,218,213,207,202,196,191,185,180,175,170,165,160,156,151,147,142,138,133,129,124,120,117],"quality":{"source":"model","measured":false,"note":"minimum-curvature line inside the measured edges; not driven, no elevation"}},"geometry":{"type":"LineString","coordinates":[[-118.1858872,33.7656823],[-118.18585,33.7656642],[-118.1858142,33.765644],[-118.18578,33.7656219],[-118.1857475,33.7655982],[-118.1857166,33.765573],[-118.1856871,33.7655467],[-118.1856594,33.765519],[-118.1856339,33.7654899],[-118.1856103,33.7654597],[-118.1855889,33.7654284],[-118.1855702,33.7653959],[-118.1855543,33.7653624],[-118.1855417,33.7653279],[-118.1855315,33.7652929],[-118.1855236,33.7652574],[-118.185518,33.7652217],[-118.1855142,33.7651857],[-118.185512,33.7651497],[-118.1855113,33.7651137],[-118.1855117,33.7650776],[-118.185513,33.7650415],[-118.185515,33.7650055],[-118.1855175,33.7649695],[-118.1855202,33.7649335],[-118.1855229,33.7648975],[-118.1855255,33.7648615],[-118.1855276,33.7648255],[-118.1855291,33.7647894],[-118.1855296,33.7647534],[-118.1855292,33.7647173],[-118.1855273,33.7646813],[-118.1855239,33.7646453],[-118.1855188,33.7646095],[-118.1855117,33.764574],[-118.1855026,33.7645387],[-118.1854912,33.7645039],[-118.1854773,33.7644698],[-118.185461,33.7644364],[-118.1854419,33.7644041],[-118.1854203,33.7643728],[-118.1853958,33.7643432],[-118.1853688,33.764315],[-118.1853392,33.7642888],[-118.1853073,33.7642645],[-118.1852731,33.7642425],[-118.1852373,33.7642224],[-118.1851996,33.7642047],[-118.1851607,33.7641892],[-118.1851203,33.7641764],[-118.1850789,33.7641662],[-118.1850367,33.7641589],[-118.1849938,33.7641546],[-118.1849506,33.7641535],[-118.1849075,33.7641544],[-118.1848644,33.764157],[-118.1848215,33.7641612],[-118.1847789,33.7641669],[-118.1847367,33.7641747],[-118.184695,33.7641841],[-118.1846541,33.7641955],[-118.1846138,33.7642085],[-118.1845744,33.7642232],[-118.1845358,33.7642394],[-118.1844978,33.7642565],[-118.1844598,33.7642737],[-118.1844208,33.7642891],[-118.1843797,33.7642996],[-118.1843369,33.7643016],[-118.184295,33.7642942],[-118.1842563,33.7642786],[-118.1842225,33.7642563],[-118.1841947,33.7642289],[-118.1841751,33.7641968],[-118.1841658,33.7641617],[-118.1841686,33.7641257],[-118.1841842,33.7640922],[-118.184207,33.7640616],[-118.1842335,33.7640331],[-118.1842622,33.7640062],[-118.1842922,33.7639803],[-118.1843228,33.7639548],[-118.1843539,33.7639298],[-118.1843857,33.7639054],[-118.1844179,33.7638814],[-118.1844505,33.7638577],[-118.1844835,33.7638344],[-118.1845168,33.7638115],[-118.1845503,33.7637888],[-118.1845842,33.7637663],[-118.1846182,33.7637441],[-118.1846524,33.7637221],[-118.1846866,33.7637002],[-118.184721,33.7636783],[-118.1847555,33.7636566],[-118.18479,33.7636349],[-118.1848246,33.7636133],[-118.1848592,33.7635918],[-118.1848939,33.7635703],[-118.1849287,33.7635489],[-118.1849635,33.7635276],[-118.1849984,33.7635064],[-118.1850334,33.7634852],[-118.1850683,33.763464],[-118.1851033,33.7634429],[-118.1851384,33.7634218],[-118.1851734,33.7634008],[-118.1852086,33.7633798],[-118.1852437,33.7633588],[-118.1852788,33.7633378],[-118.185314,33.7633169],[-118.1853492,33.763296],[-118.1853844,33.7632751],[-118.1854196,33.7632543],[-118.1854549,33.7632334],[-118.1854901,33.7632126],[-118.1855253,33.7631917],[-118.1855606,33.7631709],[-118.1855958,33.76315],[-118.185631,33.7631292],[-118.1856663,33.7631083],[-118.1857015,33.7630874],[-118.1857366,33.7630665],[-118.1857718,33.7630456],[-118.185807,33.7630246],[-118.1858422,33.7630037],[-118.1858773,33.7629828],[-118.1859125,33.7629618],[-118.1859477,33.7629409],[-118.1859829,33.76292],[-118.1860181,33.7628991],[-118.1860533,33.7628783],[-118.1860886,33.7628575],[-118.1861239,33.7628367],[-118.1861592,33.762816],[-118.1861946,33.7627953],[-118.18623,33.7627746],[-118.1862655,33.7627541],[-118.186301,33.7627335],[-118.1863365,33.7627131],[-118.1863722,33.7626927],[-118.1864079,33.7626724],[-118.1864437,33.7626522],[-118.1864795,33.7626321],[-118.1865155,33.7626122],[-118.1865515,33.7625923],[-118.1865876,33.7625725],[-118.1866238,33.7625529],[-118.1866601,33.7625333],[-118.1866966,33.7625139],[-118.1867331,33.7624947],[-118.1867697,33.7624756],[-118.1868064,33.7624566],[-118.1868433,33.7624378],[-118.1868802,33.7624192],[-118.1869173,33.7624007],[-118.1869545,33.7623824],[-118.1869919,33.7623643],[-118.1870293,33.7623463],[-118.1870669,33.7623286],[-118.1871046,33.762311],[-118.1871425,33.7622937],[-118.1871805,33.7622765],[-118.1872186,33.7622596],[-118.1872569,33.7622429],[-118.1872954,33.7622265],[-118.1873339,33.7622103],[-118.1873727,33.7621943],[-118.1874115,33.7621786],[-118.1874505,33.7621632],[-118.1874897,33.762148],[-118.187529,33.7621331],[-118.1875685,33.7621184],[-118.1876081,33.7621041],[-118.1876479,33.7620901],[-118.1876879,33.7620763],[-118.1877279,33.762063],[-118.1877682,33.7620499],[-118.1878086,33.7620371],[-118.1878491,33.7620247],[-118.1878898,33.7620125],[-118.1879306,33.7620007],[-118.1879715,33.7619892],[-118.1880125,33.761978],[-118.1880537,33.7619672],[-118.1880951,33.7619567],[-118.1881365,33.7619466],[-118.1881781,33.761937],[-118.1882198,33.7619276],[-118.1882617,33.7619186],[-118.1883036,33.76191],[-118.1883456,33.7619018],[-118.1883878,33.7618939],[-118.18843,33.7618864],[-118.1884724,33.7618793],[-118.1885148,33.7618726],[-118.1885573,33.7618662],[-118.1885999,33.7618603],[-118.1886425,33.7618547],[-118.1886853,33.7618495],[-118.1887281,33.7618447],[-118.1887709,33.7618403],[-118.1888138,33.7618363],[-118.1888568,33.7618327],[-118.1888998,33.7618295],[-118.1889429,33.7618267],[-118.188986,33.7618244],[-118.1890291,33.7618225],[-118.1890722,33.761821],[-118.1891154,33.76182],[-118.1891586,33.7618195],[-118.1892018,33.7618194],[-118.189245,33.7618196],[-118.1892881,33.7618203],[-118.1893313,33.7618213],[-118.1893744,33.7618228],[-118.1894176,33.7618246],[-118.1894607,33.7618268],[-118.1895037,33.7618295],[-118.1895468,33.7618325],[-118.1895898,33.7618359],[-118.1896327,33.7618398],[-118.1896756,33.761844],[-118.1897184,33.7618486],[-118.1897612,33.7618536],[-118.1898039,33.7618589],[-118.1898465,33.7618646],[-118.1898891,33.7618707],[-118.1899316,33.7618771],[-118.189974,33.7618838],[-118.1900164,33.7618908],[-118.1900586,33.7618982],[-118.1901008,33.7619059],[-118.1901429,33.7619139],[-118.190185,33.7619222],[-118.1902269,33.7619309],[-118.1902687,33.7619398],[-118.1903105,33.761949],[-118.1903521,33.7619585],[-118.1903937,33.7619682],[-118.1904352,33.7619783],[-118.1904766,33.7619886],[-118.1905179,33.7619991],[-118.1905591,33.76201],[-118.1906001,33.7620211],[-118.1906411,33.7620324],[-118.190682,33.762044],[-118.1907228,33.7620558],[-118.1907635,33.7620678],[-118.1908041,33.7620801],[-118.1908446,33.7620926],[-118.1908851,33.7621053],[-118.1909254,33.7621183],[-118.1909656,33.7621314],[-118.1910057,33.7621448],[-118.1910457,33.7621583],[-118.1910856,33.762172],[-118.1911255,33.762186],[-118.1911652,33.7622],[-118.1912049,33.7622143],[-118.1912445,33.7622287],[-118.191284,33.7622433],[-118.1913234,33.762258],[-118.1913628,33.7622729],[-118.191402,33.7622879],[-118.1914412,33.7623031],[-118.1914803,33.7623184],[-118.1915193,33.7623338],[-118.1915582,33.7623494],[-118.1915971,33.7623652],[-118.1916359,33.762381],[-118.1916746,33.7623971],[-118.1917132,33.7624132],[-118.1917518,33.7624294],[-118.1917902,33.7624458],[-118.1918286,33.7624623],[-118.191867,33.7624789],[-118.1919052,33.7624956],[-118.1919434,33.7625125],[-118.1919815,33.7625294],[-118.1920196,33.7625465],[-118.1920575,33.7625637],[-118.1920955,33.7625809],[-118.1921333,33.7625983],[-118.1921711,33.7626157],[-118.1922088,33.7626333],[-118.1922465,33.7626509],[-118.1922841,33.7626687],[-118.1923216,33.7626865],[-118.1923591,33.7627044],[-118.1923965,33.7627224],[-118.1924339,33.7627405],[-118.1924712,33.7627586],[-118.1925085,33.7627769],[-118.1925457,33.7627951],[-118.1925829,33.7628135],[-118.19262,33.762832],[-118.192657,33.7628505],[-118.1926941,33.762869],[-118.192731,33.7628877],[-118.192768,33.7629064],[-118.1928049,33.7629251],[-118.1928417,33.7629439],[-118.1928786,33.7629627],[-118.1929154,33.7629815],[-118.1929522,33.7630004],[-118.1929889,33.7630194],[-118.1930257,33.7630383],[-118.1930623,33.7630574],[-118.193099,33.7630764],[-118.1931356,33.7630955],[-118.1931722,33.7631146],[-118.1932088,33.7631338],[-118.1932454,33.763153],[-118.1932819,33.7631722],[-118.1933185,33.7631915],[-118.193355,33.7632107],[-118.1933915,33.76323],[-118.1934279,33.7632493],[-118.1934644,33.7632686],[-118.1935009,33.763288],[-118.1935373,33.7633073],[-118.1935738,33.7633266],[-118.1936103,33.7633459],[-118.1936468,33.7633651],[-118.1936835,33.7633842],[-118.1937202,33.7634031],[-118.1937572,33.7634218],[-118.1937943,33.7634401],[-118.1938317,33.7634582],[-118.1938694,33.7634758],[-118.1939074,33.763493],[-118.1939456,33.7635097],[-118.1939844,33.7635257],[-118.1940235,33.7635409],[-118.1940631,33.7635553],[-118.1941032,33.7635686],[-118.1941439,33.7635807],[-118.1941851,33.7635915],[-118.1942269,33.7636006],[-118.1942692,33.7636079],[-118.1943119,33.7636133],[-118.1943549,33.7636163],[-118.194398,33.7636166],[-118.1944411,33.7636141],[-118.1944838,33.7636088],[-118.194526,33.763601],[-118.1945677,33.7635917],[-118.1946084,33.7635798],[-118.1946477,33.7635649],[-118.1946853,33.7635472],[-118.1947215,33.7635275],[-118.1947564,33.7635063],[-118.1947901,33.7634838],[-118.194823,33.7634604],[-118.1948551,33.7634363],[-118.1948867,33.7634117],[-118.1949183,33.7633871],[-118.1949501,33.7633627],[-118.1949823,33.7633387],[-118.1950152,33.7633154],[-118.1950491,33.7632929],[-118.1950838,33.7632716],[-118.1951195,33.7632512],[-118.1951559,33.7632318],[-118.195193,33.7632133],[-118.1952307,33.7631957],[-118.1952688,33.7631788],[-118.1953073,33.7631625],[-118.1953461,33.7631467],[-118.1953851,33.7631312],[-118.1954242,33.7631159],[-118.1954633,33.7631006],[-118.1955024,33.7630852],[-118.1955413,33.7630696],[-118.19558,33.7630536],[-118.1956184,33.763037],[-118.1956563,33.7630198],[-118.1956937,33.7630017],[-118.1957307,33.7629832],[-118.1957673,33.762964],[-118.1958036,33.7629445],[-118.1958402,33.7629254],[-118.195878,33.7629079],[-118.1959176,33.7628936],[-118.1959588,33.762883],[-118.1960013,33.7628766],[-118.1960444,33.7628752],[-118.1960872,33.7628793],[-118.1961286,33.7628893],[-118.1961679,33.7629042],[-118.1962047,33.762923],[-118.1962384,33.7629455],[-118.1962691,33.7629709],[-118.1962975,33.762998],[-118.1963247,33.763026],[-118.1963519,33.7630541],[-118.1963799,33.7630815],[-118.1964092,33.763108],[-118.19644,33.7631332],[-118.1964722,33.7631573],[-118.1965056,33.7631801],[-118.1965403,33.7632016],[-118.1965758,33.7632222],[-118.196612,33.7632418],[-118.1966488,33.7632607],[-118.196686,33.763279],[-118.1967235,33.7632969],[-118.1967611,33.7633146],[-118.1967987,33.7633323],[-118.1968363,33.7633501],[-118.1968736,33.7633682],[-118.1969106,33.7633869],[-118.1969471,33.7634062],[-118.1969828,33.7634264],[-118.1970176,33.7634477],[-118.1970516,33.76347],[-118.1970842,33.7634936],[-118.1971154,33.7635185],[-118.1971448,33.763545],[-118.1971717,33.7635731],[-118.1971959,33.763603],[-118.1972176,33.7636342],[-118.1972367,33.7636665],[-118.1972534,33.7636998],[-118.1972676,33.7637338],[-118.1972786,33.7637687],[-118.1972868,33.7638041],[-118.1972919,33.7638399],[-118.1972937,33.7638759],[-118.1972928,33.763912],[-118.1972892,33.7639479],[-118.1972829,33.7639836],[-118.1972744,33.7640189],[-118.1972639,33.7640539],[-118.1972515,33.7640884],[-118.1972375,33.7641225],[-118.197222,33.7641562],[-118.1972052,33.7641894],[-118.1971872,33.7642222],[-118.1971682,33.7642546],[-118.1971482,33.7642866],[-118.1971272,33.7643181],[-118.1971057,33.7643493],[-118.1970835,33.7643803],[-118.1970608,33.764411],[-118.1970376,33.7644414],[-118.1970142,33.7644717],[-118.1969906,33.7645019],[-118.1969668,33.764532],[-118.196943,33.7645621],[-118.1969193,33.7645923],[-118.1968958,33.7646225],[-118.1968726,33.7646529],[-118.1968497,33.7646835],[-118.1968269,33.7647141],[-118.1968037,33.7647445],[-118.1967792,33.7647742],[-118.1967528,33.7648028],[-118.1967238,33.7648295],[-118.196691,33.7648529],[-118.1966547,33.7648723],[-118.1966157,33.7648878],[-118.1965749,33.7648995],[-118.1965332,33.764909],[-118.1964907,33.7649148],[-118.1964475,33.7649156],[-118.1964047,33.7649114],[-118.1963628,33.7649029],[-118.1963222,33.7648907],[-118.1962829,33.7648758],[-118.1962447,33.7648589],[-118.1962075,33.7648407],[-118.1961709,33.7648215],[-118.196135,33.7648015],[-118.1960993,33.7647812],[-118.1960637,33.7647608],[-118.1960281,33.7647403],[-118.1959925,33.7647199],[-118.195957,33.7646994],[-118.1959214,33.7646789],[-118.1958859,33.7646584],[-118.1958504,33.7646379],[-118.1958148,33.7646174],[-118.1957793,33.7645969],[-118.1957438,33.7645764],[-118.1957083,33.7645559],[-118.1956728,33.7645354],[-118.1956372,33.7645149],[-118.1956017,33.7644944],[-118.1955662,33.7644738],[-118.1955307,33.7644533],[-118.1954951,33.7644328],[-118.1954596,33.7644124],[-118.1954241,33.7643919],[-118.1953885,33.7643714],[-118.1953529,33.764351],[-118.1953173,33.7643305],[-118.1952817,33.7643101],[-118.1952461,33.7642897],[-118.1952105,33.7642693],[-118.1951748,33.764249],[-118.1951392,33.7642287],[-118.1951035,33.7642084],[-118.1950678,33.7641881],[-118.195032,33.7641678],[-118.1949963,33.7641476],[-118.1949605,33.7641274],[-118.1949247,33.7641072],[-118.1948889,33.7640871],[-118.194853,33.764067],[-118.1948171,33.764047],[-118.1947812,33.764027],[-118.1947452,33.764007],[-118.1947092,33.7639871],[-118.1946732,33.7639672],[-118.1946371,33.7639474],[-118.194601,33.7639276],[-118.1945649,33.7639079],[-118.1945287,33.7638882],[-118.1944925,33.7638685],[-118.1944562,33.7638489],[-118.1944199,33.7638294],[-118.1943836,33.7638099],[-118.1943472,33.7637905],[-118.1943107,33.7637712],[-118.1942742,33.7637519],[-118.1942377,33.7637327],[-118.1942011,33.7637135],[-118.1941644,33.7636944],[-118.1941277,33.7636754],[-118.194091,33.7636565],[-118.1940542,33.7636376],[-118.1940173,33.7636188],[-118.1939804,33.7636001],[-118.1939434,33.7635815],[-118.1939064,33.763563],[-118.1938693,33.7635445],[-118.1938322,33.7635261],[-118.1937949,33.7635078],[-118.1937576,33.7634896],[-118.1937203,33.7634715],[-118.1936829,33.7634535],[-118.1936454,33.7634356],[-118.1936079,33.7634177],[-118.1935703,33.7634],[-118.1935326,33.7633823],[-118.1934949,33.7633648],[-118.1934571,33.7633473],[-118.1934192,33.76333],[-118.1933813,33.7633128],[-118.1933433,33.7632957],[-118.1933052,33.7632787],[-118.1932669,33.7632619],[-118.1932284,33.7632457],[-118.1931894,33.7632302],[-118.19315,33.7632155],[-118.1931099,33.7632021],[-118.1930692,33.7631901],[-118.1930278,33.7631797],[-118.1929857,33.7631716],[-118.1929431,33.763166],[-118.1929001,33.7631633],[-118.1928569,33.7631638],[-118.1928141,33.7631683],[-118.192772,33.7631762],[-118.1927309,33.7631873],[-118.1926908,33.7632007],[-118.192652,33.7632165],[-118.1926154,33.7632356],[-118.1925813,33.7632576],[-118.19255,33.7632824],[-118.1925216,33.7633096],[-118.1924961,33.7633387],[-118.1924731,33.7633692],[-118.1924528,33.763401],[-118.1924349,33.7634338],[-118.1924191,33.7634674],[-118.1924049,33.7635014],[-118.1923924,33.763536],[-118.1923817,33.7635709],[-118.1923726,33.7636061],[-118.192365,33.7636416],[-118.1923589,33.7636773],[-118.1923542,33.7637132],[-118.1923506,33.7637491],[-118.1923479,33.7637851],[-118.1923461,33.7638212],[-118.1923452,33.7638572],[-118.1923451,33.7638933],[-118.1923457,33.7639294],[-118.1923471,33.7639654],[-118.1923491,33.7640014],[-118.1923518,33.7640374],[-118.192355,33.7640734],[-118.1923589,33.7641093],[-118.1923632,33.7641452],[-118.192368,33.764181],[-118.1923731,33.7642169],[-118.1923784,33.7642526],[-118.192384,33.7642884],[-118.1923898,33.7643242],[-118.1923958,33.7643599],[-118.1924019,33.7643956],[-118.1924081,33.7644313],[-118.1924144,33.764467],[-118.1924207,33.7645026],[-118.192427,33.7645383],[-118.1924332,33.764574],[-118.1924394,33.7646097],[-118.1924455,33.7646454],[-118.1924514,33.7646811],[-118.1924572,33.7647169],[-118.1924627,33.7647526],[-118.1924679,33.7647884],[-118.1924729,33.7648243],[-118.1924775,33.7648601],[-118.1924818,33.764896],[-118.1924856,33.7649319],[-118.192489,33.7649679],[-118.192492,33.7650039],[-118.1924944,33.7650399],[-118.1924963,33.7650759],[-118.1924977,33.765112],[-118.1924984,33.765148],[-118.1924985,33.7651841],[-118.1924978,33.7652202],[-118.1924962,33.7652562],[-118.1924935,33.7652922],[-118.1924897,33.7653281],[-118.1924845,33.7653639],[-118.1924779,33.7653996],[-118.1924695,33.7654349],[-118.1924589,33.7654699],[-118.1924462,33.7655044],[-118.1924314,33.7655382],[-118.1924142,33.7655713],[-118.1923942,33.7656033],[-118.1923715,33.7656339],[-118.1923462,33.7656631],[-118.1923184,33.7656907],[-118.1922882,33.7657164],[-118.192256,33.7657405],[-118.1922227,33.7657634],[-118.192188,33.7657849],[-118.1921514,33.765804],[-118.1921133,33.7658209],[-118.192074,33.7658359],[-118.1920337,33.7658489],[-118.1919926,33.7658599],[-118.1919509,33.7658692],[-118.1919088,33.7658771],[-118.1918663,33.7658835],[-118.1918235,33.7658887],[-118.1917806,33.7658928],[-118.1917376,33.765896],[-118.1916945,33.7658981],[-118.1916514,33.7658996],[-118.1916082,33.7659006],[-118.191565,33.7659013],[-118.1915218,33.7659019],[-118.1914787,33.7659024],[-118.1914355,33.7659028],[-118.1913923,33.7659031],[-118.1913491,33.7659033],[-118.1913059,33.7659034],[-118.1912627,33.7659034],[-118.1912196,33.7659034],[-118.1911764,33.7659032],[-118.1911332,33.765903],[-118.19109,33.7659026],[-118.1910468,33.7659022],[-118.1910037,33.7659017],[-118.1909605,33.7659011],[-118.1909173,33.7659003],[-118.1908741,33.7658995],[-118.190831,33.7658987],[-118.1907878,33.7658977],[-118.1907446,33.7658967],[-118.1907015,33.7658957],[-118.1906583,33.7658946],[-118.1906151,33.7658934],[-118.190572,33.7658921],[-118.1905288,33.7658907],[-118.1904857,33.7658893],[-118.1904425,33.7658879],[-118.1903994,33.7658864],[-118.1903562,33.7658848],[-118.1903131,33.7658832],[-118.19027,33.7658815],[-118.1902268,33.7658797],[-118.1901837,33.765878],[-118.1901406,33.7658761],[-118.1900975,33.7658743],[-118.1900543,33.7658724],[-118.1900112,33.7658704],[-118.1899681,33.7658684],[-118.189925,33.7658664],[-118.1898819,33.7658643],[-118.1898388,33.7658622],[-118.1897956,33.7658601],[-118.1897525,33.7658579],[-118.1897094,33.7658557],[-118.1896663,33.7658535],[-118.1896232,33.7658513],[-118.1895801,33.765849],[-118.189537,33.7658467],[-118.1894939,33.7658444],[-118.1894509,33.7658421],[-118.1894078,33.7658398],[-118.1893647,33.7658374],[-118.1893216,33.7658351],[-118.1892785,33.7658327],[-118.1892354,33.7658303],[-118.1891923,33.765828],[-118.1891492,33.7658256],[-118.1891061,33.7658232],[-118.189063,33.7658208],[-118.18902,33.7658184],[-118.1889769,33.7658161],[-118.1889338,33.7658137],[-118.1888907,33.7658114],[-118.1888476,33.765809],[-118.1888045,33.7658067],[-118.1887614,33.7658044],[-118.1887183,33.7658021],[-118.1886752,33.7657998],[-118.1886321,33.7657975],[-118.188589,33.7657952],[-118.1885459,33.765793],[-118.1885028,33.7657908],[-118.1884597,33.7657887],[-118.1884166,33.7657865],[-118.1883735,33.7657845],[-118.1883304,33.7657824],[-118.1882873,33.7657804],[-118.1882441,33.7657785],[-118.188201,33.7657765],[-118.1881579,33.7657746],[-118.1881148,33.7657728],[-118.1880716,33.765771],[-118.1880285,33.7657693],[-118.1879854,33.7657676],[-118.1879422,33.765766],[-118.1878991,33.7657645],[-118.1878559,33.7657631],[-118.1878128,33.7657617],[-118.1877696,33.7657605],[-118.1877265,33.7657593],[-118.1876833,33.7657582],[-118.1876401,33.7657572],[-118.187597,33.7657564],[-118.1875538,33.7657556],[-118.1875106,33.7657549],[-118.1874674,33.7657544],[-118.1874242,33.765754],[-118.1873811,33.7657537],[-118.1873379,33.7657535],[-118.1872947,33.7657535],[-118.1872515,33.7657536],[-118.1872083,33.7657539],[-118.1871652,33.7657543],[-118.187122,33.7657549],[-118.1870788,33.7657557],[-118.1870356,33.7657566],[-118.1869925,33.7657577],[-118.1869493,33.7657589],[-118.1869062,33.7657604],[-118.186863,33.7657621],[-118.1868199,33.7657639],[-118.1867768,33.7657658],[-118.1867337,33.7657679],[-118.1866906,33.7657699],[-118.1866474,33.7657719],[-118.1866043,33.7657737],[-118.1865612,33.7657753],[-118.186518,33.7657765],[-118.1864748,33.7657773],[-118.1864317,33.7657774],[-118.1863885,33.7657767],[-118.1863453,33.7657753],[-118.1863022,33.7657729],[-118.1862593,33.7657695],[-118.1862164,33.765765],[-118.1861737,33.7657595],[-118.1861313,33.7657528],[-118.1860892,33.7657448],[-118.1860475,33.7657355],[-118.1860063,33.7657247],[-118.1859658,33.7657123],[-118.185926,33.7656982]]}},{"type":"Feature","properties":{"role":"apex","id":"t1-apex","corner":"t1","edge":"left","marker":0.22703,"quality":{"source":"naip","accuracy_m":1.14,"relative_accuracy_m":0.28,"measured":true,"date":"2022-05-11"}},"geometry":{"type":"Point","coordinates":[-118.1945592,33.7635849]}},{"type":"Feature","properties":{"role":"geometric_apex","id":"t1-geometric-apex","corner":"t1","edge":"left","marker":0.2251,"quality":{"source":"naip","accuracy_m":1.14,"relative_accuracy_m":0.28,"measured":true,"date":"2022-05-11"}},"geometry":{"type":"Point","coordinates":[-118.1945271,33.7635861]}},{"type":"Feature","properties":{"role":"apex","id":"t2-apex","corner":"t2","edge":"right","marker":0.28043,"quality":{"source":"naip","accuracy_m":1.14,"relative_accuracy_m":0.28,"measured":true,"date":"2022-05-11"}},"geometry":{"type":"Point","coordinates":[-118.196084,33.7628879]}},{"type":"Feature","properties":{"role":"geometric_apex","id":"t2-geometric-apex","corner":"t2","edge":"right","marker":0.28003,"quality":{"source":"naip","accuracy_m":1.14,"relative_accuracy_m":0.28,"measured":true,"date":"2022-05-11"}},"geometry":{"type":"Point","coordinates":[-118.1960771,33.7628868]}},{"type":"Feature","properties":{"role":"apex","id":"t3-apex","corner":"t3","edge":"left","marker":0.29294,"quality":{"source":"naip","accuracy_m":2.1,"relative_accuracy_m":1.78,"measured":false,"date":"2022-05-11"}},"geometry":{"type":"Point","coordinates":[-118.1963854,33.7630729]}},{"type":"Feature","properties":{"role":"geometric_apex","id":"t3-geometric-apex","corner":"t3","edge":"left","marker":0.29182,"quality":{"source":"naip","accuracy_m":1.14,"relative_accuracy_m":0.28,"measured":true,"date":"2022-05-11"}},"geometry":{"type":"Point","coordinates":[-118.1963701,33.7630572]}},{"type":"Feature","properties":{"role":"apex","id":"t4-apex","corner":"t4","edge":"right","marker":0.32597,"quality":{"source":"naip","accuracy_m":2.1,"relative_accuracy_m":1.78,"measured":false,"date":"2022-05-11"}},"geometry":{"type":"Point","coordinates":[-118.1972272,33.7636715]}},{"type":"Feature","properties":{"role":"geometric_apex","id":"t4-geometric-apex","corner":"t4","edge":"right","marker":0.32565,"quality":{"source":"naip","accuracy_m":2.1,"relative_accuracy_m":1.78,"measured":false,"date":"2022-05-11"}},"geometry":{"type":"Point","coordinates":[-118.1972237,33.7636658]}},{"type":"Feature","properties":{"role":"apex","id":"t5-apex","corner":"t5","edge":"right","marker":0.37697,"quality":{"source":"naip","accuracy_m":2.1,"relative_accuracy_m":1.78,"measured":false,"date":"2022-05-11"}},"geometry":{"type":"Point","coordinates":[-118.1965733,33.7648897]}},{"type":"Feature","properties":{"role":"geometric_apex","id":"t5-geometric-apex","corner":"t5","edge":"right","marker":0.37654,"quality":{"source":"naip","accuracy_m":2.1,"relative_accuracy_m":1.78,"measured":false,"date":"2022-05-11"}},"geometry":{"type":"Point","coordinates":[-118.1965774,33.7648892]}},{"type":"Feature","properties":{"role":"apex","id":"t6-apex","corner":"t6","edge":"left","marker":0.50647,"quality":{"source":"naip","accuracy_m":2.1,"relative_accuracy_m":1.78,"measured":false,"date":"2022-05-11"}},"geometry":{"type":"Point","coordinates":[-118.1927184,33.763201]}},{"type":"Feature","properties":{"role":"geometric_apex","id":"t6-geometric-apex","corner":"t6","edge":"left","marker":0.50595,"quality":{"source":"naip","accuracy_m":2.1,"relative_accuracy_m":1.78,"measured":false,"date":"2022-05-11"}},"geometry":{"type":"Point","coordinates":[-118.1927238,33.7631993]}},{"type":"Feature","properties":{"role":"apex","id":"t7-apex","corner":"t7","edge":"left","marker":0.52257,"quality":{"source":"naip","accuracy_m":1.14,"relative_accuracy_m":0.28,"measured":true,"date":"2022-05-11"}},"geometry":{"type":"Point","coordinates":[-118.1925372,33.7635834]}},{"type":"Feature","properties":{"role":"geometric_apex","id":"t7-geometric-apex","corner":"t7","edge":"left","marker":0.52395,"quality":{"source":"naip","accuracy_m":2.1,"relative_accuracy_m":1.78,"measured":false,"date":"2022-05-11"}},"geometry":{"type":"Point","coordinates":[-118.1925278,33.763622]}},{"type":"Feature","properties":{"role":"apex","id":"t8-apex","corner":"t8","edge":"right","marker":0.59884,"quality":{"source":"naip","accuracy_m":1.14,"relative_accuracy_m":0.28,"measured":true,"date":"2022-05-11"}},"geometry":{"type":"Point","coordinates":[-118.1922627,33.7657238]}},{"type":"Feature","properties":{"role":"geometric_apex","id":"t8-geometric-apex","corner":"t8","edge":"right","marker":0.59875,"quality":{"source":"naip","accuracy_m":1.14,"relative_accuracy_m":0.28,"measured":true,"date":"2022-05-11"}},"geometry":{"type":"Point","coordinates":[-118.1922627,33.7657238]}},{"type":"Feature","properties":{"role":"apex","id":"t9-apex","corner":"t9","edge":"right","marker":0.79742,"quality":{"source":"naip","accuracy_m":1.14,"relative_accuracy_m":0.28,"measured":true,"date":"2022-05-11"}},"geometry":{"type":"Point","coordinates":[-118.1856432,33.7654851]}},{"type":"Feature","properties":{"role":"geometric_apex","id":"t9-geometric-apex","corner":"t9","edge":"right","marker":0.79279,"quality":{"source":"naip","accuracy_m":2.1,"relative_accuracy_m":1.78,"measured":false,"date":"2022-05-11"}},"geometry":{"type":"Point","coordinates":[-118.1857246,33.7655579]}},{"type":"Feature","properties":{"role":"apex","id":"t10-apex","corner":"t10","edge":"left","marker":0.84056,"quality":{"source":"naip","accuracy_m":1.14,"relative_accuracy_m":0.28,"measured":true,"date":"2022-05-11"}},"geometry":{"type":"Point","coordinates":[-118.1853738,33.7643343]}},{"type":"Feature","properties":{"role":"geometric_apex","id":"t10-geometric-apex","corner":"t10","edge":"left","marker":0.84058,"quality":{"source":"naip","accuracy_m":1.14,"relative_accuracy_m":0.28,"measured":true,"date":"2022-05-11"}},"geometry":{"type":"Point","coordinates":[-118.1853738,33.7643343]}},{"type":"Feature","properties":{"role":"apex","id":"t11-apex","corner":"t11","edge":"right","marker":0.8816,"quality":{"source":"naip","accuracy_m":2.1,"relative_accuracy_m":1.78,"measured":false,"date":"2022-05-11"}},"geometry":{"type":"Point","coordinates":[-118.1842322,33.7642517]}},{"type":"Feature","properties":{"role":"geometric_apex","id":"t11-geometric-apex","corner":"t11","edge":"right","marker":0.88062,"quality":{"source":"naip","accuracy_m":2.1,"relative_accuracy_m":1.78,"measured":false,"date":"2022-05-11"}},"geometry":{"type":"Point","coordinates":[-118.1842375,33.7642547]}},{"type":"Feature","properties":{"role":"sector_boundary","id":"s1-start","marker":0.0,"width_m":14.2,"quality":{"source":"naip","accuracy_m":2.1,"relative_accuracy_m":1.78,"measured":false,"date":"2022-05-11"},"range":"s1"},"geometry":{"type":"LineString","coordinates":[[-118.1873089,33.7621354],[-118.1873877,33.7622452]]}},{"type":"Feature","properties":{"role":"sector_boundary","id":"s2-start","marker":0.30995,"width_m":10.78,"quality":{"source":"naip","accuracy_m":2.1,"relative_accuracy_m":1.78,"measured":false,"date":"2022-05-11"},"range":"s2"},"geometry":{"type":"LineString","coordinates":[[-118.1968617,33.7633333],[-118.1968035,33.7634174]]}},{"type":"Feature","properties":{"role":"sector_boundary","id":"s3-start","marker":0.72339,"width_m":13.47,"quality":{"source":"naip","accuracy_m":2.1,"relative_accuracy_m":1.78,"measured":false,"date":"2022-05-11"},"range":"s3"},"geometry":{"type":"LineString","coordinates":[[-118.1880543,33.7658654],[-118.1880762,33.7657454]]}},{"type":"Feature","properties":{"role":"complex_entry","id":"t10-t11-entry","marker":0.82848,"width_m":13.9,"quality":{"source":"naip","accuracy_m":2.1,"relative_accuracy_m":1.78,"measured":false,"date":"2022-05-11"},"complex":"t10-t11"},"geometry":{"type":"LineString","coordinates":[[-118.185472,33.764624],[-118.185622,33.7646254]]}},{"type":"Feature","properties":{"role":"complex_exit","id":"t10-t11-exit","marker":0.88682,"width_m":14.39,"quality":{"source":"naip","accuracy_m":2.1,"relative_accuracy_m":1.78,"measured":false,"date":"2022-05-11"},"complex":"t10-t11"},"geometry":{"type":"LineString","coordinates":[[-118.1841382,33.7641061],[-118.1842594,33.7641873]]}}]}