{"type":"FeatureCollection","features":[{"type":"Feature","properties":{"role":"edge_left","orientation":"driving direction, from the lap origin","unseen_spans":[[0.00546,0.007],[0.04225,0.04361],[0.07031,0.07407],[0.07424,0.07596],[0.07732,0.07818],[0.07886,0.08058],[0.08075,0.08194],[0.08212,0.08331],[0.08366,0.08485],[0.08947,0.09033],[0.10077,0.10248],[0.10659,0.10761],[0.11651,0.11771],[0.12027,0.12113],[0.12609,0.12832],[0.1302,0.13191],[0.13208,0.13431],[0.13585,0.13756],[0.13858,0.14577],[0.14663,0.14817],[0.14851,0.15073],[0.1509,0.15193],[0.22329,0.22602],[0.27051,0.27223],[0.27599,0.27907],[0.27993,0.28215],[0.28232,0.28352],[0.28386,0.29755],[0.29772,0.30457],[0.30491,0.31038],[0.31364,0.31637],[0.31689,0.32356],[0.32715,0.32904],[0.33554,0.33725],[0.35487,0.35693],[0.35898,0.36001],[0.36018,0.36121],[0.36292,0.36446],[0.36702,0.36873],[0.36891,0.38294],[0.3855,0.38653],[0.3867,0.39577],[0.39594,0.40518],[0.40587,0.41596],[0.41784,0.42195],[0.43222,0.43359],[0.443,0.44385],[0.44505,0.44847],[0.44865,0.46062],[0.4714,0.47431],[0.55559,0.55662],[0.55765,0.55987],[0.61925,0.62027],[0.6237,0.62455],[0.62849,0.63088],[0.6367,0.63773],[0.67178,0.67332],[0.68102,0.68222],[0.68632,0.68804],[0.68821,0.68958],[0.69163,0.69317],[0.69403,0.69642],[0.6983,0.7084],[0.71319,0.72209],[0.72226,0.72431],[0.72465,0.72773],[0.72825,0.72945],[0.73133,0.73218],[0.73236,0.7339],[0.74485,0.7457],[0.74707,0.74844],[0.79019,0.79122],[0.83639,0.83845],[0.84084,0.84255],[0.84598,0.84683],[0.847,0.84837],[0.84991,0.85128],[0.85214,0.85522],[0.85624,0.85864],[0.85881,0.86035],[0.86103,0.879],[0.87917,0.8855],[0.88567,0.89389],[0.8956,0.92469],[0.92606,0.92777],[0.92862,0.93273],[0.9329,0.93376],[0.93393,0.93513],[0.9353,0.93684],[0.93787,0.94899],[0.94967,0.95515],[0.95532,0.95703],[0.9572,0.96798]],"quality":{"source":"naip","accuracy_m":1.36,"relative_accuracy_m":0.25,"measured":true,"date":"2023-02-13","measured_fraction":0.591}},"geometry":{"type":"LineString","coordinates":[[-81.3535295,27.4503021],[-81.3529431,27.4503039],[-81.3527306,27.4503058],[-81.3526188,27.450306],[-81.3525175,27.4503079],[-81.3521237,27.4503082],[-81.352033,27.4503068],[-81.3510624,27.4503094],[-81.3510337,27.4503115],[-81.3509661,27.4503192],[-81.3509268,27.4503219],[-81.3509075,27.4503254],[-81.350868,27.4503348],[-81.350847,27.4503386],[-81.3508253,27.4503411],[-81.3508032,27.4503422],[-81.350587,27.4503429],[-81.3505065,27.4503455],[-81.3504756,27.4503458],[-81.3503646,27.4503439],[-81.3502633,27.4503468],[-81.3501526,27.450345],[-81.3500406,27.4503464],[-81.3499374,27.4503457],[-81.3498023,27.4503491],[-81.3496645,27.4503471],[-81.3496169,27.450347],[-81.3495598,27.4503484],[-81.3494655,27.4503528],[-81.3494384,27.4503557],[-81.3493759,27.4503658],[-81.3493308,27.450375],[-81.3492945,27.4503843],[-81.3492768,27.4503899],[-81.3492511,27.4503993],[-81.3491299,27.4504488],[-81.3490603,27.4504828],[-81.3490224,27.4505037],[-81.3490003,27.4505172],[-81.3489519,27.450551],[-81.3489184,27.4505763],[-81.3488854,27.4506032],[-81.3488534,27.4506316],[-81.3488353,27.4506492],[-81.3488182,27.4506671],[-81.3487922,27.4506981],[-81.3487693,27.4507306],[-81.348757,27.4507511],[-81.3487454,27.4507728],[-81.3487235,27.4508192],[-81.348666,27.4509544],[-81.348649,27.4510031],[-81.348631,27.4510693],[-81.3486269,27.4510941],[-81.3486252,27.4511191],[-81.3486247,27.4511856],[-81.3486255,27.451218],[-81.3486281,27.4512505],[-81.3486345,27.4513103],[-81.3486498,27.4514227],[-81.348652,27.4514543],[-81.3486515,27.4514758],[-81.3486502,27.4514865],[-81.3486459,27.4515074],[-81.3486269,27.4515724],[-81.3486168,27.451615],[-81.3486025,27.4516636],[-81.3485984,27.4516864],[-81.3485975,27.4517092],[-81.3486004,27.4517329],[-81.3486077,27.4517663],[-81.3486355,27.4519079],[-81.3486514,27.4519788],[-81.3486646,27.4520493],[-81.3486784,27.4521104],[-81.3487497,27.452449],[-81.3487658,27.4525197],[-81.3487763,27.4525716],[-81.3487836,27.4525964],[-81.3487906,27.4526126],[-81.3488311,27.452688],[-81.3488391,27.4527054],[-81.3488485,27.4527324],[-81.3488542,27.4527611],[-81.3488609,27.4528387],[-81.3488615,27.4528668],[-81.3488605,27.4529294],[-81.348861,27.4529463],[-81.3488631,27.4529715],[-81.348867,27.4529971],[-81.3488861,27.4530877],[-81.3489028,27.4531864],[-81.3489102,27.4532419],[-81.3489144,27.453298],[-81.3489165,27.453381],[-81.3489166,27.4540496],[-81.3489178,27.454094],[-81.3489202,27.4541382],[-81.3489245,27.4541903],[-81.3489282,27.4542228],[-81.3489335,27.4542455],[-81.3489441,27.4542749],[-81.3489614,27.4543122],[-81.3489776,27.4543413],[-81.349,27.4543757],[-81.3490189,27.4544014],[-81.3490291,27.4544134],[-81.3490401,27.4544248],[-81.3490647,27.4544463],[-81.3490782,27.4544566],[-81.3491002,27.4544713],[-81.3491385,27.4544943],[-81.3491612,27.4545069],[-81.349176,27.4545139],[-81.3491978,27.4545222],[-81.3492124,27.4545264],[-81.3492277,27.4545295],[-81.349253,27.454532],[-81.3492809,27.4545326],[-81.3493406,27.4545314],[-81.3494013,27.4545319],[-81.3494722,27.4545302],[-81.3495784,27.4545294],[-81.3496013,27.4545301],[-81.3496247,27.4545323],[-81.3496481,27.4545363],[-81.3496708,27.4545419],[-81.3497032,27.4545521],[-81.3497236,27.4545597],[-81.3497526,27.4545722],[-81.3498362,27.4546123],[-81.3498735,27.4546319],[-81.3499188,27.4546581],[-81.3499538,27.4546797],[-81.3500364,27.4547337],[-81.3500682,27.4547562],[-81.3501294,27.4548022],[-81.3501935,27.4548415],[-81.3502172,27.4548551],[-81.3502668,27.4548792],[-81.3503348,27.4549099],[-81.3503607,27.45492],[-81.3503961,27.4549312],[-81.3504498,27.4549453],[-81.3504861,27.454952],[-81.3505408,27.4549585],[-81.3505589,27.4549596],[-81.3505859,27.4549599],[-81.3506216,27.454958],[-81.3506393,27.454956],[-81.350666,27.4549518],[-81.3507024,27.4549448],[-81.3507296,27.4549388],[-81.3507552,27.454932],[-81.350771,27.4549267],[-81.3507858,27.4549204],[-81.350806,27.4549084],[-81.3508653,27.4548668],[-81.3508851,27.454851],[-81.3508971,27.4548396],[-81.3509082,27.4548274],[-81.3509742,27.4547479],[-81.3509835,27.4547335],[-81.3509916,27.4547184],[-81.3510352,27.4546297],[-81.351073,27.4545557],[-81.3511094,27.4544809],[-81.3511557,27.4543896],[-81.3511779,27.4543487],[-81.3512201,27.4542759],[-81.3512959,27.4541559],[-81.3513326,27.4541003],[-81.35136,27.4540609],[-81.351394,27.4540148],[-81.3514289,27.4539695],[-81.3515196,27.4538584],[-81.3516009,27.4537646],[-81.3516588,27.4537013],[-81.3516982,27.4536595],[-81.3517454,27.4536113],[-81.351814,27.4535431],[-81.3519061,27.4534565],[-81.3519211,27.4534439],[-81.3519525,27.4534203],[-81.3519991,27.4533836],[-81.3520945,27.4533133],[-81.3521513,27.4532732],[-81.3522645,27.4531963],[-81.3523578,27.4531388],[-81.3524258,27.4530984],[-81.3524692,27.4530735],[-81.3525134,27.4530494],[-81.3525669,27.4530219],[-81.352728,27.4529428],[-81.3527643,27.4529262],[-81.3528676,27.4528838],[-81.3529517,27.4528506],[-81.3530181,27.4528258],[-81.3530853,27.4528026],[-81.3531433,27.4527838],[-81.3532013,27.452766],[-81.3533075,27.4527347],[-81.353366,27.4527183],[-81.3534558,27.4526952],[-81.3535156,27.452682],[-81.3535759,27.4526698],[-81.3537362,27.452641],[-81.3538788,27.4526207],[-81.3539093,27.4526175],[-81.354021,27.4526085],[-81.3541846,27.4525924],[-81.3542864,27.4525872],[-81.3544191,27.4525828],[-81.3546119,27.4525798],[-81.354734,27.4525802],[-81.3548357,27.4525818],[-81.3548972,27.452584],[-81.3550181,27.4525902],[-81.3550778,27.4525917],[-81.3555829,27.4525923],[-81.3564428,27.452589],[-81.3566041,27.4525857],[-81.3568571,27.4525839],[-81.3570391,27.4525801],[-81.3571906,27.4525785],[-81.3575643,27.4525721],[-81.357787,27.4525667],[-81.357848,27.4525665],[-81.3579101,27.4525649],[-81.3579719,27.4525649],[-81.3580265,27.4525639],[-81.3580507,27.4525641],[-81.358076,27.4525658],[-81.358101,27.4525705],[-81.3581129,27.452574],[-81.3581897,27.4526042],[-81.3582224,27.4526206],[-81.3582438,27.4526341],[-81.3582646,27.4526498],[-81.3582845,27.4526675],[-81.3582938,27.4526771],[-81.3583022,27.4526875],[-81.3583096,27.4526985],[-81.3583157,27.4527099],[-81.3583209,27.4527216],[-81.358329,27.452745],[-81.3583351,27.4527679],[-81.3583411,27.4528015],[-81.3583431,27.4528236],[-81.3583431,27.4528457],[-81.3583412,27.452868],[-81.3583372,27.4528905],[-81.3583344,27.4529018],[-81.3583272,27.4529243],[-81.3583179,27.4529461],[-81.3583125,27.4529566],[-81.3583006,27.4529765],[-81.3582805,27.4530037],[-81.3582333,27.4530621],[-81.3582124,27.4530841],[-81.3581614,27.4531343],[-81.3581395,27.4531591],[-81.3581255,27.4531781],[-81.3581173,27.4531911],[-81.35811,27.4532044],[-81.3581003,27.4532252],[-81.3580833,27.453269],[-81.3580788,27.453284],[-81.3580754,27.4532995],[-81.3580713,27.4533322],[-81.3580678,27.4533964],[-81.3580646,27.453426],[-81.3580557,27.4534752],[-81.3580444,27.4535223],[-81.3580358,27.4535497],[-81.3580131,27.4536121],[-81.3579936,27.4536749],[-81.357984,27.4537028],[-81.3579763,27.4537215],[-81.3579586,27.4537594],[-81.3579477,27.4537781],[-81.357941,27.4537868],[-81.3579254,27.4538027],[-81.3578866,27.4538386],[-81.3578204,27.4538971],[-81.3577635,27.4539515],[-81.3576676,27.4540352],[-81.3575026,27.454182],[-81.3574463,27.4542332],[-81.3573557,27.4543196],[-81.3573259,27.454346],[-81.3572885,27.4543776],[-81.3572359,27.4544208],[-81.3571897,27.4544577],[-81.3571502,27.4544878],[-81.3571017,27.4545227],[-81.3570602,27.4545511],[-81.3570173,27.4545785],[-81.3569821,27.4545991],[-81.356937,27.4546235],[-81.3569,27.454642],[-81.3568537,27.4546635],[-81.3567978,27.454688],[-81.3567505,27.4547075],[-81.3566831,27.4547329],[-81.3565403,27.4547826],[-81.3564633,27.4548075],[-81.3563672,27.4548374],[-81.3560605,27.45493],[-81.3554582,27.4551154],[-81.3553448,27.4551515],[-81.3552805,27.4551734],[-81.3552265,27.4551937],[-81.3551821,27.4552118],[-81.3551387,27.4552309],[-81.3550959,27.4552513],[-81.3550451,27.4552775],[-81.3549949,27.4553051],[-81.3549537,27.4553291],[-81.3549136,27.4553544],[-81.3548826,27.4553761],[-81.3548213,27.4554218],[-81.3547448,27.4554767],[-81.3546625,27.4555383],[-81.354641,27.4555557],[-81.3545627,27.4556234],[-81.3544653,27.4557114],[-81.3544249,27.4557494],[-81.3542893,27.4558702],[-81.3542245,27.4559301],[-81.3541657,27.4559814],[-81.354016,27.4561164],[-81.3539588,27.4561668],[-81.3539157,27.4562037],[-81.3538598,27.4562563],[-81.3536525,27.4564423],[-81.3534969,27.4565841],[-81.3532586,27.4568053],[-81.3531717,27.4568817],[-81.353136,27.4569146],[-81.3530899,27.4569505],[-81.3530678,27.4569687],[-81.352937,27.4570821],[-81.3529107,27.457107],[-81.3528582,27.4571602],[-81.3527878,27.4572238],[-81.3527618,27.4572438],[-81.3527423,27.4572559],[-81.3527102,27.457272],[-81.3526872,27.4572813],[-81.3526753,27.4572852],[-81.3526509,27.457291],[-81.3526264,27.457295],[-81.3526021,27.4572976],[-81.3525778,27.4572988],[-81.3525534,27.4572985],[-81.3525292,27.4572966],[-81.3525054,27.4572934],[-81.3524825,27.4572892],[-81.3524495,27.4572814],[-81.3524176,27.4572725],[-81.3523855,27.457262],[-81.3523641,27.4572537],[-81.352343,27.4572442],[-81.3523225,27.4572337],[-81.352303,27.4572224],[-81.3522753,27.4572048],[-81.3522493,27.4571863],[-81.3522175,27.4571595],[-81.3521809,27.4571242],[-81.3521389,27.4570808],[-81.352094,27.4570282],[-81.3520411,27.4569612],[-81.3519993,27.4569108],[-81.3519169,27.456809],[-81.3518827,27.4567681],[-81.3518603,27.4567434],[-81.3518423,27.4567268],[-81.3518223,27.4567124],[-81.3517439,27.4566687],[-81.3517182,27.4566564],[-81.3516645,27.4566335],[-81.3515821,27.456601],[-81.3514833,27.45656],[-81.3514477,27.4565473],[-81.3514203,27.4565395],[-81.3513629,27.4565253],[-81.3512765,27.4564999],[-81.3512111,27.4564827],[-81.3511742,27.4564745],[-81.3511466,27.4564693],[-81.3511189,27.4564653],[-81.3510912,27.4564624],[-81.3510451,27.4564598],[-81.350999,27.4564602],[-81.350953,27.4564637],[-81.3509253,27.4564672],[-81.3508974,27.4564717],[-81.3508415,27.4564831],[-81.3507554,27.4565053],[-81.3507055,27.4565146],[-81.350667,27.4565231],[-81.3506294,27.4565333],[-81.3505629,27.4565543],[-81.3505339,27.456565],[-81.3504943,27.4565817],[-81.3504736,27.4565896],[-81.350413,27.4566099],[-81.3503615,27.4566259],[-81.3502998,27.4566483],[-81.3501952,27.4566915],[-81.3501059,27.4567322],[-81.3500359,27.4567656],[-81.3499395,27.4568157],[-81.3498777,27.456845],[-81.3497794,27.4568966],[-81.3497501,27.4569112],[-81.3497296,27.4569203],[-81.3496978,27.4569323],[-81.3496647,27.4569417],[-81.3496311,27.4569489],[-81.3495972,27.4569541],[-81.3495635,27.4569578],[-81.3495302,27.4569603],[-81.3494452,27.456962],[-81.3490647,27.456962],[-81.3489642,27.4569641],[-81.3488722,27.4569699],[-81.3488211,27.4569674],[-81.348801,27.4569672],[-81.3487304,27.4569706],[-81.3487,27.4569713],[-81.3485181,27.456972],[-81.3484259,27.4569738],[-81.3483391,27.4569722],[-81.3483169,27.456971],[-81.3482615,27.4569658],[-81.3482397,27.4569628],[-81.3481887,27.4569498],[-81.3480841,27.4569292],[-81.3480504,27.4569199],[-81.3480275,27.4569117],[-81.3480046,27.4569016],[-81.3479825,27.4568891],[-81.347972,27.4568818],[-81.347952,27.4568656],[-81.3479336,27.456848],[-81.3479172,27.4568295],[-81.3478963,27.4568008],[-81.3478725,27.4567628],[-81.3478615,27.4567436],[-81.3478525,27.4567232],[-81.3478489,27.4567127],[-81.3478433,27.4566913],[-81.3478382,27.4566597],[-81.3478341,27.4566107],[-81.3478311,27.4565475],[-81.3478289,27.4565296],[-81.3478204,27.4564824],[-81.3478185,27.4564627],[-81.3478177,27.4564432],[-81.3478171,27.4564055],[-81.3478194,27.4561882],[-81.3478188,27.4559981],[-81.3478245,27.4558889],[-81.3478311,27.4558174],[-81.3478322,27.4557734],[-81.3478316,27.4557014],[-81.3478294,27.4556289],[-81.3478287,27.4555304],[-81.3478299,27.455449],[-81.3478277,27.4549252],[-81.347828,27.4547175],[-81.3478271,27.4546828],[-81.3478236,27.4546381],[-81.3478229,27.4546197],[-81.3478234,27.4545361],[-81.3478266,27.4544817],[-81.3478274,27.4544469],[-81.3478267,27.4543484],[-81.3478245,27.4542223],[-81.3478259,27.4541405],[-81.3478255,27.4540862],[-81.3478237,27.4540227],[-81.347825,27.4539592],[-81.347825,27.4538518],[-81.3478244,27.4538074],[-81.3478228,27.4537812],[-81.3478201,27.453764],[-81.3478115,27.453729],[-81.3478081,27.4537106],[-81.3478055,27.4536822],[-81.3478045,27.453634],[-81.3478053,27.4536147],[-81.3478095,27.4535768],[-81.3478127,27.4535289],[-81.3478177,27.4535093],[-81.3478326,27.453471],[-81.3478381,27.4534525],[-81.3478443,27.4534172],[-81.347856,27.4533595],[-81.3478643,27.4532981],[-81.3478734,27.4532462],[-81.3478767,27.4532211],[-81.3478792,27.453171],[-81.3478791,27.4531364],[-81.3478717,27.4530681],[-81.3478675,27.4530449],[-81.3478619,27.4530231],[-81.3478488,27.4529875],[-81.3478262,27.4529314],[-81.3477944,27.4528351],[-81.347727,27.4526574],[-81.3477196,27.4526407],[-81.3477032,27.4526078],[-81.3476572,27.4525219],[-81.3476441,27.4524917],[-81.3476381,27.4524704],[-81.3476285,27.4524208],[-81.3476208,27.4523974],[-81.3476106,27.4523789],[-81.3475854,27.4523453],[-81.3475677,27.4523192],[-81.3475352,27.452267],[-81.3475215,27.4522427],[-81.3474955,27.4521918],[-81.3474432,27.4520845],[-81.3474279,27.4520493],[-81.3473867,27.4519482],[-81.347362,27.4518939],[-81.3473466,27.4518633],[-81.3473309,27.4518343],[-81.3473186,27.4518141],[-81.3473057,27.4517952],[-81.3472917,27.4517773],[-81.3472764,27.45176],[-81.3472593,27.4517428],[-81.3472339,27.4517193],[-81.3469981,27.4515173],[-81.3468579,27.45139],[-81.346724,27.4512731],[-81.3466685,27.4512229],[-81.3466046,27.4511664],[-81.3465515,27.4511207],[-81.3464437,27.4510257],[-81.3463268,27.4509251],[-81.346233,27.4508409],[-81.3462113,27.4508205],[-81.3461677,27.4507769],[-81.3461457,27.450753],[-81.3461244,27.4507265],[-81.3461036,27.4506969],[-81.3460907,27.450675],[-81.3460849,27.4506634],[-81.3460748,27.4506395],[-81.3460672,27.4506152],[-81.3460622,27.4505913],[-81.3460584,27.4505569],[-81.3460575,27.4505243],[-81.3460592,27.4504244],[-81.3460609,27.4503948],[-81.3460665,27.450345],[-81.3460731,27.4503056],[-81.3460819,27.4502662],[-81.3460932,27.4502263],[-81.3461106,27.4501772],[-81.3461298,27.4501301],[-81.3461474,27.4500926],[-81.3461682,27.4500558],[-81.3461851,27.4500298],[-81.3462022,27.4500054],[-81.3462476,27.4499442],[-81.3462786,27.4499048],[-81.3463373,27.4498348],[-81.3463678,27.4497937],[-81.3463867,27.4497656],[-81.3464027,27.4497388],[-81.3464128,27.449719],[-81.3464244,27.449691],[-81.3464379,27.4496512],[-81.3464723,27.4495416],[-81.3464829,27.4495025],[-81.3464892,27.4494722],[-81.3464925,27.4494495],[-81.3464948,27.4494262],[-81.3464986,27.4493183],[-81.3465027,27.4492687],[-81.3465067,27.4492394],[-81.3465233,27.4491358],[-81.3465288,27.4491071],[-81.3465357,27.4490777],[-81.3465471,27.449039],[-81.3465673,27.4489789],[-81.3465764,27.4489471],[-81.3465983,27.448853],[-81.3466153,27.4487859],[-81.346639,27.4486768],[-81.3466488,27.4486383],[-81.3466573,27.4486092],[-81.3466716,27.4485697],[-81.3466805,27.4485498],[-81.3466907,27.4485299],[-81.346702,27.4485106],[-81.3467145,27.4484918],[-81.3467353,27.4484649],[-81.3467505,27.4484477],[-81.3467669,27.448431],[-81.3467842,27.4484151],[-81.3468113,27.4483933],[-81.3468391,27.448374],[-81.3469032,27.4483331],[-81.3469311,27.4483164],[-81.3469598,27.4483005],[-81.3469902,27.4482853],[-81.3470116,27.4482758],[-81.3470338,27.448267],[-81.3470566,27.4482596],[-81.3471272,27.4482426],[-81.3471391,27.4482408],[-81.3471628,27.4482394],[-81.3474066,27.4482374],[-81.3476673,27.448238],[-81.3476887,27.4482389],[-81.3477307,27.4482438],[-81.3477608,27.4482463],[-81.3478661,27.4482531],[-81.3479442,27.4482556],[-81.3480822,27.4482572],[-81.3481728,27.4482552],[-81.3483153,27.4482542],[-81.3487304,27.4482528],[-81.3489022,27.4482531],[-81.3495799,27.4482494],[-81.3505814,27.4482478],[-81.3507937,27.4482466],[-81.3513196,27.4482454],[-81.3517963,27.4482426],[-81.3519112,27.4482437],[-81.3520054,27.4482431],[-81.3520763,27.4482436],[-81.3522266,27.4482422],[-81.3523474,27.4482428],[-81.3525099,27.4482411],[-81.3526111,27.4482413],[-81.3526818,27.4482403],[-81.352824,27.4482396],[-81.352916,27.4482381],[-81.3530385,27.4482385],[-81.3531806,27.4482374],[-81.353302,27.4482381],[-81.3537366,27.4482376],[-81.3540398,27.4482352],[-81.3541832,27.4482325],[-81.3542271,27.4482331],[-81.3542982,27.4482367],[-81.3543351,27.4482374],[-81.3545625,27.4482341],[-81.354599,27.4482323],[-81.3546812,27.4482257],[-81.3547367,27.448224],[-81.354889,27.4482249],[-81.3550404,27.4482234],[-81.3552729,27.448223],[-81.3556065,27.4482195],[-81.3557479,27.4482189],[-81.3558801,27.4482166],[-81.3559234,27.4482171],[-81.3559941,27.4482194],[-81.3560304,27.4482196],[-81.3562094,27.4482129],[-81.35633,27.4482061],[-81.3563646,27.4482051],[-81.3564122,27.4482063],[-81.3564356,27.448208],[-81.3564695,27.4482115],[-81.3565125,27.4482175],[-81.3565551,27.4482253],[-81.3565901,27.4482307],[-81.3566147,27.4482363],[-81.3566392,27.4482447],[-81.3566747,27.4482595],[-81.3566972,27.4482702],[-81.3567291,27.4482877],[-81.356768,27.448313],[-81.3568455,27.4483716],[-81.3568666,27.4483866],[-81.3568957,27.4484054],[-81.3569265,27.4484238],[-81.3569672,27.4484465],[-81.3570983,27.448516],[-81.3571265,27.4485322],[-81.3571546,27.4485497],[-81.3571991,27.4485803],[-81.3572475,27.4486169],[-81.357355,27.4487008],[-81.3574919,27.4488097],[-81.3575257,27.4488387],[-81.3575512,27.4488644],[-81.3575747,27.4488928],[-81.3575948,27.4489228],[-81.3576114,27.4489528],[-81.3576291,27.4489918],[-81.3576434,27.449029],[-81.3576623,27.4490835],[-81.3576816,27.4491485],[-81.3576956,27.449206],[-81.357704,27.4492567],[-81.3577078,27.4492977],[-81.3577088,27.4493481],[-81.357706,27.4493994],[-81.3577033,27.4494213],[-81.3576973,27.4494557],[-81.3576914,27.4494792],[-81.3576873,27.4494906],[-81.3576767,27.449512],[-81.3576598,27.4495406],[-81.3576402,27.4495761],[-81.3576239,27.4496021],[-81.3576059,27.449628],[-81.3575869,27.4496528],[-81.3575673,27.449676],[-81.357475,27.4497717],[-81.3574516,27.449798],[-81.3574414,27.4498118],[-81.3574272,27.4498334],[-81.3573682,27.4499317],[-81.3573504,27.449958],[-81.3573307,27.4499842],[-81.3573163,27.4500013],[-81.357301,27.4500178],[-81.3572764,27.4500412],[-81.3572504,27.4500629],[-81.3572139,27.450089],[-81.3571764,27.450112],[-81.3571292,27.4501384],[-81.3570907,27.4501582],[-81.357043,27.4501807],[-81.3570045,27.4501977],[-81.3569633,27.4502143],[-81.3569201,27.4502291],[-81.3568782,27.4502415],[-81.3567596,27.4502745],[-81.3567267,27.4502824],[-81.3566917,27.4502892],[-81.3566679,27.4502925],[-81.3566331,27.4502957],[-81.3565309,27.4503017],[-81.3564402,27.450308],[-81.356408,27.4503092],[-81.3563761,27.4503091],[-81.3562764,27.4503042],[-81.3562256,27.4503029],[-81.3560498,27.4503055],[-81.3558575,27.4503057],[-81.3557846,27.4503043],[-81.3556341,27.4502991],[-81.3554003,27.4502979],[-81.3549866,27.4503003],[-81.3548956,27.4502989],[-81.3546622,27.4502999],[-81.3543487,27.4502992],[-81.3539139,27.4503014],[-81.3535295,27.4503021]]}},{"type":"Feature","properties":{"role":"edge_right","orientation":"driving direction, from the lap origin","unseen_spans":[[0.04225,0.04344],[0.06021,0.06141],[0.06175,0.08006],[0.08023,0.10248],[0.12797,0.13037],[0.13379,0.13567],[0.14337,0.14509],[0.14526,0.14646],[0.15621,0.16049],[0.22329,0.22551],[0.27462,0.29858],[0.29875,0.30234],[0.30251,0.30422],[0.30576,0.30747],[0.31312,0.31877],[0.31894,0.32972],[0.36411,0.36497],[0.36583,0.36805],[0.38328,0.38499],[0.38807,0.39081],[0.3932,0.3944],[0.3968,0.39765],[0.42708,0.43684],[0.44847,0.44933],[0.49296,0.49895],[0.51452,0.51624],[0.53797,0.53882],[0.54618,0.54738],[0.54772,0.5496],[0.55987,0.56107],[0.56175,0.56312],[0.56518,0.56637],[0.56654,0.56911],[0.57031,0.57407],[0.58297,0.58537],[0.58759,0.59101],[0.59238,0.59529],[0.59632,0.5982],[0.59888,0.60128],[0.60162,0.60248],[0.60385,0.61377],[0.61394,0.61497],[0.62045,0.6213],[0.62147,0.62609],[0.63448,0.63841],[0.63927,0.6444],[0.64457,0.64851],[0.65022,0.65296],[0.65398,0.65706],[0.65792,0.66579],[0.66682,0.66767],[0.66853,0.67127],[0.67212,0.67452],[0.67726,0.67811],[0.67897,0.67999],[0.68393,0.68581],[0.68701,0.68821],[0.69403,0.69574],[0.69779,0.69865],[0.70173,0.70258],[0.70309,0.70789],[0.7084,0.71199],[0.71216,0.71832],[0.72637,0.73099],[0.74211,0.74314],[0.74416,0.74502],[0.815,0.81603],[0.82715,0.82818],[0.83502,0.83656],[0.83828,0.83913],[0.83982,0.84136],[0.84495,0.84734],[0.87147,0.8725],[0.89355,0.89491],[0.89509,0.89594],[0.89765,0.90279],[0.90398,0.90878],[0.91083,0.9163],[0.91648,0.9175],[0.91956,0.92075],[0.92589,0.92811],[0.92845,0.93051],[0.93239,0.93376],[0.93581,0.93684],[0.94163,0.95327],[0.95344,0.95703],[0.95857,0.96097]],"quality":{"source":"naip","accuracy_m":1.36,"relative_accuracy_m":0.25,"measured":true,"date":"2023-02-13","measured_fraction":0.653}},"geometry":{"type":"LineString","coordinates":[[-81.353529,27.4501622],[-81.3528304,27.4501648],[-81.3527496,27.4501638],[-81.3525583,27.4501638],[-81.352447,27.4501657],[-81.3521937,27.4501659],[-81.3519307,27.4501676],[-81.3511418,27.4501697],[-81.3510598,27.4501697],[-81.3510064,27.4501677],[-81.3509853,27.4501676],[-81.3509125,27.4501696],[-81.3507472,27.4501694],[-81.3506678,27.4501712],[-81.3504848,27.4501722],[-81.3504045,27.4501721],[-81.3503122,27.4501707],[-81.3502324,27.4501728],[-81.3501919,27.4501732],[-81.350011,27.4501726],[-81.3499006,27.450171],[-81.3498323,27.4501691],[-81.349732,27.4501646],[-81.3496786,27.4501635],[-81.3496041,27.4501642],[-81.3495193,27.4501682],[-81.3494661,27.4501723],[-81.3494118,27.4501783],[-81.3493682,27.4501848],[-81.3493147,27.4501949],[-81.3492523,27.4502094],[-81.3491904,27.450226],[-81.3491383,27.4502426],[-81.3490973,27.4502577],[-81.3490475,27.4502785],[-81.3489988,27.4503017],[-81.3489608,27.4503219],[-81.348915,27.4503491],[-81.3488709,27.4503783],[-81.3488366,27.4504033],[-81.3488036,27.4504297],[-81.3487644,27.4504646],[-81.3487422,27.4504862],[-81.3487137,27.4505159],[-81.3486932,27.4505389],[-81.3486734,27.4505628],[-81.3486544,27.4505875],[-81.3486366,27.450613],[-81.3486199,27.4506393],[-81.3486045,27.4506663],[-81.3485907,27.4506935],[-81.3485743,27.4507295],[-81.3485596,27.450765],[-81.3485459,27.4508008],[-81.3485332,27.4508368],[-81.3485214,27.4508732],[-81.3485108,27.45091],[-81.3485013,27.4509472],[-81.3484895,27.4510029],[-81.3484815,27.4510501],[-81.3484758,27.4510982],[-81.3484728,27.4511462],[-81.3484722,27.4511753],[-81.3484727,27.4512046],[-81.3484763,27.4512535],[-81.3484827,27.451301],[-81.3485004,27.451407],[-81.3485033,27.4514313],[-81.3485047,27.4514543],[-81.3485045,27.4514692],[-81.3485028,27.4514919],[-81.3484852,27.4516065],[-81.3484782,27.4516652],[-81.3484772,27.451686],[-81.3484792,27.4517069],[-81.3484831,27.4517273],[-81.348514,27.4518552],[-81.3485604,27.4520686],[-81.3485718,27.4521134],[-81.3485853,27.4521566],[-81.3485921,27.4521823],[-81.3486113,27.4522793],[-81.3486635,27.4525279],[-81.3486775,27.4526009],[-81.3486931,27.4526739],[-81.3487015,27.4527174],[-81.3487147,27.4527682],[-81.3487201,27.4528011],[-81.3487345,27.4528768],[-81.3487414,27.452931],[-81.3487462,27.4529594],[-81.3487546,27.4529971],[-81.348771,27.4530592],[-81.3487791,27.4531019],[-81.3487811,27.4531193],[-81.3487829,27.4531643],[-81.3487932,27.4532176],[-81.3488018,27.4532864],[-81.348805,27.4533213],[-81.3488065,27.4533566],[-81.3488099,27.4534008],[-81.3488107,27.4538693],[-81.3488101,27.4540227],[-81.348809,27.4540959],[-81.3488123,27.4541603],[-81.3488138,27.4542373],[-81.3488154,27.4542579],[-81.3488199,27.4542784],[-81.3488416,27.4543361],[-81.3488578,27.454373],[-81.3488719,27.4544001],[-81.3488878,27.4544268],[-81.3489064,27.4544527],[-81.3489278,27.4544774],[-81.3489518,27.4545007],[-81.3489775,27.4545219],[-81.3490042,27.4545409],[-81.3490313,27.4545581],[-81.3490683,27.4545791],[-81.3490975,27.4545938],[-81.349129,27.4546074],[-81.3491629,27.45462],[-81.3491869,27.4546264],[-81.3492114,27.4546294],[-81.3492352,27.4546301],[-81.3493003,27.4546287],[-81.3494321,27.4546287],[-81.3494922,27.454628],[-81.3495774,27.4546325],[-81.3495946,27.454634],[-81.3496111,27.454637],[-81.3496272,27.4546416],[-81.3496597,27.4546531],[-81.3497824,27.4547017],[-81.3498075,27.4547134],[-81.3498316,27.4547266],[-81.3498859,27.4547612],[-81.3499399,27.4548004],[-81.3500121,27.4548499],[-81.3500615,27.4548825],[-81.350119,27.4549233],[-81.3501453,27.45494],[-81.3501637,27.4549502],[-81.3501922,27.4549642],[-81.3502881,27.4550067],[-81.3503281,27.4550216],[-81.3503692,27.4550343],[-81.3504005,27.4550426],[-81.3504323,27.4550497],[-81.3504646,27.4550557],[-81.3504972,27.4550606],[-81.3505301,27.4550644],[-81.3505524,27.455066],[-81.3506086,27.455067],[-81.3506313,27.4550663],[-81.3506538,27.4550645],[-81.3506761,27.4550617],[-81.3506978,27.4550579],[-81.3507943,27.4550375],[-81.3508169,27.4550315],[-81.3508395,27.4550243],[-81.3508616,27.4550152],[-81.3508824,27.4550041],[-81.3509017,27.4549914],[-81.350928,27.4549705],[-81.3509853,27.4549213],[-81.3510084,27.4548989],[-81.3510294,27.4548753],[-81.3510419,27.4548591],[-81.3510533,27.4548425],[-81.3510737,27.4548081],[-81.3510971,27.4547641],[-81.3511417,27.4546706],[-81.3511834,27.4545786],[-81.3512272,27.4544879],[-81.3512947,27.4543579],[-81.3513159,27.4543079],[-81.3513278,27.454284],[-81.3514088,27.4541512],[-81.3514606,27.4540763],[-81.351517,27.454003],[-81.3515462,27.4539675],[-81.3515706,27.4539393],[-81.3516234,27.4538849],[-81.3517251,27.4537744],[-81.3517513,27.4537472],[-81.3518582,27.4536412],[-81.3519199,27.4535836],[-81.3519914,27.4535217],[-81.3520535,27.4534641],[-81.3520974,27.4534288],[-81.3521584,27.4533833],[-81.3521971,27.4533557],[-81.3522364,27.4533291],[-81.3523273,27.4532718],[-81.3524067,27.4532188],[-81.352498,27.4531642],[-81.3525651,27.453127],[-81.3527036,27.4530568],[-81.3528289,27.453],[-81.3529727,27.452939],[-81.3530643,27.4529044],[-81.3531386,27.4528788],[-81.3532234,27.4528525],[-81.3534243,27.4527966],[-81.3534716,27.4527848],[-81.3535294,27.4527719],[-81.3535778,27.4527619],[-81.3536363,27.452751],[-81.3537639,27.4527286],[-81.3539015,27.4527112],[-81.354031,27.4526978],[-81.3540906,27.4526942],[-81.3541201,27.4526932],[-81.3542004,27.4526938],[-81.3543005,27.4526908],[-81.3545021,27.4526912],[-81.3545825,27.4526895],[-81.3548335,27.4526904],[-81.3550151,27.4526943],[-81.3550973,27.4526949],[-81.3555732,27.452692],[-81.3560385,27.4526866],[-81.3563116,27.4526869],[-81.3564939,27.4526863],[-81.3566255,27.452685],[-81.3567469,27.4526861],[-81.3568175,27.4526845],[-81.3572127,27.4526815],[-81.3578991,27.4526711],[-81.3579585,27.4526741],[-81.3580234,27.4526751],[-81.3580391,27.4526774],[-81.3580464,27.4526795],[-81.3580603,27.4526857],[-81.3580879,27.4527012],[-81.358124,27.4527191],[-81.3581365,27.4527269],[-81.3581472,27.4527352],[-81.3581561,27.452744],[-81.3581702,27.4527616],[-81.3581785,27.452776],[-81.358183,27.4527869],[-81.3581868,27.452799],[-81.3581909,27.4528187],[-81.3581943,27.4528465],[-81.3581964,27.4528803],[-81.3581958,27.4528932],[-81.3581929,27.4529058],[-81.3581874,27.452918],[-81.35818,27.4529302],[-81.3581675,27.452949],[-81.3581578,27.4529616],[-81.3581465,27.4529733],[-81.3580914,27.4530216],[-81.3580617,27.4530502],[-81.3580471,27.4530654],[-81.3580332,27.4530815],[-81.3580136,27.4531073],[-81.3580016,27.4531256],[-81.3579907,27.4531445],[-81.3579768,27.4531737],[-81.3579695,27.4531936],[-81.3579636,27.4532137],[-81.357957,27.4532441],[-81.3579537,27.4532644],[-81.3579501,27.4532946],[-81.3579479,27.4533238],[-81.3579456,27.4533858],[-81.3579431,27.4534101],[-81.3579403,27.453426],[-81.3579332,27.4534496],[-81.3579202,27.4534813],[-81.3579017,27.4535301],[-81.3578875,27.4535625],[-81.3578637,27.4536111],[-81.3578274,27.4536783],[-81.3578078,27.4537125],[-81.3577947,27.4537324],[-81.3577798,27.4537531],[-81.3576911,27.4538706],[-81.3576786,27.4538839],[-81.3576451,27.4539152],[-81.3575708,27.4539884],[-81.3574201,27.4541217],[-81.3573558,27.4541801],[-81.3573006,27.4542325],[-81.3572723,27.4542565],[-81.3572194,27.454296],[-81.3571827,27.4543265],[-81.3571602,27.4543442],[-81.3570993,27.4543893],[-81.3570682,27.4544107],[-81.3569964,27.454457],[-81.356924,27.4545003],[-81.3568316,27.4545472],[-81.3567795,27.4545716],[-81.3566818,27.4546128],[-81.3566547,27.4546226],[-81.3565889,27.4546436],[-81.3565239,27.4546674],[-81.3564488,27.4546911],[-81.3562681,27.4547462],[-81.3561156,27.454794],[-81.3553689,27.4550236],[-81.3552813,27.4550495],[-81.3552423,27.4550625],[-81.3552035,27.4550765],[-81.3551459,27.4550989],[-81.355089,27.4551232],[-81.3550422,27.4551449],[-81.3549875,27.4551725],[-81.3549253,27.4552061],[-81.3548201,27.4552661],[-81.3547345,27.4553172],[-81.3546834,27.4553489],[-81.3546004,27.4554048],[-81.3545598,27.4554351],[-81.3544985,27.455485],[-81.354459,27.455515],[-81.3543493,27.4556128],[-81.3543279,27.4556334],[-81.3543079,27.4556549],[-81.3541849,27.4557998],[-81.3541603,27.4558276],[-81.3541343,27.4558538],[-81.3540934,27.4558924],[-81.3540723,27.4559116],[-81.3540498,27.4559302],[-81.3540351,27.4559434],[-81.3539763,27.4560058],[-81.3538997,27.456076],[-81.3538274,27.456141],[-81.3537809,27.4561883],[-81.3537534,27.4562139],[-81.3535963,27.4563545],[-81.3535093,27.4564301],[-81.3533954,27.456533],[-81.3533035,27.4566172],[-81.3532454,27.4566678],[-81.3531399,27.4567638],[-81.35289,27.4569856],[-81.3528675,27.4570037],[-81.352834,27.4570267],[-81.3528175,27.4570393],[-81.3528028,27.4570533],[-81.3527728,27.4570892],[-81.3527667,27.4570954],[-81.3527536,27.4571068],[-81.352704,27.457142],[-81.3526829,27.4571557],[-81.3526548,27.4571701],[-81.3526336,27.4571777],[-81.3526112,27.4571822],[-81.3525639,27.4571891],[-81.3525396,27.4571897],[-81.3525233,27.4571877],[-81.3524291,27.4571656],[-81.3524129,27.4571606],[-81.3524051,27.4571575],[-81.3523905,27.4571501],[-81.3523629,27.4571316],[-81.3523282,27.4571053],[-81.3523008,27.4570828],[-81.3522606,27.4570469],[-81.3522354,27.4570215],[-81.3521965,27.4569725],[-81.3521614,27.4569297],[-81.3520918,27.4568403],[-81.3520327,27.4567668],[-81.3519954,27.456722],[-81.3519609,27.4566839],[-81.3519377,27.4566611],[-81.3519206,27.4566469],[-81.3518929,27.4566279],[-81.351864,27.4566115],[-81.3518258,27.4565925],[-81.3517788,27.4565705],[-81.3517133,27.456543],[-81.3516675,27.4565228],[-81.351546,27.4564736],[-81.3514872,27.4564519],[-81.3514274,27.4564334],[-81.3512312,27.4563782],[-81.3511999,27.4563712],[-81.3511681,27.4563654],[-81.3511359,27.4563606],[-81.3511033,27.456357],[-81.3510485,27.4563538],[-81.3510044,27.4563539],[-81.3509605,27.4563563],[-81.3509062,27.4563625],[-81.3508534,27.4563716],[-81.3508019,27.456383],[-81.3506754,27.4564178],[-81.3505674,27.4564494],[-81.3505189,27.4564611],[-81.3504904,27.4564671],[-81.3504624,27.4564709],[-81.3504438,27.456472],[-81.3504249,27.4564718],[-81.3503741,27.4564692],[-81.3503403,27.4564699],[-81.3503051,27.456474],[-81.3502695,27.4564808],[-81.3502469,27.4564879],[-81.350226,27.4564968],[-81.3500497,27.4565791],[-81.3497212,27.4567421],[-81.3496797,27.456761],[-81.3496308,27.4567788],[-81.3495908,27.4567944],[-81.3495141,27.4568166],[-81.34941,27.4568378],[-81.3493316,27.4568504],[-81.3492822,27.4568566],[-81.3491832,27.4568658],[-81.349073,27.4568714],[-81.3489916,27.4568725],[-81.3489008,27.4568727],[-81.3488211,27.4568714],[-81.3486084,27.4568723],[-81.3484176,27.456874],[-81.3483891,27.4568732],[-81.3483614,27.4568704],[-81.3483344,27.4568655],[-81.3482541,27.4568447],[-81.3482263,27.4568367],[-81.3481712,27.456818],[-81.3481452,27.4568082],[-81.3481,27.4567868],[-81.3480689,27.4567691],[-81.348058,27.4567615],[-81.348048,27.4567531],[-81.3480388,27.4567435],[-81.3480303,27.4567328],[-81.3480185,27.4567145],[-81.3480034,27.4566886],[-81.3479969,27.4566755],[-81.3479887,27.4566554],[-81.3479817,27.4566338],[-81.3479733,27.456602],[-81.3479482,27.4564882],[-81.3479452,27.4564636],[-81.3479436,27.4564131],[-81.3479435,27.4563509],[-81.3479457,27.4561885],[-81.347943,27.4560172],[-81.3479445,27.455964],[-81.3479451,27.4558287],[-81.3479432,27.4557279],[-81.3479445,27.455647],[-81.3479438,27.4555654],[-81.3479404,27.45534],[-81.3479393,27.4549881],[-81.3479396,27.4548444],[-81.3479411,27.4548177],[-81.3479511,27.4547177],[-81.3479527,27.4546707],[-81.3479478,27.4545644],[-81.3479477,27.4545297],[-81.3479496,27.4544566],[-81.3479491,27.4544016],[-81.3479474,27.4543289],[-81.3479423,27.4541849],[-81.3479392,27.4540322],[-81.3479394,27.4539694],[-81.3479441,27.4538513],[-81.347944,27.4538329],[-81.3479416,27.4537962],[-81.3479451,27.4537308],[-81.3479448,27.4536365],[-81.3479467,27.4536112],[-81.3479549,27.4535358],[-81.3479573,27.4535202],[-81.3479607,27.4535048],[-81.3479797,27.453436],[-81.3479881,27.4533977],[-81.3480035,27.4532871],[-81.3480112,27.4532207],[-81.3480119,27.4531915],[-81.3480097,27.453144],[-81.3480095,27.4531255],[-81.3480134,27.4530785],[-81.3480134,27.4530486],[-81.3480124,27.453028],[-81.3480102,27.4530069],[-81.3480063,27.4529859],[-81.3480036,27.4529756],[-81.3479927,27.4529458],[-81.3479369,27.4528273],[-81.3479166,27.4527755],[-81.347909,27.4527584],[-81.3478927,27.4527248],[-81.3478538,27.4526505],[-81.3478293,27.4526004],[-81.347795,27.4525256],[-81.347783,27.4524942],[-81.3477782,27.4524722],[-81.3477779,27.4524579],[-81.3477794,27.4524434],[-81.3477876,27.4523908],[-81.3477891,27.4523688],[-81.3477888,27.4523452],[-81.3477848,27.4523095],[-81.3477795,27.4522869],[-81.3477759,27.4522762],[-81.3477716,27.452266],[-81.3477614,27.4522471],[-81.3477121,27.4521734],[-81.3476831,27.452127],[-81.3476614,27.4520887],[-81.3476418,27.4520514],[-81.3476282,27.4520206],[-81.3476125,27.4519796],[-81.3476008,27.4519458],[-81.3475753,27.4518644],[-81.3475576,27.4518184],[-81.347541,27.4517826],[-81.3475268,27.4517553],[-81.3475107,27.4517278],[-81.3474926,27.4517001],[-81.3474725,27.4516729],[-81.3474581,27.4516554],[-81.3474431,27.4516385],[-81.3474202,27.4516147],[-81.3473898,27.4515856],[-81.3472542,27.4514618],[-81.3471868,27.451398],[-81.3471434,27.4513537],[-81.3470858,27.4512902],[-81.3470579,27.4512608],[-81.3470222,27.4512251],[-81.3469789,27.4511842],[-81.3469355,27.451145],[-81.3468551,27.4510747],[-81.3467698,27.4510084],[-81.3467196,27.4509675],[-81.3466409,27.450898],[-81.3465758,27.4508388],[-81.3465252,27.4507956],[-81.3464191,27.4507015],[-81.346331,27.4506256],[-81.3463081,27.4506046],[-81.3462893,27.4505858],[-81.3462792,27.4505723],[-81.3462745,27.4505627],[-81.3462665,27.4505405],[-81.346263,27.4505277],[-81.3462605,27.4505139],[-81.3462585,27.4504838],[-81.3462522,27.4504433],[-81.3462501,27.4504188],[-81.3462505,27.4504027],[-81.3462542,27.4503549],[-81.3462604,27.4503153],[-81.3462695,27.4502775],[-81.3462791,27.4502487],[-81.3462918,27.4502196],[-81.3463101,27.4501835],[-81.346335,27.4501432],[-81.3463593,27.4501088],[-81.3463926,27.4500649],[-81.3464186,27.4500279],[-81.3464301,27.4500148],[-81.3464919,27.4499546],[-81.3465061,27.4499388],[-81.3465184,27.4499219],[-81.3465349,27.4498963],[-81.3465636,27.449854],[-81.346586,27.4498168],[-81.3466007,27.4497867],[-81.3466088,27.4497662],[-81.3466154,27.449746],[-81.3466233,27.4497168],[-81.3466387,27.4496535],[-81.3466569,27.44959],[-81.346667,27.4495514],[-81.3466759,27.4495109],[-81.3466813,27.4494797],[-81.3466867,27.4494378],[-81.3466895,27.4493974],[-81.3466895,27.4493784],[-81.3466875,27.4493189],[-81.3466877,27.4492956],[-81.346689,27.4492723],[-81.3466956,27.4492155],[-81.3467099,27.449134],[-81.3467151,27.4491116],[-81.3467239,27.4490811],[-81.3467383,27.4490374],[-81.3467523,27.4489996],[-81.3467579,27.4489805],[-81.3467645,27.4489428],[-81.3467732,27.4488786],[-81.3467901,27.4487671],[-81.3467948,27.4487415],[-81.346801,27.4487169],[-81.3468205,27.4486543],[-81.3468287,27.4486324],[-81.3468383,27.4486121],[-81.3468454,27.4485995],[-81.3468623,27.4485755],[-81.3468823,27.4485536],[-81.3469039,27.4485343],[-81.3469276,27.4485163],[-81.3469685,27.4484884],[-81.346991,27.4484755],[-81.3470709,27.4484417],[-81.3470937,27.448434],[-81.3471246,27.4484273],[-81.3471544,27.4484175],[-81.34717,27.4484135],[-81.3472797,27.4483989],[-81.3473087,27.4483969],[-81.3473379,27.448396],[-81.3474568,27.4483954],[-81.3474956,27.448396],[-81.3475241,27.4483973],[-81.3476422,27.4484093],[-81.3478016,27.4484319],[-81.3478337,27.448435],[-81.3478765,27.448436],[-81.3480528,27.4484371],[-81.3482156,27.4484353],[-81.3483869,27.4484344],[-81.3484676,27.4484345],[-81.3485594,27.4484361],[-81.3487509,27.4484355],[-81.3488515,27.4484337],[-81.3491662,27.4484325],[-81.3495706,27.4484299],[-81.350582,27.4484283],[-81.3507945,27.4484271],[-81.3513206,27.4484259],[-81.3518044,27.4484231],[-81.3518328,27.4484239],[-81.3518814,27.4484287],[-81.3519348,27.4484327],[-81.351957,27.4484331],[-81.3521118,27.4484272],[-81.3522137,27.4484208],[-81.3522945,27.4484166],[-81.3523855,27.4484099],[-81.3525265,27.4484007],[-81.3526073,27.448396],[-81.3526782,27.4483929],[-81.352799,27.4483851],[-81.3528994,27.4483803],[-81.3530088,27.4483784],[-81.3531608,27.4483773],[-81.3533018,27.448378],[-81.3535043,27.4483777],[-81.3536054,27.448376],[-81.3536658,27.4483772],[-81.3537782,27.4483779],[-81.3538792,27.4483761],[-81.3541993,27.4483743],[-81.3542177,27.4483752],[-81.354227,27.4483764],[-81.3542659,27.4483849],[-81.3542871,27.448388],[-81.3543202,27.4483894],[-81.3543737,27.4483895],[-81.354516,27.4483886],[-81.354558,27.4483875],[-81.3545908,27.4483838],[-81.3546232,27.4483771],[-81.3546438,27.4483737],[-81.354673,27.4483724],[-81.3547373,27.4483728],[-81.3548064,27.448372],[-81.3549091,27.4483727],[-81.3550504,27.4483719],[-81.3552629,27.4483732],[-81.3553446,27.4483717],[-81.3556271,27.4483707],[-81.3558005,27.4483719],[-81.3558988,27.4483693],[-81.3559371,27.4483705],[-81.3559884,27.4483759],[-81.3560103,27.4483767],[-81.3560324,27.4483758],[-81.3560852,27.4483707],[-81.3561053,27.4483697],[-81.3563197,27.4483681],[-81.3563477,27.4483691],[-81.356365,27.4483709],[-81.3564407,27.4483826],[-81.3564873,27.4483874],[-81.3565233,27.4483935],[-81.3565468,27.4483983],[-81.3565675,27.4484041],[-81.3565808,27.4484089],[-81.3566074,27.4484214],[-81.356635,27.4484361],[-81.3566486,27.4484452],[-81.3567166,27.4484972],[-81.3567427,27.4485154],[-81.3567698,27.4485328],[-81.3568064,27.4485545],[-81.3568516,27.4485799],[-81.356999,27.4486589],[-81.3570217,27.4486727],[-81.3570428,27.4486875],[-81.3570627,27.4487038],[-81.3571095,27.4487462],[-81.3571463,27.4487764],[-81.3573136,27.4489061],[-81.3573447,27.4489292],[-81.3573926,27.4489628],[-81.3574039,27.4489715],[-81.357414,27.4489807],[-81.3574269,27.4489964],[-81.3574341,27.4490083],[-81.3574407,27.4490213],[-81.3574525,27.4490501],[-81.3574787,27.4491224],[-81.3574813,27.4491307],[-81.357485,27.4491474],[-81.3574897,27.4491813],[-81.3574979,27.4492141],[-81.3575028,27.449238],[-81.3575088,27.4492765],[-81.3575111,27.4492995],[-81.3575115,27.4493231],[-81.3575099,27.449363],[-81.3575113,27.4493929],[-81.3575112,27.4494129],[-81.3575086,27.449431],[-81.3575019,27.4494489],[-81.3574626,27.4495195],[-81.3574499,27.4495404],[-81.3574359,27.4495611],[-81.3574144,27.4495891],[-81.3573162,27.4497076],[-81.357292,27.4497407],[-81.3572434,27.4498118],[-81.3572179,27.4498457],[-81.357192,27.4498752],[-81.3571703,27.4498959],[-81.3571347,27.4499246],[-81.3571154,27.4499383],[-81.3571016,27.4499469],[-81.3570715,27.4499626],[-81.3570312,27.4499803],[-81.3570063,27.4499897],[-81.3569537,27.4500069],[-81.3569118,27.4500254],[-81.3568956,27.4500313],[-81.3568633,27.4500407],[-81.3567913,27.4500583],[-81.3567065,27.4500826],[-81.3566646,27.4500933],[-81.3566403,27.4500981],[-81.3566146,27.450102],[-81.3565049,27.4501141],[-81.3564153,27.450125],[-81.3562346,27.450142],[-81.3562048,27.4501424],[-81.3561267,27.4501353],[-81.3560968,27.450134],[-81.3560663,27.4501339],[-81.3560355,27.4501345],[-81.3559945,27.4501365],[-81.3558836,27.4501454],[-81.3558344,27.4501481],[-81.3557853,27.4501492],[-81.3556637,27.4501494],[-81.3556324,27.4501506],[-81.3555814,27.4501539],[-81.3555024,27.4501563],[-81.3554215,27.4501557],[-81.3550863,27.4501571],[-81.3549851,27.4501561],[-81.3548034,27.4501574],[-81.3545918,27.4501578],[-81.3545004,27.4501595],[-81.354318,27.4501594],[-81.3539134,27.4501615],[-81.353529,27.4501622]]}},{"type":"Feature","properties":{"role":"midline","derived_from":["edge_left","edge_right"],"quality":{"source":"derived","accuracy_m":1.36,"relative_accuracy_m":0.25,"measured":true,"date":"2023-02-13"}},"geometry":{"type":"LineString","coordinates":[[-81.3535293,27.4502322],[-81.3530032,27.4502337],[-81.3528212,27.4502348],[-81.3526189,27.4502349],[-81.352457,27.4502367],[-81.3520423,27.4502368],[-81.351051,27.4502396],[-81.3510105,27.4502407],[-81.3509196,27.4502457],[-81.3508393,27.4502543],[-81.3507989,27.450256],[-81.3505865,27.4502571],[-81.3504752,27.450259],[-81.3503437,27.4502576],[-81.3502224,27.4502597],[-81.3501414,27.450259],[-81.3500201,27.4502595],[-81.3499291,27.4502587],[-81.349838,27.4502591],[-81.3497166,27.450256],[-81.3496461,27.4502552],[-81.3495755,27.4502565],[-81.349485,27.4502613],[-81.349435,27.4502657],[-81.3493953,27.4502714],[-81.3493363,27.450282],[-81.3492876,27.4502931],[-81.3492491,27.4503036],[-81.3492114,27.4503159],[-81.3491469,27.4503396],[-81.3491016,27.450358],[-81.3490662,27.4503741],[-81.3490229,27.4503958],[-81.3489891,27.4504145],[-81.348948,27.4504394],[-81.3489087,27.4504666],[-81.348871,27.4504953],[-81.3488419,27.4505195],[-81.3488069,27.4505511],[-81.3487672,27.4505911],[-81.3487486,27.4506119],[-81.3487309,27.4506334],[-81.3487144,27.4506556],[-81.348699,27.4506784],[-81.3486761,27.4507178],[-81.3486599,27.4507504],[-81.3486451,27.4507837],[-81.3486148,27.4508599],[-81.3485958,27.450911],[-81.3485872,27.4509368],[-81.3485768,27.4509716],[-81.3485677,27.4510067],[-81.3485562,27.4510597],[-81.3485523,27.4510865],[-81.3485493,27.4511314],[-81.3485486,27.4511943],[-81.3485502,27.4512301],[-81.3485538,27.4512658],[-81.3485609,27.4513194],[-81.3485721,27.4513909],[-81.3485766,27.451427],[-81.3485783,27.4514543],[-81.348578,27.4514725],[-81.3485743,27.4514996],[-81.3485583,27.4515706],[-81.3485425,27.4516504],[-81.3485384,27.4516772],[-81.3485378,27.4516952],[-81.3485393,27.4517132],[-81.348544,27.45174],[-81.3485658,27.4518372],[-81.3486125,27.452059],[-81.348641,27.4521735],[-81.3486944,27.4524308],[-81.3487156,27.4525282],[-81.348728,27.4525904],[-81.3487351,27.4526167],[-81.3487724,27.45272],[-81.3487782,27.4527373],[-81.3487828,27.452755],[-81.3487858,27.4527729],[-81.3487963,27.4528538],[-81.3487986,27.4528808],[-81.3488009,27.4529259],[-81.3488049,27.4529618],[-81.3488111,27.4529974],[-81.3488239,27.4530504],[-81.348831,27.4530859],[-81.3488352,27.4531127],[-81.3488399,27.4531576],[-81.348848,27.4532022],[-81.3488518,27.453229],[-81.3488559,27.4532649],[-81.348859,27.4533009],[-81.3488632,27.4534001],[-81.3488638,27.4538603],[-81.3488632,27.4540859],[-81.3488702,27.4542211],[-81.3488734,27.454248],[-81.3488753,27.4542569],[-81.3488808,27.4542743],[-81.3488978,27.4543167],[-81.3489135,27.4543499],[-81.3489317,27.4543822],[-81.3489522,27.4544133],[-81.3489696,27.4544354],[-81.348989,27.4544561],[-81.3490104,27.4544753],[-81.3490333,27.4544931],[-81.3490574,27.4545095],[-81.3490825,27.4545247],[-81.3491168,27.4545439],[-81.3491434,27.4545568],[-81.3491617,27.4545644],[-81.3491804,27.4545711],[-81.3491997,27.4545764],[-81.3492196,27.4545794],[-81.3492498,27.454581],[-81.3493307,27.4545802],[-81.3494116,27.4545803],[-81.3494824,27.454579],[-81.3495937,27.4545816],[-81.3496138,27.4545838],[-81.3496336,27.4545878],[-81.349653,27.4545931],[-81.3496815,27.4546026],[-81.3497093,27.4546135],[-81.3498003,27.4546529],[-81.3498359,27.4546701],[-81.3498616,27.4546845],[-81.3499198,27.4547204],[-81.3500163,27.4547862],[-81.3500955,27.4548424],[-81.3501523,27.45488],[-81.3501858,27.4549001],[-81.3502211,27.4549178],[-81.3503114,27.4549583],[-81.3503488,27.4549723],[-81.3503871,27.454984],[-81.3504357,27.4549964],[-81.3504555,27.4550005],[-81.3504853,27.4550054],[-81.3505153,27.4550093],[-81.3505455,27.4550122],[-81.3505657,27.4550132],[-81.3505961,27.4550134],[-81.3506365,27.4550113],[-81.3506765,27.4550058],[-81.3507553,27.4549896],[-81.3507844,27.4549821],[-81.3508034,27.4549759],[-81.3508217,27.4549683],[-81.3508305,27.4549639],[-81.3508555,27.4549487],[-81.3508939,27.4549199],[-81.3509312,27.4548897],[-81.3509518,27.45487],[-81.3509708,27.454849],[-81.3509942,27.4548195],[-81.351016,27.4547892],[-81.3510312,27.4547657],[-81.3510443,27.4547412],[-81.3511725,27.4544761],[-81.3512105,27.4544022],[-81.3512456,27.4543372],[-81.3512663,27.454296],[-81.3512795,27.4542716],[-81.3513529,27.4541532],[-81.3513785,27.4541143],[-81.3514272,27.4540456],[-81.3514614,27.4540009],[-81.3514907,27.4539641],[-81.3515519,27.4538922],[-81.3516405,27.4537937],[-81.351692,27.4537379],[-81.3517784,27.4536495],[-81.3518463,27.4535826],[-81.3518881,27.4535434],[-81.3519452,27.4534922],[-81.3520184,27.4534299],[-81.3520642,27.4533944],[-81.3521501,27.4533313],[-81.3522144,27.4532875],[-81.3523697,27.4531866],[-81.3524705,27.4531263],[-81.3525133,27.4531022],[-81.3525567,27.4530791],[-81.3526802,27.4530172],[-81.3527877,27.4529671],[-81.3528517,27.4529399],[-81.3529528,27.4528984],[-81.3530648,27.4528567],[-81.3531216,27.4528375],[-81.3531883,27.4528164],[-81.3533617,27.4527666],[-81.3534489,27.4527436],[-81.3535471,27.4527218],[-81.3536163,27.4527085],[-81.3537254,27.4526889],[-81.3537851,27.4526797],[-81.3539053,27.4526642],[-81.3540865,27.4526482],[-81.3541268,27.4526458],[-81.3542986,27.4526388],[-81.3545919,27.4526347],[-81.3548346,27.4526361],[-81.3548953,27.4526377],[-81.3550065,27.452642],[-81.3550773,27.4526433],[-81.355482,27.4526426],[-81.3557146,27.4526413],[-81.3560181,27.4526386],[-81.3563215,27.4526384],[-81.3564631,27.4526375],[-81.3566149,27.4526353],[-81.3567464,27.4526353],[-81.3570296,27.4526314],[-81.3572116,27.4526299],[-81.3575656,27.4526243],[-81.357778,27.4526198],[-81.3578994,27.4526181],[-81.3579702,27.4526196],[-81.3580309,27.4526195],[-81.3580512,27.4526211],[-81.358071,27.452625],[-81.35809,27.4526317],[-81.3581444,27.4526558],[-81.3581623,27.4526642],[-81.3581794,27.4526737],[-81.3581955,27.4526847],[-81.3582103,27.4526969],[-81.3582241,27.4527101],[-81.3582362,27.4527245],[-81.3582458,27.4527405],[-81.3582531,27.4527573],[-81.3582586,27.4527746],[-81.3582646,27.4528012],[-81.3582671,27.4528191],[-81.3582687,27.4528461],[-81.3582677,27.4528731],[-81.3582654,27.452891],[-81.3582615,27.4529087],[-81.3582588,27.4529174],[-81.3582515,27.4529343],[-81.3582422,27.4529503],[-81.3582262,27.4529732],[-81.3582089,27.4529953],[-81.3581902,27.4530165],[-81.3581213,27.4530825],[-81.3581014,27.4531029],[-81.3580889,27.4531172],[-81.3580718,27.4531395],[-81.3580615,27.4531551],[-81.3580521,27.4531711],[-81.3580438,27.4531876],[-81.3580366,27.4532044],[-81.3580275,27.4532303],[-81.3580202,27.4532565],[-81.3580163,27.4532742],[-81.3580133,27.4532921],[-81.3580103,27.453319],[-81.3580073,27.4533821],[-81.358005,27.4534091],[-81.357999,27.4534448],[-81.3579919,27.4534711],[-81.3579687,27.4535404],[-81.357921,27.4536593],[-81.3579057,27.4536928],[-81.3578891,27.4537258],[-81.3578798,27.4537419],[-81.3578685,27.453757],[-81.3577411,27.4538973],[-81.357721,27.4539177],[-81.3576084,27.4540214],[-81.3574223,27.4541872],[-81.357339,27.454266],[-81.3573177,27.4542852],[-81.3572057,27.4543765],[-81.3571444,27.4544238],[-81.3571131,27.4544466],[-81.3570569,27.4544851],[-81.3570161,27.4545117],[-81.356966,27.4545423],[-81.3569228,27.4545658],[-81.35687,27.4545925],[-81.3568254,27.4546137],[-81.35678,27.4546335],[-81.356725,27.4546565],[-81.3566785,27.4546743],[-81.3566123,27.4546966],[-81.3565466,27.4547201],[-81.3564227,27.4547596],[-81.3560113,27.4548854],[-81.3553229,27.4550975],[-81.3552848,27.4551098],[-81.3552378,27.4551265],[-81.3551821,27.4551479],[-81.3551363,27.4551671],[-81.3550911,27.4551875],[-81.355038,27.4552137],[-81.3549772,27.4552461],[-81.3549261,27.4552752],[-81.3548673,27.4553104],[-81.3548264,27.455337],[-81.3547213,27.4554074],[-81.3546265,27.455475],[-81.3545961,27.4554988],[-81.354552,27.455536],[-81.3545071,27.4555724],[-81.3543934,27.4556752],[-81.3543329,27.455736],[-81.3542136,27.4558587],[-81.3541794,27.4558919],[-81.3540794,27.4559814],[-81.354011,27.4560478],[-81.3539328,27.4561184],[-81.353868,27.4561755],[-81.3538063,27.4562353],[-81.3535419,27.4564716],[-81.3532098,27.4567751],[-81.3530952,27.4568771],[-81.3530436,27.4569203],[-81.3529206,27.4570275],[-81.352861,27.4570763],[-81.3528474,27.4570896],[-81.3528155,27.4571247],[-81.3528017,27.4571378],[-81.352787,27.4571503],[-81.3527418,27.4571863],[-81.3527176,27.4572029],[-81.3527004,27.4572124],[-81.3526825,27.457221],[-81.352664,27.4572284],[-81.3526545,27.4572315],[-81.3526249,27.4572377],[-81.352595,27.4572417],[-81.3525748,27.4572435],[-81.3525445,27.4572438],[-81.3525244,27.4572421],[-81.3525044,27.4572388],[-81.3524751,27.457232],[-81.3524266,27.4572194],[-81.3524073,27.4572138],[-81.3523885,27.4572071],[-81.3523703,27.4571991],[-81.352353,27.4571898],[-81.3523363,27.4571795],[-81.3523122,27.4571631],[-81.3522888,27.4571458],[-81.3522592,27.4571212],[-81.3522172,27.457082],[-81.3521906,27.4570548],[-81.3521721,27.4570333],[-81.3521245,27.4569749],[-81.3520897,27.4569306],[-81.3519716,27.456784],[-81.3519352,27.4567408],[-81.3519097,27.4567127],[-81.3518889,27.456693],[-81.3518738,27.456681],[-81.3518492,27.4566651],[-81.3518233,27.4566509],[-81.3517707,27.4566239],[-81.3517347,27.4566074],[-81.3516615,27.4565767],[-81.3515143,27.4565167],[-81.3514675,27.4564996],[-81.3514387,27.4564908],[-81.351371,27.4564725],[-81.3512747,27.4564449],[-81.3512165,27.4564294],[-81.3511871,27.4564229],[-81.3511573,27.4564173],[-81.3511274,27.456413],[-81.3510972,27.4564097],[-81.351067,27.4564076],[-81.3510367,27.4564066],[-81.3509861,27.4564077],[-81.3509358,27.4564122],[-81.3509058,27.4564163],[-81.350876,27.4564215],[-81.350817,27.4564342],[-81.3507492,27.4564525],[-81.3506613,27.4564735],[-81.3506322,27.4564815],[-81.3504881,27.4565237],[-81.3504686,27.4565287],[-81.3504389,27.4565343],[-81.3503589,27.4565453],[-81.3503294,27.4565513],[-81.3503003,27.4565589],[-81.3502813,27.4565652],[-81.3502538,27.4565764],[-81.3501721,27.4566123],[-81.3500822,27.4566538],[-81.3499933,27.4566969],[-81.3499055,27.4567416],[-81.3498344,27.456776],[-81.3497466,27.456821],[-81.3497108,27.4568377],[-81.3496643,27.4568555],[-81.3496358,27.456865],[-81.3496165,27.4568706],[-81.3495674,27.4568812],[-81.3495177,27.4568895],[-81.3494272,27.456899],[-81.3493467,27.4569055],[-81.3492861,27.4569094],[-81.349175,27.4569143],[-81.349084,27.4569165],[-81.3489525,27.4569185],[-81.3488818,27.456921],[-81.348811,27.4569193],[-81.3486997,27.4569216],[-81.3485075,27.4569225],[-81.3484266,27.4569238],[-81.3483861,27.456923],[-81.3483558,27.4569214],[-81.3483256,27.4569182],[-81.3482659,27.4569081],[-81.3482463,27.4569038],[-81.3481395,27.4568754],[-81.348101,27.4568638],[-81.3480638,27.4568492],[-81.3480458,27.4568407],[-81.3480286,27.4568309],[-81.3480126,27.4568196],[-81.3479978,27.4568072],[-81.3479842,27.4567937],[-81.3479721,27.4567791],[-81.3479562,27.456756],[-81.3479369,27.4567242],[-81.3479284,27.4567078],[-81.3479215,27.4566908],[-81.3479138,27.4566645],[-81.3479054,27.45662],[-81.3478944,27.4565394],[-81.3478831,27.4564771],[-81.3478816,27.4564591],[-81.3478807,27.456432],[-81.3478804,27.4563869],[-81.3478825,27.4561883],[-81.3478808,27.4560079],[-81.3478883,27.4558004],[-81.3478847,27.4553402],[-81.3478838,27.4548439],[-81.3478892,27.4547266],[-81.34789,27.4546904],[-81.3478867,27.4546183],[-81.3478855,27.4545553],[-81.3478857,27.4545282],[-81.3478882,27.4544742],[-81.3478884,27.454429],[-81.3478872,27.4543388],[-81.3478839,27.4542215],[-81.3478832,27.4541132],[-81.3478814,27.454023],[-81.3478844,27.4538335],[-81.347882,27.4537613],[-81.3478774,27.4537164],[-81.3478754,27.4536894],[-81.3478745,27.4536442],[-81.3478756,27.4536172],[-81.3478805,27.4535723],[-81.3478825,27.4535453],[-81.3478848,27.4535274],[-81.3478893,27.4535099],[-81.3479026,27.4534666],[-81.3479188,27.4533958],[-81.3479263,27.4533512],[-81.3479321,27.4533063],[-81.3479402,27.4532527],[-81.3479443,27.4532167],[-81.3479453,27.4531897],[-81.3479432,27.4530724],[-81.347941,27.4530454],[-81.3479387,27.4530275],[-81.347933,27.453001],[-81.3479241,27.4529751],[-81.3478916,27.4528994],[-81.3478682,27.4528398],[-81.3478557,27.4528054],[-81.3478344,27.4527547],[-81.3477822,27.4526372],[-81.3477299,27.4525296],[-81.3477159,27.4524958],[-81.3477109,27.4524784],[-81.3477083,27.4524605],[-81.3477063,27.4524067],[-81.3477034,27.4523798],[-81.3476973,27.4523533],[-81.3476883,27.4523274],[-81.3476806,27.4523107],[-81.3476716,27.4522945],[-81.3476262,27.4522241],[-81.3476118,27.4522003],[-81.3475848,27.4521517],[-81.3475552,27.4520943],[-81.3475394,27.4520609],[-81.3475251,27.4520271],[-81.3475087,27.4519844],[-81.3474809,27.451907],[-81.3474598,27.4518562],[-81.3474438,27.4518229],[-81.3474263,27.4517903],[-81.3474118,27.4517663],[-81.3473959,27.4517431],[-81.3473845,27.4517281],[-81.3473662,27.4517063],[-81.3473329,27.4516721],[-81.3472976,27.4516396],[-81.347161,27.451519],[-81.347097,27.4514613],[-81.3470555,27.4514218],[-81.3469816,27.4513476],[-81.3469262,27.4512952],[-81.3467686,27.451155],[-81.3466428,27.4510504],[-81.3464992,27.4509233],[-81.3464264,27.4508607],[-81.3463047,27.4507523],[-81.3462488,27.4507001],[-81.3462353,27.4506866],[-81.3462163,27.4506656],[-81.3461986,27.4506436],[-81.3461881,27.4506282],[-81.3461794,27.450612],[-81.3461726,27.450595],[-81.3461674,27.4505777],[-81.346162,27.4505512],[-81.346159,27.4505244],[-81.3461578,27.4504796],[-81.3461548,27.4504257],[-81.3461557,27.4503987],[-81.34616,27.4503539],[-81.346167,27.4503095],[-81.3461773,27.4502656],[-81.3461881,27.4502311],[-81.3462049,27.4501889],[-81.3462201,27.4501556],[-81.3462327,27.4501312],[-81.3462516,27.4500995],[-81.3462724,27.4500687],[-81.3463334,27.4499857],[-81.346345,27.4499709],[-81.3463574,27.4499567],[-81.346403,27.4499083],[-81.3464217,27.4498868],[-81.346433,27.4498717],[-81.34647,27.4498176],[-81.3464898,27.4497859],[-81.3465028,27.4497613],[-81.3465138,27.4497358],[-81.3465227,27.4497098],[-81.3465684,27.4495523],[-81.3465773,27.449517],[-81.3465844,27.4494812],[-81.3465895,27.449445],[-81.3465924,27.4494086],[-81.346593,27.4493186],[-81.3465942,27.4492921],[-81.3465965,27.4492656],[-81.346601,27.4492303],[-81.3466106,27.4491684],[-81.3466224,27.449107],[-81.3466343,27.449064],[-81.3466633,27.4489773],[-81.3466682,27.4489597],[-81.3467126,27.4487281],[-81.3467211,27.4486929],[-81.3467362,27.4486405],[-81.3467482,27.448606],[-81.3467554,27.4485892],[-81.3467636,27.4485728],[-81.3467728,27.4485567],[-81.3467829,27.4485412],[-81.3468,27.448519],[-81.346819,27.4484981],[-81.3468469,27.4484724],[-81.3468695,27.4484548],[-81.3469014,27.4484331],[-81.3469341,27.4484121],[-81.3469598,27.4483979],[-81.3470126,27.4483716],[-81.3470488,27.448356],[-81.3470771,27.4483467],[-81.3471349,27.4483313],[-81.3471546,27.4483271],[-81.3471646,27.448326],[-81.3472654,27.4483192],[-81.3473159,27.4483174],[-81.3474373,27.4483164],[-81.3475384,27.4483178],[-81.3476697,27.448325],[-81.3478102,27.4483412],[-81.3478404,27.4483436],[-81.3479011,27.4483453],[-81.348063,27.4483471],[-81.3481945,27.4483452],[-81.3483563,27.4483443],[-81.3485586,27.4483448],[-81.3491655,27.4483423],[-81.3495803,27.4483396],[-81.3505514,27.4483382],[-81.3507941,27.4483368],[-81.35131,27.4483357],[-81.3518057,27.4483328],[-81.351836,27.4483335],[-81.3518865,27.4483361],[-81.3519471,27.4483383],[-81.3520886,27.4483358],[-81.35222,27.4483312],[-81.3523009,27.4483294],[-81.3525233,27.4483209],[-81.3529175,27.4483088],[-81.3531704,27.4483074],[-81.3533019,27.4483081],[-81.3535143,27.4483077],[-81.3536054,27.4483067],[-81.3537773,27.4483076],[-81.3538684,27.4483062],[-81.3540403,27.4483052],[-81.3541921,27.4483034],[-81.3542123,27.4483037],[-81.3542325,27.448305],[-81.3542726,27.4483103],[-81.3542927,27.4483123],[-81.3543129,27.4483132],[-81.3543534,27.4483134],[-81.3545556,27.4483109],[-81.3545858,27.4483086],[-81.3546257,27.448303],[-81.3546458,27.448301],[-81.3547066,27.4482986],[-81.3547876,27.4482981],[-81.3548988,27.4482988],[-81.3550505,27.4482976],[-81.3552629,27.4482981],[-81.3556068,27.4482951],[-81.3557989,27.448295],[-81.3558901,27.4482929],[-81.3559308,27.4482936],[-81.3559912,27.4482977],[-81.3560113,27.4482982],[-81.3560314,27.4482977],[-81.3561019,27.4482934],[-81.3562232,27.4482908],[-81.3563343,27.4482873],[-81.3563648,27.448288],[-81.356395,27.4482901],[-81.3564852,27.4483005],[-81.3565647,27.4483137],[-81.3565843,27.4483182],[-81.3566034,27.4483244],[-81.3566311,27.4483356],[-81.3566578,27.4483486],[-81.3566837,27.448363],[-81.3567083,27.4483791],[-81.3567854,27.4484375],[-81.3568092,27.4484539],[-81.3568336,27.4484696],[-81.3568671,27.4484895],[-81.3569098,27.4485134],[-81.3570487,27.4485875],[-81.3570906,27.4486131],[-81.3571222,27.4486359],[-81.3572048,27.4487026],[-81.3573796,27.4488396],[-81.3574487,27.4488925],[-81.3574706,27.4489113],[-81.3574842,27.4489248],[-81.3574967,27.4489392],[-81.3575127,27.4489625],[-81.357526,27.4489871],[-81.3575373,27.4490124],[-81.357569,27.4490984],[-81.3575766,27.4491247],[-81.3575844,27.4491602],[-81.3575974,27.4492131],[-81.3576052,27.4492577],[-81.3576091,27.4492935],[-81.3576101,27.4493296],[-81.3576074,27.4494105],[-81.3576054,27.4494285],[-81.3576023,27.4494463],[-81.3575971,27.4494638],[-81.3575935,27.4494722],[-81.3575529,27.4495449],[-81.3575383,27.4495687],[-81.3575225,27.4495919],[-81.3574937,27.449629],[-81.3573989,27.449735],[-81.3573808,27.4497569],[-81.357359,27.4497876],[-81.3573036,27.4498735],[-81.3572876,27.4498962],[-81.3572707,27.4499182],[-81.3572461,27.4499461],[-81.3572189,27.449972],[-81.3571894,27.4499961],[-81.3571577,27.4500179],[-81.3571239,27.4500373],[-81.3570713,27.4500635],[-81.3570443,27.4500754],[-81.3569892,27.4500976],[-81.356944,27.4501173],[-81.356916,27.4501272],[-81.3568876,27.450136],[-81.35682,27.4501541],[-81.356733,27.4501785],[-81.3566841,27.4501902],[-81.356644,27.4501966],[-81.3566138,27.4501998],[-81.3564021,27.4502181],[-81.3563717,27.4502195],[-81.3562201,27.4502228],[-81.3561186,27.4502198],[-81.3560478,27.4502199],[-81.3559871,27.4502214],[-81.355876,27.4502259],[-81.3558254,27.4502269],[-81.3556535,27.4502246],[-81.3555018,27.4502275],[-81.3554107,27.4502268],[-81.3550769,27.4502282],[-81.354905,27.4502278],[-81.3545004,27.4502295],[-81.354298,27.4502294],[-81.3539137,27.4502314],[-81.3535293,27.4502322]]}},{"type":"Feature","properties":{"role":"surface","rings":["outer","inner"],"area_m2":null},"geometry":{"type":"Polygon","coordinates":[[[-81.3535295,27.4503021],[-81.3529431,27.4503039],[-81.3527306,27.4503058],[-81.3526188,27.450306],[-81.3525175,27.4503079],[-81.3521237,27.4503082],[-81.352033,27.4503068],[-81.3510624,27.4503094],[-81.3510337,27.4503115],[-81.3509661,27.4503192],[-81.3509268,27.4503219],[-81.3509075,27.4503254],[-81.350868,27.4503348],[-81.350847,27.4503386],[-81.3508253,27.4503411],[-81.3508032,27.4503422],[-81.350587,27.4503429],[-81.3505065,27.4503455],[-81.3504756,27.4503458],[-81.3503646,27.4503439],[-81.3502633,27.4503468],[-81.3501526,27.450345],[-81.3500406,27.4503464],[-81.3499374,27.4503457],[-81.3498023,27.4503491],[-81.3496645,27.4503471],[-81.3496169,27.450347],[-81.3495598,27.4503484],[-81.3494655,27.4503528],[-81.3494384,27.4503557],[-81.3493759,27.4503658],[-81.3493308,27.450375],[-81.3492945,27.4503843],[-81.3492768,27.4503899],[-81.3492511,27.4503993],[-81.3491299,27.4504488],[-81.3490603,27.4504828],[-81.3490224,27.4505037],[-81.3490003,27.4505172],[-81.3489519,27.450551],[-81.3489184,27.4505763],[-81.3488854,27.4506032],[-81.3488534,27.4506316],[-81.3488353,27.4506492],[-81.3488182,27.4506671],[-81.3487922,27.4506981],[-81.3487693,27.4507306],[-81.348757,27.4507511],[-81.3487454,27.4507728],[-81.3487235,27.4508192],[-81.348666,27.4509544],[-81.348649,27.4510031],[-81.348631,27.4510693],[-81.3486269,27.4510941],[-81.3486252,27.4511191],[-81.3486247,27.4511856],[-81.3486255,27.451218],[-81.3486281,27.4512505],[-81.3486345,27.4513103],[-81.3486498,27.4514227],[-81.348652,27.4514543],[-81.3486515,27.4514758],[-81.3486502,27.4514865],[-81.3486459,27.4515074],[-81.3486269,27.4515724],[-81.3486168,27.451615],[-81.3486025,27.4516636],[-81.3485984,27.4516864],[-81.3485975,27.4517092],[-81.3486004,27.4517329],[-81.3486077,27.4517663],[-81.3486355,27.4519079],[-81.3486514,27.4519788],[-81.3486646,27.4520493],[-81.3486784,27.4521104],[-81.3487497,27.452449],[-81.3487658,27.4525197],[-81.3487763,27.4525716],[-81.3487836,27.4525964],[-81.3487906,27.4526126],[-81.3488311,27.452688],[-81.3488391,27.4527054],[-81.3488485,27.4527324],[-81.3488542,27.4527611],[-81.3488609,27.4528387],[-81.3488615,27.4528668],[-81.3488605,27.4529294],[-81.348861,27.4529463],[-81.3488631,27.4529715],[-81.348867,27.4529971],[-81.3488861,27.4530877],[-81.3489028,27.4531864],[-81.3489102,27.4532419],[-81.3489144,27.453298],[-81.3489165,27.453381],[-81.3489166,27.4540496],[-81.3489178,27.454094],[-81.3489202,27.4541382],[-81.3489245,27.4541903],[-81.3489282,27.4542228],[-81.3489335,27.4542455],[-81.3489441,27.4542749],[-81.3489614,27.4543122],[-81.3489776,27.4543413],[-81.349,27.4543757],[-81.3490189,27.4544014],[-81.3490291,27.4544134],[-81.3490401,27.4544248],[-81.3490647,27.4544463],[-81.3490782,27.4544566],[-81.3491002,27.4544713],[-81.3491385,27.4544943],[-81.3491612,27.4545069],[-81.349176,27.4545139],[-81.3491978,27.4545222],[-81.3492124,27.4545264],[-81.3492277,27.4545295],[-81.349253,27.454532],[-81.3492809,27.4545326],[-81.3493406,27.4545314],[-81.3494013,27.4545319],[-81.3494722,27.4545302],[-81.3495784,27.4545294],[-81.3496013,27.4545301],[-81.3496247,27.4545323],[-81.3496481,27.4545363],[-81.3496708,27.4545419],[-81.3497032,27.4545521],[-81.3497236,27.4545597],[-81.3497526,27.4545722],[-81.3498362,27.4546123],[-81.3498735,27.4546319],[-81.3499188,27.4546581],[-81.3499538,27.4546797],[-81.3500364,27.4547337],[-81.3500682,27.4547562],[-81.3501294,27.4548022],[-81.3501935,27.4548415],[-81.3502172,27.4548551],[-81.3502668,27.4548792],[-81.3503348,27.4549099],[-81.3503607,27.45492],[-81.3503961,27.4549312],[-81.3504498,27.4549453],[-81.3504861,27.454952],[-81.3505408,27.4549585],[-81.3505589,27.4549596],[-81.3505859,27.4549599],[-81.3506216,27.454958],[-81.3506393,27.454956],[-81.350666,27.4549518],[-81.3507024,27.4549448],[-81.3507296,27.4549388],[-81.3507552,27.454932],[-81.350771,27.4549267],[-81.3507858,27.4549204],[-81.350806,27.4549084],[-81.3508653,27.4548668],[-81.3508851,27.454851],[-81.3508971,27.4548396],[-81.3509082,27.4548274],[-81.3509742,27.4547479],[-81.3509835,27.4547335],[-81.3509916,27.4547184],[-81.3510352,27.4546297],[-81.351073,27.4545557],[-81.3511094,27.4544809],[-81.3511557,27.4543896],[-81.3511779,27.4543487],[-81.3512201,27.4542759],[-81.3512959,27.4541559],[-81.3513326,27.4541003],[-81.35136,27.4540609],[-81.351394,27.4540148],[-81.3514289,27.4539695],[-81.3515196,27.4538584],[-81.3516009,27.4537646],[-81.3516588,27.4537013],[-81.3516982,27.4536595],[-81.3517454,27.4536113],[-81.351814,27.4535431],[-81.3519061,27.4534565],[-81.3519211,27.4534439],[-81.3519525,27.4534203],[-81.3519991,27.4533836],[-81.3520945,27.4533133],[-81.3521513,27.4532732],[-81.3522645,27.4531963],[-81.3523578,27.4531388],[-81.3524258,27.4530984],[-81.3524692,27.4530735],[-81.3525134,27.4530494],[-81.3525669,27.4530219],[-81.352728,27.4529428],[-81.3527643,27.4529262],[-81.3528676,27.4528838],[-81.3529517,27.4528506],[-81.3530181,27.4528258],[-81.3530853,27.4528026],[-81.3531433,27.4527838],[-81.3532013,27.452766],[-81.3533075,27.4527347],[-81.353366,27.4527183],[-81.3534558,27.4526952],[-81.3535156,27.452682],[-81.3535759,27.4526698],[-81.3537362,27.452641],[-81.3538788,27.4526207],[-81.3539093,27.4526175],[-81.354021,27.4526085],[-81.3541846,27.4525924],[-81.3542864,27.4525872],[-81.3544191,27.4525828],[-81.3546119,27.4525798],[-81.354734,27.4525802],[-81.3548357,27.4525818],[-81.3548972,27.452584],[-81.3550181,27.4525902],[-81.3550778,27.4525917],[-81.3555829,27.4525923],[-81.3564428,27.452589],[-81.3566041,27.4525857],[-81.3568571,27.4525839],[-81.3570391,27.4525801],[-81.3571906,27.4525785],[-81.3575643,27.4525721],[-81.357787,27.4525667],[-81.357848,27.4525665],[-81.3579101,27.4525649],[-81.3579719,27.4525649],[-81.3580265,27.4525639],[-81.3580507,27.4525641],[-81.358076,27.4525658],[-81.358101,27.4525705],[-81.3581129,27.452574],[-81.3581897,27.4526042],[-81.3582224,27.4526206],[-81.3582438,27.4526341],[-81.3582646,27.4526498],[-81.3582845,27.4526675],[-81.3582938,27.4526771],[-81.3583022,27.4526875],[-81.3583096,27.4526985],[-81.3583157,27.4527099],[-81.3583209,27.4527216],[-81.358329,27.452745],[-81.3583351,27.4527679],[-81.3583411,27.4528015],[-81.3583431,27.4528236],[-81.3583431,27.4528457],[-81.3583412,27.452868],[-81.3583372,27.4528905],[-81.3583344,27.4529018],[-81.3583272,27.4529243],[-81.3583179,27.4529461],[-81.3583125,27.4529566],[-81.3583006,27.4529765],[-81.3582805,27.4530037],[-81.3582333,27.4530621],[-81.3582124,27.4530841],[-81.3581614,27.4531343],[-81.3581395,27.4531591],[-81.3581255,27.4531781],[-81.3581173,27.4531911],[-81.35811,27.4532044],[-81.3581003,27.4532252],[-81.3580833,27.453269],[-81.3580788,27.453284],[-81.3580754,27.4532995],[-81.3580713,27.4533322],[-81.3580678,27.4533964],[-81.3580646,27.453426],[-81.3580557,27.4534752],[-81.3580444,27.4535223],[-81.3580358,27.4535497],[-81.3580131,27.4536121],[-81.3579936,27.4536749],[-81.357984,27.4537028],[-81.3579763,27.4537215],[-81.3579586,27.4537594],[-81.3579477,27.4537781],[-81.357941,27.4537868],[-81.3579254,27.4538027],[-81.3578866,27.4538386],[-81.3578204,27.4538971],[-81.3577635,27.4539515],[-81.3576676,27.4540352],[-81.3575026,27.454182],[-81.3574463,27.4542332],[-81.3573557,27.4543196],[-81.3573259,27.454346],[-81.3572885,27.4543776],[-81.3572359,27.4544208],[-81.3571897,27.4544577],[-81.3571502,27.4544878],[-81.3571017,27.4545227],[-81.3570602,27.4545511],[-81.3570173,27.4545785],[-81.3569821,27.4545991],[-81.356937,27.4546235],[-81.3569,27.454642],[-81.3568537,27.4546635],[-81.3567978,27.454688],[-81.3567505,27.4547075],[-81.3566831,27.4547329],[-81.3565403,27.4547826],[-81.3564633,27.4548075],[-81.3563672,27.4548374],[-81.3560605,27.45493],[-81.3554582,27.4551154],[-81.3553448,27.4551515],[-81.3552805,27.4551734],[-81.3552265,27.4551937],[-81.3551821,27.4552118],[-81.3551387,27.4552309],[-81.3550959,27.4552513],[-81.3550451,27.4552775],[-81.3549949,27.4553051],[-81.3549537,27.4553291],[-81.3549136,27.4553544],[-81.3548826,27.4553761],[-81.3548213,27.4554218],[-81.3547448,27.4554767],[-81.3546625,27.4555383],[-81.354641,27.4555557],[-81.3545627,27.4556234],[-81.3544653,27.4557114],[-81.3544249,27.4557494],[-81.3542893,27.4558702],[-81.3542245,27.4559301],[-81.3541657,27.4559814],[-81.354016,27.4561164],[-81.3539588,27.4561668],[-81.3539157,27.4562037],[-81.3538598,27.4562563],[-81.3536525,27.4564423],[-81.3534969,27.4565841],[-81.3532586,27.4568053],[-81.3531717,27.4568817],[-81.353136,27.4569146],[-81.3530899,27.4569505],[-81.3530678,27.4569687],[-81.352937,27.4570821],[-81.3529107,27.457107],[-81.3528582,27.4571602],[-81.3527878,27.4572238],[-81.3527618,27.4572438],[-81.3527423,27.4572559],[-81.3527102,27.457272],[-81.3526872,27.4572813],[-81.3526753,27.4572852],[-81.3526509,27.457291],[-81.3526264,27.457295],[-81.3526021,27.4572976],[-81.3525778,27.4572988],[-81.3525534,27.4572985],[-81.3525292,27.4572966],[-81.3525054,27.4572934],[-81.3524825,27.4572892],[-81.3524495,27.4572814],[-81.3524176,27.4572725],[-81.3523855,27.457262],[-81.3523641,27.4572537],[-81.352343,27.4572442],[-81.3523225,27.4572337],[-81.352303,27.4572224],[-81.3522753,27.4572048],[-81.3522493,27.4571863],[-81.3522175,27.4571595],[-81.3521809,27.4571242],[-81.3521389,27.4570808],[-81.352094,27.4570282],[-81.3520411,27.4569612],[-81.3519993,27.4569108],[-81.3519169,27.456809],[-81.3518827,27.4567681],[-81.3518603,27.4567434],[-81.3518423,27.4567268],[-81.3518223,27.4567124],[-81.3517439,27.4566687],[-81.3517182,27.4566564],[-81.3516645,27.4566335],[-81.3515821,27.456601],[-81.3514833,27.45656],[-81.3514477,27.4565473],[-81.3514203,27.4565395],[-81.3513629,27.4565253],[-81.3512765,27.4564999],[-81.3512111,27.4564827],[-81.3511742,27.4564745],[-81.3511466,27.4564693],[-81.3511189,27.4564653],[-81.3510912,27.4564624],[-81.3510451,27.4564598],[-81.350999,27.4564602],[-81.350953,27.4564637],[-81.3509253,27.4564672],[-81.3508974,27.4564717],[-81.3508415,27.4564831],[-81.3507554,27.4565053],[-81.3507055,27.4565146],[-81.350667,27.4565231],[-81.3506294,27.4565333],[-81.3505629,27.4565543],[-81.3505339,27.456565],[-81.3504943,27.4565817],[-81.3504736,27.4565896],[-81.350413,27.4566099],[-81.3503615,27.4566259],[-81.3502998,27.4566483],[-81.3501952,27.4566915],[-81.3501059,27.4567322],[-81.3500359,27.4567656],[-81.3499395,27.4568157],[-81.3498777,27.456845],[-81.3497794,27.4568966],[-81.3497501,27.4569112],[-81.3497296,27.4569203],[-81.3496978,27.4569323],[-81.3496647,27.4569417],[-81.3496311,27.4569489],[-81.3495972,27.4569541],[-81.3495635,27.4569578],[-81.3495302,27.4569603],[-81.3494452,27.456962],[-81.3490647,27.456962],[-81.3489642,27.4569641],[-81.3488722,27.4569699],[-81.3488211,27.4569674],[-81.348801,27.4569672],[-81.3487304,27.4569706],[-81.3487,27.4569713],[-81.3485181,27.456972],[-81.3484259,27.4569738],[-81.3483391,27.4569722],[-81.3483169,27.456971],[-81.3482615,27.4569658],[-81.3482397,27.4569628],[-81.3481887,27.4569498],[-81.3480841,27.4569292],[-81.3480504,27.4569199],[-81.3480275,27.4569117],[-81.3480046,27.4569016],[-81.3479825,27.4568891],[-81.347972,27.4568818],[-81.347952,27.4568656],[-81.3479336,27.456848],[-81.3479172,27.4568295],[-81.3478963,27.4568008],[-81.3478725,27.4567628],[-81.3478615,27.4567436],[-81.3478525,27.4567232],[-81.3478489,27.4567127],[-81.3478433,27.4566913],[-81.3478382,27.4566597],[-81.3478341,27.4566107],[-81.3478311,27.4565475],[-81.3478289,27.4565296],[-81.3478204,27.4564824],[-81.3478185,27.4564627],[-81.3478177,27.4564432],[-81.3478171,27.4564055],[-81.3478194,27.4561882],[-81.3478188,27.4559981],[-81.3478245,27.4558889],[-81.3478311,27.4558174],[-81.3478322,27.4557734],[-81.3478316,27.4557014],[-81.3478294,27.4556289],[-81.3478287,27.4555304],[-81.3478299,27.455449],[-81.3478277,27.4549252],[-81.347828,27.4547175],[-81.3478271,27.4546828],[-81.3478236,27.4546381],[-81.3478229,27.4546197],[-81.3478234,27.4545361],[-81.3478266,27.4544817],[-81.3478274,27.4544469],[-81.3478267,27.4543484],[-81.3478245,27.4542223],[-81.3478259,27.4541405],[-81.3478255,27.4540862],[-81.3478237,27.4540227],[-81.347825,27.4539592],[-81.347825,27.4538518],[-81.3478244,27.4538074],[-81.3478228,27.4537812],[-81.3478201,27.453764],[-81.3478115,27.453729],[-81.3478081,27.4537106],[-81.3478055,27.4536822],[-81.3478045,27.453634],[-81.3478053,27.4536147],[-81.3478095,27.4535768],[-81.3478127,27.4535289],[-81.3478177,27.4535093],[-81.3478326,27.453471],[-81.3478381,27.4534525],[-81.3478443,27.4534172],[-81.347856,27.4533595],[-81.3478643,27.4532981],[-81.3478734,27.4532462],[-81.3478767,27.4532211],[-81.3478792,27.453171],[-81.3478791,27.4531364],[-81.3478717,27.4530681],[-81.3478675,27.4530449],[-81.3478619,27.4530231],[-81.3478488,27.4529875],[-81.3478262,27.4529314],[-81.3477944,27.4528351],[-81.347727,27.4526574],[-81.3477196,27.4526407],[-81.3477032,27.4526078],[-81.3476572,27.4525219],[-81.3476441,27.4524917],[-81.3476381,27.4524704],[-81.3476285,27.4524208],[-81.3476208,27.4523974],[-81.3476106,27.4523789],[-81.3475854,27.4523453],[-81.3475677,27.4523192],[-81.3475352,27.452267],[-81.3475215,27.4522427],[-81.3474955,27.4521918],[-81.3474432,27.4520845],[-81.3474279,27.4520493],[-81.3473867,27.4519482],[-81.347362,27.4518939],[-81.3473466,27.4518633],[-81.3473309,27.4518343],[-81.3473186,27.4518141],[-81.3473057,27.4517952],[-81.3472917,27.4517773],[-81.3472764,27.45176],[-81.3472593,27.4517428],[-81.3472339,27.4517193],[-81.3469981,27.4515173],[-81.3468579,27.45139],[-81.346724,27.4512731],[-81.3466685,27.4512229],[-81.3466046,27.4511664],[-81.3465515,27.4511207],[-81.3464437,27.4510257],[-81.3463268,27.4509251],[-81.346233,27.4508409],[-81.3462113,27.4508205],[-81.3461677,27.4507769],[-81.3461457,27.450753],[-81.3461244,27.4507265],[-81.3461036,27.4506969],[-81.3460907,27.450675],[-81.3460849,27.4506634],[-81.3460748,27.4506395],[-81.3460672,27.4506152],[-81.3460622,27.4505913],[-81.3460584,27.4505569],[-81.3460575,27.4505243],[-81.3460592,27.4504244],[-81.3460609,27.4503948],[-81.3460665,27.450345],[-81.3460731,27.4503056],[-81.3460819,27.4502662],[-81.3460932,27.4502263],[-81.3461106,27.4501772],[-81.3461298,27.4501301],[-81.3461474,27.4500926],[-81.3461682,27.4500558],[-81.3461851,27.4500298],[-81.3462022,27.4500054],[-81.3462476,27.4499442],[-81.3462786,27.4499048],[-81.3463373,27.4498348],[-81.3463678,27.4497937],[-81.3463867,27.4497656],[-81.3464027,27.4497388],[-81.3464128,27.449719],[-81.3464244,27.449691],[-81.3464379,27.4496512],[-81.3464723,27.4495416],[-81.3464829,27.4495025],[-81.3464892,27.4494722],[-81.3464925,27.4494495],[-81.3464948,27.4494262],[-81.3464986,27.4493183],[-81.3465027,27.4492687],[-81.3465067,27.4492394],[-81.3465233,27.4491358],[-81.3465288,27.4491071],[-81.3465357,27.4490777],[-81.3465471,27.449039],[-81.3465673,27.4489789],[-81.3465764,27.4489471],[-81.3465983,27.448853],[-81.3466153,27.4487859],[-81.346639,27.4486768],[-81.3466488,27.4486383],[-81.3466573,27.4486092],[-81.3466716,27.4485697],[-81.3466805,27.4485498],[-81.3466907,27.4485299],[-81.346702,27.4485106],[-81.3467145,27.4484918],[-81.3467353,27.4484649],[-81.3467505,27.4484477],[-81.3467669,27.448431],[-81.3467842,27.4484151],[-81.3468113,27.4483933],[-81.3468391,27.448374],[-81.3469032,27.4483331],[-81.3469311,27.4483164],[-81.3469598,27.4483005],[-81.3469902,27.4482853],[-81.3470116,27.4482758],[-81.3470338,27.448267],[-81.3470566,27.4482596],[-81.3471272,27.4482426],[-81.3471391,27.4482408],[-81.3471628,27.4482394],[-81.3474066,27.4482374],[-81.3476673,27.448238],[-81.3476887,27.4482389],[-81.3477307,27.4482438],[-81.3477608,27.4482463],[-81.3478661,27.4482531],[-81.3479442,27.4482556],[-81.3480822,27.4482572],[-81.3481728,27.4482552],[-81.3483153,27.4482542],[-81.3487304,27.4482528],[-81.3489022,27.4482531],[-81.3495799,27.4482494],[-81.3505814,27.4482478],[-81.3507937,27.4482466],[-81.3513196,27.4482454],[-81.3517963,27.4482426],[-81.3519112,27.4482437],[-81.3520054,27.4482431],[-81.3520763,27.4482436],[-81.3522266,27.4482422],[-81.3523474,27.4482428],[-81.3525099,27.4482411],[-81.3526111,27.4482413],[-81.3526818,27.4482403],[-81.352824,27.4482396],[-81.352916,27.4482381],[-81.3530385,27.4482385],[-81.3531806,27.4482374],[-81.353302,27.4482381],[-81.3537366,27.4482376],[-81.3540398,27.4482352],[-81.3541832,27.4482325],[-81.3542271,27.4482331],[-81.3542982,27.4482367],[-81.3543351,27.4482374],[-81.3545625,27.4482341],[-81.354599,27.4482323],[-81.3546812,27.4482257],[-81.3547367,27.448224],[-81.354889,27.4482249],[-81.3550404,27.4482234],[-81.3552729,27.448223],[-81.3556065,27.4482195],[-81.3557479,27.4482189],[-81.3558801,27.4482166],[-81.3559234,27.4482171],[-81.3559941,27.4482194],[-81.3560304,27.4482196],[-81.3562094,27.4482129],[-81.35633,27.4482061],[-81.3563646,27.4482051],[-81.3564122,27.4482063],[-81.3564356,27.448208],[-81.3564695,27.4482115],[-81.3565125,27.4482175],[-81.3565551,27.4482253],[-81.3565901,27.4482307],[-81.3566147,27.4482363],[-81.3566392,27.4482447],[-81.3566747,27.4482595],[-81.3566972,27.4482702],[-81.3567291,27.4482877],[-81.356768,27.448313],[-81.3568455,27.4483716],[-81.3568666,27.4483866],[-81.3568957,27.4484054],[-81.3569265,27.4484238],[-81.3569672,27.4484465],[-81.3570983,27.448516],[-81.3571265,27.4485322],[-81.3571546,27.4485497],[-81.3571991,27.4485803],[-81.3572475,27.4486169],[-81.357355,27.4487008],[-81.3574919,27.4488097],[-81.3575257,27.4488387],[-81.3575512,27.4488644],[-81.3575747,27.4488928],[-81.3575948,27.4489228],[-81.3576114,27.4489528],[-81.3576291,27.4489918],[-81.3576434,27.449029],[-81.3576623,27.4490835],[-81.3576816,27.4491485],[-81.3576956,27.449206],[-81.357704,27.4492567],[-81.3577078,27.4492977],[-81.3577088,27.4493481],[-81.357706,27.4493994],[-81.3577033,27.4494213],[-81.3576973,27.4494557],[-81.3576914,27.4494792],[-81.3576873,27.4494906],[-81.3576767,27.449512],[-81.3576598,27.4495406],[-81.3576402,27.4495761],[-81.3576239,27.4496021],[-81.3576059,27.449628],[-81.3575869,27.4496528],[-81.3575673,27.449676],[-81.357475,27.4497717],[-81.3574516,27.449798],[-81.3574414,27.4498118],[-81.3574272,27.4498334],[-81.3573682,27.4499317],[-81.3573504,27.449958],[-81.3573307,27.4499842],[-81.3573163,27.4500013],[-81.357301,27.4500178],[-81.3572764,27.4500412],[-81.3572504,27.4500629],[-81.3572139,27.450089],[-81.3571764,27.450112],[-81.3571292,27.4501384],[-81.3570907,27.4501582],[-81.357043,27.4501807],[-81.3570045,27.4501977],[-81.3569633,27.4502143],[-81.3569201,27.4502291],[-81.3568782,27.4502415],[-81.3567596,27.4502745],[-81.3567267,27.4502824],[-81.3566917,27.4502892],[-81.3566679,27.4502925],[-81.3566331,27.4502957],[-81.3565309,27.4503017],[-81.3564402,27.450308],[-81.356408,27.4503092],[-81.3563761,27.4503091],[-81.3562764,27.4503042],[-81.3562256,27.4503029],[-81.3560498,27.4503055],[-81.3558575,27.4503057],[-81.3557846,27.4503043],[-81.3556341,27.4502991],[-81.3554003,27.4502979],[-81.3549866,27.4503003],[-81.3548956,27.4502989],[-81.3546622,27.4502999],[-81.3543487,27.4502992],[-81.3539139,27.4503014],[-81.3535295,27.4503021]],[[-81.353529,27.4501622],[-81.3528304,27.4501648],[-81.3527496,27.4501638],[-81.3525583,27.4501638],[-81.352447,27.4501657],[-81.3521937,27.4501659],[-81.3519307,27.4501676],[-81.3511418,27.4501697],[-81.3510598,27.4501697],[-81.3510064,27.4501677],[-81.3509853,27.4501676],[-81.3509125,27.4501696],[-81.3507472,27.4501694],[-81.3506678,27.4501712],[-81.3504848,27.4501722],[-81.3504045,27.4501721],[-81.3503122,27.4501707],[-81.3502324,27.4501728],[-81.3501919,27.4501732],[-81.350011,27.4501726],[-81.3499006,27.450171],[-81.3498323,27.4501691],[-81.349732,27.4501646],[-81.3496786,27.4501635],[-81.3496041,27.4501642],[-81.3495193,27.4501682],[-81.3494661,27.4501723],[-81.3494118,27.4501783],[-81.3493682,27.4501848],[-81.3493147,27.4501949],[-81.3492523,27.4502094],[-81.3491904,27.450226],[-81.3491383,27.4502426],[-81.3490973,27.4502577],[-81.3490475,27.4502785],[-81.3489988,27.4503017],[-81.3489608,27.4503219],[-81.348915,27.4503491],[-81.3488709,27.4503783],[-81.3488366,27.4504033],[-81.3488036,27.4504297],[-81.3487644,27.4504646],[-81.3487422,27.4504862],[-81.3487137,27.4505159],[-81.3486932,27.4505389],[-81.3486734,27.4505628],[-81.3486544,27.4505875],[-81.3486366,27.450613],[-81.3486199,27.4506393],[-81.3486045,27.4506663],[-81.3485907,27.4506935],[-81.3485743,27.4507295],[-81.3485596,27.450765],[-81.3485459,27.4508008],[-81.3485332,27.4508368],[-81.3485214,27.4508732],[-81.3485108,27.45091],[-81.3485013,27.4509472],[-81.3484895,27.4510029],[-81.3484815,27.4510501],[-81.3484758,27.4510982],[-81.3484728,27.4511462],[-81.3484722,27.4511753],[-81.3484727,27.4512046],[-81.3484763,27.4512535],[-81.3484827,27.451301],[-81.3485004,27.451407],[-81.3485033,27.4514313],[-81.3485047,27.4514543],[-81.3485045,27.4514692],[-81.3485028,27.4514919],[-81.3484852,27.4516065],[-81.3484782,27.4516652],[-81.3484772,27.451686],[-81.3484792,27.4517069],[-81.3484831,27.4517273],[-81.348514,27.4518552],[-81.3485604,27.4520686],[-81.3485718,27.4521134],[-81.3485853,27.4521566],[-81.3485921,27.4521823],[-81.3486113,27.4522793],[-81.3486635,27.4525279],[-81.3486775,27.4526009],[-81.3486931,27.4526739],[-81.3487015,27.4527174],[-81.3487147,27.4527682],[-81.3487201,27.4528011],[-81.3487345,27.4528768],[-81.3487414,27.452931],[-81.3487462,27.4529594],[-81.3487546,27.4529971],[-81.348771,27.4530592],[-81.3487791,27.4531019],[-81.3487811,27.4531193],[-81.3487829,27.4531643],[-81.3487932,27.4532176],[-81.3488018,27.4532864],[-81.348805,27.4533213],[-81.3488065,27.4533566],[-81.3488099,27.4534008],[-81.3488107,27.4538693],[-81.3488101,27.4540227],[-81.348809,27.4540959],[-81.3488123,27.4541603],[-81.3488138,27.4542373],[-81.3488154,27.4542579],[-81.3488199,27.4542784],[-81.3488416,27.4543361],[-81.3488578,27.454373],[-81.3488719,27.4544001],[-81.3488878,27.4544268],[-81.3489064,27.4544527],[-81.3489278,27.4544774],[-81.3489518,27.4545007],[-81.3489775,27.4545219],[-81.3490042,27.4545409],[-81.3490313,27.4545581],[-81.3490683,27.4545791],[-81.3490975,27.4545938],[-81.349129,27.4546074],[-81.3491629,27.45462],[-81.3491869,27.4546264],[-81.3492114,27.4546294],[-81.3492352,27.4546301],[-81.3493003,27.4546287],[-81.3494321,27.4546287],[-81.3494922,27.454628],[-81.3495774,27.4546325],[-81.3495946,27.454634],[-81.3496111,27.454637],[-81.3496272,27.4546416],[-81.3496597,27.4546531],[-81.3497824,27.4547017],[-81.3498075,27.4547134],[-81.3498316,27.4547266],[-81.3498859,27.4547612],[-81.3499399,27.4548004],[-81.3500121,27.4548499],[-81.3500615,27.4548825],[-81.350119,27.4549233],[-81.3501453,27.45494],[-81.3501637,27.4549502],[-81.3501922,27.4549642],[-81.3502881,27.4550067],[-81.3503281,27.4550216],[-81.3503692,27.4550343],[-81.3504005,27.4550426],[-81.3504323,27.4550497],[-81.3504646,27.4550557],[-81.3504972,27.4550606],[-81.3505301,27.4550644],[-81.3505524,27.455066],[-81.3506086,27.455067],[-81.3506313,27.4550663],[-81.3506538,27.4550645],[-81.3506761,27.4550617],[-81.3506978,27.4550579],[-81.3507943,27.4550375],[-81.3508169,27.4550315],[-81.3508395,27.4550243],[-81.3508616,27.4550152],[-81.3508824,27.4550041],[-81.3509017,27.4549914],[-81.350928,27.4549705],[-81.3509853,27.4549213],[-81.3510084,27.4548989],[-81.3510294,27.4548753],[-81.3510419,27.4548591],[-81.3510533,27.4548425],[-81.3510737,27.4548081],[-81.3510971,27.4547641],[-81.3511417,27.4546706],[-81.3511834,27.4545786],[-81.3512272,27.4544879],[-81.3512947,27.4543579],[-81.3513159,27.4543079],[-81.3513278,27.454284],[-81.3514088,27.4541512],[-81.3514606,27.4540763],[-81.351517,27.454003],[-81.3515462,27.4539675],[-81.3515706,27.4539393],[-81.3516234,27.4538849],[-81.3517251,27.4537744],[-81.3517513,27.4537472],[-81.3518582,27.4536412],[-81.3519199,27.4535836],[-81.3519914,27.4535217],[-81.3520535,27.4534641],[-81.3520974,27.4534288],[-81.3521584,27.4533833],[-81.3521971,27.4533557],[-81.3522364,27.4533291],[-81.3523273,27.4532718],[-81.3524067,27.4532188],[-81.352498,27.4531642],[-81.3525651,27.453127],[-81.3527036,27.4530568],[-81.3528289,27.453],[-81.3529727,27.452939],[-81.3530643,27.4529044],[-81.3531386,27.4528788],[-81.3532234,27.4528525],[-81.3534243,27.4527966],[-81.3534716,27.4527848],[-81.3535294,27.4527719],[-81.3535778,27.4527619],[-81.3536363,27.452751],[-81.3537639,27.4527286],[-81.3539015,27.4527112],[-81.354031,27.4526978],[-81.3540906,27.4526942],[-81.3541201,27.4526932],[-81.3542004,27.4526938],[-81.3543005,27.4526908],[-81.3545021,27.4526912],[-81.3545825,27.4526895],[-81.3548335,27.4526904],[-81.3550151,27.4526943],[-81.3550973,27.4526949],[-81.3555732,27.452692],[-81.3560385,27.4526866],[-81.3563116,27.4526869],[-81.3564939,27.4526863],[-81.3566255,27.452685],[-81.3567469,27.4526861],[-81.3568175,27.4526845],[-81.3572127,27.4526815],[-81.3578991,27.4526711],[-81.3579585,27.4526741],[-81.3580234,27.4526751],[-81.3580391,27.4526774],[-81.3580464,27.4526795],[-81.3580603,27.4526857],[-81.3580879,27.4527012],[-81.358124,27.4527191],[-81.3581365,27.4527269],[-81.3581472,27.4527352],[-81.3581561,27.452744],[-81.3581702,27.4527616],[-81.3581785,27.452776],[-81.358183,27.4527869],[-81.3581868,27.452799],[-81.3581909,27.4528187],[-81.3581943,27.4528465],[-81.3581964,27.4528803],[-81.3581958,27.4528932],[-81.3581929,27.4529058],[-81.3581874,27.452918],[-81.35818,27.4529302],[-81.3581675,27.452949],[-81.3581578,27.4529616],[-81.3581465,27.4529733],[-81.3580914,27.4530216],[-81.3580617,27.4530502],[-81.3580471,27.4530654],[-81.3580332,27.4530815],[-81.3580136,27.4531073],[-81.3580016,27.4531256],[-81.3579907,27.4531445],[-81.3579768,27.4531737],[-81.3579695,27.4531936],[-81.3579636,27.4532137],[-81.357957,27.4532441],[-81.3579537,27.4532644],[-81.3579501,27.4532946],[-81.3579479,27.4533238],[-81.3579456,27.4533858],[-81.3579431,27.4534101],[-81.3579403,27.453426],[-81.3579332,27.4534496],[-81.3579202,27.4534813],[-81.3579017,27.4535301],[-81.3578875,27.4535625],[-81.3578637,27.4536111],[-81.3578274,27.4536783],[-81.3578078,27.4537125],[-81.3577947,27.4537324],[-81.3577798,27.4537531],[-81.3576911,27.4538706],[-81.3576786,27.4538839],[-81.3576451,27.4539152],[-81.3575708,27.4539884],[-81.3574201,27.4541217],[-81.3573558,27.4541801],[-81.3573006,27.4542325],[-81.3572723,27.4542565],[-81.3572194,27.454296],[-81.3571827,27.4543265],[-81.3571602,27.4543442],[-81.3570993,27.4543893],[-81.3570682,27.4544107],[-81.3569964,27.454457],[-81.356924,27.4545003],[-81.3568316,27.4545472],[-81.3567795,27.4545716],[-81.3566818,27.4546128],[-81.3566547,27.4546226],[-81.3565889,27.4546436],[-81.3565239,27.4546674],[-81.3564488,27.4546911],[-81.3562681,27.4547462],[-81.3561156,27.454794],[-81.3553689,27.4550236],[-81.3552813,27.4550495],[-81.3552423,27.4550625],[-81.3552035,27.4550765],[-81.3551459,27.4550989],[-81.355089,27.4551232],[-81.3550422,27.4551449],[-81.3549875,27.4551725],[-81.3549253,27.4552061],[-81.3548201,27.4552661],[-81.3547345,27.4553172],[-81.3546834,27.4553489],[-81.3546004,27.4554048],[-81.3545598,27.4554351],[-81.3544985,27.455485],[-81.354459,27.455515],[-81.3543493,27.4556128],[-81.3543279,27.4556334],[-81.3543079,27.4556549],[-81.3541849,27.4557998],[-81.3541603,27.4558276],[-81.3541343,27.4558538],[-81.3540934,27.4558924],[-81.3540723,27.4559116],[-81.3540498,27.4559302],[-81.3540351,27.4559434],[-81.3539763,27.4560058],[-81.3538997,27.456076],[-81.3538274,27.456141],[-81.3537809,27.4561883],[-81.3537534,27.4562139],[-81.3535963,27.4563545],[-81.3535093,27.4564301],[-81.3533954,27.456533],[-81.3533035,27.4566172],[-81.3532454,27.4566678],[-81.3531399,27.4567638],[-81.35289,27.4569856],[-81.3528675,27.4570037],[-81.352834,27.4570267],[-81.3528175,27.4570393],[-81.3528028,27.4570533],[-81.3527728,27.4570892],[-81.3527667,27.4570954],[-81.3527536,27.4571068],[-81.352704,27.457142],[-81.3526829,27.4571557],[-81.3526548,27.4571701],[-81.3526336,27.4571777],[-81.3526112,27.4571822],[-81.3525639,27.4571891],[-81.3525396,27.4571897],[-81.3525233,27.4571877],[-81.3524291,27.4571656],[-81.3524129,27.4571606],[-81.3524051,27.4571575],[-81.3523905,27.4571501],[-81.3523629,27.4571316],[-81.3523282,27.4571053],[-81.3523008,27.4570828],[-81.3522606,27.4570469],[-81.3522354,27.4570215],[-81.3521965,27.4569725],[-81.3521614,27.4569297],[-81.3520918,27.4568403],[-81.3520327,27.4567668],[-81.3519954,27.456722],[-81.3519609,27.4566839],[-81.3519377,27.4566611],[-81.3519206,27.4566469],[-81.3518929,27.4566279],[-81.351864,27.4566115],[-81.3518258,27.4565925],[-81.3517788,27.4565705],[-81.3517133,27.456543],[-81.3516675,27.4565228],[-81.351546,27.4564736],[-81.3514872,27.4564519],[-81.3514274,27.4564334],[-81.3512312,27.4563782],[-81.3511999,27.4563712],[-81.3511681,27.4563654],[-81.3511359,27.4563606],[-81.3511033,27.456357],[-81.3510485,27.4563538],[-81.3510044,27.4563539],[-81.3509605,27.4563563],[-81.3509062,27.4563625],[-81.3508534,27.4563716],[-81.3508019,27.456383],[-81.3506754,27.4564178],[-81.3505674,27.4564494],[-81.3505189,27.4564611],[-81.3504904,27.4564671],[-81.3504624,27.4564709],[-81.3504438,27.456472],[-81.3504249,27.4564718],[-81.3503741,27.4564692],[-81.3503403,27.4564699],[-81.3503051,27.456474],[-81.3502695,27.4564808],[-81.3502469,27.4564879],[-81.350226,27.4564968],[-81.3500497,27.4565791],[-81.3497212,27.4567421],[-81.3496797,27.456761],[-81.3496308,27.4567788],[-81.3495908,27.4567944],[-81.3495141,27.4568166],[-81.34941,27.4568378],[-81.3493316,27.4568504],[-81.3492822,27.4568566],[-81.3491832,27.4568658],[-81.349073,27.4568714],[-81.3489916,27.4568725],[-81.3489008,27.4568727],[-81.3488211,27.4568714],[-81.3486084,27.4568723],[-81.3484176,27.456874],[-81.3483891,27.4568732],[-81.3483614,27.4568704],[-81.3483344,27.4568655],[-81.3482541,27.4568447],[-81.3482263,27.4568367],[-81.3481712,27.456818],[-81.3481452,27.4568082],[-81.3481,27.4567868],[-81.3480689,27.4567691],[-81.348058,27.4567615],[-81.348048,27.4567531],[-81.3480388,27.4567435],[-81.3480303,27.4567328],[-81.3480185,27.4567145],[-81.3480034,27.4566886],[-81.3479969,27.4566755],[-81.3479887,27.4566554],[-81.3479817,27.4566338],[-81.3479733,27.456602],[-81.3479482,27.4564882],[-81.3479452,27.4564636],[-81.3479436,27.4564131],[-81.3479435,27.4563509],[-81.3479457,27.4561885],[-81.347943,27.4560172],[-81.3479445,27.455964],[-81.3479451,27.4558287],[-81.3479432,27.4557279],[-81.3479445,27.455647],[-81.3479438,27.4555654],[-81.3479404,27.45534],[-81.3479393,27.4549881],[-81.3479396,27.4548444],[-81.3479411,27.4548177],[-81.3479511,27.4547177],[-81.3479527,27.4546707],[-81.3479478,27.4545644],[-81.3479477,27.4545297],[-81.3479496,27.4544566],[-81.3479491,27.4544016],[-81.3479474,27.4543289],[-81.3479423,27.4541849],[-81.3479392,27.4540322],[-81.3479394,27.4539694],[-81.3479441,27.4538513],[-81.347944,27.4538329],[-81.3479416,27.4537962],[-81.3479451,27.4537308],[-81.3479448,27.4536365],[-81.3479467,27.4536112],[-81.3479549,27.4535358],[-81.3479573,27.4535202],[-81.3479607,27.4535048],[-81.3479797,27.453436],[-81.3479881,27.4533977],[-81.3480035,27.4532871],[-81.3480112,27.4532207],[-81.3480119,27.4531915],[-81.3480097,27.453144],[-81.3480095,27.4531255],[-81.3480134,27.4530785],[-81.3480134,27.4530486],[-81.3480124,27.453028],[-81.3480102,27.4530069],[-81.3480063,27.4529859],[-81.3480036,27.4529756],[-81.3479927,27.4529458],[-81.3479369,27.4528273],[-81.3479166,27.4527755],[-81.347909,27.4527584],[-81.3478927,27.4527248],[-81.3478538,27.4526505],[-81.3478293,27.4526004],[-81.347795,27.4525256],[-81.347783,27.4524942],[-81.3477782,27.4524722],[-81.3477779,27.4524579],[-81.3477794,27.4524434],[-81.3477876,27.4523908],[-81.3477891,27.4523688],[-81.3477888,27.4523452],[-81.3477848,27.4523095],[-81.3477795,27.4522869],[-81.3477759,27.4522762],[-81.3477716,27.452266],[-81.3477614,27.4522471],[-81.3477121,27.4521734],[-81.3476831,27.452127],[-81.3476614,27.4520887],[-81.3476418,27.4520514],[-81.3476282,27.4520206],[-81.3476125,27.4519796],[-81.3476008,27.4519458],[-81.3475753,27.4518644],[-81.3475576,27.4518184],[-81.347541,27.4517826],[-81.3475268,27.4517553],[-81.3475107,27.4517278],[-81.3474926,27.4517001],[-81.3474725,27.4516729],[-81.3474581,27.4516554],[-81.3474431,27.4516385],[-81.3474202,27.4516147],[-81.3473898,27.4515856],[-81.3472542,27.4514618],[-81.3471868,27.451398],[-81.3471434,27.4513537],[-81.3470858,27.4512902],[-81.3470579,27.4512608],[-81.3470222,27.4512251],[-81.3469789,27.4511842],[-81.3469355,27.451145],[-81.3468551,27.4510747],[-81.3467698,27.4510084],[-81.3467196,27.4509675],[-81.3466409,27.450898],[-81.3465758,27.4508388],[-81.3465252,27.4507956],[-81.3464191,27.4507015],[-81.346331,27.4506256],[-81.3463081,27.4506046],[-81.3462893,27.4505858],[-81.3462792,27.4505723],[-81.3462745,27.4505627],[-81.3462665,27.4505405],[-81.346263,27.4505277],[-81.3462605,27.4505139],[-81.3462585,27.4504838],[-81.3462522,27.4504433],[-81.3462501,27.4504188],[-81.3462505,27.4504027],[-81.3462542,27.4503549],[-81.3462604,27.4503153],[-81.3462695,27.4502775],[-81.3462791,27.4502487],[-81.3462918,27.4502196],[-81.3463101,27.4501835],[-81.346335,27.4501432],[-81.3463593,27.4501088],[-81.3463926,27.4500649],[-81.3464186,27.4500279],[-81.3464301,27.4500148],[-81.3464919,27.4499546],[-81.3465061,27.4499388],[-81.3465184,27.4499219],[-81.3465349,27.4498963],[-81.3465636,27.449854],[-81.346586,27.4498168],[-81.3466007,27.4497867],[-81.3466088,27.4497662],[-81.3466154,27.449746],[-81.3466233,27.4497168],[-81.3466387,27.4496535],[-81.3466569,27.44959],[-81.346667,27.4495514],[-81.3466759,27.4495109],[-81.3466813,27.4494797],[-81.3466867,27.4494378],[-81.3466895,27.4493974],[-81.3466895,27.4493784],[-81.3466875,27.4493189],[-81.3466877,27.4492956],[-81.346689,27.4492723],[-81.3466956,27.4492155],[-81.3467099,27.449134],[-81.3467151,27.4491116],[-81.3467239,27.4490811],[-81.3467383,27.4490374],[-81.3467523,27.4489996],[-81.3467579,27.4489805],[-81.3467645,27.4489428],[-81.3467732,27.4488786],[-81.3467901,27.4487671],[-81.3467948,27.4487415],[-81.346801,27.4487169],[-81.3468205,27.4486543],[-81.3468287,27.4486324],[-81.3468383,27.4486121],[-81.3468454,27.4485995],[-81.3468623,27.4485755],[-81.3468823,27.4485536],[-81.3469039,27.4485343],[-81.3469276,27.4485163],[-81.3469685,27.4484884],[-81.346991,27.4484755],[-81.3470709,27.4484417],[-81.3470937,27.448434],[-81.3471246,27.4484273],[-81.3471544,27.4484175],[-81.34717,27.4484135],[-81.3472797,27.4483989],[-81.3473087,27.4483969],[-81.3473379,27.448396],[-81.3474568,27.4483954],[-81.3474956,27.448396],[-81.3475241,27.4483973],[-81.3476422,27.4484093],[-81.3478016,27.4484319],[-81.3478337,27.448435],[-81.3478765,27.448436],[-81.3480528,27.4484371],[-81.3482156,27.4484353],[-81.3483869,27.4484344],[-81.3484676,27.4484345],[-81.3485594,27.4484361],[-81.3487509,27.4484355],[-81.3488515,27.4484337],[-81.3491662,27.4484325],[-81.3495706,27.4484299],[-81.350582,27.4484283],[-81.3507945,27.4484271],[-81.3513206,27.4484259],[-81.3518044,27.4484231],[-81.3518328,27.4484239],[-81.3518814,27.4484287],[-81.3519348,27.4484327],[-81.351957,27.4484331],[-81.3521118,27.4484272],[-81.3522137,27.4484208],[-81.3522945,27.4484166],[-81.3523855,27.4484099],[-81.3525265,27.4484007],[-81.3526073,27.448396],[-81.3526782,27.4483929],[-81.352799,27.4483851],[-81.3528994,27.4483803],[-81.3530088,27.4483784],[-81.3531608,27.4483773],[-81.3533018,27.448378],[-81.3535043,27.4483777],[-81.3536054,27.448376],[-81.3536658,27.4483772],[-81.3537782,27.4483779],[-81.3538792,27.4483761],[-81.3541993,27.4483743],[-81.3542177,27.4483752],[-81.354227,27.4483764],[-81.3542659,27.4483849],[-81.3542871,27.448388],[-81.3543202,27.4483894],[-81.3543737,27.4483895],[-81.354516,27.4483886],[-81.354558,27.4483875],[-81.3545908,27.4483838],[-81.3546232,27.4483771],[-81.3546438,27.4483737],[-81.354673,27.4483724],[-81.3547373,27.4483728],[-81.3548064,27.448372],[-81.3549091,27.4483727],[-81.3550504,27.4483719],[-81.3552629,27.4483732],[-81.3553446,27.4483717],[-81.3556271,27.4483707],[-81.3558005,27.4483719],[-81.3558988,27.4483693],[-81.3559371,27.4483705],[-81.3559884,27.4483759],[-81.3560103,27.4483767],[-81.3560324,27.4483758],[-81.3560852,27.4483707],[-81.3561053,27.4483697],[-81.3563197,27.4483681],[-81.3563477,27.4483691],[-81.356365,27.4483709],[-81.3564407,27.4483826],[-81.3564873,27.4483874],[-81.3565233,27.4483935],[-81.3565468,27.4483983],[-81.3565675,27.4484041],[-81.3565808,27.4484089],[-81.3566074,27.4484214],[-81.356635,27.4484361],[-81.3566486,27.4484452],[-81.3567166,27.4484972],[-81.3567427,27.4485154],[-81.3567698,27.4485328],[-81.3568064,27.4485545],[-81.3568516,27.4485799],[-81.356999,27.4486589],[-81.3570217,27.4486727],[-81.3570428,27.4486875],[-81.3570627,27.4487038],[-81.3571095,27.4487462],[-81.3571463,27.4487764],[-81.3573136,27.4489061],[-81.3573447,27.4489292],[-81.3573926,27.4489628],[-81.3574039,27.4489715],[-81.357414,27.4489807],[-81.3574269,27.4489964],[-81.3574341,27.4490083],[-81.3574407,27.4490213],[-81.3574525,27.4490501],[-81.3574787,27.4491224],[-81.3574813,27.4491307],[-81.357485,27.4491474],[-81.3574897,27.4491813],[-81.3574979,27.4492141],[-81.3575028,27.449238],[-81.3575088,27.4492765],[-81.3575111,27.4492995],[-81.3575115,27.4493231],[-81.3575099,27.449363],[-81.3575113,27.4493929],[-81.3575112,27.4494129],[-81.3575086,27.449431],[-81.3575019,27.4494489],[-81.3574626,27.4495195],[-81.3574499,27.4495404],[-81.3574359,27.4495611],[-81.3574144,27.4495891],[-81.3573162,27.4497076],[-81.357292,27.4497407],[-81.3572434,27.4498118],[-81.3572179,27.4498457],[-81.357192,27.4498752],[-81.3571703,27.4498959],[-81.3571347,27.4499246],[-81.3571154,27.4499383],[-81.3571016,27.4499469],[-81.3570715,27.4499626],[-81.3570312,27.4499803],[-81.3570063,27.4499897],[-81.3569537,27.4500069],[-81.3569118,27.4500254],[-81.3568956,27.4500313],[-81.3568633,27.4500407],[-81.3567913,27.4500583],[-81.3567065,27.4500826],[-81.3566646,27.4500933],[-81.3566403,27.4500981],[-81.3566146,27.450102],[-81.3565049,27.4501141],[-81.3564153,27.450125],[-81.3562346,27.450142],[-81.3562048,27.4501424],[-81.3561267,27.4501353],[-81.3560968,27.450134],[-81.3560663,27.4501339],[-81.3560355,27.4501345],[-81.3559945,27.4501365],[-81.3558836,27.4501454],[-81.3558344,27.4501481],[-81.3557853,27.4501492],[-81.3556637,27.4501494],[-81.3556324,27.4501506],[-81.3555814,27.4501539],[-81.3555024,27.4501563],[-81.3554215,27.4501557],[-81.3550863,27.4501571],[-81.3549851,27.4501561],[-81.3548034,27.4501574],[-81.3545918,27.4501578],[-81.3545004,27.4501595],[-81.354318,27.4501594],[-81.3539134,27.4501615],[-81.353529,27.4501622]]]}},{"type":"Feature","properties":{"role":"pit_lane","name":"Pit Lane","osm_way":1041888710,"quality":{"source":"osm","accuracy_m":5.0,"measured":false,"note":"OSM-traced pit-lane centerline; not measured"}},"geometry":{"type":"LineString","coordinates":[[-81.3553838,27.4501046],[-81.3514594,27.4501229],[-81.3501016,27.4501293],[-81.3499696,27.4501299]]}},{"type":"Feature","properties":{"role":"edge_unseen","side":"left","note":"bridged: the edge was not seen in the imagery here"},"geometry":{"type":"MultiLineString","coordinates":[[[-81.3531957,27.4503031],[-81.3531856,27.4503032],[-81.3531755,27.4503032],[-81.3531654,27.4503032],[-81.3531552,27.4503032],[-81.3531451,27.4503033],[-81.353135,27.4503033],[-81.3531249,27.4503033],[-81.3531148,27.4503034]],[[-81.3510331,27.4503116],[-81.3510236,27.4503127],[-81.3510141,27.4503137],[-81.3510045,27.4503148],[-81.3509948,27.4503159],[-81.350985,27.450317],[-81.3509751,27.4503182],[-81.3509652,27.4503193]],[[-81.3493931,27.450363],[-81.3493838,27.4503645],[-81.3493746,27.4503661],[-81.3493656,27.4503679],[-81.3493567,27.4503697],[-81.3493479,27.4503715],[-81.3493389,27.4503733],[-81.34933,27.4503752],[-81.3493212,27.4503775],[-81.3493125,27.4503797],[-81.3493039,27.4503819],[-81.3492954,27.4503841],[-81.349287,27.4503867],[-81.3492787,27.4503893],[-81.3492705,27.4503922],[-81.3492622,27.4503952],[-81.3492539,27.4503983],[-81.3492455,27.4504016],[-81.349237,27.450405],[-81.3492284,27.4504086],[-81.3492196,27.4504122],[-81.3492107,27.4504158]],[[-81.3491934,27.4504229],[-81.3491849,27.4504263],[-81.3491764,27.4504298],[-81.349168,27.4504333],[-81.3491595,27.4504367],[-81.3491512,27.4504401],[-81.349143,27.4504435],[-81.3491348,27.4504468],[-81.3491267,27.4504504],[-81.3491187,27.4504543]],[[-81.349047,27.4504901],[-81.3490393,27.4504944],[-81.3490315,27.4504987],[-81.3490238,27.4505029],[-81.3490163,27.4505074]],[[-81.3489804,27.4505311],[-81.3489733,27.4505361],[-81.3489661,27.4505411],[-81.3489589,27.4505461],[-81.3489516,27.4505512],[-81.3489446,27.4505565],[-81.3489376,27.4505618],[-81.3489307,27.450567],[-81.3489238,27.4505722],[-81.3489169,27.4505775]],[[-81.3489034,27.4505885],[-81.3488966,27.4505941],[-81.3488897,27.4505997],[-81.3488831,27.4506052],[-81.3488767,27.4506109],[-81.3488702,27.4506167],[-81.3488637,27.4506225]],[[-81.3488505,27.4506344],[-81.3488443,27.4506404],[-81.3488382,27.4506463],[-81.3488324,27.4506522],[-81.3488267,27.4506582],[-81.3488211,27.4506641],[-81.3488156,27.4506702]],[[-81.3488,27.4506888],[-81.3487948,27.450695],[-81.3487899,27.4507014],[-81.3487853,27.4507079],[-81.3487807,27.4507144],[-81.3487761,27.4507209],[-81.3487714,27.4507276]],[[-81.3486695,27.4509461],[-81.3486662,27.4509539],[-81.3486634,27.4509619],[-81.3486605,27.45097],[-81.3486577,27.4509781]],[[-81.3486403,27.4515264],[-81.3486376,27.4515357],[-81.348635,27.4515447],[-81.3486324,27.4515535],[-81.3486299,27.4515622],[-81.3486274,27.4515708],[-81.3486252,27.4515794],[-81.3486232,27.4515879],[-81.3486212,27.4515965],[-81.3486191,27.4516052]],[[-81.3486158,27.4518077],[-81.3486176,27.4518167],[-81.3486194,27.4518257],[-81.3486211,27.4518347],[-81.3486229,27.4518437],[-81.3486246,27.4518526]],[[-81.3487231,27.4523229],[-81.348725,27.4523318],[-81.3487269,27.4523406],[-81.3487287,27.4523495],[-81.3487306,27.4523584],[-81.3487325,27.4523672],[-81.3487344,27.4523761]],[[-81.3487654,27.4525178],[-81.3487672,27.4525268],[-81.348769,27.4525358],[-81.3487709,27.4525447],[-81.3487726,27.4525535]],[[-81.3488591,27.4528175],[-81.3488599,27.4528267],[-81.3488607,27.452836],[-81.348861,27.4528455],[-81.3488613,27.4528551],[-81.3488615,27.4528648],[-81.3488614,27.4528744],[-81.3488612,27.4528838],[-81.3488611,27.4528931],[-81.3488609,27.4529021],[-81.3488608,27.4529108],[-81.3488607,27.4529194],[-81.3488605,27.4529278]],[[-81.3488738,27.4530293],[-81.3488757,27.4530385],[-81.3488777,27.4530477],[-81.3488796,27.453057],[-81.3488816,27.4530663],[-81.3488836,27.4530757],[-81.3488856,27.4530851],[-81.3488873,27.4530946],[-81.3488889,27.4531041],[-81.3488905,27.4531135]],[[-81.3488935,27.4531317],[-81.348895,27.4531403],[-81.3488964,27.4531487],[-81.3488978,27.453157],[-81.3488993,27.4531655],[-81.3489007,27.4531742],[-81.3489022,27.4531831],[-81.3489036,27.4531924],[-81.3489048,27.4532017],[-81.3489061,27.4532111],[-81.3489073,27.4532205],[-81.3489086,27.4532298],[-81.3489098,27.4532391]],[[-81.3489153,27.4533324],[-81.3489155,27.4533415],[-81.3489157,27.4533506],[-81.348916,27.4533596],[-81.3489162,27.4533687],[-81.3489164,27.4533779],[-81.3489165,27.4533871],[-81.3489165,27.4533965],[-81.3489165,27.4534058],[-81.3489165,27.4534151]],[[-81.3489165,27.4534787],[-81.3489165,27.4534877],[-81.3489165,27.4534967],[-81.3489165,27.4535057],[-81.3489165,27.4535148],[-81.3489165,27.4535238],[-81.3489165,27.4535328],[-81.3489165,27.4535418],[-81.3489165,27.4535509],[-81.3489165,27.4535599],[-81.3489165,27.4535689],[-81.3489165,27.4535779],[-81.3489165,27.453587],[-81.3489165,27.453596],[-81.3489165,27.453605],[-81.3489165,27.453614],[-81.3489165,27.4536231],[-81.3489165,27.4536321],[-81.3489165,27.4536411],[-81.3489165,27.4536501],[-81.3489165,27.4536592],[-81.3489165,27.4536682],[-81.3489165,27.4536772],[-81.3489165,27.4536862],[-81.3489165,27.4536953],[-81.3489165,27.4537043],[-81.3489165,27.4537133],[-81.3489166,27.4537223],[-81.3489166,27.4537314],[-81.3489166,27.4537404],[-81.3489166,27.4537494],[-81.3489166,27.4537584],[-81.3489166,27.4537675],[-81.3489166,27.4537765],[-81.3489166,27.4537855],[-81.3489166,27.4537945],[-81.3489166,27.4538036],[-81.3489166,27.4538126],[-81.3489166,27.4538216],[-81.3489166,27.4538306],[-81.3489166,27.4538397],[-81.3489166,27.4538487]],[[-81.3489166,27.453903],[-81.3489166,27.453912],[-81.3489166,27.4539211],[-81.3489166,27.4539301],[-81.3489166,27.4539391],[-81.3489166,27.4539481],[-81.3489166,27.4539572],[-81.3489166,27.4539662],[-81.3489166,27.4539752]],[[-81.3489166,27.4540023],[-81.3489166,27.4540113],[-81.3489166,27.4540203],[-81.3489166,27.4540293],[-81.3489166,27.4540384],[-81.3489166,27.4540474],[-81.3489168,27.4540563],[-81.348917,27.4540651],[-81.3489173,27.4540738],[-81.3489175,27.4540825],[-81.3489177,27.454091],[-81.3489181,27.4540997],[-81.3489186,27.4541084]],[[-81.3489196,27.4541263],[-81.34892,27.4541353],[-81.3489207,27.4541443],[-81.3489214,27.4541533],[-81.3489222,27.4541623],[-81.3489229,27.4541713]],[[-81.3517993,27.4535577],[-81.3518062,27.4535509],[-81.3518131,27.453544],[-81.3518202,27.4535373],[-81.3518273,27.4535306],[-81.3518344,27.4535239],[-81.3518415,27.4535173],[-81.3518486,27.4535106],[-81.3518557,27.4535039],[-81.3518628,27.4534972],[-81.3518699,27.4534906],[-81.3518769,27.453484],[-81.3518839,27.4534774],[-81.351891,27.4534707],[-81.3518981,27.453464],[-81.3519052,27.4534573]],[[-81.3543374,27.4525855],[-81.3543475,27.4525852],[-81.3543576,27.4525848],[-81.3543677,27.4525845],[-81.3543779,27.4525842],[-81.354388,27.4525838],[-81.3543981,27.4525835],[-81.3544082,27.4525832],[-81.3544183,27.4525828],[-81.3544284,27.4525827]],[[-81.3546624,27.45258],[-81.3546725,27.45258],[-81.3546827,27.45258],[-81.3546928,27.4525801],[-81.3547029,27.4525801],[-81.354713,27.4525801],[-81.3547231,27.4525802],[-81.3547332,27.4525802],[-81.3547434,27.4525803],[-81.3547535,27.4525805],[-81.3547636,27.4525807],[-81.3547737,27.4525808],[-81.3547838,27.452581],[-81.354794,27.4525811],[-81.3548041,27.4525813],[-81.3548144,27.4525815],[-81.3548247,27.4525816],[-81.3548351,27.4525818]],[[-81.3548969,27.452584],[-81.3549071,27.4525845],[-81.3549173,27.452585],[-81.3549275,27.4525856],[-81.3549377,27.4525861],[-81.3549478,27.4525866],[-81.3549579,27.4525871],[-81.354968,27.4525876],[-81.354978,27.4525881],[-81.354988,27.4525887],[-81.3549979,27.4525892],[-81.3550077,27.4525897],[-81.3550176,27.4525902]],[[-81.3550375,27.4525907],[-81.3550475,27.4525909],[-81.3550574,27.4525912],[-81.3550673,27.4525914],[-81.3550772,27.4525917],[-81.3550871,27.4525917],[-81.355097,27.4525917]],[[-81.3551271,27.4525918],[-81.3551372,27.4525918],[-81.3551474,27.4525918],[-81.3551575,27.4525918],[-81.3551676,27.4525918],[-81.3551777,27.4525918],[-81.3551878,27.4525918],[-81.3551979,27.4525918],[-81.3552081,27.4525919],[-81.3552182,27.4525919],[-81.3552283,27.4525919],[-81.3552384,27.4525919],[-81.3552485,27.4525919],[-81.3552586,27.4525919],[-81.3552688,27.4525919],[-81.3552789,27.4525919],[-81.355289,27.452592],[-81.3552991,27.452592],[-81.3553092,27.452592],[-81.3553193,27.452592],[-81.3553295,27.452592],[-81.3553396,27.452592],[-81.3553497,27.452592],[-81.3553598,27.452592],[-81.3553699,27.452592],[-81.35538,27.4525921],[-81.3553902,27.4525921],[-81.3554003,27.4525921],[-81.3554104,27.4525921],[-81.3554205,27.4525921],[-81.3554306,27.4525921],[-81.3554407,27.4525921],[-81.3554508,27.4525921],[-81.3554609,27.4525922],[-81.355471,27.4525922],[-81.3554811,27.4525922],[-81.3554912,27.4525922],[-81.3555012,27.4525922],[-81.3555113,27.4525922],[-81.3555214,27.4525922],[-81.3555315,27.4525922],[-81.3555417,27.4525923],[-81.3555518,27.4525923],[-81.3555619,27.4525923],[-81.355572,27.4525923],[-81.3555821,27.4525923],[-81.3555922,27.4525923],[-81.3556024,27.4525922],[-81.3556125,27.4525922],[-81.3556226,27.4525921],[-81.3556327,27.4525921],[-81.3556428,27.4525921],[-81.3556529,27.452592],[-81.3556631,27.452592],[-81.3556732,27.452592],[-81.3556833,27.4525919],[-81.3556934,27.4525919],[-81.3557035,27.4525918],[-81.3557135,27.4525918],[-81.3557236,27.4525918],[-81.3557337,27.4525917],[-81.3557438,27.4525917],[-81.3557539,27.4525916],[-81.355764,27.4525916],[-81.3557741,27.4525916],[-81.3557843,27.4525915],[-81.3557944,27.4525915],[-81.3558045,27.4525914],[-81.3558146,27.4525914],[-81.3558247,27.4525914],[-81.3558348,27.4525913],[-81.355845,27.4525913],[-81.3558551,27.4525913],[-81.3558652,27.4525912],[-81.3558753,27.4525912],[-81.3558854,27.4525911],[-81.3558955,27.4525911],[-81.3559056,27.4525911],[-81.3559158,27.452591],[-81.3559259,27.452591]],[[-81.3559461,27.4525909],[-81.3559562,27.4525909],[-81.3559664,27.4525908],[-81.3559765,27.4525908],[-81.3559866,27.4525908],[-81.3559968,27.4525907],[-81.356007,27.4525907],[-81.3560172,27.4525906],[-81.3560274,27.4525906],[-81.3560376,27.4525906],[-81.3560477,27.4525905],[-81.3560579,27.4525905],[-81.356068,27.4525904],[-81.3560781,27.4525904],[-81.3560882,27.4525904],[-81.3560984,27.4525903],[-81.3561085,27.4525903],[-81.3561186,27.4525902],[-81.3561287,27.4525902],[-81.3561388,27.4525902],[-81.3561489,27.4525901],[-81.3561591,27.4525901],[-81.3561692,27.4525901],[-81.3561793,27.45259],[-81.3561894,27.45259],[-81.3561995,27.4525899],[-81.3562096,27.4525899],[-81.3562198,27.4525899],[-81.3562299,27.4525898],[-81.35624,27.4525898],[-81.3562501,27.4525897],[-81.3562602,27.4525897],[-81.3562703,27.4525897],[-81.3562804,27.4525896],[-81.3562905,27.4525896],[-81.3563006,27.4525895],[-81.3563107,27.4525895],[-81.3563207,27.4525895],[-81.3563308,27.4525894],[-81.3563409,27.4525894]],[[-81.3563712,27.4525893],[-81.3563813,27.4525892],[-81.3563914,27.4525892],[-81.3564015,27.4525892],[-81.3564116,27.4525891],[-81.3564217,27.4525891],[-81.3564318,27.452589],[-81.3564419,27.452589],[-81.3564519,27.4525888],[-81.356462,27.4525886],[-81.356472,27.4525884],[-81.356482,27.4525882],[-81.3564921,27.452588],[-81.3565022,27.4525878],[-81.3565123,27.4525876],[-81.3565224,27.4525874],[-81.3565325,27.4525872],[-81.3565426,27.452587],[-81.3565527,27.4525868],[-81.3565628,27.4525865],[-81.356573,27.4525863],[-81.3565831,27.4525861],[-81.3565933,27.4525859],[-81.3566036,27.4525857],[-81.3566139,27.4525856],[-81.3566241,27.4525856],[-81.3566344,27.4525855],[-81.3566446,27.4525854],[-81.3566548,27.4525853],[-81.3566649,27.4525853],[-81.356675,27.4525852],[-81.3566851,27.4525851]],[[-81.3568866,27.4525833],[-81.3568967,27.4525831],[-81.3569068,27.4525829],[-81.3569169,27.4525827],[-81.356927,27.4525824],[-81.3569371,27.4525822],[-81.3569473,27.452582],[-81.3569574,27.4525818],[-81.3569675,27.4525816],[-81.3569776,27.4525814],[-81.3569877,27.4525812],[-81.3569979,27.452581],[-81.357008,27.4525807],[-81.3570182,27.4525805],[-81.3570283,27.4525803],[-81.3570385,27.4525801]],[[-81.3570791,27.4525797],[-81.3570892,27.4525796],[-81.3570993,27.4525795],[-81.3571095,27.4525794],[-81.3571196,27.4525793],[-81.3571297,27.4525791],[-81.3571398,27.452579],[-81.3571499,27.4525789],[-81.35716,27.4525788],[-81.3571701,27.4525787],[-81.3571802,27.4525786],[-81.3571903,27.4525785],[-81.3572003,27.4525783],[-81.3572104,27.4525782],[-81.3572204,27.452578],[-81.3572304,27.4525778],[-81.3572405,27.4525776],[-81.3572506,27.4525775],[-81.3572607,27.4525773],[-81.3572708,27.4525771],[-81.3572809,27.452577],[-81.357291,27.4525768],[-81.3573011,27.4525766],[-81.3573113,27.4525764],[-81.3573214,27.4525763],[-81.3573315,27.4525761],[-81.3573416,27.4525759],[-81.3573517,27.4525757],[-81.3573618,27.4525756],[-81.357372,27.4525754],[-81.3573821,27.4525752],[-81.3573922,27.452575],[-81.3574023,27.4525749],[-81.3574124,27.4525747],[-81.3574225,27.4525745],[-81.3574326,27.4525744],[-81.3574428,27.4525742],[-81.3574529,27.452574],[-81.357463,27.4525738]],[[-81.357675,27.4525694],[-81.3576851,27.4525692],[-81.3576952,27.4525689],[-81.3577054,27.4525687],[-81.3577155,27.4525684],[-81.3577256,27.4525682],[-81.3577357,27.4525679],[-81.3577458,27.4525677],[-81.357756,27.4525675],[-81.3577662,27.4525672],[-81.3577764,27.452567],[-81.3577866,27.4525667]],[[-81.3582091,27.4526139],[-81.3582205,27.4526196],[-81.3582314,27.4526263],[-81.3582424,27.4526332],[-81.3582527,27.4526408],[-81.3582631,27.4526487],[-81.3582729,27.4526572],[-81.3582829,27.4526661],[-81.3582926,27.4526758]],[[-81.3580195,27.4535945],[-81.3580163,27.4536032],[-81.3580132,27.4536118],[-81.3580105,27.4536205],[-81.3580078,27.4536292],[-81.3580051,27.453638],[-81.3580023,27.4536467],[-81.3579996,27.4536556],[-81.3579968,27.4536646],[-81.357994,27.4536737],[-81.3579908,27.4536829],[-81.3579877,27.4536922]],[[-81.3579155,27.4538118],[-81.3579079,27.4538189],[-81.3579006,27.4538257],[-81.3578934,27.4538323],[-81.3578863,27.4538388],[-81.3578791,27.4538452]],[[-81.3578646,27.453858],[-81.3578574,27.4538644],[-81.3578502,27.4538708],[-81.3578429,27.4538772],[-81.3578357,27.4538836],[-81.3578285,27.45389]],[[-81.3577483,27.4539648],[-81.3577408,27.4539713],[-81.3577335,27.4539777],[-81.3577262,27.453984],[-81.357719,27.4539904],[-81.3577117,27.4539967],[-81.3577045,27.454003],[-81.3576973,27.4540093],[-81.35769,27.4540156]],[[-81.3575746,27.4541179],[-81.3575674,27.4541243],[-81.3575603,27.4541307],[-81.3575531,27.4541371],[-81.3575459,27.4541434],[-81.3575388,27.4541498],[-81.3575316,27.4541562],[-81.3575245,27.4541626],[-81.3575173,27.4541689],[-81.3575101,27.4541753]],[[-81.3574959,27.4541881],[-81.3574888,27.4541945],[-81.3574818,27.4542009],[-81.3574748,27.4542073],[-81.3574679,27.4542136],[-81.357461,27.4542198],[-81.3574541,27.4542261],[-81.3574472,27.4542324],[-81.3574404,27.4542389],[-81.3574335,27.4542454],[-81.3574266,27.454252],[-81.3574197,27.4542585],[-81.3574128,27.4542651],[-81.3574059,27.4542717],[-81.3573989,27.4542784],[-81.3573919,27.4542851],[-81.3573849,27.4542918],[-81.3573777,27.4542986],[-81.3573705,27.4543055],[-81.3573631,27.4543125],[-81.3573558,27.4543195],[-81.3573482,27.4543262],[-81.3573407,27.4543329],[-81.3573333,27.4543394],[-81.3573261,27.4543459],[-81.3573187,27.4543521],[-81.3573113,27.4543583],[-81.357304,27.4543645],[-81.3572966,27.4543707],[-81.3572893,27.4543769],[-81.3572818,27.4543831],[-81.3572744,27.4543892],[-81.3572669,27.4543954],[-81.3572593,27.4544016],[-81.3572517,27.4544078],[-81.3572441,27.4544141],[-81.3572364,27.4544204],[-81.3572287,27.4544265],[-81.357221,27.4544327],[-81.3572134,27.4544387],[-81.3572058,27.4544448],[-81.3571982,27.4544509],[-81.3571904,27.4544571],[-81.3571825,27.4544632],[-81.3571745,27.4544693],[-81.3571665,27.4544754],[-81.3571585,27.4544815],[-81.3571505,27.4544876],[-81.3571423,27.4544935],[-81.3571342,27.4544993],[-81.3571262,27.4545051],[-81.3571182,27.4545108],[-81.3571102,27.4545166],[-81.3571022,27.4545224],[-81.3570939,27.454528],[-81.3570857,27.4545337],[-81.3570774,27.4545393],[-81.3570691,27.454545],[-81.3570608,27.4545507],[-81.3570523,27.4545562],[-81.3570437,27.4545616],[-81.3570352,27.454567],[-81.3570267,27.4545725],[-81.3570182,27.4545779],[-81.3570093,27.4545832],[-81.3570003,27.4545884],[-81.3569913,27.4545937],[-81.3569824,27.4545989],[-81.3569733,27.4546038],[-81.3569643,27.4546087],[-81.3569553,27.4546136],[-81.3569463,27.4546185],[-81.3569373,27.4546233],[-81.3569283,27.4546279],[-81.3569192,27.4546324],[-81.3569102,27.4546369],[-81.356901,27.4546415],[-81.3568918,27.4546458],[-81.3568825,27.4546501],[-81.3568732,27.4546544],[-81.3568639,27.4546588],[-81.3568545,27.4546631]],[[-81.3567025,27.4547256],[-81.3566927,27.4547293],[-81.356683,27.4547329],[-81.3566733,27.4547363],[-81.3566638,27.4547396],[-81.3566545,27.4547429]],[[-81.356636,27.4547493],[-81.3566268,27.4547525],[-81.3566175,27.4547557],[-81.3566082,27.454759],[-81.3565987,27.4547623],[-81.3565891,27.4547656],[-81.3565794,27.454769],[-81.3565695,27.4547724],[-81.3565597,27.4547759],[-81.3565499,27.4547793],[-81.3565403,27.4547826],[-81.3565307,27.4547857],[-81.3565211,27.4547888],[-81.3565116,27.4547919],[-81.3565021,27.454795],[-81.3564925,27.454798],[-81.356483,27.4548011],[-81.3564735,27.4548042],[-81.3564639,27.4548073],[-81.3564542,27.4548103],[-81.3564445,27.4548133],[-81.3564348,27.4548164],[-81.3564252,27.4548194],[-81.3564155,27.4548224],[-81.3564059,27.4548253],[-81.3563964,27.4548283],[-81.3563868,27.4548313],[-81.3563773,27.4548343],[-81.3563677,27.4548372],[-81.3563581,27.4548401],[-81.3563485,27.454843],[-81.356339,27.4548459],[-81.3563294,27.4548488],[-81.3563198,27.4548517],[-81.3563102,27.4548546],[-81.3563006,27.4548575],[-81.356291,27.4548604],[-81.3562815,27.4548633],[-81.3562719,27.4548662],[-81.3562623,27.4548691],[-81.3562527,27.454872],[-81.3562431,27.4548749],[-81.3562336,27.4548778],[-81.356224,27.4548806],[-81.3562144,27.4548835],[-81.3562048,27.4548864],[-81.3561952,27.4548893],[-81.3561856,27.4548922],[-81.3561761,27.4548951],[-81.3561665,27.454898],[-81.3561569,27.4549009],[-81.3561473,27.4549038],[-81.3561377,27.4549067]],[[-81.3561186,27.4549125],[-81.356109,27.4549154],[-81.3560994,27.4549183],[-81.3560898,27.4549211],[-81.3560802,27.454924],[-81.3560707,27.4549269],[-81.3560611,27.4549298],[-81.3560515,27.4549328],[-81.356042,27.4549357],[-81.3560324,27.4549386],[-81.3560229,27.4549416],[-81.3560134,27.4549445],[-81.3560038,27.4549474],[-81.3559943,27.4549504],[-81.3559847,27.4549533],[-81.3559751,27.4549563],[-81.3559656,27.4549592],[-81.355956,27.4549622],[-81.3559464,27.4549651],[-81.3559369,27.4549681],[-81.3559273,27.454971],[-81.3559178,27.4549739],[-81.3559082,27.4549769],[-81.3558986,27.4549798],[-81.3558891,27.4549828],[-81.3558795,27.4549857],[-81.3558699,27.4549887],[-81.3558604,27.4549916],[-81.3558508,27.4549945],[-81.3558413,27.4549975],[-81.3558317,27.4550004],[-81.3558221,27.4550034],[-81.3558126,27.4550063],[-81.355803,27.4550093],[-81.3557934,27.4550122],[-81.3557839,27.4550152],[-81.3557743,27.4550181],[-81.3557647,27.455021],[-81.3557552,27.455024],[-81.3557456,27.4550269],[-81.3557361,27.4550299],[-81.3557265,27.4550328],[-81.3557169,27.4550358],[-81.3557074,27.4550387],[-81.3556978,27.4550416],[-81.3556882,27.4550446],[-81.3556787,27.4550475],[-81.3556691,27.4550505],[-81.3556596,27.4550534],[-81.35565,27.4550564],[-81.3556404,27.4550593],[-81.3556309,27.4550623],[-81.3556213,27.4550652],[-81.3556117,27.4550681]],[[-81.3555639,27.4550829],[-81.3555544,27.4550858],[-81.3555448,27.4550887],[-81.3555352,27.4550917],[-81.3555257,27.4550946],[-81.3555161,27.4550976],[-81.3555065,27.4551005],[-81.355497,27.4551035],[-81.3554874,27.4551064],[-81.3554778,27.4551094],[-81.3554683,27.4551123],[-81.3554587,27.4551152],[-81.3554492,27.4551183],[-81.3554397,27.4551213],[-81.3554301,27.4551243],[-81.3554206,27.4551274],[-81.3554111,27.4551304],[-81.3554016,27.4551334],[-81.355392,27.4551365],[-81.3553825,27.4551395],[-81.355373,27.4551425],[-81.3553636,27.4551455],[-81.3553542,27.4551485],[-81.3553449,27.4551515],[-81.3553357,27.4551546],[-81.3553265,27.4551577],[-81.3553174,27.4551608],[-81.3553084,27.4551639],[-81.3552993,27.455167],[-81.3552903,27.4551701],[-81.3552812,27.4551732],[-81.3552722,27.4551765],[-81.3552632,27.4551799],[-81.3552542,27.4551833],[-81.3552451,27.4551867],[-81.3552361,27.4551901],[-81.355227,27.4551935],[-81.3552181,27.4551971],[-81.3552093,27.4552007],[-81.3552005,27.4552043],[-81.3551916,27.4552079],[-81.3551828,27.4552115],[-81.355174,27.4552153],[-81.3551653,27.4552192],[-81.3551566,27.455223],[-81.3551479,27.4552268],[-81.3551392,27.4552307],[-81.3551307,27.4552347],[-81.3551222,27.4552388],[-81.3551137,27.4552428],[-81.3551051,27.4552469],[-81.3550965,27.455251],[-81.355088,27.4552554],[-81.3550795,27.4552598],[-81.3550711,27.4552641],[-81.3550627,27.4552684],[-81.3550542,27.4552728],[-81.3550457,27.4552772],[-81.3550372,27.4552818]],[[-81.3549381,27.455339],[-81.35493,27.4553441],[-81.3549219,27.4553492],[-81.354914,27.4553542],[-81.3549064,27.4553595],[-81.3548988,27.4553648],[-81.3548912,27.4553701],[-81.3548835,27.4553755],[-81.3548759,27.4553811],[-81.3548683,27.4553868],[-81.3548607,27.4553924],[-81.354853,27.4553981],[-81.3548453,27.4554039],[-81.3548376,27.4554097],[-81.3548298,27.4554154],[-81.3548221,27.4554212],[-81.3548142,27.4554269],[-81.3548063,27.4554326],[-81.3547985,27.4554382],[-81.3547906,27.4554438],[-81.3547829,27.4554493],[-81.3547753,27.4554548],[-81.3547677,27.4554602],[-81.3547602,27.4554657]],[[-81.3543259,27.4558376],[-81.3543187,27.455844],[-81.3543116,27.4558504],[-81.3543044,27.4558568],[-81.3542972,27.4558632],[-81.35429,27.4558696],[-81.3542829,27.4558761],[-81.3542758,27.4558827]],[[-81.3538749,27.4562421],[-81.3538678,27.4562487],[-81.3538607,27.4562554],[-81.3538534,27.456262],[-81.353846,27.4562687]],[[-81.3537881,27.4563206],[-81.353781,27.456327],[-81.3537739,27.4563334],[-81.3537667,27.4563398],[-81.3537596,27.4563462],[-81.3537525,27.4563526],[-81.3537453,27.456359],[-81.3537382,27.4563654],[-81.3537311,27.4563718],[-81.3537239,27.4563782],[-81.3537168,27.4563846],[-81.3537097,27.456391],[-81.3537025,27.4563974],[-81.3536954,27.4564038],[-81.3536883,27.4564102],[-81.3536811,27.4564166],[-81.353674,27.456423],[-81.3536669,27.4564294],[-81.3536597,27.4564358],[-81.3536526,27.4564422]],[[-81.3536384,27.4564551],[-81.3536314,27.4564616],[-81.3536243,27.456468],[-81.3536172,27.4564745],[-81.3536102,27.4564809],[-81.3536031,27.4564873],[-81.3535961,27.4564937],[-81.353589,27.4565001],[-81.353582,27.4565065],[-81.3535751,27.4565129],[-81.353568,27.4565193],[-81.353561,27.4565257],[-81.3535539,27.4565321],[-81.3535469,27.4565386],[-81.3535398,27.456545],[-81.3535327,27.4565514],[-81.3535257,27.4565579],[-81.3535186,27.4565643],[-81.3535115,27.4565708],[-81.3535044,27.4565772],[-81.3534973,27.4565837],[-81.3534903,27.4565902],[-81.3534833,27.4565967],[-81.3534763,27.4566032],[-81.3534693,27.4566097],[-81.3534623,27.4566162],[-81.3534553,27.4566227],[-81.3534483,27.4566292],[-81.3534413,27.4566357],[-81.3534342,27.4566423],[-81.3534272,27.4566488],[-81.3534202,27.4566553],[-81.3534132,27.4566618],[-81.3534062,27.4566683],[-81.3533992,27.4566748],[-81.3533922,27.4566813],[-81.3533852,27.4566878],[-81.3533782,27.4566943],[-81.3533712,27.4567008],[-81.3533641,27.4567073],[-81.3533571,27.4567138],[-81.3533501,27.4567203],[-81.3533431,27.4567268],[-81.3533361,27.4567334],[-81.3533291,27.4567399],[-81.3533221,27.4567464],[-81.3533151,27.4567529],[-81.3533081,27.4567594],[-81.3533011,27.4567659],[-81.353294,27.4567724],[-81.353287,27.4567789],[-81.35328,27.4567854],[-81.353273,27.456792],[-81.3532659,27.4567985],[-81.3532588,27.4568051],[-81.3532515,27.4568115],[-81.3532442,27.4568179],[-81.3532369,27.4568244],[-81.3532297,27.4568307],[-81.3532224,27.4568371],[-81.3532152,27.4568434],[-81.353208,27.4568498],[-81.3532008,27.4568561],[-81.3531936,27.4568624],[-81.3531864,27.4568688],[-81.3531792,27.4568751],[-81.353172,27.4568815],[-81.3531649,27.456888],[-81.3531578,27.4568945],[-81.3531507,27.4569011]],[[-81.3526378,27.4572931],[-81.3526261,27.457295],[-81.3526144,27.4572963],[-81.3526027,27.4572975],[-81.3525908,27.4572982],[-81.3525788,27.4572988],[-81.3525666,27.4572987],[-81.3525543,27.4572985],[-81.3525419,27.4572976],[-81.3525294,27.4572966],[-81.3525169,27.457295],[-81.3525047,27.4572933],[-81.3524929,27.4572911],[-81.3524814,27.4572889],[-81.3524705,27.4572864],[-81.3524599,27.4572839],[-81.3524495,27.4572814]],[[-81.3480858,27.4569295],[-81.3480747,27.4569266],[-81.3480635,27.4569235],[-81.3480521,27.4569204],[-81.348041,27.4569165],[-81.3480297,27.4569125]],[[-81.3479526,27.4568661],[-81.3479433,27.4568573],[-81.3479341,27.4568485],[-81.3479257,27.456839],[-81.3479174,27.4568297],[-81.3479103,27.45682],[-81.3479034,27.4568105],[-81.3478967,27.4568014],[-81.3478909,27.4567922],[-81.3478853,27.4567832],[-81.3478797,27.4567743],[-81.3478741,27.4567653],[-81.3478685,27.4567559]],[[-81.3478084,27.4535864],[-81.3478094,27.4535774],[-81.3478101,27.4535685],[-81.3478107,27.4535594],[-81.3478113,27.45355],[-81.347812,27.45354]],[[-81.3478569,27.4533528],[-81.3478581,27.4533443],[-81.3478592,27.4533357],[-81.3478604,27.453327],[-81.3478616,27.4533182]],[[-81.3478763,27.4531108],[-81.3478754,27.4531019],[-81.3478744,27.4530932],[-81.3478735,27.4530848],[-81.3478726,27.4530766],[-81.3478717,27.4530685],[-81.3478704,27.4530607],[-81.347869,27.4530531],[-81.3478676,27.4530456],[-81.3478659,27.4530385],[-81.3478641,27.4530315],[-81.3478623,27.4530247],[-81.34786,27.453018],[-81.3478576,27.4530114]],[[-81.3477499,27.4527177],[-81.3477466,27.4527092],[-81.3477434,27.4527006],[-81.3477402,27.4526921],[-81.3477369,27.4526836],[-81.3477337,27.4526752]],[[-81.3466832,27.4512362],[-81.3466766,27.4512303],[-81.34667,27.4512243],[-81.3466631,27.4512182],[-81.3466561,27.4512119],[-81.346649,27.4512056],[-81.3466418,27.4511993],[-81.3466346,27.451193],[-81.3466274,27.4511866]],[[-81.3462918,27.4508937],[-81.3462847,27.4508873],[-81.3462776,27.4508809],[-81.3462704,27.4508745],[-81.3462633,27.4508681],[-81.3462562,27.4508617],[-81.346249,27.4508553]],[[-81.3460746,27.4506389],[-81.3460706,27.450626],[-81.3460668,27.4506135],[-81.3460643,27.4506011],[-81.346062,27.4505891],[-81.3460606,27.4505772],[-81.3460594,27.4505656],[-81.3460583,27.4505541],[-81.346058,27.4505428],[-81.3460577,27.4505317]],[[-81.3460577,27.4505109],[-81.3460579,27.4505014],[-81.346058,27.4504923],[-81.3460582,27.4504835],[-81.3460583,27.4504748],[-81.3460585,27.450466],[-81.3460586,27.4504569],[-81.3460588,27.4504473]],[[-81.3460715,27.4503151],[-81.3460732,27.4503051],[-81.3460754,27.4502952],[-81.3460777,27.4502852],[-81.3460799,27.4502752],[-81.3460821,27.4502654],[-81.3460849,27.4502555],[-81.3460877,27.4502456],[-81.3460906,27.4502356]],[[-81.3461107,27.4501769],[-81.3461145,27.4501676],[-81.3461183,27.4501583],[-81.3461221,27.4501489],[-81.3461259,27.4501396],[-81.3461298,27.4501301],[-81.3461342,27.4501207],[-81.3461386,27.4501112],[-81.3461431,27.4501017],[-81.3461477,27.4500921],[-81.3461529,27.4500829],[-81.3461581,27.4500737],[-81.3461632,27.4500646],[-81.3461684,27.4500555]],[[-81.3462365,27.4499591],[-81.3462424,27.4499513],[-81.3462484,27.4499432],[-81.3462549,27.449935],[-81.3462615,27.4499265],[-81.3462683,27.4499179],[-81.3462751,27.4499092],[-81.3462819,27.4499008],[-81.3462887,27.4498928],[-81.3462952,27.449885],[-81.3463014,27.4498776],[-81.3463075,27.4498704],[-81.3463133,27.4498634],[-81.3463189,27.4498568],[-81.3463243,27.4498504],[-81.3463294,27.4498442],[-81.3463343,27.4498384],[-81.3463389,27.4498326],[-81.3463433,27.4498267],[-81.3463479,27.4498205],[-81.3463527,27.449814],[-81.3463578,27.4498072],[-81.3463631,27.4498001],[-81.3463684,27.4497928],[-81.3463733,27.4497855],[-81.3463782,27.4497783],[-81.3463829,27.4497712],[-81.3463875,27.4497643],[-81.3463916,27.4497573],[-81.3463957,27.4497506],[-81.3463996,27.4497441],[-81.3464032,27.4497377],[-81.3464065,27.4497314],[-81.3464097,27.4497251],[-81.3464129,27.4497188],[-81.3464156,27.4497123],[-81.3464183,27.4497057],[-81.3464211,27.449699],[-81.346424,27.449692],[-81.3464266,27.4496846],[-81.3464292,27.449677],[-81.3464319,27.449669],[-81.3464347,27.4496607],[-81.3464376,27.4496522],[-81.3464403,27.4496436],[-81.346443,27.4496349],[-81.3464457,27.4496262],[-81.3464485,27.4496175],[-81.3464512,27.4496088],[-81.3464539,27.4496001],[-81.3464567,27.4495914],[-81.3464594,27.4495828],[-81.3464621,27.4495741],[-81.3464648,27.4495654],[-81.3464675,27.4495569],[-81.3464702,27.4495484],[-81.3464727,27.4495401],[-81.3464749,27.4495319],[-81.3464771,27.4495239]],[[-81.346502,27.4492772],[-81.3465029,27.4492672],[-81.3465042,27.4492574],[-81.3465056,27.4492476],[-81.3465069,27.449238],[-81.3465085,27.4492285],[-81.34651,27.449219],[-81.3465115,27.4492097],[-81.3465129,27.4492004],[-81.3465144,27.4491913],[-81.3465159,27.4491821],[-81.3465174,27.4491729],[-81.3465189,27.4491635],[-81.3465204,27.4491541],[-81.3465219,27.4491447],[-81.3465234,27.4491353],[-81.3465252,27.449126],[-81.346527,27.4491167],[-81.3465288,27.4491071],[-81.3465311,27.4490973],[-81.3465334,27.4490874],[-81.3465358,27.4490774],[-81.3465387,27.4490677],[-81.3465415,27.4490581],[-81.3465443,27.4490485],[-81.3465471,27.449039],[-81.3465502,27.4490297],[-81.3465533,27.4490205],[-81.3465563,27.4490116],[-81.3465593,27.4490028],[-81.3465622,27.4489942],[-81.346565,27.4489856],[-81.3465678,27.4489773],[-81.3465701,27.4489691],[-81.3465723,27.4489613],[-81.3465744,27.4489539],[-81.3465765,27.4489468],[-81.3465782,27.4489396],[-81.3465799,27.4489321],[-81.3465817,27.4489241],[-81.3465837,27.4489158],[-81.3465857,27.4489072],[-81.3465877,27.4488984],[-81.3465898,27.4488896],[-81.3465918,27.4488808],[-81.3465939,27.4488719],[-81.346596,27.4488631],[-81.346598,27.4488542],[-81.3466002,27.4488454],[-81.3466025,27.4488366],[-81.3466047,27.4488278],[-81.3466069,27.448819]],[[-81.3466114,27.4488014],[-81.3466136,27.4487925],[-81.3466158,27.4487837],[-81.3466177,27.4487748],[-81.3466196,27.448766],[-81.3466216,27.4487571],[-81.3466235,27.4487481],[-81.3466255,27.4487391],[-81.3466275,27.4487299],[-81.3466295,27.4487205],[-81.3466316,27.448711],[-81.3466337,27.4487014]],[[-81.34664,27.4486727],[-81.3466424,27.4486633],[-81.3466448,27.448654],[-81.3466472,27.4486448],[-81.3466496,27.4486354],[-81.3466524,27.448626],[-81.3466552,27.4486165],[-81.3466582,27.4486068],[-81.3466617,27.4485971],[-81.3466653,27.4485872],[-81.3466689,27.4485771],[-81.3466729,27.4485668],[-81.3466775,27.4485565],[-81.3466823,27.4485463],[-81.3466875,27.4485361],[-81.346693,27.448526],[-81.3466988,27.4485161],[-81.3467049,27.4485062]],[[-81.3467324,27.4484687],[-81.3467398,27.4484598],[-81.3467476,27.448451],[-81.3467555,27.4484426],[-81.3467636,27.4484344],[-81.3467719,27.4484264],[-81.3467803,27.4484187]],[[-81.3468891,27.4483421],[-81.3468986,27.448336],[-81.3469082,27.4483301],[-81.3469176,27.4483245],[-81.3469269,27.4483189]],[[-81.3469452,27.4483086],[-81.3469546,27.4483034],[-81.3469643,27.4482983],[-81.3469743,27.4482932],[-81.3469846,27.4482881],[-81.3469952,27.4482831],[-81.3470063,27.4482782],[-81.3470176,27.4482734],[-81.3470291,27.4482689]],[[-81.3477287,27.4482436],[-81.3477389,27.4482445],[-81.347749,27.4482453],[-81.3477591,27.4482462],[-81.3477691,27.4482468]],[[-81.3478525,27.4482522],[-81.3478615,27.4482528],[-81.3478708,27.4482533],[-81.3478804,27.4482536],[-81.3478901,27.4482539],[-81.3478998,27.4482542],[-81.3479095,27.4482545],[-81.3479193,27.4482548]],[[-81.350396,27.4482481],[-81.3504061,27.4482481],[-81.3504162,27.4482481],[-81.3504263,27.448248],[-81.3504364,27.448248],[-81.3504466,27.448248]],[[-81.3531264,27.4482378],[-81.3531365,27.4482377],[-81.3531467,27.4482377],[-81.353157,27.4482376],[-81.3531672,27.4482375],[-81.3531775,27.4482374],[-81.3531878,27.4482374],[-81.353198,27.4482375],[-81.3532082,27.4482376],[-81.3532183,27.4482376],[-81.3532285,27.4482377],[-81.3532386,27.4482377]],[[-81.3533897,27.448238],[-81.3533998,27.448238],[-81.3534099,27.448238],[-81.35342,27.448238],[-81.3534302,27.448238],[-81.3534403,27.4482379],[-81.3534504,27.4482379],[-81.3534605,27.4482379],[-81.3534706,27.4482379],[-81.3534807,27.4482379]],[[-81.3536938,27.4482376],[-81.3537039,27.4482376],[-81.353714,27.4482376],[-81.3537241,27.4482376],[-81.3537342,27.4482376]],[[-81.3537543,27.4482375],[-81.3537641,27.4482374],[-81.3537739,27.4482373],[-81.3537837,27.4482372],[-81.3537935,27.4482371],[-81.3538034,27.4482371],[-81.3538135,27.448237],[-81.3538235,27.4482369]],[[-81.3539255,27.4482361],[-81.3539356,27.448236],[-81.3539457,27.4482359],[-81.3539558,27.4482359],[-81.353966,27.4482358],[-81.3539761,27.4482357],[-81.3539862,27.4482356],[-81.3539963,27.4482355]],[[-81.3540566,27.4482349],[-81.3540666,27.4482347],[-81.3540767,27.4482345],[-81.3540868,27.4482343],[-81.3540969,27.4482341],[-81.354107,27.4482339],[-81.3541172,27.4482337],[-81.3541273,27.4482336],[-81.3541374,27.4482334],[-81.3541476,27.4482332],[-81.3541578,27.448233],[-81.3541681,27.4482328],[-81.3541788,27.4482326],[-81.3541897,27.4482326],[-81.3542011,27.4482327],[-81.3542128,27.4482329],[-81.3542248,27.4482331],[-81.3542368,27.4482336]],[[-81.3543051,27.4482368],[-81.3543135,27.448237],[-81.3543222,27.4482372],[-81.3543313,27.4482373],[-81.3543406,27.4482373],[-81.3543501,27.4482372],[-81.3543598,27.448237],[-81.3543696,27.4482369],[-81.3543796,27.4482368],[-81.3543896,27.4482366],[-81.3543997,27.4482365],[-81.3544098,27.4482363],[-81.3544199,27.4482362],[-81.35443,27.448236]],[[-81.3544502,27.4482357],[-81.3544603,27.4482356],[-81.3544704,27.4482354],[-81.3544806,27.4482353],[-81.3544907,27.4482351],[-81.3545007,27.448235],[-81.3545108,27.4482349],[-81.3545207,27.4482347],[-81.3545303,27.4482346]],[[-81.3545736,27.4482336],[-81.3545824,27.4482331],[-81.3545918,27.4482327],[-81.3546019,27.4482321],[-81.3546127,27.4482312],[-81.354624,27.4482303],[-81.3546356,27.4482294],[-81.3546471,27.4482284],[-81.3546583,27.4482275],[-81.3546692,27.4482267],[-81.3546798,27.4482258],[-81.3546905,27.4482254],[-81.3547012,27.4482251],[-81.3547119,27.4482248],[-81.3547225,27.4482244],[-81.354733,27.4482241],[-81.3547433,27.448224],[-81.3547535,27.4482241],[-81.3547638,27.4482242],[-81.3547741,27.4482242],[-81.3547844,27.4482243],[-81.3547947,27.4482243],[-81.354805,27.4482244],[-81.3548153,27.4482245],[-81.3548254,27.4482245],[-81.3548356,27.4482246],[-81.3548457,27.4482246],[-81.3548558,27.4482247],[-81.3548659,27.4482248],[-81.3548759,27.4482248],[-81.3548858,27.4482249],[-81.3548957,27.4482248],[-81.3549056,27.4482247],[-81.3549155,27.4482246],[-81.3549255,27.4482245],[-81.3549355,27.4482244],[-81.3549456,27.4482243],[-81.3549557,27.4482242],[-81.3549658,27.4482241],[-81.3549759,27.448224],[-81.354986,27.4482239],[-81.3549961,27.4482238],[-81.3550063,27.4482237],[-81.3550164,27.4482236],[-81.3550266,27.4482235],[-81.3550369,27.4482234],[-81.3550471,27.4482234],[-81.3550574,27.4482234],[-81.3550677,27.4482234],[-81.3550779,27.4482233],[-81.3550881,27.4482233],[-81.3550983,27.4482233],[-81.3551084,27.4482233],[-81.3551185,27.4482233],[-81.3551286,27.4482232],[-81.3551387,27.4482232],[-81.3551488,27.4482232],[-81.355159,27.4482232],[-81.3551691,27.4482232],[-81.3551792,27.4482232],[-81.3551893,27.4482231],[-81.3551994,27.4482231],[-81.3552095,27.4482231],[-81.3552196,27.4482231],[-81.3552297,27.4482231],[-81.3552398,27.4482231],[-81.3552497,27.448223],[-81.3552597,27.448223],[-81.3552696,27.448223],[-81.3552795,27.4482229],[-81.3552895,27.4482228],[-81.3552996,27.4482227],[-81.3553097,27.4482226],[-81.3553198,27.4482225],[-81.3553299,27.4482224],[-81.35534,27.4482223],[-81.3553501,27.4482222],[-81.3553602,27.4482221],[-81.3553704,27.448222],[-81.3553805,27.4482219],[-81.3553906,27.4482218],[-81.3554007,27.4482217],[-81.3554108,27.4482216],[-81.3554209,27.4482214],[-81.3554311,27.4482213],[-81.3554412,27.4482212],[-81.3554513,27.4482211],[-81.3554614,27.448221],[-81.3554715,27.4482209],[-81.3554816,27.4482208],[-81.3554917,27.4482207],[-81.3555019,27.4482206],[-81.355512,27.4482205],[-81.3555221,27.4482204],[-81.3555322,27.4482203],[-81.3555423,27.4482202],[-81.3555524,27.4482201],[-81.3555626,27.44822],[-81.3555727,27.4482199],[-81.3555829,27.4482197],[-81.3555931,27.4482196],[-81.3556034,27.4482195],[-81.3556136,27.4482195],[-81.3556239,27.4482194],[-81.3556341,27.4482194]],[[-81.3556544,27.4482193],[-81.3556645,27.4482193],[-81.3556746,27.4482192],[-81.3556847,27.4482192],[-81.3556948,27.4482191],[-81.355705,27.4482191],[-81.3557151,27.448219],[-81.3557252,27.448219],[-81.3557353,27.448219],[-81.3557454,27.4482189],[-81.3557555,27.4482188],[-81.3557655,27.4482186],[-81.3557755,27.4482184],[-81.3557853,27.4482182],[-81.355795,27.4482181],[-81.3558047,27.4482179],[-81.3558145,27.4482177],[-81.3558244,27.4482176],[-81.3558344,27.4482174],[-81.3558445,27.4482172],[-81.3558548,27.448217],[-81.3558652,27.4482169],[-81.3558758,27.4482167],[-81.3558867,27.4482167],[-81.3558977,27.4482168],[-81.3559088,27.4482169],[-81.35592,27.4482171],[-81.3559312,27.4482174],[-81.3559423,27.4482177],[-81.3559531,27.4482181],[-81.3559636,27.4482184],[-81.3559736,27.4482187],[-81.3559831,27.448219],[-81.3559921,27.4482193],[-81.3560007,27.4482194],[-81.356009,27.4482195],[-81.3560172,27.4482195]],[[-81.3560345,27.4482194],[-81.3560437,27.4482191],[-81.3560534,27.4482187],[-81.3560634,27.4482184],[-81.3560737,27.448218],[-81.3560843,27.4482176],[-81.356095,27.4482172],[-81.3561058,27.4482168],[-81.3561166,27.4482164],[-81.3561271,27.448216],[-81.3561374,27.4482156],[-81.3561476,27.4482152],[-81.3561578,27.4482148],[-81.3561679,27.4482145],[-81.356178,27.4482141],[-81.356188,27.4482137],[-81.3561981,27.4482133],[-81.356208,27.448213],[-81.356218,27.4482124],[-81.3562279,27.4482119],[-81.3562378,27.4482113],[-81.3562478,27.4482107],[-81.3562579,27.4482102],[-81.3562679,27.4482096],[-81.3562781,27.448209],[-81.3562882,27.4482085],[-81.3562986,27.4482079],[-81.3563091,27.4482073],[-81.35632,27.4482067],[-81.3563313,27.4482061],[-81.3563429,27.4482057],[-81.3563546,27.4482054],[-81.3563664,27.4482051],[-81.3563781,27.4482054],[-81.3563898,27.4482057],[-81.3564014,27.448206],[-81.3564127,27.4482063],[-81.3564237,27.4482071],[-81.3564343,27.4482079],[-81.3564447,27.4482089],[-81.356455,27.44821],[-81.3564653,27.4482111],[-81.3564757,27.4482124],[-81.3564864,27.4482139],[-81.3564974,27.4482154],[-81.3565084,27.4482169],[-81.3565191,27.4482187],[-81.3565297,27.4482206]],[[-81.3566592,27.4482531],[-81.3566707,27.4482578],[-81.3566818,27.4482629],[-81.3566926,27.448268],[-81.3567032,27.4482735],[-81.3567135,27.4482792],[-81.356724,27.4482849],[-81.3567342,27.448291],[-81.3567441,27.4482975],[-81.3567541,27.4483039],[-81.3567639,27.4483103],[-81.3567731,27.4483169],[-81.3567818,27.4483235],[-81.3567902,27.4483298],[-81.3567982,27.4483358],[-81.356806,27.4483418],[-81.3568138,27.4483476],[-81.3568214,27.4483533],[-81.3568288,27.448359],[-81.356836,27.4483644],[-81.3568431,27.4483698],[-81.3568501,27.4483748],[-81.3568571,27.4483798],[-81.3568641,27.4483848],[-81.3568712,27.4483896],[-81.3568785,27.4483943],[-81.3568859,27.4483991],[-81.3568933,27.4484039],[-81.3569009,27.4484085],[-81.3569087,27.4484132],[-81.3569166,27.4484179],[-81.3569245,27.4484226],[-81.3569326,27.4484272],[-81.3569408,27.4484318],[-81.356949,27.4484364],[-81.3569572,27.4484409],[-81.3569655,27.4484455],[-81.3569739,27.44845],[-81.3569824,27.4484545],[-81.356991,27.4484591],[-81.3569996,27.4484637],[-81.3570083,27.4484683],[-81.357017,27.4484729],[-81.3570257,27.4484775],[-81.3570344,27.4484821],[-81.3570431,27.4484867],[-81.3570518,27.4484914],[-81.3570606,27.448496],[-81.3570695,27.4485007],[-81.3570786,27.4485056],[-81.357088,27.4485105],[-81.3570976,27.4485156],[-81.3571071,27.4485211],[-81.3571167,27.4485266],[-81.3571262,27.448532],[-81.3571357,27.4485379],[-81.3571452,27.4485439],[-81.3571549,27.4485499],[-81.3571642,27.4485563],[-81.3571734,27.4485626],[-81.3571825,27.4485689],[-81.3571915,27.4485751],[-81.3572002,27.4485812],[-81.3572084,27.4485873],[-81.3572164,27.4485934],[-81.3572242,27.4485993],[-81.3572319,27.4486051],[-81.3572397,27.448611],[-81.3572473,27.4486168],[-81.3572549,27.4486226],[-81.3572623,27.4486285],[-81.3572697,27.4486343],[-81.3572771,27.44864],[-81.3572846,27.4486458],[-81.3572921,27.4486517],[-81.3572996,27.4486576],[-81.3573072,27.4486635],[-81.3573148,27.4486694],[-81.3573224,27.4486754],[-81.35733,27.4486813],[-81.3573377,27.4486873],[-81.3573453,27.4486932],[-81.3573529,27.4486991],[-81.3573604,27.4487051],[-81.357368,27.4487111],[-81.3573756,27.4487171],[-81.3573831,27.4487232],[-81.3573907,27.4487292],[-81.3573982,27.4487352],[-81.3574058,27.4487412],[-81.3574133,27.4487472],[-81.3574208,27.4487531],[-81.3574283,27.4487591],[-81.3574357,27.448765],[-81.3574431,27.4487709],[-81.3574505,27.4487768],[-81.3574579,27.4487827],[-81.3574654,27.4487886],[-81.3574729,27.4487946],[-81.3574805,27.4488006],[-81.3574882,27.4488068],[-81.357496,27.4488132],[-81.3575039,27.44882],[-81.3575121,27.4488271],[-81.3575207,27.4488344],[-81.3575292,27.4488422],[-81.3575376,27.4488507],[-81.3575462,27.4488594],[-81.3575547,27.4488687],[-81.3575629,27.4488785],[-81.3575711,27.4488884],[-81.3575786,27.4488986],[-81.3575855,27.448909],[-81.3575924,27.4489192],[-81.3575985,27.4489295],[-81.3576042,27.4489397],[-81.3576097,27.4489498],[-81.3576146,27.4489599],[-81.3576192,27.44897],[-81.3576237,27.4489799],[-81.3576281,27.4489895],[-81.3576319,27.448999],[-81.3576354,27.4490081],[-81.3576388,27.449017],[-81.3576421,27.4490257],[-81.3576453,27.4490344],[-81.3576483,27.4490432],[-81.3576515,27.4490522],[-81.3576547,27.4490616],[-81.3576581,27.4490713],[-81.3576615,27.4490812],[-81.3576646,27.4490914],[-81.3576677,27.4491015],[-81.3576706,27.4491114],[-81.3576734,27.449121],[-81.3576761,27.4491301],[-81.3576787,27.4491389],[-81.3576813,27.4491474],[-81.3576834,27.449156],[-81.3576856,27.4491648],[-81.3576878,27.4491739],[-81.3576901,27.4491833],[-81.3576924,27.449193],[-81.3576948,27.4492029],[-81.3576967,27.4492128],[-81.3576984,27.4492228],[-81.3577,27.4492327],[-81.3577017,27.4492427],[-81.3577034,27.4492528],[-81.3577046,27.4492631],[-81.3577056,27.4492735],[-81.3577065,27.449284],[-81.3577075,27.4492945],[-81.3577079,27.449305],[-81.3577081,27.4493153],[-81.3577084,27.4493256],[-81.3577086,27.4493357],[-81.3577087,27.4493456],[-81.3577084,27.4493552],[-81.3577079,27.4493645],[-81.3577074,27.4493738],[-81.3577069,27.4493831],[-81.3577064,27.4493926],[-81.3577056,27.4494026],[-81.3577043,27.4494131],[-81.3577028,27.4494242],[-81.3577008,27.4494357],[-81.3576987,27.4494477],[-81.3576962,27.4494602],[-81.357693,27.449473]],[[-81.3576472,27.4495634],[-81.3576425,27.4495719],[-81.3576374,27.4495805],[-81.357632,27.4495892],[-81.3576265,27.449598],[-81.3576206,27.4496068],[-81.3576146,27.4496155],[-81.3576084,27.4496243],[-81.3576021,27.449633],[-81.3575956,27.4496415]],[[-81.3575544,27.4496893],[-81.3575474,27.4496967],[-81.3575405,27.4497038],[-81.3575338,27.4497107],[-81.3575272,27.4497176],[-81.3575205,27.4497245],[-81.3575139,27.4497313],[-81.3575073,27.4497382],[-81.3575007,27.449745],[-81.3574942,27.4497518],[-81.3574876,27.4497586],[-81.3574812,27.4497653],[-81.3574749,27.4497718],[-81.3574691,27.4497783],[-81.3574635,27.4497847],[-81.357458,27.4497908],[-81.3574526,27.4497969],[-81.3574477,27.4498033],[-81.3574429,27.4498098],[-81.3574382,27.4498166],[-81.3574336,27.4498236],[-81.3574289,27.4498308],[-81.3574244,27.4498381],[-81.3574198,27.4498458]],[[-81.3574104,27.4498614],[-81.3574056,27.4498693],[-81.3574008,27.4498773],[-81.357396,27.4498854],[-81.3573911,27.4498935]],[[-81.357381,27.4499104],[-81.3573758,27.4499191],[-81.3573705,27.4499279],[-81.3573648,27.4499367],[-81.3573589,27.4499455],[-81.3573529,27.4499544],[-81.3573465,27.4499632]],[[-81.3573333,27.4499807],[-81.3573264,27.4499893],[-81.3573191,27.4499979],[-81.3573116,27.4500064],[-81.3573039,27.4500147],[-81.3572958,27.4500227],[-81.3572876,27.4500305],[-81.3572794,27.4500384],[-81.3572708,27.4500459]],[[-81.3572053,27.4500943],[-81.3571954,27.4501003],[-81.3571857,27.4501063],[-81.357176,27.4501122],[-81.3571663,27.4501177],[-81.3571568,27.450123],[-81.3571475,27.4501282],[-81.3571382,27.4501334],[-81.3571288,27.4501386],[-81.3571191,27.4501436],[-81.3571092,27.4501487],[-81.3570992,27.4501538],[-81.3570894,27.4501588],[-81.3570797,27.4501634],[-81.3570702,27.4501679],[-81.357061,27.4501722],[-81.3570521,27.4501764],[-81.3570435,27.4501804],[-81.357035,27.4501842],[-81.3570263,27.4501881],[-81.3570173,27.450192],[-81.3570078,27.4501962],[-81.3569976,27.4502005],[-81.3569868,27.4502048],[-81.3569758,27.4502093],[-81.3569647,27.4502137],[-81.3569535,27.4502176],[-81.3569425,27.4502214],[-81.3569316,27.4502252],[-81.3569209,27.4502288],[-81.3569103,27.450232],[-81.3569,27.4502351],[-81.35689,27.450238],[-81.3568802,27.4502409],[-81.3568706,27.4502436],[-81.3568612,27.4502462],[-81.3568518,27.4502489],[-81.3568424,27.4502515],[-81.3568329,27.4502541],[-81.3568234,27.4502568],[-81.3568137,27.4502594],[-81.356804,27.4502621],[-81.3567941,27.4502649],[-81.356784,27.4502677],[-81.3567737,27.4502706],[-81.3567631,27.4502735],[-81.3567524,27.4502762],[-81.3567415,27.4502788],[-81.3567304,27.4502815],[-81.356719,27.4502839],[-81.3567072,27.4502862],[-81.3566953,27.4502885],[-81.3566833,27.4502904],[-81.3566715,27.450292],[-81.3566597,27.4502933],[-81.3566481,27.4502943],[-81.3566367,27.4502954],[-81.3566255,27.4502961],[-81.3566147,27.4502968],[-81.3566042,27.4502974],[-81.3565938,27.450298],[-81.3565836,27.4502986],[-81.3565735,27.4502992],[-81.3565633,27.4502998],[-81.3565532,27.4503004]],[[-81.3565028,27.4503037],[-81.3564927,27.4503044],[-81.3564826,27.4503051],[-81.3564725,27.4503058],[-81.3564624,27.4503065],[-81.3564522,27.4503072],[-81.3564419,27.4503079],[-81.3564313,27.4503083],[-81.3564205,27.4503087],[-81.3564094,27.4503091],[-81.3563981,27.4503092],[-81.3563869,27.4503091],[-81.3563758,27.4503091],[-81.356365,27.4503086],[-81.3563544,27.450308],[-81.3563439,27.4503075],[-81.3563337,27.450307],[-81.3563235,27.4503065],[-81.3563134,27.450306],[-81.3563032,27.4503055],[-81.3562931,27.450305],[-81.3562829,27.4503045],[-81.3562728,27.4503041],[-81.3562626,27.4503038],[-81.3562522,27.4503036],[-81.3562416,27.4503033],[-81.3562307,27.450303],[-81.3562196,27.450303],[-81.3562085,27.4503032],[-81.3561976,27.4503033],[-81.356187,27.4503035],[-81.3561766,27.4503036]],[[-81.3561563,27.4503039],[-81.3561464,27.4503041],[-81.3561365,27.4503042],[-81.3561269,27.4503044],[-81.3561174,27.4503045],[-81.3561079,27.4503046],[-81.3560983,27.4503048],[-81.3560885,27.4503049],[-81.3560787,27.4503051],[-81.3560688,27.4503052]],[[-81.3560495,27.4503055],[-81.3560398,27.4503055],[-81.3560301,27.4503055],[-81.3560203,27.4503055],[-81.3560105,27.4503055],[-81.3560006,27.4503056],[-81.3559908,27.4503056],[-81.355981,27.4503056],[-81.3559712,27.4503056],[-81.3559612,27.4503056],[-81.3559511,27.4503056],[-81.355941,27.4503056],[-81.3559309,27.4503056],[-81.3559207,27.4503056],[-81.3559105,27.4503056],[-81.3559002,27.4503057],[-81.3558898,27.4503057],[-81.3558792,27.4503057],[-81.3558687,27.4503057],[-81.3558581,27.4503057],[-81.3558475,27.4503055],[-81.3558368,27.4503053],[-81.355826,27.4503051],[-81.3558153,27.4503049],[-81.3558047,27.4503047],[-81.3557942,27.4503045],[-81.355784,27.4503043],[-81.3557738,27.4503039],[-81.3557637,27.4503036],[-81.3557536,27.4503032],[-81.3557434,27.4503029],[-81.3557333,27.4503025],[-81.3557232,27.4503022],[-81.3557131,27.4503018],[-81.355703,27.4503015],[-81.355693,27.4503011],[-81.355683,27.4503008],[-81.3556732,27.4503004],[-81.3556635,27.4503001],[-81.355654,27.4502998],[-81.3556444,27.4502995],[-81.3556348,27.4502991],[-81.3556249,27.4502991],[-81.3556149,27.450299],[-81.3556049,27.4502989],[-81.3555948,27.4502989],[-81.3555847,27.4502988],[-81.3555745,27.4502988],[-81.3555644,27.4502987],[-81.3555543,27.4502987],[-81.3555441,27.4502986],[-81.3555339,27.4502986],[-81.3555235,27.4502985],[-81.3555131,27.4502985],[-81.3555025,27.4502984],[-81.3554919,27.4502984],[-81.3554815,27.4502983],[-81.3554711,27.4502983],[-81.3554609,27.4502982],[-81.3554508,27.4502982],[-81.3554407,27.4502981],[-81.3554307,27.4502981],[-81.3554207,27.450298]]]}},{"type":"Feature","properties":{"role":"edge_unseen","side":"right","note":"bridged: the edge was not seen in the imagery here"},"geometry":{"type":"MultiLineString","coordinates":[[[-81.3510281,27.4501685],[-81.3510173,27.4501681],[-81.3510066,27.4501677],[-81.350996,27.4501677],[-81.3509854,27.4501676],[-81.3509751,27.4501679],[-81.3509648,27.4501682]],[[-81.3499701,27.450172],[-81.3499599,27.4501719],[-81.3499497,27.4501717],[-81.3499394,27.4501716],[-81.349929,27.4501714],[-81.3499186,27.4501713],[-81.3499083,27.4501711]],[[-81.3498778,27.4501704],[-81.3498678,27.4501701],[-81.349858,27.4501698],[-81.3498484,27.4501695],[-81.3498389,27.4501693],[-81.3498294,27.450169],[-81.3498198,27.4501685],[-81.34981,27.4501681],[-81.3498001,27.4501677],[-81.34979,27.4501672],[-81.3497799,27.4501668],[-81.3497698,27.4501663],[-81.3497597,27.4501658],[-81.3497495,27.4501654],[-81.3497392,27.4501649],[-81.3497289,27.4501645],[-81.3497185,27.4501643],[-81.349708,27.4501641],[-81.3496977,27.4501639],[-81.3496873,27.4501637],[-81.349677,27.4501635],[-81.3496665,27.4501636],[-81.3496559,27.4501637],[-81.3496451,27.4501638],[-81.3496343,27.4501639],[-81.3496237,27.450164],[-81.3496132,27.4501641],[-81.3496027,27.4501643],[-81.3495922,27.4501648],[-81.3495815,27.4501653],[-81.3495706,27.4501658],[-81.3495598,27.4501663],[-81.3495491,27.4501668],[-81.3495386,27.4501673],[-81.3495283,27.4501678],[-81.3495181,27.4501683],[-81.3495078,27.4501691],[-81.3494973,27.4501699],[-81.3494866,27.4501707],[-81.3494757,27.4501716],[-81.3494648,27.4501724],[-81.3494539,27.4501736],[-81.3494429,27.4501749],[-81.3494317,27.4501761],[-81.3494204,27.4501774],[-81.349409,27.4501787],[-81.3493978,27.4501804],[-81.3493867,27.450182],[-81.3493757,27.4501837],[-81.3493649,27.4501854],[-81.3493543,27.4501874],[-81.3493438,27.4501894],[-81.3493332,27.4501914],[-81.3493225,27.4501934],[-81.3493116,27.4501956],[-81.3493008,27.4501981],[-81.3492901,27.4502006],[-81.3492794,27.4502031],[-81.3492686,27.4502056],[-81.3492578,27.4502081],[-81.3492469,27.4502108],[-81.3492361,27.4502138],[-81.3492252,27.4502167],[-81.3492142,27.4502196],[-81.3492033,27.4502225],[-81.3491925,27.4502254],[-81.3491818,27.4502287],[-81.3491714,27.4502321],[-81.3491611,27.4502353],[-81.349151,27.4502386],[-81.349141,27.4502417],[-81.3491313,27.4502452],[-81.3491214,27.4502488],[-81.3491115,27.4502525],[-81.3491014,27.4502562],[-81.3490915,27.4502601],[-81.3490816,27.4502643],[-81.3490716,27.4502684],[-81.3490616,27.4502726],[-81.3490515,27.4502768],[-81.3490415,27.4502814],[-81.3490316,27.4502861],[-81.3490218,27.4502908],[-81.349012,27.4502954],[-81.3490023,27.4503001],[-81.3489927,27.4503049],[-81.3489833,27.4503099],[-81.3489738,27.450315],[-81.3489642,27.4503201],[-81.3489548,27.4503255],[-81.3489454,27.450331],[-81.3489361,27.4503366],[-81.3489269,27.4503421],[-81.3489176,27.4503475],[-81.3489086,27.4503533],[-81.3488995,27.4503593],[-81.3488904,27.4503654],[-81.3488812,27.4503715],[-81.3488721,27.4503775],[-81.3488634,27.4503838],[-81.3488548,27.4503901],[-81.3488461,27.4503964],[-81.3488375,27.4504026],[-81.3488293,27.4504092],[-81.3488211,27.4504157],[-81.3488128,27.4504223],[-81.3488046,27.4504289]],[[-81.3487887,27.450443],[-81.3487808,27.45045],[-81.3487729,27.450457],[-81.3487651,27.450464],[-81.3487576,27.4504712],[-81.3487502,27.4504784],[-81.3487427,27.4504857],[-81.3487354,27.4504933],[-81.3487281,27.4505009],[-81.348721,27.4505083],[-81.3487139,27.4505157],[-81.3487071,27.4505233],[-81.3487002,27.450531],[-81.3486932,27.4505389],[-81.3486864,27.4505471],[-81.3486796,27.4505554],[-81.3486728,27.4505636],[-81.3486663,27.4505721],[-81.3486597,27.4505806],[-81.3486533,27.4505891],[-81.3486472,27.4505978],[-81.3486411,27.4506066],[-81.348635,27.4506154],[-81.3486293,27.4506245],[-81.3486236,27.4506335],[-81.348618,27.4506426],[-81.3486128,27.4506517],[-81.3486077,27.4506607],[-81.3486028,27.4506697],[-81.3485981,27.4506788],[-81.3485935,27.450688],[-81.348589,27.4506973],[-81.3485847,27.4507066],[-81.3485805,27.4507158],[-81.3485764,27.4507249],[-81.3485724,27.4507341],[-81.3485686,27.4507432],[-81.3485648,27.4507524],[-81.3485611,27.4507614],[-81.3485575,27.4507704],[-81.3485541,27.4507793],[-81.3485508,27.450788],[-81.3485475,27.4507966],[-81.3485443,27.4508053],[-81.3485412,27.450814],[-81.3485381,27.4508229],[-81.348535,27.4508317],[-81.3485319,27.4508407],[-81.348529,27.4508496],[-81.3485261,27.4508585],[-81.3485232,27.4508675],[-81.3485204,27.4508766],[-81.3485178,27.4508858],[-81.3485151,27.4508951],[-81.3485124,27.4509045],[-81.3485098,27.4509139],[-81.3485074,27.4509233],[-81.348505,27.4509327],[-81.3485026,27.4509421],[-81.3485004,27.4509515],[-81.3484984,27.450961],[-81.3484964,27.4509704],[-81.3484944,27.4509799],[-81.3484924,27.4509893],[-81.3484904,27.4509987],[-81.3484886,27.4510081],[-81.348487,27.4510175],[-81.3484854,27.4510269],[-81.3484838,27.4510365],[-81.3484821,27.4510464],[-81.3484807,27.4510565],[-81.3484795,27.4510668],[-81.3484783,27.451077],[-81.3484771,27.4510872],[-81.3484759,27.4510971],[-81.3484753,27.4511069],[-81.3484746,27.4511167],[-81.348474,27.4511264],[-81.3484734,27.4511361],[-81.3484728,27.4511457],[-81.3484726,27.4511551],[-81.3484724,27.4511645],[-81.3484722,27.4511739],[-81.3484723,27.4511834],[-81.3484725,27.4511931],[-81.3484727,27.4512029],[-81.3484733,27.4512127],[-81.348474,27.4512225],[-81.3484747,27.4512324],[-81.3484755,27.4512421],[-81.3484762,27.4512519],[-81.3484774,27.4512615],[-81.3484787,27.4512709],[-81.3484799,27.4512803],[-81.3484812,27.4512896],[-81.3484824,27.4512989],[-81.3484839,27.451308],[-81.3484854,27.4513172],[-81.3484869,27.4513264],[-81.3484885,27.4513356],[-81.34849,27.4513447],[-81.3484915,27.4513538],[-81.348493,27.4513628],[-81.3484945,27.4513716],[-81.348496,27.4513804],[-81.3484974,27.4513891],[-81.3484988,27.4513976],[-81.3485002,27.451406],[-81.3485013,27.4514144],[-81.3485023,27.4514226],[-81.3485032,27.4514306],[-81.3485037,27.4514384],[-81.3485042,27.451446],[-81.3485046,27.4514532],[-81.3485046,27.4514601],[-81.3485045,27.4514669],[-81.3485042,27.4514737],[-81.3485036,27.4514806],[-81.3485031,27.4514879],[-81.3485022,27.4514956],[-81.348501,27.4515036],[-81.3484997,27.451512],[-81.3484984,27.4515206],[-81.348497,27.4515295],[-81.3484956,27.4515386],[-81.3484942,27.4515477],[-81.3484928,27.4515569],[-81.3484914,27.4515661],[-81.34849,27.4515753],[-81.3484886,27.4515844]],[[-81.3487409,27.452927],[-81.3487423,27.4529365],[-81.348744,27.4529462],[-81.3487456,27.4529558],[-81.3487475,27.4529654],[-81.3487497,27.4529749],[-81.3487518,27.4529845],[-81.3487539,27.452994],[-81.3487563,27.4530035],[-81.3487588,27.4530129],[-81.3487612,27.4530221],[-81.3487636,27.4530311],[-81.3487659,27.45304],[-81.3487682,27.4530486]],[[-81.348795,27.4532324],[-81.3487961,27.453241],[-81.3487972,27.4532496],[-81.3487983,27.4532582],[-81.3487994,27.4532669],[-81.3488004,27.4532755],[-81.3488015,27.4532841],[-81.3488024,27.4532927],[-81.3488032,27.4533013],[-81.348804,27.4533099],[-81.3488048,27.4533186]],[[-81.3488105,27.4537315],[-81.3488105,27.4537405],[-81.3488105,27.4537495],[-81.3488105,27.4537585],[-81.3488105,27.4537676],[-81.3488105,27.4537766],[-81.3488106,27.4537856],[-81.3488106,27.4537946],[-81.3488106,27.4538037],[-81.3488106,27.4538127]],[[-81.3488106,27.4538307],[-81.3488106,27.4538397],[-81.3488107,27.4538488],[-81.3488107,27.4538577],[-81.3488107,27.4538667],[-81.3488107,27.4538757],[-81.3488106,27.4538847]],[[-81.3488862,27.4544241],[-81.3488921,27.4544327],[-81.3488982,27.4544413],[-81.3489045,27.4544501],[-81.3489114,27.4544585],[-81.3489187,27.4544669],[-81.3489259,27.4544752],[-81.3489337,27.4544832],[-81.3489418,27.4544909],[-81.3489497,27.4544987],[-81.3489582,27.454506],[-81.3489667,27.454513],[-81.3489752,27.45452],[-81.3489841,27.4545266],[-81.3489931,27.454533],[-81.349002,27.4545393],[-81.3490111,27.4545453],[-81.3490203,27.4545511],[-81.3490294,27.4545569],[-81.3490386,27.4545622],[-81.3490478,27.4545675],[-81.349057,27.4545727],[-81.3490662,27.4545779],[-81.3490756,27.4545828],[-81.3490852,27.4545876]],[[-81.3518783,27.4536225],[-81.3518851,27.4536161],[-81.3518919,27.4536097],[-81.3518987,27.4536034],[-81.3519056,27.453597],[-81.3519125,27.4535905],[-81.3519193,27.4535842],[-81.3519264,27.453578],[-81.3519335,27.4535718],[-81.3519406,27.4535657],[-81.3519478,27.4535595],[-81.351955,27.4535532],[-81.3519622,27.453547]],[[-81.3545817,27.4526895],[-81.3545915,27.4526895],[-81.3546014,27.4526896],[-81.3546113,27.4526896],[-81.3546213,27.4526896],[-81.3546313,27.4526897],[-81.3546414,27.4526897],[-81.3546515,27.4526897],[-81.3546616,27.4526898],[-81.3546717,27.4526898],[-81.3546819,27.4526899],[-81.354692,27.4526899],[-81.3547021,27.4526899],[-81.3547122,27.45269],[-81.3547223,27.45269],[-81.3547324,27.45269],[-81.3547426,27.4526901],[-81.3547527,27.4526901],[-81.3547628,27.4526901],[-81.3547729,27.4526902],[-81.354783,27.4526902],[-81.3547931,27.4526903],[-81.3548032,27.4526903],[-81.3548132,27.4526903],[-81.3548231,27.4526904],[-81.3548329,27.4526904],[-81.3548428,27.4526906],[-81.3548527,27.4526908],[-81.3548626,27.452691],[-81.3548726,27.4526912],[-81.3548825,27.4526915],[-81.3548925,27.4526917],[-81.3549024,27.4526919],[-81.3549124,27.4526921],[-81.3549225,27.4526923],[-81.3549325,27.4526925],[-81.3549426,27.4526927],[-81.3549528,27.452693],[-81.3549629,27.4526932],[-81.3549731,27.4526934],[-81.3549833,27.4526936],[-81.3549936,27.4526938],[-81.355004,27.4526941],[-81.3550143,27.4526943],[-81.3550247,27.4526944],[-81.3550349,27.4526944],[-81.3550452,27.4526945],[-81.3550554,27.4526946],[-81.3550657,27.4526947],[-81.3550761,27.4526947],[-81.3550865,27.4526948],[-81.3550968,27.4526949],[-81.355107,27.4526948],[-81.3551172,27.4526948],[-81.3551273,27.4526947],[-81.3551375,27.4526947],[-81.3551476,27.4526946],[-81.3551577,27.4526945],[-81.3551678,27.4526945],[-81.3551779,27.4526944],[-81.355188,27.4526943],[-81.3551982,27.4526943],[-81.3552083,27.4526942],[-81.3552184,27.4526942],[-81.3552285,27.4526941],[-81.3552386,27.452694],[-81.3552487,27.452694],[-81.3552589,27.4526939],[-81.355269,27.4526939],[-81.3552791,27.4526938],[-81.3552892,27.4526937],[-81.3552993,27.4526937],[-81.3553094,27.4526936],[-81.3553196,27.4526935],[-81.3553297,27.4526935],[-81.3553398,27.4526934],[-81.3553499,27.4526934],[-81.35536,27.4526933],[-81.3553701,27.4526932],[-81.3553803,27.4526932],[-81.3553904,27.4526931],[-81.3554005,27.4526931],[-81.3554106,27.452693],[-81.3554207,27.4526929],[-81.3554308,27.4526929],[-81.355441,27.4526928],[-81.3554511,27.4526927],[-81.3554612,27.4526927],[-81.3554714,27.4526926],[-81.3554815,27.4526926],[-81.3554917,27.4526925],[-81.3555019,27.4526924],[-81.355512,27.4526924],[-81.3555221,27.4526923],[-81.3555322,27.4526922],[-81.3555424,27.4526922],[-81.3555525,27.4526921],[-81.3555626,27.4526921],[-81.3555727,27.452692],[-81.3555828,27.4526919],[-81.3555929,27.4526918],[-81.3556031,27.4526917],[-81.3556132,27.4526915],[-81.3556233,27.4526914],[-81.3556334,27.4526913],[-81.3556435,27.4526912],[-81.3556536,27.4526911],[-81.3556638,27.4526909],[-81.3556739,27.4526908],[-81.355684,27.4526907],[-81.3556941,27.4526906],[-81.3557043,27.4526905],[-81.3557144,27.4526904],[-81.3557246,27.4526902],[-81.3557347,27.4526901],[-81.3557449,27.45269],[-81.355755,27.4526899],[-81.3557651,27.4526898],[-81.3557752,27.4526897],[-81.3557853,27.4526895],[-81.3557955,27.4526894],[-81.3558056,27.4526893],[-81.3558157,27.4526892],[-81.3558258,27.4526891],[-81.3558359,27.452689],[-81.355846,27.4526888],[-81.3558562,27.4526887],[-81.3558663,27.4526886],[-81.3558764,27.4526885],[-81.3558865,27.4526884],[-81.3558966,27.4526882],[-81.3559067,27.4526881],[-81.3559169,27.452688],[-81.355927,27.4526879],[-81.3559371,27.4526878],[-81.3559472,27.4526877],[-81.3559573,27.4526875],[-81.3559674,27.4526874],[-81.3559775,27.4526873],[-81.3559876,27.4526872]],[[-81.3560077,27.452687],[-81.3560178,27.4526868],[-81.3560278,27.4526867],[-81.3560378,27.4526866],[-81.3560479,27.4526866],[-81.356058,27.4526866],[-81.3560681,27.4526866],[-81.3560782,27.4526866],[-81.3560883,27.4526867],[-81.3560984,27.4526867],[-81.3561086,27.4526867],[-81.3561187,27.4526867],[-81.3561288,27.4526867],[-81.3561389,27.4526867],[-81.356149,27.4526867],[-81.3561591,27.4526867],[-81.3561693,27.4526867],[-81.3561794,27.4526868],[-81.3561895,27.4526868],[-81.3561996,27.4526868],[-81.3562097,27.4526868]],[[-81.35623,27.4526868],[-81.3562401,27.4526868],[-81.3562502,27.4526868],[-81.3562603,27.4526868],[-81.3562704,27.4526869],[-81.3562805,27.4526869],[-81.3562907,27.4526869],[-81.3563008,27.4526869],[-81.356311,27.4526869],[-81.3563212,27.4526869]],[[-81.3564225,27.4526865],[-81.3564327,27.4526865],[-81.3564428,27.4526865],[-81.356453,27.4526864],[-81.3564632,27.4526864],[-81.3564734,27.4526864],[-81.3564836,27.4526863],[-81.3564938,27.4526863],[-81.3565039,27.4526862],[-81.3565141,27.4526861]],[[-81.356858,27.4526842],[-81.3568681,27.4526841],[-81.3568782,27.452684],[-81.3568883,27.452684],[-81.3568984,27.4526839],[-81.3569086,27.4526838],[-81.3569187,27.4526837],[-81.3569288,27.4526837],[-81.3569389,27.4526836],[-81.356949,27.4526835],[-81.3569591,27.4526834],[-81.3569692,27.4526833],[-81.3569794,27.4526833],[-81.3569895,27.4526832],[-81.3569996,27.4526831],[-81.3570097,27.452683],[-81.3570197,27.452683],[-81.3570298,27.4526829],[-81.3570398,27.4526828],[-81.3570499,27.4526827],[-81.35706,27.4526827],[-81.3570701,27.4526826],[-81.3570802,27.4526825],[-81.3570903,27.4526824],[-81.3571004,27.4526824],[-81.3571105,27.4526823],[-81.3571206,27.4526822],[-81.3571308,27.4526821],[-81.3571409,27.452682],[-81.357151,27.452682],[-81.3571611,27.4526819],[-81.3571712,27.4526818],[-81.3571814,27.4526817]],[[-81.3572017,27.4526816],[-81.3572119,27.4526815],[-81.3572221,27.4526814],[-81.3572323,27.4526812],[-81.3572425,27.452681],[-81.3572526,27.4526809],[-81.3572627,27.4526807],[-81.3572729,27.4526806],[-81.357283,27.4526804],[-81.3572931,27.4526803],[-81.3573032,27.4526801],[-81.3573133,27.45268],[-81.3573234,27.4526798],[-81.3573336,27.4526797],[-81.3573437,27.4526795],[-81.3573538,27.4526794],[-81.3573639,27.4526792],[-81.357374,27.4526791],[-81.3573841,27.4526789],[-81.3573942,27.4526787],[-81.3574044,27.4526786],[-81.3574145,27.4526784],[-81.3574246,27.4526783],[-81.3574347,27.4526781],[-81.3574448,27.452678],[-81.3574549,27.4526778],[-81.357465,27.4526777],[-81.3574752,27.4526775],[-81.3574853,27.4526774],[-81.3574954,27.4526772],[-81.3575055,27.4526771],[-81.3575156,27.4526769],[-81.3575257,27.4526768],[-81.3575359,27.4526766],[-81.357546,27.4526764],[-81.3575562,27.4526763],[-81.3575664,27.4526761],[-81.3575766,27.452676],[-81.3575867,27.4526758],[-81.3575969,27.4526757],[-81.357607,27.4526755],[-81.3576171,27.4526754],[-81.3576272,27.4526752],[-81.3576374,27.4526751],[-81.3576475,27.4526749],[-81.3576576,27.4526748],[-81.3576677,27.4526746],[-81.3576778,27.4526745],[-81.3576879,27.4526743],[-81.357698,27.4526741],[-81.3577082,27.452674],[-81.3577183,27.4526738],[-81.3577284,27.4526737],[-81.3577385,27.4526735],[-81.3577486,27.4526734],[-81.3577587,27.4526732],[-81.3577687,27.4526731],[-81.3577787,27.4526729],[-81.3577888,27.4526728],[-81.3577988,27.4526726],[-81.3578089,27.4526725],[-81.357819,27.4526723],[-81.3578291,27.4526722]],[[-81.3576186,27.4539413],[-81.3576118,27.453948],[-81.357605,27.4539547],[-81.3575982,27.4539614],[-81.3575915,27.453968]],[[-81.3575501,27.4540067],[-81.3575429,27.4540131],[-81.3575358,27.4540194],[-81.3575286,27.4540258],[-81.3575214,27.4540321],[-81.3575142,27.4540385],[-81.357507,27.4540448],[-81.3574998,27.4540512],[-81.3574927,27.4540575],[-81.3574855,27.4540639],[-81.3574783,27.4540702],[-81.3574711,27.4540766],[-81.3574639,27.4540829]],[[-81.3567712,27.4545751],[-81.3567623,27.4545788],[-81.3567534,27.4545826],[-81.3567444,27.4545864],[-81.3567355,27.4545902],[-81.3567265,27.454594],[-81.3567176,27.4545977],[-81.3567087,27.4546015],[-81.3566999,27.4546052],[-81.3566912,27.4546088]],[[-81.3565156,27.45467],[-81.3565064,27.4546729],[-81.3564971,27.4546759],[-81.3564877,27.4546788],[-81.3564782,27.4546818],[-81.3564687,27.4546848],[-81.3564591,27.4546878],[-81.3564496,27.4546908],[-81.3564401,27.4546938],[-81.3564305,27.4546967],[-81.356421,27.4546996],[-81.3564116,27.4547025],[-81.3564021,27.4547053],[-81.3563927,27.4547082],[-81.3563832,27.4547111],[-81.3563738,27.454714]],[[-81.3562303,27.454758],[-81.3562208,27.454761],[-81.3562112,27.454764],[-81.3562017,27.454767],[-81.3561922,27.45477],[-81.3561826,27.454773],[-81.3561731,27.454776]],[[-81.3560297,27.4548204],[-81.3560201,27.4548234],[-81.3560106,27.4548263],[-81.356001,27.4548292],[-81.3559914,27.4548322]],[[-81.3544222,27.4555478],[-81.354415,27.4555542],[-81.3544078,27.4555606],[-81.3544007,27.455567],[-81.3543935,27.4555734],[-81.3543864,27.4555798],[-81.3543792,27.4555861],[-81.354372,27.4555925],[-81.3543648,27.455599],[-81.3543575,27.4556055],[-81.3543501,27.4556121],[-81.3543428,27.4556191],[-81.3543354,27.4556262],[-81.3543279,27.4556334],[-81.3543211,27.4556407],[-81.3543143,27.455648],[-81.3543078,27.4556551],[-81.3543016,27.4556624],[-81.3542954,27.4556696],[-81.3542892,27.4556769],[-81.354283,27.4556842],[-81.3542768,27.4556915],[-81.3542706,27.4556989],[-81.3542644,27.4557062],[-81.3542582,27.4557134],[-81.3542521,27.4557207],[-81.3542459,27.4557279],[-81.3542398,27.4557351],[-81.3542337,27.4557423],[-81.3542276,27.4557495],[-81.3542215,27.4557567],[-81.3542153,27.4557639],[-81.3542092,27.4557712],[-81.3542031,27.4557784],[-81.354197,27.4557856],[-81.3541909,27.4557928],[-81.3541848,27.4557999],[-81.3541786,27.4558069],[-81.3541725,27.4558138],[-81.3541665,27.4558206],[-81.3541604,27.4558275],[-81.354154,27.455834],[-81.3541475,27.4558405],[-81.3541411,27.4558469],[-81.3541348,27.4558533],[-81.3541282,27.4558596],[-81.3541215,27.4558659],[-81.3541147,27.4558723],[-81.3541078,27.4558788],[-81.3541009,27.4558853],[-81.354094,27.4558919],[-81.3540869,27.4558983],[-81.3540798,27.4559048],[-81.3540727,27.4559112],[-81.3540653,27.4559174],[-81.3540578,27.4559236],[-81.3540502,27.4559299]],[[-81.3535677,27.4563794],[-81.3535605,27.4563857],[-81.3535532,27.4563919],[-81.353546,27.4563982],[-81.3535387,27.4564045]],[[-81.3516859,27.4565309],[-81.3516767,27.4565269],[-81.3516675,27.4565228],[-81.3516583,27.4565191],[-81.351649,27.4565153],[-81.3516398,27.4565116],[-81.3516306,27.4565079],[-81.3516214,27.4565041],[-81.3516122,27.4565004],[-81.351603,27.4564967],[-81.3515938,27.4564929],[-81.3515845,27.4564892],[-81.3515753,27.4564855],[-81.351566,27.4564817],[-81.3515566,27.4564779],[-81.3515471,27.456474],[-81.3515373,27.4564704],[-81.3515275,27.4564668],[-81.3515177,27.4564632],[-81.3515079,27.4564595],[-81.351498,27.4564559],[-81.3514879,27.4564522],[-81.3514776,27.4564489],[-81.3514673,27.4564457],[-81.351457,27.4564426],[-81.351447,27.4564395],[-81.3514371,27.4564364],[-81.3514273,27.4564334],[-81.3514176,27.4564306],[-81.351408,27.4564279],[-81.3513985,27.4564253],[-81.351389,27.4564226],[-81.3513795,27.4564199],[-81.35137,27.4564173],[-81.3513604,27.4564146]],[[-81.3504262,27.4564718],[-81.3504169,27.4564714],[-81.3504073,27.4564709],[-81.3503973,27.4564704],[-81.3503871,27.4564699],[-81.3503766,27.4564693],[-81.3503658,27.4564694],[-81.3503547,27.4564696],[-81.350343,27.4564698],[-81.3503313,27.456471]],[[-81.3491436,27.4568678],[-81.3491335,27.4568683],[-81.3491235,27.4568688],[-81.3491134,27.4568693],[-81.3491033,27.4568699]],[[-81.3486593,27.4568721],[-81.3486492,27.4568721],[-81.3486391,27.4568722],[-81.348629,27.4568722],[-81.3486189,27.4568723],[-81.3486088,27.4568723],[-81.3485987,27.4568724]],[[-81.3485683,27.4568727],[-81.3485582,27.4568727],[-81.3485481,27.4568728],[-81.3485379,27.4568729],[-81.3485277,27.456873],[-81.3485175,27.4568731],[-81.3485073,27.4568732],[-81.348497,27.4568733],[-81.3484868,27.4568734],[-81.3484766,27.4568735],[-81.3484665,27.4568736]],[[-81.3480037,27.4566892],[-81.3480006,27.4566831],[-81.3479977,27.4566771],[-81.3479951,27.4566711],[-81.3479925,27.4566648],[-81.3479899,27.4566583],[-81.3479874,27.4566515]],[[-81.3479761,27.4566126],[-81.3479739,27.4566043],[-81.347972,27.4565959],[-81.3479701,27.4565873],[-81.3479681,27.4565786],[-81.3479662,27.4565697],[-81.3479642,27.4565608],[-81.3479622,27.4565517]],[[-81.3479445,27.4564409],[-81.3479442,27.4564325],[-81.3479439,27.4564239],[-81.3479437,27.4564152],[-81.3479436,27.4564064],[-81.3479436,27.4563976],[-81.3479436,27.4563887]],[[-81.3479435,27.456371],[-81.3479435,27.4563621],[-81.3479435,27.4563531],[-81.3479436,27.4563441],[-81.3479437,27.4563351],[-81.3479438,27.4563261],[-81.347944,27.456317],[-81.3479441,27.456308],[-81.3479442,27.456299],[-81.3479443,27.45629],[-81.3479444,27.4562809],[-81.3479446,27.4562719],[-81.3479447,27.4562629],[-81.3479448,27.4562539],[-81.3479449,27.4562448]],[[-81.3479454,27.4561718],[-81.3479453,27.4561627],[-81.3479452,27.4561536],[-81.347945,27.4561446],[-81.3479449,27.4561355],[-81.3479447,27.4561265],[-81.3479446,27.4561175],[-81.3479444,27.4561085],[-81.3479443,27.4560994],[-81.3479442,27.4560904],[-81.347944,27.4560814],[-81.3479439,27.4560724],[-81.3479437,27.4560633],[-81.3479436,27.4560543],[-81.3479434,27.4560453],[-81.3479433,27.4560364],[-81.3479432,27.4560276],[-81.347943,27.4560189],[-81.3479432,27.4560102],[-81.3479434,27.4560016],[-81.3479437,27.455993],[-81.3479439,27.4559842]],[[-81.3479429,27.455504],[-81.3479427,27.455495],[-81.3479426,27.455486],[-81.3479425,27.455477],[-81.3479423,27.4554679],[-81.3479422,27.4554589],[-81.3479421,27.4554499],[-81.3479419,27.4554409],[-81.3479418,27.4554318],[-81.3479416,27.4554228],[-81.3479415,27.4554138],[-81.3479414,27.4554048],[-81.3479412,27.4553957],[-81.3479411,27.4553867]],[[-81.3479402,27.4552606],[-81.3479401,27.4552516],[-81.3479401,27.4552426],[-81.3479401,27.4552336],[-81.34794,27.4552245],[-81.34794,27.4552155],[-81.34794,27.4552065],[-81.34794,27.4551975],[-81.3479399,27.4551884],[-81.3479399,27.4551794],[-81.3479399,27.4551704],[-81.3479398,27.4551614],[-81.3479398,27.4551523],[-81.3479398,27.4551433],[-81.3479398,27.4551343],[-81.3479397,27.4551253],[-81.3479397,27.4551162],[-81.3479397,27.4551072],[-81.3479396,27.4550982],[-81.3479396,27.4550892]],[[-81.3479394,27.4550079],[-81.3479393,27.4549989],[-81.3479393,27.4549899],[-81.3479393,27.4549809],[-81.3479393,27.4549718],[-81.3479394,27.4549628],[-81.3479394,27.4549538],[-81.3479394,27.4549448],[-81.3479394,27.4549357],[-81.3479394,27.4549267],[-81.3479394,27.4549177],[-81.3479395,27.4549087],[-81.3479395,27.4548996],[-81.3479395,27.4548906],[-81.3479395,27.4548816],[-81.3479395,27.4548727],[-81.3479396,27.4548638]],[[-81.3479426,27.4548025],[-81.3479435,27.4547936],[-81.3479444,27.4547846],[-81.3479453,27.4547756],[-81.3479462,27.4547665],[-81.3479471,27.4547575],[-81.347948,27.4547484],[-81.3479489,27.4547392],[-81.3479499,27.45473],[-81.3479508,27.4547206],[-81.3479513,27.4547111]],[[-81.3479524,27.4546632],[-81.3479519,27.454654],[-81.3479515,27.454645],[-81.3479511,27.454636],[-81.3479507,27.4546272],[-81.3479503,27.4546184],[-81.3479499,27.4546097],[-81.3479495,27.4546009],[-81.3479491,27.454592],[-81.3479487,27.4545831],[-81.3479483,27.4545742],[-81.3479478,27.4545654],[-81.3479478,27.4545567],[-81.3479478,27.4545481]],[[-81.3479479,27.4545224],[-81.3479481,27.4545137],[-81.3479483,27.4545048],[-81.3479486,27.4544957],[-81.3479488,27.4544864]],[[-81.3479491,27.454403],[-81.3479489,27.4543939],[-81.3479487,27.4543849],[-81.3479485,27.4543758],[-81.3479483,27.4543668],[-81.3479481,27.4543577],[-81.3479479,27.4543486],[-81.3479476,27.4543394],[-81.3479474,27.4543303],[-81.3479471,27.4543211],[-81.3479468,27.454312],[-81.3479465,27.454303],[-81.3479462,27.4542939],[-81.3479458,27.4542849],[-81.3479455,27.4542759],[-81.3479452,27.4542669],[-81.3479449,27.4542579],[-81.3479446,27.4542489],[-81.3479443,27.45424],[-81.3479439,27.4542311],[-81.3479436,27.4542223],[-81.3479433,27.4542134],[-81.347943,27.4542046],[-81.3479427,27.4541956],[-81.3479424,27.4541867],[-81.3479422,27.4541777],[-81.347942,27.4541687],[-81.3479418,27.4541596],[-81.3479416,27.4541506],[-81.3479414,27.4541416],[-81.3479412,27.4541325],[-81.3479411,27.4541234],[-81.3479409,27.4541142],[-81.3479407,27.4541051],[-81.3479405,27.454096],[-81.3479403,27.4540869],[-81.3479401,27.4540778],[-81.3479399,27.4540688],[-81.3479398,27.4540598],[-81.3479396,27.4540508],[-81.3479394,27.454042],[-81.3479392,27.4540332],[-81.3479392,27.4540244],[-81.3479393,27.4540157],[-81.3479393,27.4540069],[-81.3479393,27.4539981],[-81.3479393,27.4539892],[-81.3479394,27.4539802],[-81.3479394,27.4539712],[-81.3479397,27.4539621],[-81.34794,27.4539531],[-81.3479404,27.4539441],[-81.3479408,27.4539351],[-81.3479411,27.453926],[-81.3479415,27.453917],[-81.3479418,27.453908],[-81.3479422,27.453899],[-81.3479426,27.45389]],[[-81.3479433,27.4538719],[-81.3479436,27.4538628],[-81.347944,27.4538535],[-81.3479441,27.4538442],[-81.347944,27.4538347],[-81.3479435,27.4538253]],[[-81.3479545,27.4535392],[-81.3479555,27.4535322],[-81.3479566,27.4535249],[-81.347958,27.4535172],[-81.3479598,27.4535089]],[[-81.3479645,27.453491],[-81.3479671,27.4534816],[-81.3479697,27.4534722],[-81.3479723,27.4534628],[-81.3479748,27.4534537],[-81.3479773,27.4534446],[-81.3479798,27.4534356],[-81.3479818,27.4534265],[-81.3479838,27.4534172],[-81.3479859,27.4534077],[-81.347988,27.4533983],[-81.3479894,27.4533887],[-81.3479907,27.4533793],[-81.347992,27.4533699],[-81.3479933,27.4533605],[-81.3479946,27.4533511],[-81.3479959,27.4533419],[-81.3479971,27.4533328],[-81.3479984,27.4533239],[-81.3479996,27.4533151],[-81.3480008,27.4533064],[-81.348002,27.4532976],[-81.3480033,27.4532886],[-81.3480044,27.4532795],[-81.3480054,27.4532703],[-81.3480065,27.4532609],[-81.3480076,27.4532514]],[[-81.3479208,27.4527862],[-81.3479173,27.4527772],[-81.3479134,27.4527684],[-81.3479096,27.4527597],[-81.3479055,27.4527512],[-81.3479014,27.4527427],[-81.3478973,27.4527342],[-81.3478931,27.4527257],[-81.3478888,27.4527174],[-81.3478845,27.4527091],[-81.3478801,27.4527008],[-81.3478758,27.4526926],[-81.3478716,27.4526844],[-81.3478673,27.4526762],[-81.347863,27.452668],[-81.3478587,27.4526598],[-81.3478544,27.4526516],[-81.3478503,27.4526433],[-81.3478462,27.4526349],[-81.347842,27.4526264],[-81.3478378,27.4526178],[-81.3478336,27.4526092],[-81.3478295,27.4526007]],[[-81.3478063,27.4525503],[-81.3478025,27.452542],[-81.3477988,27.4525338],[-81.347795,27.4525257],[-81.3477919,27.4525176],[-81.3477889,27.4525097],[-81.347786,27.4525019],[-81.3477831,27.4524944],[-81.3477814,27.452487],[-81.3477799,27.45248],[-81.3477785,27.4524736],[-81.3477781,27.4524674],[-81.347778,27.4524612],[-81.3477782,27.4524546],[-81.347779,27.4524475],[-81.34778,27.4524397],[-81.3477813,27.4524312],[-81.3477827,27.4524221],[-81.3477842,27.4524124],[-81.3477858,27.4524022],[-81.3477875,27.4523914],[-81.3477883,27.4523803],[-81.3477891,27.4523687],[-81.347789,27.452357],[-81.3477888,27.4523451],[-81.3477875,27.4523333],[-81.3477861,27.4523214],[-81.3477848,27.4523093],[-81.347782,27.4522975],[-81.347779,27.4522855]],[[-81.3477699,27.4522628],[-81.3477643,27.4522525],[-81.3477586,27.4522429],[-81.3477527,27.4522341],[-81.3477471,27.4522257],[-81.3477417,27.4522177],[-81.3477365,27.4522099],[-81.3477314,27.4522022],[-81.3477263,27.4521946],[-81.3477214,27.4521873],[-81.3477165,27.45218],[-81.3477118,27.4521729],[-81.3477073,27.4521658],[-81.3477028,27.4521586],[-81.3476983,27.4521513],[-81.3476937,27.452144],[-81.347689,27.4521364],[-81.3476843,27.4521289],[-81.3476799,27.4521213],[-81.3476755,27.4521137],[-81.3476712,27.452106],[-81.3476669,27.4520983],[-81.3476624,27.4520906]],[[-81.3476224,27.4520054],[-81.3476194,27.4519975],[-81.3476163,27.4519896],[-81.3476132,27.4519815],[-81.3476103,27.4519733],[-81.3476075,27.4519651],[-81.3476046,27.4519568],[-81.3476017,27.4519485],[-81.347599,27.4519401],[-81.3475964,27.4519316],[-81.3475936,27.451923],[-81.3475909,27.4519142],[-81.3475881,27.4519054],[-81.3475853,27.4518963],[-81.3475824,27.4518871],[-81.3475794,27.4518776]],[[-81.3475548,27.4518124],[-81.3475505,27.4518031],[-81.3475462,27.4517938],[-81.3475419,27.4517845],[-81.3475372,27.4517753],[-81.3475324,27.4517661],[-81.3475276,27.4517569],[-81.3475224,27.4517478],[-81.347517,27.4517385],[-81.3475115,27.4517291],[-81.3475055,27.4517199],[-81.3474995,27.4517107],[-81.3474934,27.4517014],[-81.3474868,27.4516923],[-81.3474801,27.4516832],[-81.3474734,27.4516741],[-81.3474662,27.4516652],[-81.3474589,27.4516564]],[[-81.3474138,27.4516086],[-81.3474061,27.4516012],[-81.3473985,27.451594],[-81.3473911,27.4515868],[-81.3473836,27.4515799],[-81.3473761,27.4515731],[-81.3473687,27.4515664],[-81.3473614,27.4515597],[-81.3473542,27.4515531],[-81.347347,27.4515465],[-81.3473399,27.45154],[-81.3473328,27.4515336],[-81.3473257,27.4515271],[-81.3473187,27.4515207],[-81.3473116,27.4515142],[-81.3473045,27.4515078],[-81.3472975,27.4515013],[-81.3472904,27.4514948],[-81.3472833,27.4514884],[-81.3472763,27.4514819],[-81.3472692,27.4514755],[-81.3472622,27.4514691],[-81.3472552,27.4514627],[-81.3472483,27.4514562],[-81.3472415,27.4514498],[-81.3472347,27.4514434],[-81.3472279,27.4514369],[-81.347221,27.4514304],[-81.3472142,27.4514239],[-81.3472073,27.4514174],[-81.3472004,27.4514109],[-81.3471937,27.4514045],[-81.347187,27.4513982],[-81.3471807,27.4513918],[-81.3471744,27.4513854],[-81.3471681,27.4513789],[-81.3471618,27.4513724],[-81.3471554,27.4513659],[-81.347149,27.4513595],[-81.3471428,27.451353],[-81.3471368,27.4513464],[-81.3471307,27.4513397],[-81.3471246,27.4513329],[-81.3471183,27.451326],[-81.347112,27.4513191]],[[-81.3470585,27.4512614],[-81.3470515,27.4512544],[-81.3470446,27.4512475],[-81.3470377,27.4512406]],[[-81.3469872,27.451192],[-81.3469802,27.4511854],[-81.3469731,27.4511789],[-81.3469659,27.4511725],[-81.3469588,27.4511661],[-81.3469517,27.4511596],[-81.3469446,27.4511532],[-81.3469375,27.4511468],[-81.3469303,27.4511405],[-81.3469231,27.4511341],[-81.3469159,27.4511278],[-81.3469086,27.4511215],[-81.3469014,27.4511152],[-81.3468942,27.4511089],[-81.3468869,27.4511025],[-81.3468795,27.4510961]],[[-81.3468404,27.4510633],[-81.3468324,27.4510571],[-81.3468246,27.451051],[-81.3468169,27.451045],[-81.3468093,27.4510391],[-81.3468016,27.4510331],[-81.346794,27.4510272],[-81.3467864,27.4510213],[-81.3467787,27.4510153],[-81.3467711,27.4510094],[-81.3467636,27.4510034],[-81.3467562,27.4509973],[-81.3467488,27.4509913],[-81.3467416,27.4509854]],[[-81.3466211,27.45088],[-81.346614,27.4508735],[-81.3466069,27.450867],[-81.3465997,27.4508605],[-81.3465924,27.4508539]],[[-81.3465482,27.4508152],[-81.3465409,27.450809],[-81.3465337,27.4508028],[-81.3465265,27.4507967],[-81.3465195,27.4507905],[-81.3465126,27.4507844]],[[-81.3463432,27.4506361],[-81.3463368,27.4506306],[-81.3463307,27.4506254],[-81.346325,27.4506201],[-81.3463194,27.450615],[-81.3463138,27.4506099],[-81.3463083,27.4506048],[-81.3463032,27.4505997],[-81.3462984,27.4505949],[-81.3462938,27.4505903],[-81.3462897,27.4505862]],[[-81.3462702,27.4505509],[-81.3462681,27.450545],[-81.346266,27.4505388],[-81.3462643,27.4505324],[-81.3462627,27.4505258],[-81.3462614,27.4505189],[-81.3462603,27.4505116]],[[-81.3462859,27.450233],[-81.3462893,27.4502254],[-81.3462927,27.4502179],[-81.3462964,27.4502105],[-81.3463001,27.4502031],[-81.3463038,27.4501958],[-81.3463075,27.4501887],[-81.3463112,27.4501817],[-81.3463154,27.4501749],[-81.3463196,27.4501682]],[[-81.3463831,27.4500775],[-81.3463887,27.45007],[-81.3463942,27.4500626],[-81.3463995,27.4500551],[-81.3464047,27.4500478]],[[-81.3465252,27.4499114],[-81.3465307,27.4499028],[-81.346536,27.4498946],[-81.3465415,27.4498866],[-81.346547,27.4498785]],[[-81.3465695,27.4498443],[-81.346575,27.4498351],[-81.3465806,27.4498257],[-81.3465864,27.4498161],[-81.3465913,27.4498059],[-81.3465963,27.4497957],[-81.3466012,27.4497855],[-81.3466053,27.449775],[-81.3466093,27.4497645],[-81.3466128,27.4497541],[-81.346616,27.4497439],[-81.3466187,27.4497338],[-81.3466213,27.449724],[-81.3466238,27.4497146],[-81.3466261,27.4497054],[-81.3466283,27.4496964],[-81.3466304,27.4496875],[-81.3466326,27.4496787],[-81.3466347,27.4496699],[-81.3466369,27.449661],[-81.3466391,27.4496522],[-81.3466416,27.4496435],[-81.3466441,27.4496347],[-81.3466466,27.449626],[-81.3466491,27.4496172],[-81.3466516,27.4496084],[-81.3466542,27.4495996],[-81.3466567,27.4495905]],[[-81.3466666,27.449553],[-81.3466688,27.4495433],[-81.3466709,27.4495335],[-81.3466731,27.4495237],[-81.3466753,27.4495138],[-81.3466771,27.4495039],[-81.3466788,27.449494],[-81.3466806,27.449484],[-81.346682,27.449474],[-81.3466833,27.4494639],[-81.3466846,27.4494538],[-81.3466859,27.4494436],[-81.346687,27.4494334],[-81.3466877,27.4494232],[-81.3466884,27.4494129],[-81.3466891,27.4494028],[-81.3466895,27.4493929],[-81.3466895,27.4493833],[-81.3466894,27.449374],[-81.346689,27.4493649],[-81.3466887,27.4493559]],[[-81.3466881,27.4493382],[-81.3466879,27.4493297],[-81.3466876,27.4493213],[-81.3466875,27.4493131],[-81.3466876,27.4493051],[-81.3466877,27.449297],[-81.3466881,27.449289],[-81.3466885,27.449281],[-81.346689,27.4492729],[-81.3466899,27.4492647],[-81.3466908,27.4492564],[-81.3466918,27.449248],[-81.3466928,27.4492395],[-81.3466938,27.449231],[-81.3466948,27.4492223],[-81.3466959,27.4492136],[-81.3466975,27.4492049],[-81.346699,27.4491963],[-81.3467005,27.4491878],[-81.3467019,27.4491794],[-81.3467034,27.4491709],[-81.3467049,27.4491624],[-81.3467064,27.4491539],[-81.3467079,27.4491454],[-81.3467093,27.4491372],[-81.346711,27.4491293],[-81.3467128,27.4491216],[-81.3467146,27.4491139],[-81.3467167,27.4491061],[-81.346719,27.4490982],[-81.3467212,27.4490903],[-81.3467235,27.4490824],[-81.3467261,27.4490744],[-81.3467288,27.4490662],[-81.3467316,27.4490578],[-81.3467344,27.4490493]],[[-81.3468301,27.4486295],[-81.3468332,27.4486229],[-81.3468362,27.4486165],[-81.3468394,27.4486102],[-81.3468429,27.448604],[-81.3468465,27.4485979],[-81.3468506,27.4485922],[-81.3468546,27.4485864],[-81.3468586,27.4485807],[-81.3468628,27.4485749],[-81.3468677,27.4485696],[-81.3468726,27.4485643],[-81.3468774,27.4485589],[-81.3468824,27.4485535],[-81.3468879,27.4485486],[-81.3468936,27.4485435],[-81.3468993,27.4485384],[-81.3469051,27.4485334],[-81.3469112,27.4485287],[-81.3469173,27.4485241],[-81.3469235,27.4485194],[-81.34693,27.4485147],[-81.3469368,27.44851],[-81.346944,27.4485051],[-81.3469513,27.4485002],[-81.3469586,27.4484952],[-81.3469659,27.4484902]],[[-81.3475503,27.4484],[-81.3475599,27.4484009],[-81.3475697,27.4484019],[-81.3475797,27.4484029],[-81.3475897,27.448404],[-81.3475997,27.448405]],[[-81.347666,27.4484127],[-81.347675,27.4484139],[-81.3476843,27.4484153],[-81.3476938,27.4484166],[-81.3477037,27.448418]],[[-81.3518576,27.4484264],[-81.3518677,27.4484273],[-81.351878,27.4484284],[-81.3518884,27.4484292],[-81.3518989,27.44843],[-81.3519094,27.4484308]],[[-81.3525838,27.4483974],[-81.3525939,27.4483968],[-81.352604,27.4483962],[-81.3526141,27.4483957],[-81.3526242,27.4483953],[-81.3526343,27.4483948]],[[-81.3530464,27.4483781],[-81.3530565,27.4483781],[-81.3530666,27.448378],[-81.3530767,27.4483779],[-81.3530869,27.4483778],[-81.353097,27.4483778],[-81.3531071,27.4483777],[-81.3531172,27.4483776],[-81.3531273,27.4483775]],[[-81.3532376,27.4483777],[-81.3532478,27.4483777],[-81.3532579,27.4483778],[-81.353268,27.4483778],[-81.3532782,27.4483779]],[[-81.3533293,27.448378],[-81.3533394,27.4483779],[-81.3533495,27.4483779],[-81.3533597,27.4483779],[-81.3533698,27.4483779],[-81.3533799,27.4483779],[-81.35339,27.4483779],[-81.3534001,27.4483779],[-81.3534103,27.4483778]],[[-81.3536323,27.4483765],[-81.3536424,27.4483767],[-81.3536524,27.4483769],[-81.3536625,27.4483771],[-81.3536727,27.4483772],[-81.3536828,27.4483773],[-81.3536929,27.4483774],[-81.353703,27.4483774],[-81.3537131,27.4483775],[-81.3537232,27.4483776],[-81.3537334,27.4483776],[-81.3537436,27.4483777],[-81.3537538,27.4483777],[-81.3537642,27.4483778]],[[-81.355199,27.4483728],[-81.3552091,27.4483729],[-81.3552192,27.4483729],[-81.3552294,27.448373],[-81.3552396,27.4483731],[-81.3552498,27.4483731]],[[-81.3564861,27.4483873],[-81.3564955,27.4483888],[-81.356505,27.4483904],[-81.3565146,27.448392],[-81.3565238,27.4483936],[-81.3565324,27.4483954],[-81.3565403,27.448397],[-81.3565474,27.4483985]],[[-81.3565601,27.448402],[-81.3565665,27.4484038],[-81.356573,27.4484061],[-81.3565798,27.4484085],[-81.3565866,27.4484116]],[[-81.3566609,27.4484546],[-81.356668,27.44846],[-81.3566754,27.4484657],[-81.3566829,27.4484714],[-81.3566906,27.4484773],[-81.3566984,27.4484833],[-81.3567063,27.4484894],[-81.3567145,27.4484956],[-81.3567231,27.4485017],[-81.3567319,27.4485079],[-81.3567408,27.4485141],[-81.3567499,27.44852],[-81.3567591,27.4485259],[-81.3567682,27.4485318],[-81.3567774,27.4485373],[-81.3567867,27.4485428],[-81.3567958,27.4485482],[-81.3568048,27.4485536],[-81.3568139,27.4485587],[-81.356823,27.4485638],[-81.356832,27.4485689],[-81.3568409,27.4485739],[-81.3568499,27.4485789],[-81.3568589,27.4485838],[-81.3568679,27.4485886],[-81.3568768,27.4485934],[-81.3568857,27.4485982],[-81.3568944,27.4486029],[-81.3569032,27.4486075],[-81.3569118,27.4486122]],[[-81.3569805,27.448649],[-81.3569885,27.4486533],[-81.3569962,27.4486574],[-81.3570037,27.4486618],[-81.3570111,27.4486662],[-81.3570184,27.4486707],[-81.3570255,27.4486753],[-81.3570322,27.4486801],[-81.3570388,27.4486847],[-81.3570453,27.4486896],[-81.3570517,27.4486948],[-81.3570581,27.4487],[-81.3570646,27.4487055],[-81.3570711,27.4487114],[-81.3570778,27.4487174],[-81.3570847,27.4487237],[-81.3570917,27.44873],[-81.3570988,27.4487365],[-81.3571059,27.4487429],[-81.3571132,27.4487492],[-81.3571207,27.4487554],[-81.3571283,27.4487616],[-81.357136,27.4487679],[-81.3571436,27.4487742],[-81.3571514,27.4487803],[-81.3571591,27.4487863],[-81.3571668,27.4487923],[-81.3571745,27.4487982]],[[-81.3572738,27.4488752],[-81.3572814,27.4488811],[-81.3572891,27.4488871],[-81.3572968,27.4488931],[-81.3573045,27.4488991],[-81.3573123,27.4489051],[-81.3573203,27.448911],[-81.3573282,27.4489169],[-81.357336,27.4489228],[-81.3573438,27.4489286],[-81.3573517,27.4489341],[-81.3573595,27.4489396],[-81.3573671,27.4489449],[-81.3573744,27.44895],[-81.3573814,27.4489549],[-81.357388,27.4489596],[-81.3573942,27.4489641],[-81.3574,27.4489685],[-81.3574053,27.4489728],[-81.3574101,27.4489772],[-81.3574146,27.4489814],[-81.3574184,27.4489861],[-81.3574223,27.4489907],[-81.3574262,27.4489956],[-81.3574297,27.449001],[-81.3574331,27.4490066],[-81.3574362,27.4490125],[-81.3574394,27.4490187],[-81.3574423,27.4490252],[-81.3574451,27.449032],[-81.3574479,27.4490389],[-81.3574509,27.4490461]],[[-81.3574567,27.4490617],[-81.3574597,27.44907],[-81.3574627,27.4490784],[-81.3574658,27.4490869],[-81.3574689,27.4490952],[-81.3574718,27.4491034]],[[-81.3574968,27.4492097],[-81.3574987,27.449218],[-81.3575003,27.4492259],[-81.3575019,27.4492338],[-81.3575034,27.4492416],[-81.3575046,27.4492496],[-81.3575058,27.4492575]],[[-81.3574844,27.4494803],[-81.3574801,27.4494881],[-81.3574758,27.4494958],[-81.3574716,27.4495033],[-81.3574676,27.4495105],[-81.3574636,27.4495177],[-81.3574595,27.4495246],[-81.3574554,27.4495314],[-81.3574512,27.4495382],[-81.3574469,27.4495448],[-81.3574424,27.4495515],[-81.3574378,27.4495583],[-81.3574329,27.449565]],[[-81.3574177,27.4495847],[-81.3574125,27.4495914],[-81.3574069,27.4495982],[-81.3574011,27.4496051],[-81.3573952,27.4496123],[-81.3573892,27.4496195],[-81.3573832,27.4496267],[-81.3573772,27.449634],[-81.3573712,27.4496413],[-81.3573651,27.4496485],[-81.3573591,27.4496558],[-81.357353,27.4496632]],[[-81.357278,27.4497612],[-81.3572725,27.4497693],[-81.3572671,27.4497772],[-81.3572617,27.449785],[-81.3572565,27.4497927],[-81.3572512,27.4498004],[-81.357246,27.449808],[-81.3572407,27.4498154]],[[-81.357171,27.4498953],[-81.357165,27.4499002],[-81.3571589,27.4499051],[-81.3571528,27.44991],[-81.3571467,27.4499149],[-81.3571406,27.4499198]],[[-81.3569086,27.4500266],[-81.3569008,27.4500294],[-81.3568932,27.450032],[-81.3568855,27.4500342],[-81.3568776,27.4500365],[-81.3568696,27.4500389],[-81.3568615,27.4500412],[-81.356853,27.4500432],[-81.3568443,27.4500453],[-81.3568352,27.4500476],[-81.3568259,27.4500498],[-81.3568163,27.4500522],[-81.3568065,27.4500546],[-81.3567965,27.450057],[-81.3567865,27.4500597],[-81.3567767,27.4500625],[-81.3567668,27.4500653],[-81.3567571,27.4500681],[-81.3567474,27.4500709],[-81.3567379,27.4500736],[-81.3567284,27.4500763],[-81.3567192,27.4500789],[-81.3567103,27.4500815],[-81.3567015,27.4500839],[-81.3566928,27.4500861],[-81.3566842,27.4500883],[-81.3566757,27.4500905],[-81.3566676,27.4500925],[-81.3566597,27.4500943],[-81.3566518,27.4500958],[-81.3566439,27.4500974],[-81.3566358,27.4500988],[-81.3566275,27.4501],[-81.3566191,27.4501013],[-81.3566104,27.4501025],[-81.3566014,27.4501035],[-81.3565921,27.4501045],[-81.3565825,27.4501055],[-81.3565727,27.4501066],[-81.3565628,27.4501077],[-81.3565527,27.4501088],[-81.3565427,27.4501099],[-81.3565327,27.450111],[-81.3565226,27.4501121],[-81.3565126,27.4501133],[-81.3565026,27.4501144],[-81.3564925,27.4501156],[-81.3564825,27.4501168],[-81.3564725,27.450118],[-81.3564624,27.4501193],[-81.3564524,27.4501205],[-81.3564424,27.4501217],[-81.3564324,27.4501229],[-81.3564226,27.4501241],[-81.356413,27.4501252],[-81.3564037,27.4501261],[-81.3563946,27.4501269],[-81.3563857,27.4501278],[-81.3563767,27.4501286],[-81.3563675,27.4501295],[-81.3563582,27.4501304],[-81.3563486,27.4501313],[-81.3563388,27.4501322],[-81.3563288,27.4501331],[-81.3563188,27.4501341],[-81.3563087,27.450135],[-81.3562986,27.450136],[-81.3562885,27.4501369]],[[-81.3562683,27.4501388],[-81.3562583,27.4501398],[-81.3562485,27.4501407],[-81.3562389,27.4501416],[-81.3562295,27.4501421],[-81.3562204,27.4501422],[-81.3562113,27.4501423],[-81.3562019,27.4501421],[-81.3561923,27.4501413],[-81.3561824,27.4501404],[-81.3561724,27.4501395],[-81.3561623,27.4501385],[-81.3561521,27.4501376],[-81.3561417,27.4501367],[-81.3561311,27.4501357],[-81.3561204,27.450135],[-81.3561097,27.4501346],[-81.3560991,27.4501341],[-81.3560886,27.450134],[-81.3560782,27.4501339],[-81.3560678,27.4501339]],[[-81.3559632,27.450139],[-81.355953,27.4501398],[-81.3559428,27.4501406],[-81.3559327,27.4501415],[-81.3559226,27.4501423],[-81.3559126,27.4501431],[-81.3559026,27.4501439],[-81.3558927,27.4501447],[-81.3558829,27.4501454],[-81.3558732,27.450146],[-81.3558636,27.4501465],[-81.3558539,27.450147],[-81.3558443,27.4501476],[-81.3558348,27.4501481]]]}},{"type":"Feature","properties":{"role":"start_finish","id":"start_finish","marker":0.0,"width_m":15.5,"quality":{"source":"naip","accuracy_m":1.36,"relative_accuracy_m":0.25,"measured":true,"date":"2023-02-13"}},"geometry":{"type":"LineString","coordinates":[[-81.3535295,27.4503021],[-81.3535291,27.4501622]]}},{"type":"Feature","properties":{"role":"pit_entry","id":"pit_entry","marker":0.96735,"width_m":15.76,"quality":{"source":"naip","accuracy_m":2.2,"relative_accuracy_m":1.75,"measured":false,"date":"2023-02-13"}},"geometry":{"type":"LineString","coordinates":[[-81.3554609,27.4502982],[-81.3554621,27.450156]]}},{"type":"Feature","properties":{"role":"pit_exit","id":"pit_exit","marker":0.06106,"width_m":19.38,"quality":{"source":"naip","accuracy_m":2.2,"relative_accuracy_m":1.75,"measured":false,"date":"2023-02-13"}},"geometry":{"type":"LineString","coordinates":[[-81.3499187,27.4503462],[-81.3499186,27.4501713]]}},{"type":"Feature","properties":{"role":"corner_entry","id":"t1-entry","marker":0.06674,"width_m":20.23,"quality":{"source":"naip","accuracy_m":2.2,"relative_accuracy_m":1.75,"measured":false,"date":"2023-02-13"},"corner":"t1"},"geometry":{"type":"LineString","coordinates":[[-81.3495883,27.4503477],[-81.3495815,27.4501653]]}},{"type":"Feature","properties":{"role":"corner_exit","id":"t1-exit","marker":0.08814,"width_m":16.94,"quality":{"source":"naip","accuracy_m":2.2,"relative_accuracy_m":1.75,"measured":false,"date":"2023-02-13"},"corner":"t1"},"geometry":{"type":"LineString","coordinates":[[-81.348697,27.4508816],[-81.348535,27.4508317]]}},{"type":"Feature","properties":{"role":"corner_entry","id":"t2-entry","marker":0.12358,"width_m":12.85,"quality":{"source":"naip","accuracy_m":1.36,"relative_accuracy_m":0.25,"measured":true,"date":"2023-02-13"},"corner":"t2"},"geometry":{"type":"LineString","coordinates":[[-81.3488238,27.4526744],[-81.3487,27.4527098]]}},{"type":"Feature","properties":{"role":"corner_exit","id":"t2-exit","marker":0.12666,"width_m":12.95,"quality":{"source":"naip","accuracy_m":2.2,"relative_accuracy_m":1.75,"measured":false,"date":"2023-02-13"},"corner":"t2"},"geometry":{"type":"LineString","coordinates":[[-81.348861,27.4528455],[-81.3487307,27.4528567]]}},{"type":"Feature","properties":{"role":"corner_entry","id":"t3-entry","marker":0.15183,"width_m":10.92,"quality":{"source":"naip","accuracy_m":2.2,"relative_accuracy_m":1.75,"measured":false,"date":"2023-02-13"},"corner":"t3"},"geometry":{"type":"LineString","coordinates":[[-81.3489229,27.4541713],[-81.3488126,27.4541758]]}},{"type":"Feature","properties":{"role":"corner_exit","id":"t3-exit","marker":0.16381,"width_m":10.71,"quality":{"source":"naip","accuracy_m":1.36,"relative_accuracy_m":0.25,"measured":true,"date":"2023-02-13"},"corner":"t3"},"geometry":{"type":"LineString","coordinates":[[-81.3493079,27.4545321],[-81.3493089,27.4546287]]}},{"type":"Feature","properties":{"role":"corner_entry","id":"t4-entry","marker":0.16706,"width_m":10.91,"quality":{"source":"naip","accuracy_m":1.36,"relative_accuracy_m":0.25,"measured":true,"date":"2023-02-13"},"corner":"t4"},"geometry":{"type":"LineString","coordinates":[[-81.3495015,27.45453],[-81.3494996,27.4546284]]}},{"type":"Feature","properties":{"role":"corner_exit","id":"t4-exit","marker":0.17442,"width_m":11.21,"quality":{"source":"naip","accuracy_m":1.36,"relative_accuracy_m":0.25,"measured":true,"date":"2023-02-13"},"corner":"t4"},"geometry":{"type":"LineString","coordinates":[[-81.3499339,27.4546674],[-81.3498688,27.4547503]]}},{"type":"Feature","properties":{"role":"corner_entry","id":"t5-entry","marker":0.1799,"width_m":11.65,"quality":{"source":"naip","accuracy_m":1.36,"relative_accuracy_m":0.25,"measured":true,"date":"2023-02-13"},"corner":"t5"},"geometry":{"type":"LineString","coordinates":[[-81.3501922,27.4548407],[-81.3501253,27.4549273]]}},{"type":"Feature","properties":{"role":"corner_exit","id":"t5-exit","marker":0.19771,"width_m":11.57,"quality":{"source":"naip","accuracy_m":1.36,"relative_accuracy_m":0.25,"measured":true,"date":"2023-02-13"},"corner":"t5"},"geometry":{"type":"LineString","coordinates":[[-81.3509945,27.4547125],[-81.3511013,27.4547553]]}},{"type":"Feature","properties":{"role":"corner_entry","id":"t6-entry","marker":0.25249,"width_m":9.92,"quality":{"source":"naip","accuracy_m":1.36,"relative_accuracy_m":0.25,"measured":true,"date":"2023-02-13"},"corner":"t6"},"geometry":{"type":"LineString","coordinates":[[-81.3532683,27.4527463],[-81.353299,27.4528315]]}},{"type":"Feature","properties":{"role":"corner_exit","id":"t6-exit","marker":0.26978,"width_m":11.52,"quality":{"source":"naip","accuracy_m":1.36,"relative_accuracy_m":0.25,"measured":true,"date":"2023-02-13"},"corner":"t6"},"geometry":{"type":"LineString","coordinates":[[-81.3542856,27.4525872],[-81.3542899,27.4526911]]}},{"type":"Feature","properties":{"role":"corner_entry","id":"t7-entry","marker":0.33244,"width_m":12.19,"quality":{"source":"naip","accuracy_m":1.36,"relative_accuracy_m":0.25,"measured":true,"date":"2023-02-13"},"corner":"t7"},"geometry":{"type":"LineString","coordinates":[[-81.3579903,27.4525646],[-81.3579897,27.4526746]]}},{"type":"Feature","properties":{"role":"corner_exit","id":"t7-exit","marker":0.34305,"width_m":12.73,"quality":{"source":"naip","accuracy_m":1.36,"relative_accuracy_m":0.25,"measured":true,"date":"2023-02-13"},"corner":"t7"},"geometry":{"type":"LineString","coordinates":[[-81.3582467,27.4530455],[-81.3581467,27.452973]]}},{"type":"Feature","properties":{"role":"corner_entry","id":"t8-entry","marker":0.37147,"width_m":10.57,"quality":{"source":"naip","accuracy_m":2.2,"relative_accuracy_m":1.75,"measured":false,"date":"2023-02-13"},"corner":"t8"},"geometry":{"type":"LineString","coordinates":[[-81.3573919,27.4542851],[-81.3573145,27.4542193]]}},{"type":"Feature","properties":{"role":"corner_exit","id":"t8-exit","marker":0.38688,"width_m":12.59,"quality":{"source":"naip","accuracy_m":2.2,"relative_accuracy_m":1.75,"measured":false,"date":"2023-02-13"},"corner":"t8"},"geometry":{"type":"LineString","coordinates":[[-81.3566268,27.4547525],[-81.3565802,27.4546468]]}},{"type":"Feature","properties":{"role":"corner_entry","id":"t9-entry","marker":0.40913,"width_m":12.61,"quality":{"source":"naip","accuracy_m":2.2,"relative_accuracy_m":1.75,"measured":false,"date":"2023-02-13"},"corner":"t9"},"geometry":{"type":"LineString","coordinates":[[-81.3553825,27.4551395],[-81.3553408,27.4550319]]}},{"type":"Feature","properties":{"role":"corner_exit","id":"t9-exit","marker":0.42077,"width_m":14.56,"quality":{"source":"naip","accuracy_m":2.2,"relative_accuracy_m":1.75,"measured":false,"date":"2023-02-13"},"corner":"t9"},"geometry":{"type":"LineString","coordinates":[[-81.3548063,27.4554326],[-81.3547179,27.4553275]]}},{"type":"Feature","properties":{"role":"corner_entry","id":"t10-entry","marker":0.46802,"width_m":11.52,"quality":{"source":"naip","accuracy_m":1.36,"relative_accuracy_m":0.25,"measured":true,"date":"2023-02-13"},"corner":"t10"},"geometry":{"type":"LineString","coordinates":[[-81.3528351,27.457181],[-81.3527537,27.4571067]]}},{"type":"Feature","properties":{"role":"corner_exit","id":"t10-exit","marker":0.47898,"width_m":11.68,"quality":{"source":"naip","accuracy_m":1.36,"relative_accuracy_m":0.25,"measured":true,"date":"2023-02-13"},"corner":"t10"},"geometry":{"type":"LineString","coordinates":[[-81.3521886,27.4571316],[-81.3522745,27.4570593]]}},{"type":"Feature","properties":{"role":"corner_entry","id":"t11-entry","marker":0.50003,"width_m":11.55,"quality":{"source":"naip","accuracy_m":1.36,"relative_accuracy_m":0.25,"measured":true,"date":"2023-02-13"},"corner":"t11"},"geometry":{"type":"LineString","coordinates":[[-81.3512578,27.456495],[-81.3512924,27.4563954]]}},{"type":"Feature","properties":{"role":"corner_exit","id":"t11-exit","marker":0.50808,"width_m":11.72,"quality":{"source":"naip","accuracy_m":1.36,"relative_accuracy_m":0.25,"measured":true,"date":"2023-02-13"},"corner":"t11"},"geometry":{"type":"LineString","coordinates":[[-81.3508239,27.4564876],[-81.3507917,27.4563858]]}},{"type":"Feature","properties":{"role":"corner_entry","id":"t12-entry","marker":0.52708,"width_m":17.65,"quality":{"source":"naip","accuracy_m":1.36,"relative_accuracy_m":0.25,"measured":true,"date":"2023-02-13"},"corner":"t12"},"geometry":{"type":"LineString","coordinates":[[-81.3498176,27.4568765],[-81.3497291,27.4567382]]}},{"type":"Feature","properties":{"role":"corner_exit","id":"t12-exit","marker":0.53308,"width_m":14.3,"quality":{"source":"naip","accuracy_m":1.36,"relative_accuracy_m":0.25,"measured":true,"date":"2023-02-13"},"corner":"t12"},"geometry":{"type":"LineString","coordinates":[[-81.3494456,27.456962],[-81.3494299,27.4568337]]}},{"type":"Feature","properties":{"role":"corner_entry","id":"t13-entry","marker":0.55465,"width_m":13.65,"quality":{"source":"naip","accuracy_m":1.36,"relative_accuracy_m":0.25,"measured":true,"date":"2023-02-13"},"corner":"t13"},"geometry":{"type":"LineString","coordinates":[[-81.3481494,27.4569421],[-81.3481892,27.4568241]]}},{"type":"Feature","properties":{"role":"corner_exit","id":"t13-exit","marker":0.56184,"width_m":14.02,"quality":{"source":"naip","accuracy_m":2.2,"relative_accuracy_m":1.75,"measured":false,"date":"2023-02-13"},"corner":"t13"},"geometry":{"type":"LineString","coordinates":[[-81.3478358,27.4566311],[-81.3479761,27.4566126]]}},{"type":"Feature","properties":{"role":"corner_entry","id":"t14-entry","marker":0.62518,"width_m":13.45,"quality":{"source":"naip","accuracy_m":2.2,"relative_accuracy_m":1.75,"measured":false,"date":"2023-02-13"},"corner":"t14"},"geometry":{"type":"LineString","coordinates":[[-81.3478671,27.4532819],[-81.348002,27.4532976]]}},{"type":"Feature","properties":{"role":"corner_exit","id":"t14-exit","marker":0.6322,"width_m":14.68,"quality":{"source":"naip","accuracy_m":1.36,"relative_accuracy_m":0.25,"measured":true,"date":"2023-02-13"},"corner":"t14"},"geometry":{"type":"LineString","coordinates":[[-81.3478334,27.4529492],[-81.3479721,27.4529021]]}},{"type":"Feature","properties":{"role":"corner_entry","id":"t15-entry","marker":0.68355,"width_m":23.48,"quality":{"source":"naip","accuracy_m":1.36,"relative_accuracy_m":0.25,"measured":true,"date":"2023-02-13"},"corner":"t15"},"geometry":{"type":"LineString","coordinates":[[-81.3461847,27.4507939],[-81.3463569,27.4506479]]}},{"type":"Feature","properties":{"role":"corner_exit","id":"t15-exit","marker":0.69622,"width_m":19.13,"quality":{"source":"naip","accuracy_m":2.2,"relative_accuracy_m":1.75,"measured":false,"date":"2023-02-13"},"corner":"t15"},"geometry":{"type":"LineString","coordinates":[[-81.3461684,27.4500555],[-81.3463366,27.4501409]]}},{"type":"Feature","properties":{"role":"corner_entry","id":"t16-entry","marker":0.72447,"width_m":16.59,"quality":{"source":"naip","accuracy_m":1.36,"relative_accuracy_m":0.25,"measured":true,"date":"2023-02-13"},"corner":"t16"},"geometry":{"type":"LineString","coordinates":[[-81.3466378,27.4486822],[-81.3468014,27.4487155]]}},{"type":"Feature","properties":{"role":"corner_exit","id":"t16-exit","marker":0.73697,"width_m":18.11,"quality":{"source":"naip","accuracy_m":1.36,"relative_accuracy_m":0.25,"measured":true,"date":"2023-02-13"},"corner":"t16"},"geometry":{"type":"LineString","coordinates":[[-81.3472456,27.4482387],[-81.3472577,27.4484018]]}},{"type":"Feature","properties":{"role":"corner_entry","id":"t17-entry","marker":0.91895,"width_m":19.19,"quality":{"source":"naip","accuracy_m":2.2,"relative_accuracy_m":1.75,"measured":false,"date":"2023-02-13"},"corner":"t17"},"geometry":{"type":"LineString","coordinates":[[-81.3576787,27.4491389],[-81.3574887,27.4491742]]}},{"type":"Feature","properties":{"role":"corner_exit","id":"t17-exit","marker":0.92836,"width_m":17.93,"quality":{"source":"naip","accuracy_m":1.36,"relative_accuracy_m":0.25,"measured":true,"date":"2023-02-13"},"corner":"t17"},"geometry":{"type":"LineString","coordinates":[[-81.357569,27.449674],[-81.3574228,27.4495782]]}},{"type":"Feature","properties":{"role":"brake_point","id":"t1-brake","marker":0.0592,"width_m":19.24,"quality":{"source":"naip","accuracy_m":1.36,"relative_accuracy_m":0.25,"measured":true,"date":"2023-02-13"},"corner":"t1","speed_kmh":256.9},"geometry":{"type":"LineString","coordinates":[[-81.3500299,27.4503463],[-81.3500299,27.4501727]]}},{"type":"Feature","properties":{"role":"brake_point","id":"t3-brake","marker":0.13898,"width_m":10.52,"quality":{"source":"naip","accuracy_m":2.2,"relative_accuracy_m":1.75,"measured":false,"date":"2023-02-13"},"corner":"t3","speed_kmh":225.0},"geometry":{"type":"LineString","coordinates":[[-81.3489165,27.4534967],[-81.3488101,27.4534968]]}},{"type":"Feature","properties":{"role":"brake_point","id":"t5-brake","marker":0.17882,"width_m":11.27,"quality":{"source":"naip","accuracy_m":1.36,"relative_accuracy_m":0.25,"measured":true,"date":"2023-02-13"},"corner":"t5","speed_kmh":160.3},"geometry":{"type":"LineString","coordinates":[[-81.3501441,27.4548112],[-81.3500756,27.4548925]]}},{"type":"Feature","properties":{"role":"brake_point","id":"t7-brake","marker":0.31324,"width_m":11.11,"quality":{"source":"naip","accuracy_m":2.2,"relative_accuracy_m":1.75,"measured":false,"date":"2023-02-13"},"corner":"t7","speed_kmh":251.6},"geometry":{"type":"LineString","coordinates":[[-81.3568562,27.4525839],[-81.356858,27.4526842]]}},{"type":"Feature","properties":{"role":"brake_point","id":"t10-brake","marker":0.45105,"width_m":11.09,"quality":{"source":"naip","accuracy_m":2.2,"relative_accuracy_m":1.75,"measured":false,"date":"2023-02-13"},"corner":"t10","speed_kmh":245.6},"geometry":{"type":"LineString","coordinates":[[-81.3535398,27.456545],[-81.3534595,27.4564751]]}},{"type":"Feature","properties":{"role":"brake_point","id":"t13-brake","marker":0.53814,"width_m":10.44,"quality":{"source":"naip","accuracy_m":2.2,"relative_accuracy_m":1.75,"measured":false,"date":"2023-02-13"},"corner":"t13","speed_kmh":214.1},"geometry":{"type":"LineString","coordinates":[[-81.3491466,27.456962],[-81.3491436,27.4568678]]}},{"type":"Feature","properties":{"role":"brake_point","id":"t15-brake","marker":0.68525,"width_m":22.34,"quality":{"source":"naip","accuracy_m":2.2,"relative_accuracy_m":1.75,"measured":false,"date":"2023-02-13"},"corner":"t15","speed_kmh":152.8},"geometry":{"type":"LineString","coordinates":[[-81.3461125,27.4507095],[-81.3462984,27.4505949]]}},{"type":"Feature","properties":{"role":"brake_point","id":"t16-brake","marker":0.72753,"width_m":17.26,"quality":{"source":"naip","accuracy_m":2.2,"relative_accuracy_m":1.75,"measured":false,"date":"2023-02-13"},"corner":"t16","speed_kmh":143.3},"geometry":{"type":"LineString","coordinates":[[-81.3467049,27.4485062],[-81.3468546,27.4485864]]}},{"type":"Feature","properties":{"role":"brake_point","id":"t17-brake","marker":0.92384,"width_m":19.13,"quality":{"source":"naip","accuracy_m":2.2,"relative_accuracy_m":1.75,"measured":false,"date":"2023-02-13"},"corner":"t17","speed_kmh":136.9},"geometry":{"type":"LineString","coordinates":[[-81.3577043,27.4494131],[-81.3575113,27.4494013]]}},{"type":"Feature","properties":{"role":"racing_line","model":"gt3","lap_time_s":113.18,"speed_kmh":[228,228,229,229,230,230,231,231,232,232,233,233,233,234,234,235,235,235,236,236,237,237,237,238,238,239,239,239,240,240,240,241,241,241,242,242,243,243,243,244,244,244,245,245,245,246,246,246,246,247,247,247,248,248,248,249,249,249,249,250,250,250,251,251,251,251,252,252,252,253,253,253,253,254,254,254,254,255,255,255,255,256,256,256,256,257,257,255,251,247,243,238,234,231,227,224,220,217,214,211,208,205,202,199,196,193,190,187,184,182,179,176,174,171,168,166,164,162,161,161,161,161,162,163,164,165,165,165,166,167,169,170,171,172,174,175,176,177,178,179,180,182,183,184,185,186,187,188,189,190,190,191,192,193,194,195,196,197,197,198,199,200,201,201,202,203,204,204,205,206,207,207,208,209,209,210,211,211,212,213,213,214,214,215,216,216,217,217,218,219,219,220,220,221,221,222,222,223,223,224,224,225,221,215,210,204,199,193,187,182,176,170,165,160,155,150,145,141,137,134,130,127,124,120,117,115,112,109,106,103,102,102,103,105,108,111,114,117,120,123,126,129,131,134,136,138,140,142,144,146,148,150,151,153,155,156,158,160,158,153,148,143,138,133,129,125,121,117,114,111,108,105,103,102,102,104,106,108,109,111,113,115,117,120,122,125,128,130,133,135,137,139,141,143,145,147,149,151,153,154,156,157,159,160,162,163,165,166,168,169,170,171,173,174,175,176,177,178,180,181,182,183,184,185,186,187,188,189,190,191,192,192,193,194,195,196,197,198,198,199,200,201,202,202,203,204,205,205,206,207,207,208,209,209,210,211,211,212,213,213,214,215,215,216,216,217,217,218,219,219,220,220,221,221,222,222,223,224,224,225,225,226,226,227,227,227,228,228,229,229,230,230,231,231,232,232,232,233,233,234,234,235,235,235,236,236,237,237,237,238,238,239,239,239,240,240,240,241,241,241,242,242,243,243,243,244,244,244,245,245,245,246,246,246,246,247,247,247,248,248,248,249,249,249,249,250,250,250,251,251,251,251,249,244,238,233,228,222,217,211,206,200,194,189,183,177,171,165,159,152,146,139,132,126,119,113,107,101,96,92,89,87,84,81,80,81,82,81,81,82,84,87,90,92,95,99,103,107,110,114,117,120,123,126,128,131,133,136,138,140,142,144,146,148,150,151,153,155,156,158,159,161,162,164,165,167,168,169,171,172,173,174,175,177,178,179,180,181,182,183,184,185,186,187,188,189,190,191,192,193,194,194,195,196,197,198,199,199,200,201,202,203,203,204,205,205,206,207,208,208,209,210,210,211,212,212,213,213,214,215,215,216,217,217,218,218,219,219,220,220,221,222,222,223,223,224,224,225,225,226,226,227,227,228,228,229,229,230,230,230,231,231,232,232,233,233,233,234,234,235,235,236,236,236,237,237,238,238,238,239,239,239,240,240,241,241,241,242,242,242,243,243,243,244,244,244,245,245,245,246,241,236,230,225,219,214,208,203,197,192,186,180,174,169,163,156,150,144,138,132,127,121,116,112,109,108,107,104,100,97,94,93,92,93,95,98,101,103,106,109,112,116,119,122,124,127,130,132,134,137,139,141,143,145,147,148,149,150,151,152,153,154,155,156,158,159,161,162,163,164,166,167,169,170,171,172,174,175,176,177,178,179,180,182,183,184,185,186,187,188,189,190,190,191,192,193,194,195,196,197,197,198,199,200,201,201,202,203,204,204,205,206,207,207,208,209,209,210,211,211,212,213,213,214,214,209,205,200,195,191,186,181,176,171,166,161,157,152,148,143,139,135,132,129,125,122,119,117,116,115,116,118,120,122,122,120,119,119,119,120,122,124,126,128,131,133,136,138,140,142,144,146,148,150,151,153,155,156,158,159,161,162,164,165,167,168,169,171,172,173,174,175,177,178,179,180,181,182,183,184,185,186,187,188,189,190,191,192,193,194,194,195,196,197,198,199,199,200,201,202,203,203,204,205,205,206,207,208,208,209,210,210,211,212,212,213,214,214,215,215,216,217,217,218,218,219,219,220,221,221,222,222,223,223,224,224,225,225,226,226,227,227,228,228,229,229,230,230,230,231,231,232,232,233,233,233,234,234,235,235,236,236,236,237,237,238,238,238,239,239,239,240,240,241,241,241,242,242,242,243,243,243,244,244,244,245,245,245,246,246,246,244,238,233,228,223,218,212,208,203,198,194,189,185,181,176,172,168,165,161,158,155,153,152,151,151,152,152,148,143,141,140,140,142,143,145,147,149,151,152,154,156,157,159,160,162,163,165,166,167,169,170,171,172,174,175,176,177,178,179,181,182,183,184,185,186,187,188,189,190,187,182,177,172,167,163,158,154,151,147,145,143,142,141,142,143,143,141,139,138,138,138,139,141,143,145,147,148,150,151,153,154,156,158,159,161,162,164,165,166,168,169,170,172,173,174,175,176,177,179,180,181,182,183,184,185,186,187,188,189,190,191,192,193,193,194,195,196,197,198,198,199,200,201,202,202,203,204,205,205,206,207,207,208,209,209,210,211,211,212,213,213,214,215,215,216,216,217,218,218,219,219,220,220,221,221,222,223,223,224,224,225,225,226,226,227,227,228,228,228,229,229,230,230,231,231,232,232,233,233,233,234,234,235,235,235,236,236,237,237,237,238,238,239,239,239,240,240,240,241,241,242,242,242,243,243,243,244,244,244,245,245,245,246,246,246,247,247,247,247,248,248,248,249,249,249,250,250,250,250,251,251,251,251,252,252,252,253,253,253,253,254,254,254,254,255,255,255,255,256,256,256,256,257,257,257,257,258,258,258,258,258,259,259,259,259,260,260,260,260,260,261,261,261,261,261,262,262,262,262,262,263,263,263,263,263,264,264,264,264,264,265,265,265,265,265,264,261,257,253,250,246,243,239,235,232,228,224,220,215,211,206,203,200,198,196,194,192,190,187,185,182,179,177,174,171,168,166,163,161,158,156,154,153,152,152,154,155,151,147,144,142,140,139,139,139,137,136,136,137,134,132,131,131,132,132,133,133,133,134,134,135,136,138,139,141,144,145,147,149,151,153,154,156,158,159,161,162,163,165,166,168,169,170,171,173,174,175,176,177,179,180,181,182,183,184,185,186,187,188,189,190,191,192,192,193,194,195,196,197,198,198,199,200,201,202,202,203,204,205,205,206,207,207,208,209,209,210,211,211,212,213,213,214,215,215,216,216,217,218,218,219,219,220,220,221,221,222,223,223,224,224,225,225,226,226,227,227,228],"quality":{"source":"model","measured":false,"note":"minimum-curvature line inside the measured edges; not driven, no elevation"}},"geometry":{"type":"LineString","coordinates":[[-81.3535293,27.4502443],[-81.3534889,27.450243],[-81.3534485,27.4502418],[-81.353408,27.4502405],[-81.3533676,27.4502392],[-81.3533271,27.4502379],[-81.3532867,27.4502366],[-81.3532463,27.4502352],[-81.3532058,27.4502339],[-81.3531654,27.4502326],[-81.353125,27.4502313],[-81.3530845,27.45023],[-81.3530441,27.4502287],[-81.3530036,27.4502275],[-81.3529632,27.4502262],[-81.3529228,27.4502249],[-81.3528823,27.4502236],[-81.3528419,27.4502223],[-81.3528014,27.4502211],[-81.352761,27.4502198],[-81.3527206,27.4502186],[-81.3526801,27.4502173],[-81.3526397,27.4502161],[-81.3525992,27.4502149],[-81.3525588,27.4502136],[-81.3525184,27.4502124],[-81.3524779,27.4502112],[-81.3524375,27.4502101],[-81.352397,27.4502089],[-81.3523566,27.4502078],[-81.3523161,27.4502066],[-81.3522757,27.4502055],[-81.3522352,27.4502044],[-81.3521948,27.4502033],[-81.3521544,27.4502022],[-81.3521139,27.4502012],[-81.3520735,27.4502001],[-81.352033,27.4501991],[-81.3519926,27.4501981],[-81.3519521,27.4501972],[-81.3519117,27.4501962],[-81.3518712,27.4501953],[-81.3518308,27.4501944],[-81.3517903,27.4501935],[-81.3517499,27.4501926],[-81.3517094,27.4501918],[-81.3516689,27.4501909],[-81.3516285,27.4501902],[-81.351588,27.4501894],[-81.3515476,27.4501887],[-81.3515071,27.450188],[-81.3514667,27.4501873],[-81.3514262,27.4501866],[-81.3513857,27.450186],[-81.3513453,27.4501854],[-81.3513048,27.4501849],[-81.3512644,27.4501843],[-81.3512239,27.4501838],[-81.3511834,27.4501834],[-81.351143,27.450183],[-81.3511025,27.4501826],[-81.3510621,27.4501822],[-81.3510216,27.4501819],[-81.3509811,27.4501816],[-81.3509407,27.4501814],[-81.3509002,27.4501812],[-81.3508597,27.450181],[-81.3508193,27.4501809],[-81.3507788,27.4501808],[-81.3507383,27.4501808],[-81.3506979,27.4501808],[-81.3506574,27.4501808],[-81.350617,27.4501809],[-81.3505765,27.450181],[-81.350536,27.4501812],[-81.3504956,27.4501814],[-81.3504551,27.4501817],[-81.3504146,27.450182],[-81.3503742,27.4501825],[-81.3503337,27.4501831],[-81.3502933,27.4501839],[-81.3502528,27.4501849],[-81.3502124,27.4501861],[-81.3501719,27.4501876],[-81.3501315,27.4501893],[-81.3500911,27.4501914],[-81.3500507,27.4501938],[-81.3500104,27.4501965],[-81.3499701,27.4501997],[-81.3499298,27.4502032],[-81.3498896,27.4502072],[-81.3498495,27.4502117],[-81.3498094,27.4502167],[-81.3497694,27.4502222],[-81.3497295,27.4502283],[-81.3496898,27.4502351],[-81.3496501,27.4502424],[-81.3496107,27.4502504],[-81.3495714,27.4502592],[-81.3495324,27.4502686],[-81.3494936,27.4502788],[-81.349455,27.4502898],[-81.3494167,27.4503015],[-81.3493788,27.450314],[-81.3493411,27.4503273],[-81.3493039,27.4503413],[-81.349267,27.4503561],[-81.3492305,27.4503718],[-81.3491945,27.4503882],[-81.349159,27.4504056],[-81.3491241,27.4504238],[-81.3490898,27.450443],[-81.3490561,27.4504629],[-81.3490231,27.4504838],[-81.3489908,27.4505056],[-81.3489593,27.4505282],[-81.3489286,27.4505518],[-81.3488989,27.4505763],[-81.3488702,27.4506017],[-81.3488425,27.450628],[-81.348816,27.4506553],[-81.3487906,27.4506834],[-81.3487663,27.4507123],[-81.348743,27.4507418],[-81.348721,27.4507721],[-81.3487001,27.450803],[-81.3486805,27.4508346],[-81.3486622,27.4508667],[-81.348645,27.4508994],[-81.3486291,27.4509326],[-81.3486143,27.4509662],[-81.3486006,27.4510002],[-81.3485881,27.4510345],[-81.3485765,27.4510691],[-81.348566,27.4511039],[-81.3485565,27.451139],[-81.3485481,27.4511743],[-81.3485406,27.4512098],[-81.3485342,27.4512454],[-81.3485287,27.4512812],[-81.3485242,27.4513171],[-81.3485206,27.451353],[-81.3485179,27.4513891],[-81.348516,27.4514251],[-81.3485148,27.4514612],[-81.3485141,27.4514973],[-81.3485141,27.4515334],[-81.3485147,27.4515695],[-81.3485159,27.4516056],[-81.3485179,27.4516416],[-81.3485205,27.4516776],[-81.3485236,27.4517136],[-81.3485273,27.4517496],[-81.3485315,27.4517855],[-81.3485362,27.4518213],[-81.3485413,27.4518572],[-81.3485468,27.4518929],[-81.3485527,27.4519286],[-81.3485589,27.4519643],[-81.3485654,27.4519999],[-81.3485722,27.4520355],[-81.3485792,27.4520711],[-81.3485865,27.4521066],[-81.3485939,27.4521421],[-81.3486015,27.4521775],[-81.3486093,27.4522129],[-81.3486172,27.4522484],[-81.3486251,27.4522837],[-81.3486332,27.4523191],[-81.3486413,27.4523545],[-81.3486494,27.4523898],[-81.3486576,27.4524252],[-81.3486658,27.4524606],[-81.348674,27.4524959],[-81.3486821,27.4525313],[-81.3486902,27.4525666],[-81.3486982,27.452602],[-81.3487061,27.4526374],[-81.3487139,27.4526728],[-81.3487216,27.4527083],[-81.3487291,27.4527438],[-81.3487365,27.4527792],[-81.3487438,27.4528148],[-81.3487508,27.4528503],[-81.3487577,27.4528859],[-81.3487643,27.4529215],[-81.3487706,27.4529571],[-81.3487767,27.4529928],[-81.3487824,27.4530286],[-81.3487878,27.4530644],[-81.3487929,27.4531002],[-81.3487977,27.453136],[-81.348802,27.4531719],[-81.348806,27.4532078],[-81.3488096,27.4532438],[-81.3488128,27.4532798],[-81.3488155,27.4533158],[-81.3488178,27.4533518],[-81.3488196,27.4533879],[-81.348821,27.453424],[-81.3488218,27.4534601],[-81.3488223,27.4534961],[-81.3488225,27.4535322],[-81.3488224,27.4535683],[-81.3488222,27.4536044],[-81.3488218,27.4536405],[-81.3488215,27.4536766],[-81.3488211,27.4537127],[-81.3488209,27.4537488],[-81.3488209,27.4537849],[-81.3488212,27.453821],[-81.3488219,27.4538571],[-81.3488232,27.4538932],[-81.3488252,27.4539293],[-81.3488279,27.4539653],[-81.3488317,27.4540012],[-81.3488366,27.454037],[-81.3488428,27.4540727],[-81.3488504,27.4541082],[-81.3488597,27.4541433],[-81.3488706,27.4541781],[-81.3488834,27.4542123],[-81.3488983,27.4542459],[-81.3489148,27.4542788],[-81.3489334,27.4543109],[-81.348954,27.4543419],[-81.3489767,27.4543718],[-81.3490016,27.4544002],[-81.3490284,27.4544272],[-81.3490573,27.4544525],[-81.3490883,27.4544757],[-81.3491214,27.4544964],[-81.3491562,27.4545148],[-81.3491925,27.4545307],[-81.3492298,27.4545447],[-81.3492678,27.4545571],[-81.3493065,27.4545677],[-81.3493457,27.4545767],[-81.3493852,27.4545846],[-81.3494248,27.4545918],[-81.3494645,27.4545987],[-81.3495042,27.4546057],[-81.3495438,27.4546131],[-81.3495832,27.4546214],[-81.3496223,27.4546307],[-81.349661,27.4546412],[-81.3496992,27.454653],[-81.349737,27.4546661],[-81.3497741,27.4546804],[-81.3498108,27.4546956],[-81.3498471,27.4547116],[-81.349883,27.4547282],[-81.3499186,27.4547453],[-81.349954,27.4547628],[-81.3499893,27.4547806],[-81.3500245,27.4547983],[-81.3500598,27.454816],[-81.3500952,27.4548334],[-81.3501308,27.4548505],[-81.3501668,27.454867],[-81.3502032,27.4548829],[-81.3502399,27.454898],[-81.3502772,27.454912],[-81.350315,27.4549248],[-81.3503534,27.4549364],[-81.3503922,27.4549464],[-81.3504315,27.4549549],[-81.3504713,27.4549615],[-81.3505114,27.4549661],[-81.3505518,27.4549686],[-81.3505923,27.4549686],[-81.3506326,27.4549664],[-81.3506727,27.4549615],[-81.3507123,27.454954],[-81.3507509,27.4549431],[-81.3507885,27.4549299],[-81.350825,27.4549143],[-81.3508603,27.4548968],[-81.3508941,27.4548769],[-81.3509264,27.4548551],[-81.3509571,27.4548316],[-81.3509862,27.4548066],[-81.3510139,27.4547802],[-81.3510398,27.4547526],[-81.3510643,27.4547238],[-81.3510874,27.4546942],[-81.3511092,27.4546638],[-81.3511298,27.4546327],[-81.3511494,27.4546011],[-81.3511682,27.4545692],[-81.3511861,27.4545368],[-81.3512036,27.4545042],[-81.3512206,27.4544715],[-81.3512373,27.4544386],[-81.3512538,27.4544057],[-81.3512704,27.4543727],[-81.3512871,27.4543398],[-81.3513041,27.4543071],[-81.3513215,27.4542745],[-81.3513395,27.4542422],[-81.3513579,27.45421],[-81.351377,27.4541782],[-81.3513966,27.4541466],[-81.3514166,27.4541152],[-81.3514372,27.4540842],[-81.3514583,27.4540534],[-81.3514799,27.4540228],[-81.3515019,27.4539926],[-81.3515245,27.4539626],[-81.3515474,27.4539329],[-81.3515709,27.4539035],[-81.3515948,27.4538743],[-81.3516192,27.4538455],[-81.351644,27.453817],[-81.3516692,27.4537888],[-81.3516949,27.4537609],[-81.351721,27.4537333],[-81.3517474,27.453706],[-81.3517743,27.453679],[-81.3518016,27.4536524],[-81.3518293,27.453626],[-81.3518574,27.4536],[-81.3518858,27.4535743],[-81.3519146,27.453549],[-81.3519438,27.453524],[-81.3519733,27.4534993],[-81.3520032,27.4534749],[-81.3520334,27.4534509],[-81.3520639,27.4534272],[-81.3520947,27.4534038],[-81.3521259,27.4533808],[-81.3521574,27.4533581],[-81.3521892,27.4533358],[-81.3522213,27.4533138],[-81.3522536,27.4532921],[-81.3522863,27.4532708],[-81.3523193,27.4532499],[-81.3523525,27.4532293],[-81.352386,27.4532091],[-81.3524198,27.4531892],[-81.3524538,27.4531697],[-81.3524881,27.4531505],[-81.3525227,27.4531317],[-81.3525574,27.4531132],[-81.3525924,27.4530951],[-81.3526277,27.4530774],[-81.3526632,27.45306],[-81.3526988,27.453043],[-81.3527348,27.4530264],[-81.3527709,27.4530101],[-81.3528072,27.4529942],[-81.3528437,27.4529787],[-81.3528804,27.4529635],[-81.3529173,27.4529487],[-81.3529544,27.4529343],[-81.3529917,27.4529202],[-81.3530292,27.4529065],[-81.3530668,27.4528932],[-81.3531045,27.4528803],[-81.3531425,27.4528677],[-81.3531806,27.4528555],[-81.3532188,27.4528437],[-81.3532572,27.4528323],[-81.3532957,27.4528212],[-81.3533343,27.4528104],[-81.3533731,27.4528001],[-81.3534119,27.45279],[-81.3534509,27.4527804],[-81.35349,27.452771],[-81.3535292,27.452762],[-81.3535685,27.4527533],[-81.3536078,27.4527449],[-81.3536473,27.4527369],[-81.3536868,27.4527291],[-81.3537264,27.4527217],[-81.353766,27.4527145],[-81.3538058,27.4527076],[-81.3538456,27.4527011],[-81.3538854,27.4526948],[-81.3539253,27.4526887],[-81.3539652,27.452683],[-81.3540052,27.4526775],[-81.3540453,27.4526722],[-81.3540853,27.4526673],[-81.3541255,27.4526625],[-81.3541656,27.452658],[-81.3542058,27.4526537],[-81.354246,27.4526497],[-81.3542862,27.4526458],[-81.3543265,27.4526422],[-81.3543668,27.4526388],[-81.3544071,27.4526356],[-81.3544474,27.4526326],[-81.3544877,27.4526298],[-81.3545281,27.4526271],[-81.3545685,27.4526247],[-81.3546089,27.4526224],[-81.3546492,27.4526202],[-81.3546897,27.4526183],[-81.3547301,27.4526164],[-81.3547705,27.4526148],[-81.3548109,27.4526132],[-81.3548513,27.4526118],[-81.3548918,27.4526105],[-81.3549322,27.4526094],[-81.3549727,27.4526083],[-81.3550131,27.4526074],[-81.3550536,27.4526065],[-81.355094,27.4526058],[-81.3551345,27.4526051],[-81.355175,27.4526045],[-81.3552154,27.452604],[-81.3552559,27.4526035],[-81.3552963,27.4526031],[-81.3553368,27.4526028],[-81.3553773,27.4526025],[-81.3554177,27.4526023],[-81.3554582,27.4526021],[-81.3554987,27.4526019],[-81.3555391,27.4526017],[-81.3555796,27.4526016],[-81.35562,27.4526014],[-81.3556605,27.4526013],[-81.355701,27.4526012],[-81.3557414,27.452601],[-81.3557819,27.4526009],[-81.3558224,27.4526008],[-81.3558628,27.4526007],[-81.3559033,27.4526006],[-81.3559438,27.4526005],[-81.3559842,27.4526003],[-81.3560247,27.4526002],[-81.3560652,27.4526001],[-81.3561056,27.4525999],[-81.3561461,27.4525998],[-81.3561866,27.4525996],[-81.356227,27.4525994],[-81.3562675,27.4525993],[-81.3563079,27.452599],[-81.3563484,27.4525988],[-81.3563889,27.4525986],[-81.3564293,27.4525983],[-81.3564698,27.452598],[-81.3565103,27.4525977],[-81.3565507,27.4525974],[-81.3565912,27.452597],[-81.3566316,27.4525967],[-81.3566721,27.4525963],[-81.3567126,27.4525958],[-81.356753,27.4525954],[-81.3567935,27.4525949],[-81.356834,27.4525944],[-81.3568744,27.4525939],[-81.3569149,27.4525934],[-81.3569553,27.4525928],[-81.3569958,27.4525922],[-81.3570363,27.4525916],[-81.3570767,27.452591],[-81.3571172,27.4525903],[-81.3571576,27.4525896],[-81.3571981,27.4525889],[-81.3572385,27.4525882],[-81.357279,27.4525874],[-81.3573195,27.4525867],[-81.3573599,27.4525858],[-81.3574004,27.452585],[-81.3574408,27.4525841],[-81.3574813,27.4525833],[-81.3575217,27.4525823],[-81.3575622,27.4525814],[-81.3576026,27.4525804],[-81.3576431,27.4525794],[-81.3576835,27.4525785],[-81.357724,27.4525779],[-81.3577644,27.452578],[-81.3578049,27.4525792],[-81.3578452,27.4525817],[-81.3578854,27.4525859],[-81.3579252,27.4525924],[-81.3579643,27.4526016],[-81.3580024,27.4526138],[-81.3580388,27.4526295],[-81.3580731,27.4526487],[-81.3581051,27.4526707],[-81.3581337,27.4526961],[-81.3581581,27.4527249],[-81.3581786,27.452756],[-81.3581953,27.4527889],[-81.3582071,27.4528233],[-81.3582138,27.4528589],[-81.3582157,27.4528949],[-81.3582143,27.452931],[-81.3582089,27.4529668],[-81.3582001,27.453002],[-81.358188,27.4530364],[-81.358173,27.4530699],[-81.3581562,27.4531028],[-81.3581383,27.4531351],[-81.3581198,27.4531672],[-81.3581013,27.4531993],[-81.3580831,27.4532316],[-81.3580652,27.4532639],[-81.3580476,27.4532965],[-81.3580302,27.4533291],[-81.3580131,27.4533618],[-81.357996,27.4533945],[-81.3579791,27.4534273],[-81.357962,27.45346],[-81.3579449,27.4534927],[-81.3579276,27.4535254],[-81.3579101,27.4535579],[-81.3578922,27.4535903],[-81.3578739,27.4536225],[-81.3578552,27.4536545],[-81.3578359,27.4536862],[-81.3578162,27.4537178],[-81.357796,27.453749],[-81.3577752,27.45378],[-81.3577537,27.4538106],[-81.3577315,27.4538408],[-81.3577088,27.4538706],[-81.3576854,27.4539001],[-81.3576614,27.4539292],[-81.3576369,27.4539579],[-81.3576118,27.4539861],[-81.3575861,27.454014],[-81.3575599,27.4540415],[-81.3575331,27.4540686],[-81.3575058,27.4540952],[-81.357478,27.4541215],[-81.3574497,27.4541473],[-81.3574209,27.4541726],[-81.3573917,27.4541976],[-81.3573619,27.4542221],[-81.3573318,27.4542462],[-81.3573012,27.4542698],[-81.3572702,27.454293],[-81.3572389,27.4543158],[-81.3572071,27.4543382],[-81.357175,27.4543601],[-81.3571425,27.4543816],[-81.3571096,27.4544027],[-81.3570764,27.4544234],[-81.3570429,27.4544436],[-81.3570091,27.4544634],[-81.3569749,27.4544828],[-81.3569405,27.4545018],[-81.3569058,27.4545203],[-81.3568708,27.4545385],[-81.3568356,27.4545563],[-81.3568002,27.4545736],[-81.3567645,27.4545907],[-81.3567286,27.4546073],[-81.3566925,27.4546237],[-81.3566562,27.4546397],[-81.3566198,27.4546554],[-81.3565832,27.4546708],[-81.3565464,27.4546859],[-81.3565096,27.4547007],[-81.3564725,27.4547153],[-81.3564354,27.4547297],[-81.3563982,27.4547438],[-81.3563609,27.4547577],[-81.3563234,27.4547715],[-81.3562859,27.4547851],[-81.3562484,27.4547985],[-81.3562108,27.4548118],[-81.3561731,27.454825],[-81.3561354,27.4548381],[-81.3560977,27.4548511],[-81.3560599,27.4548641],[-81.3560221,27.454877],[-81.3559843,27.4548899],[-81.3559465,27.4549028],[-81.3559088,27.4549157],[-81.355871,27.4549287],[-81.3558332,27.4549417],[-81.3557955,27.4549548],[-81.3557578,27.4549679],[-81.3557202,27.4549812],[-81.3556826,27.4549946],[-81.3556451,27.4550081],[-81.3556077,27.4550218],[-81.3555703,27.4550357],[-81.3555331,27.4550498],[-81.3554959,27.4550641],[-81.3554589,27.4550786],[-81.3554219,27.4550934],[-81.3553851,27.4551084],[-81.3553485,27.4551237],[-81.355312,27.4551393],[-81.3552757,27.4551553],[-81.3552396,27.4551715],[-81.3552036,27.4551881],[-81.3551679,27.455205],[-81.3551324,27.4552223],[-81.3550971,27.4552399],[-81.355062,27.455258],[-81.3550272,27.4552764],[-81.3549927,27.4552953],[-81.3549585,27.4553145],[-81.3549245,27.4553342],[-81.3548909,27.4553542],[-81.3548574,27.4553745],[-81.3548243,27.4553952],[-81.3547914,27.4554163],[-81.3547588,27.4554376],[-81.3547265,27.4554593],[-81.3546944,27.4554813],[-81.3546625,27.4555036],[-81.354631,27.4555262],[-81.3545996,27.455549],[-81.3545685,27.4555721],[-81.3545376,27.4555954],[-81.354507,27.455619],[-81.3544766,27.4556428],[-81.3544464,27.4556668],[-81.3544164,27.4556911],[-81.3543866,27.4557155],[-81.354357,27.4557401],[-81.3543276,27.455765],[-81.3542985,27.45579],[-81.3542695,27.4558151],[-81.3542406,27.4558405],[-81.354212,27.455866],[-81.3541835,27.4558916],[-81.3541551,27.4559174],[-81.3541269,27.4559433],[-81.3540989,27.4559693],[-81.354071,27.4559954],[-81.3540432,27.4560216],[-81.3540155,27.4560479],[-81.3539879,27.4560744],[-81.3539604,27.4561008],[-81.353933,27.4561274],[-81.3539057,27.456154],[-81.3538784,27.4561807],[-81.3538512,27.4562074],[-81.3538241,27.4562342],[-81.353797,27.456261],[-81.3537699,27.4562879],[-81.3537429,27.4563147],[-81.3537159,27.4563416],[-81.3536889,27.4563685],[-81.3536618,27.4563954],[-81.3536348,27.4564222],[-81.3536078,27.4564491],[-81.3535807,27.4564759],[-81.3535536,27.4565027],[-81.3535265,27.4565295],[-81.3534993,27.4565562],[-81.353472,27.4565829],[-81.3534447,27.4566095],[-81.3534172,27.4566361],[-81.3533897,27.4566625],[-81.3533621,27.4566889],[-81.3533344,27.4567152],[-81.3533066,27.4567414],[-81.3532786,27.4567675],[-81.3532506,27.4567935],[-81.3532223,27.4568194],[-81.353194,27.4568451],[-81.3531654,27.4568707],[-81.3531368,27.4568962],[-81.3531079,27.4569215],[-81.3530788,27.4569466],[-81.3530496,27.4569716],[-81.3530201,27.4569963],[-81.3529902,27.4570206],[-81.3529597,27.4570443],[-81.3529284,27.4570672],[-81.3528962,27.457089],[-81.3528631,27.4571098],[-81.3528289,27.4571291],[-81.3527934,27.4571464],[-81.3527567,27.4571615],[-81.3527189,27.4571743],[-81.35268,27.4571842],[-81.3526404,27.4571919],[-81.3526004,27.4571969],[-81.35256,27.457199],[-81.3525196,27.4571978],[-81.3524795,27.4571931],[-81.3524401,27.4571847],[-81.3524018,27.4571733],[-81.3523645,27.4571593],[-81.3523283,27.4571432],[-81.3522936,27.4571247],[-81.3522601,27.4571043],[-81.3522281,27.4570823],[-81.3521974,27.4570588],[-81.3521678,27.4570342],[-81.3521393,27.4570086],[-81.3521117,27.4569822],[-81.3520848,27.4569552],[-81.3520583,27.4569279],[-81.3520322,27.4569003],[-81.3520062,27.4568727],[-81.35198,27.4568451],[-81.3519536,27.4568178],[-81.3519266,27.4567909],[-81.351899,27.4567645],[-81.3518705,27.4567389],[-81.3518412,27.456714],[-81.351811,27.45669],[-81.3517798,27.4566669],[-81.3517476,27.4566451],[-81.3517144,27.4566245],[-81.3516804,27.4566049],[-81.3516455,27.4565867],[-81.3516099,27.4565696],[-81.3515736,27.4565537],[-81.3515366,27.4565391],[-81.351499,27.4565256],[-81.351461,27.4565132],[-81.3514225,27.456502],[-81.3513837,27.4564919],[-81.3513445,27.456483],[-81.351305,27.4564753],[-81.3512652,27.4564687],[-81.3512252,27.4564631],[-81.351185,27.4564587],[-81.3511448,27.4564553],[-81.3511044,27.4564529],[-81.351064,27.4564513],[-81.3510235,27.4564507],[-81.350983,27.456451],[-81.3509426,27.4564521],[-81.3509022,27.4564541],[-81.3508619,27.4564569],[-81.3508216,27.4564605],[-81.3507814,27.4564649],[-81.3507414,27.4564701],[-81.3507015,27.456476],[-81.3506617,27.4564827],[-81.3506221,27.45649],[-81.3505826,27.4564979],[-81.3505433,27.4565064],[-81.3505041,27.4565154],[-81.3504651,27.456525],[-81.3504262,27.456535],[-81.3503875,27.4565454],[-81.3503489,27.4565563],[-81.3503104,27.4565675],[-81.3502721,27.456579],[-81.3502338,27.4565908],[-81.3501957,27.4566029],[-81.3501576,27.4566152],[-81.3501197,27.4566276],[-81.3500818,27.4566403],[-81.3500439,27.4566531],[-81.3500061,27.4566659],[-81.3499683,27.4566789],[-81.3499306,27.4566918],[-81.3498928,27.4567048],[-81.349855,27.4567177],[-81.3498172,27.4567306],[-81.3497794,27.4567433],[-81.3497414,27.4567559],[-81.3497035,27.4567684],[-81.3496654,27.4567807],[-81.3496273,27.4567927],[-81.349589,27.4568046],[-81.3495507,27.4568162],[-81.3495123,27.4568276],[-81.3494738,27.4568386],[-81.3494352,27.4568494],[-81.3493964,27.4568597],[-81.3493575,27.4568696],[-81.3493185,27.4568791],[-81.3492793,27.4568882],[-81.34924,27.4568969],[-81.3492006,27.456905],[-81.3491611,27.4569127],[-81.3491214,27.4569199],[-81.3490817,27.4569266],[-81.3490418,27.4569328],[-81.3490018,27.4569384],[-81.3489617,27.4569434],[-81.3489216,27.456948],[-81.3488814,27.4569518],[-81.3488411,27.4569551],[-81.3488007,27.4569578],[-81.3487603,27.4569598],[-81.3487199,27.4569612],[-81.3486794,27.4569619],[-81.348639,27.4569617],[-81.3485985,27.4569605],[-81.3485581,27.4569584],[-81.3485179,27.456955],[-81.3484777,27.4569504],[-81.3484378,27.4569446],[-81.3483982,27.4569371],[-81.348359,27.4569281],[-81.3483204,27.4569175],[-81.3482824,27.4569051],[-81.3482452,27.4568908],[-81.3482089,27.4568749],[-81.3481738,27.4568569],[-81.3481402,27.4568368],[-81.348108,27.456815],[-81.3480775,27.4567912],[-81.3480484,27.4567662],[-81.3480205,27.45674],[-81.3479946,27.4567123],[-81.3479705,27.4566834],[-81.3479483,27.4566532],[-81.3479282,27.4566219],[-81.3479104,27.4565894],[-81.3478949,27.4565561],[-81.3478814,27.4565221],[-81.3478697,27.4564875],[-81.3478601,27.4564525],[-81.347852,27.4564171],[-81.3478454,27.4563815],[-81.3478403,27.4563457],[-81.3478364,27.4563098],[-81.3478335,27.4562738],[-81.3478315,27.4562377],[-81.3478303,27.4562016],[-81.3478297,27.4561655],[-81.3478296,27.4561294],[-81.34783,27.4560933],[-81.3478306,27.4560572],[-81.3478316,27.4560211],[-81.3478329,27.4559851],[-81.3478344,27.455949],[-81.3478361,27.4559129],[-81.347838,27.4558769],[-81.3478399,27.4558408],[-81.347842,27.4558048],[-81.347844,27.4557687],[-81.3478461,27.4557327],[-81.3478482,27.4556966],[-81.3478503,27.4556606],[-81.3478524,27.4556245],[-81.3478545,27.4555885],[-81.3478567,27.4555524],[-81.3478588,27.4555164],[-81.347861,27.4554803],[-81.3478631,27.4554443],[-81.3478653,27.4554082],[-81.3478675,27.4553722],[-81.3478696,27.4553361],[-81.3478718,27.4553001],[-81.347874,27.455264],[-81.3478761,27.455228],[-81.3478782,27.4551919],[-81.3478804,27.4551559],[-81.3478825,27.4551198],[-81.3478846,27.4550838],[-81.3478866,27.4550477],[-81.3478887,27.4550117],[-81.3478907,27.4549756],[-81.3478927,27.4549396],[-81.3478947,27.4549035],[-81.3478966,27.4548675],[-81.3478985,27.4548314],[-81.3479004,27.4547953],[-81.3479022,27.4547593],[-81.347904,27.4547232],[-81.3479058,27.4546872],[-81.3479075,27.4546511],[-81.3479092,27.454615],[-81.3479108,27.454579],[-81.3479124,27.4545429],[-81.3479139,27.4545068],[-81.3479154,27.4544707],[-81.3479168,27.4544347],[-81.3479182,27.4543986],[-81.3479194,27.4543625],[-81.3479207,27.4543264],[-81.3479218,27.4542903],[-81.3479229,27.4542542],[-81.347924,27.4542182],[-81.3479249,27.4541821],[-81.3479258,27.454146],[-81.3479266,27.4541099],[-81.3479274,27.4540738],[-81.347928,27.4540377],[-81.3479286,27.4540016],[-81.3479291,27.4539655],[-81.3479295,27.4539294],[-81.3479298,27.4538933],[-81.34793,27.4538572],[-81.3479301,27.4538211],[-81.34793,27.453785],[-81.3479297,27.4537489],[-81.3479293,27.4537128],[-81.3479288,27.4536767],[-81.347928,27.4536406],[-81.3479271,27.4536046],[-81.347926,27.4535685],[-81.3479247,27.4535324],[-81.3479232,27.4534963],[-81.3479214,27.4534603],[-81.3479194,27.4534242],[-81.347917,27.4533882],[-81.3479144,27.4533521],[-81.3479114,27.4533161],[-81.3479081,27.4532802],[-81.3479045,27.4532442],[-81.3479006,27.4532083],[-81.3478963,27.4531724],[-81.3478917,27.4531365],[-81.3478868,27.4531007],[-81.3478814,27.4530649],[-81.3478758,27.4530292],[-81.3478699,27.4529935],[-81.3478636,27.4529578],[-81.3478569,27.4529222],[-81.3478497,27.4528867],[-81.347842,27.4528512],[-81.3478339,27.4528159],[-81.3478254,27.4527806],[-81.3478164,27.4527454],[-81.3478069,27.4527103],[-81.347797,27.4526753],[-81.3477865,27.4526404],[-81.3477755,27.4526057],[-81.3477641,27.4525711],[-81.3477521,27.4525366],[-81.3477396,27.4525022],[-81.3477267,27.452468],[-81.3477132,27.452434],[-81.3476991,27.4524002],[-81.3476846,27.4523665],[-81.3476695,27.452333],[-81.347654,27.4522996],[-81.3476379,27.4522665],[-81.3476213,27.4522336],[-81.3476042,27.4522009],[-81.3475865,27.4521684],[-81.3475682,27.4521362],[-81.3475493,27.4521043],[-81.3475299,27.4520726],[-81.3475098,27.4520413],[-81.3474891,27.4520103],[-81.3474678,27.4519795],[-81.3474459,27.4519492],[-81.3474234,27.4519192],[-81.3474003,27.4518896],[-81.3473766,27.4518603],[-81.3473524,27.4518314],[-81.3473278,27.4518027],[-81.3473027,27.4517744],[-81.3472772,27.4517464],[-81.3472513,27.4517187],[-81.3472249,27.4516913],[-81.347198,27.4516643],[-81.3471708,27.4516376],[-81.3471431,27.4516113],[-81.3471152,27.4515852],[-81.3470869,27.4515593],[-81.3470584,27.4515337],[-81.3470296,27.4515083],[-81.3470007,27.4514831],[-81.3469716,27.451458],[-81.3469425,27.4514329],[-81.3469133,27.4514079],[-81.3468841,27.451383],[-81.3468549,27.451358],[-81.3468258,27.4513329],[-81.3467968,27.4513077],[-81.3467679,27.4512824],[-81.3467392,27.451257],[-81.3467108,27.4512313],[-81.3466826,27.4512054],[-81.3466547,27.4511792],[-81.3466272,27.4511527],[-81.3466001,27.4511259],[-81.3465736,27.4510987],[-81.3465475,27.451071],[-81.3465221,27.451043],[-81.3464972,27.4510145],[-81.3464732,27.4509855],[-81.3464498,27.450956],[-81.3464272,27.4509261],[-81.3464056,27.4508955],[-81.346385,27.4508645],[-81.3463655,27.4508329],[-81.3463472,27.4508007],[-81.3463303,27.4507679],[-81.3463147,27.4507346],[-81.3463006,27.4507007],[-81.3462881,27.4506664],[-81.3462774,27.4506316],[-81.3462679,27.4505965],[-81.3462596,27.4505612],[-81.3462522,27.4505257],[-81.3462462,27.45049],[-81.3462421,27.4504541],[-81.3462401,27.450418],[-81.3462398,27.4503819],[-81.3462411,27.4503459],[-81.3462439,27.4503099],[-81.3462482,27.450274],[-81.3462537,27.4502382],[-81.3462603,27.4502026],[-81.3462681,27.4501672],[-81.3462769,27.4501319],[-81.3462866,27.4500969],[-81.3462972,27.450062],[-81.3463084,27.4500274],[-81.3463203,27.4499929],[-81.3463328,27.4499585],[-81.3463456,27.4499243],[-81.3463588,27.4498902],[-81.3463721,27.4498561],[-81.3463854,27.449822],[-81.3463987,27.4497879],[-81.3464117,27.4497537],[-81.3464246,27.4497195],[-81.3464371,27.4496851],[-81.3464491,27.4496507],[-81.3464606,27.4496161],[-81.3464714,27.4495813],[-81.3464816,27.4495463],[-81.3464911,27.4495113],[-81.3465001,27.4494761],[-81.3465086,27.4494408],[-81.3465168,27.4494054],[-81.3465247,27.44937],[-81.3465323,27.4493346],[-81.3465398,27.4492991],[-81.3465471,27.4492636],[-81.3465546,27.4492281],[-81.3465621,27.4491926],[-81.3465699,27.4491572],[-81.346578,27.4491219],[-81.3465866,27.4490866],[-81.3465956,27.4490514],[-81.3466054,27.4490163],[-81.3466157,27.4489815],[-81.3466268,27.4489467],[-81.3466388,27.4489122],[-81.3466516,27.448878],[-81.3466655,27.4488441],[-81.3466806,27.4488106],[-81.346697,27.4487776],[-81.3467147,27.4487452],[-81.3467341,27.4487135],[-81.3467549,27.4486825],[-81.3467772,27.4486525],[-81.3468012,27.4486234],[-81.3468266,27.4485953],[-81.3468532,27.4485681],[-81.3468809,27.4485418],[-81.34691,27.4485166],[-81.3469402,27.4484927],[-81.3469718,27.4484702],[-81.3470045,27.4484489],[-81.3470384,27.4484291],[-81.347073,27.4484105],[-81.3471085,27.4483932],[-81.3471446,27.4483769],[-81.3471815,27.4483619],[-81.3472188,27.448348],[-81.3472567,27.4483355],[-81.3472952,27.4483243],[-81.3473341,27.4483142],[-81.3473733,27.4483053],[-81.3474128,27.4482976],[-81.3474525,27.4482908],[-81.3474925,27.4482849],[-81.3475325,27.44828],[-81.3475727,27.4482759],[-81.347613,27.4482725],[-81.3476534,27.4482698],[-81.3476938,27.4482678],[-81.3477342,27.4482664],[-81.3477747,27.4482654],[-81.3478151,27.4482649],[-81.3478556,27.4482647],[-81.347896,27.4482647],[-81.3479365,27.4482649],[-81.347977,27.4482653],[-81.3480174,27.4482657],[-81.3480579,27.4482662],[-81.3480984,27.4482666],[-81.3481388,27.4482671],[-81.3481793,27.4482676],[-81.3482197,27.448268],[-81.3482602,27.4482685],[-81.3483007,27.4482689],[-81.3483411,27.4482693],[-81.3483816,27.4482698],[-81.3484221,27.4482702],[-81.3484625,27.4482706],[-81.348503,27.448271],[-81.3485434,27.4482714],[-81.3485839,27.4482718],[-81.3486244,27.4482722],[-81.3486648,27.4482726],[-81.3487053,27.448273],[-81.3487458,27.4482733],[-81.3487862,27.4482737],[-81.3488267,27.4482741],[-81.3488671,27.4482744],[-81.3489076,27.4482748],[-81.3489481,27.4482751],[-81.3489885,27.4482754],[-81.349029,27.4482758],[-81.3490695,27.4482761],[-81.3491099,27.4482764],[-81.3491504,27.4482767],[-81.3491908,27.448277],[-81.3492313,27.4482773],[-81.3492718,27.4482775],[-81.3493122,27.4482778],[-81.3493527,27.4482781],[-81.3493932,27.4482783],[-81.3494336,27.4482786],[-81.3494741,27.4482788],[-81.3495146,27.4482791],[-81.349555,27.4482793],[-81.3495955,27.4482795],[-81.3496359,27.4482797],[-81.3496764,27.4482799],[-81.3497169,27.4482801],[-81.3497573,27.4482803],[-81.3497978,27.4482805],[-81.3498383,27.4482807],[-81.3498787,27.4482808],[-81.3499192,27.448281],[-81.3499597,27.4482811],[-81.3500001,27.4482813],[-81.3500406,27.4482814],[-81.350081,27.4482815],[-81.3501215,27.4482816],[-81.350162,27.4482817],[-81.3502024,27.4482818],[-81.3502429,27.4482819],[-81.3502834,27.448282],[-81.3503238,27.4482821],[-81.3503643,27.4482821],[-81.3504048,27.4482822],[-81.3504452,27.4482822],[-81.3504857,27.4482823],[-81.3505262,27.4482823],[-81.3505666,27.4482823],[-81.3506071,27.4482823],[-81.3506476,27.4482823],[-81.350688,27.4482823],[-81.3507285,27.4482823],[-81.3507689,27.4482823],[-81.3508094,27.4482822],[-81.3508499,27.4482822],[-81.3508903,27.4482822],[-81.3509308,27.4482821],[-81.3509713,27.448282],[-81.3510117,27.448282],[-81.3510522,27.4482819],[-81.3510927,27.4482818],[-81.3511331,27.4482817],[-81.3511736,27.4482816],[-81.3512141,27.4482814],[-81.3512545,27.4482813],[-81.351295,27.4482812],[-81.3513354,27.448281],[-81.3513759,27.4482809],[-81.3514164,27.4482807],[-81.3514568,27.4482805],[-81.3514973,27.4482804],[-81.3515378,27.4482802],[-81.3515782,27.44828],[-81.3516187,27.4482798],[-81.3516592,27.4482796],[-81.3516996,27.4482793],[-81.3517401,27.4482791],[-81.3517806,27.4482789],[-81.351821,27.4482786],[-81.3518615,27.4482784],[-81.3519019,27.4482781],[-81.3519424,27.4482778],[-81.3519829,27.4482775],[-81.3520233,27.4482772],[-81.3520638,27.4482769],[-81.3521043,27.4482766],[-81.3521447,27.4482763],[-81.3521852,27.448276],[-81.3522257,27.4482756],[-81.3522661,27.4482753],[-81.3523066,27.448275],[-81.352347,27.4482746],[-81.3523875,27.4482742],[-81.352428,27.4482739],[-81.3524684,27.4482735],[-81.3525089,27.4482731],[-81.3525494,27.4482727],[-81.3525898,27.4482723],[-81.3526303,27.4482718],[-81.3526707,27.4482714],[-81.3527112,27.448271],[-81.3527517,27.4482706],[-81.3527921,27.4482701],[-81.3528326,27.4482696],[-81.352873,27.4482692],[-81.3529135,27.4482687],[-81.352954,27.4482682],[-81.3529944,27.4482677],[-81.3530349,27.4482672],[-81.3530753,27.4482667],[-81.3531158,27.4482662],[-81.3531563,27.4482657],[-81.3531967,27.4482652],[-81.3532372,27.4482646],[-81.3532776,27.4482641],[-81.3533181,27.4482636],[-81.3533586,27.448263],[-81.353399,27.4482624],[-81.3534395,27.4482619],[-81.3534799,27.4482613],[-81.3535204,27.4482607],[-81.3535609,27.4482601],[-81.3536013,27.4482595],[-81.3536418,27.4482589],[-81.3536822,27.4482583],[-81.3537227,27.4482577],[-81.3537632,27.448257],[-81.3538036,27.4482564],[-81.3538441,27.4482558],[-81.3538845,27.4482551],[-81.353925,27.4482545],[-81.3539655,27.4482538],[-81.3540059,27.4482531],[-81.3540464,27.4482525],[-81.3540868,27.4482518],[-81.3541273,27.4482511],[-81.3541677,27.4482504],[-81.3542082,27.4482497],[-81.3542487,27.448249],[-81.3542891,27.4482483],[-81.3543296,27.4482476],[-81.35437,27.4482468],[-81.3544105,27.4482461],[-81.3544509,27.4482454],[-81.3544914,27.4482446],[-81.3545318,27.4482439],[-81.3545723,27.4482431],[-81.3546128,27.4482424],[-81.3546532,27.4482416],[-81.3546937,27.4482409],[-81.3547341,27.4482401],[-81.3547746,27.4482394],[-81.354815,27.4482386],[-81.3548555,27.4482379],[-81.354896,27.4482372],[-81.3549364,27.4482366],[-81.3549769,27.4482359],[-81.3550173,27.4482353],[-81.3550578,27.4482347],[-81.3550982,27.4482341],[-81.3551387,27.4482336],[-81.3551792,27.4482331],[-81.3552196,27.4482327],[-81.3552601,27.4482323],[-81.3553006,27.448232],[-81.355341,27.4482317],[-81.3553815,27.4482315],[-81.3554219,27.4482314],[-81.3554624,27.4482315],[-81.3555029,27.4482316],[-81.3555433,27.4482319],[-81.3555838,27.4482324],[-81.3556243,27.4482331],[-81.3556647,27.4482341],[-81.3557051,27.4482352],[-81.3557456,27.4482367],[-81.355786,27.4482384],[-81.3558264,27.4482404],[-81.3558668,27.4482427],[-81.3559071,27.4482454],[-81.3559474,27.4482485],[-81.3559877,27.4482519],[-81.356028,27.4482557],[-81.3560682,27.44826],[-81.3561083,27.4482647],[-81.3561483,27.4482699],[-81.3561883,27.4482756],[-81.3562281,27.4482818],[-81.3562679,27.4482887],[-81.3563075,27.448296],[-81.3563469,27.4483039],[-81.3563863,27.4483124],[-81.3564255,27.4483214],[-81.3564645,27.4483309],[-81.3565033,27.4483411],[-81.356542,27.4483519],[-81.3565804,27.4483631],[-81.3566187,27.4483747],[-81.3566568,27.4483869],[-81.3566947,27.4483996],[-81.3567323,27.448413],[-81.3567695,27.4484272],[-81.3568062,27.4484423],[-81.3568425,27.4484582],[-81.3568783,27.448475],[-81.3569136,27.4484927],[-81.3569484,27.4485112],[-81.3569826,27.4485304],[-81.3570162,27.4485506],[-81.3570491,27.4485715],[-81.3570814,27.4485933],[-81.357113,27.4486159],[-81.3571438,27.4486393],[-81.3571738,27.4486634],[-81.3572029,27.4486885],[-81.3572312,27.4487144],[-81.3572585,27.448741],[-81.3572846,27.4487686],[-81.3573097,27.4487969],[-81.3573337,27.448826],[-81.3573563,27.4488559],[-81.3573775,27.4488866],[-81.3573974,27.4489181],[-81.3574158,27.4489502],[-81.3574329,27.4489829],[-81.3574492,27.449016],[-81.3574643,27.4490494],[-81.3574781,27.4490834],[-81.3574903,27.4491178],[-81.3575008,27.4491527],[-81.3575097,27.4491879],[-81.3575164,27.4492235],[-81.3575213,27.4492593],[-81.3575244,27.4492953],[-81.3575258,27.4493313],[-81.3575251,27.4493674],[-81.3575223,27.4494034],[-81.357518,27.4494393],[-81.357512,27.449475],[-81.3575039,27.4495104],[-81.3574937,27.4495453],[-81.3574815,27.4495797],[-81.3574675,27.4496136],[-81.3574516,27.4496468],[-81.3574337,27.4496791],[-81.3574141,27.4497107],[-81.3573927,27.4497414],[-81.3573697,27.449771],[-81.3573451,27.4497997],[-81.357319,27.4498273],[-81.3572915,27.4498537],[-81.3572628,27.4498792],[-81.3572331,27.4499037],[-81.3572025,27.4499273],[-81.3571713,27.4499503],[-81.3571393,27.4499724],[-81.3571068,27.4499939],[-81.3570736,27.4500145],[-81.3570398,27.4500344],[-81.3570054,27.4500534],[-81.3569704,27.4500715],[-81.3569348,27.4500886],[-81.3568987,27.4501049],[-81.3568622,27.4501205],[-81.3568253,27.4501353],[-81.3567879,27.4501491],[-81.3567501,27.4501621],[-81.3567121,27.4501743],[-81.3566737,27.4501858],[-81.3566351,27.4501966],[-81.3565962,27.4502067],[-81.3565572,27.450216],[-81.3565179,27.4502247],[-81.3564784,27.4502327],[-81.3564388,27.45024],[-81.356399,27.4502466],[-81.3563591,27.4502527],[-81.3563191,27.4502582],[-81.356279,27.4502631],[-81.3562389,27.4502675],[-81.3561987,27.4502715],[-81.3561584,27.4502748],[-81.356118,27.4502778],[-81.3560777,27.4502803],[-81.3560373,27.4502825],[-81.3559969,27.4502843],[-81.3559565,27.4502859],[-81.355916,27.4502871],[-81.3558756,27.4502881],[-81.3558351,27.4502889],[-81.3557946,27.4502894],[-81.3557542,27.4502897],[-81.3557137,27.4502899],[-81.3556733,27.4502899],[-81.3556328,27.4502898],[-81.3555923,27.4502896],[-81.3555519,27.4502894],[-81.3555114,27.4502892],[-81.3554709,27.4502889],[-81.3554305,27.4502886],[-81.35539,27.4502882],[-81.3553495,27.4502878],[-81.3553091,27.4502874],[-81.3552686,27.4502869],[-81.3552282,27.4502864],[-81.3551877,27.4502858],[-81.3551472,27.4502853],[-81.3551068,27.4502847],[-81.3550663,27.4502841],[-81.3550259,27.4502834],[-81.3549854,27.4502827],[-81.354945,27.450282],[-81.3549045,27.4502813],[-81.354864,27.4502805],[-81.3548236,27.4502797],[-81.3547831,27.4502789],[-81.3547427,27.450278],[-81.3547022,27.4502772],[-81.3546618,27.4502763],[-81.3546213,27.4502753],[-81.3545809,27.4502744],[-81.3545404,27.4502734],[-81.3545,27.4502725],[-81.3544595,27.4502715],[-81.3544191,27.4502704],[-81.3543786,27.4502694],[-81.3543382,27.4502683],[-81.3542977,27.4502673],[-81.3542573,27.4502662],[-81.3542168,27.4502651],[-81.3541764,27.4502639],[-81.354136,27.4502628],[-81.3540955,27.4502616],[-81.3540551,27.4502605],[-81.3540146,27.4502593],[-81.3539742,27.4502581],[-81.3539337,27.4502569],[-81.3538933,27.4502557],[-81.3538529,27.4502544],[-81.3538124,27.4502532],[-81.353772,27.450252],[-81.3537315,27.4502507],[-81.3536911,27.4502494],[-81.3536507,27.4502482],[-81.3536102,27.4502469],[-81.3535698,27.4502456]]}},{"type":"Feature","properties":{"role":"apex","id":"t1-apex","corner":"t1","edge":"left","marker":0.08253,"quality":{"source":"naip","accuracy_m":2.2,"relative_accuracy_m":1.75,"measured":false,"date":"2023-02-13"}},"geometry":{"type":"Point","coordinates":[-81.3488382,27.4506463]}},{"type":"Feature","properties":{"role":"geometric_apex","id":"t1-geometric-apex","corner":"t1","edge":"left","marker":0.08455,"quality":{"source":"naip","accuracy_m":2.2,"relative_accuracy_m":1.75,"measured":false,"date":"2023-02-13"}},"geometry":{"type":"Point","coordinates":[-81.3487761,27.4507209]}},{"type":"Feature","properties":{"role":"apex","id":"t2-apex","corner":"t2","edge":"right","marker":0.12517,"quality":{"source":"naip","accuracy_m":1.36,"relative_accuracy_m":0.25,"measured":true,"date":"2023-02-13"}},"geometry":{"type":"Point","coordinates":[-81.3487166,27.4527798]}},{"type":"Feature","properties":{"role":"geometric_apex","id":"t2-geometric-apex","corner":"t2","edge":"right","marker":0.12495,"quality":{"source":"naip","accuracy_m":1.36,"relative_accuracy_m":0.25,"measured":true,"date":"2023-02-13"}},"geometry":{"type":"Point","coordinates":[-81.3487154,27.4527723]}},{"type":"Feature","properties":{"role":"apex","id":"t3-apex","corner":"t3","edge":"left","marker":0.16077,"quality":{"source":"naip","accuracy_m":1.36,"relative_accuracy_m":0.25,"measured":true,"date":"2023-02-13"}},"geometry":{"type":"Point","coordinates":[-81.3491595,27.454506]}},{"type":"Feature","properties":{"role":"geometric_apex","id":"t3-geometric-apex","corner":"t3","edge":"left","marker":0.16193,"quality":{"source":"naip","accuracy_m":1.36,"relative_accuracy_m":0.25,"measured":true,"date":"2023-02-13"}},"geometry":{"type":"Point","coordinates":[-81.3492113,27.4545261]}},{"type":"Feature","properties":{"role":"apex","id":"t4-apex","corner":"t4","edge":"right","marker":0.16935,"quality":{"source":"naip","accuracy_m":1.36,"relative_accuracy_m":0.25,"measured":true,"date":"2023-02-13"}},"geometry":{"type":"Point","coordinates":[-81.3496172,27.4546387]}},{"type":"Feature","properties":{"role":"geometric_apex","id":"t4-geometric-apex","corner":"t4","edge":"right","marker":0.16912,"quality":{"source":"naip","accuracy_m":1.36,"relative_accuracy_m":0.25,"measured":true,"date":"2023-02-13"}},"geometry":{"type":"Point","coordinates":[-81.3496097,27.4546367]}},{"type":"Feature","properties":{"role":"apex","id":"t5-apex","corner":"t5","edge":"left","marker":0.18778,"quality":{"source":"naip","accuracy_m":1.36,"relative_accuracy_m":0.25,"measured":true,"date":"2023-02-13"}},"geometry":{"type":"Point","coordinates":[-81.3505926,27.4549595]}},{"type":"Feature","properties":{"role":"geometric_apex","id":"t5-geometric-apex","corner":"t5","edge":"left","marker":0.19137,"quality":{"source":"naip","accuracy_m":1.36,"relative_accuracy_m":0.25,"measured":true,"date":"2023-02-13"}},"geometry":{"type":"Point","coordinates":[-81.3507771,27.4549241]}},{"type":"Feature","properties":{"role":"apex","id":"t6-apex","corner":"t6","edge":"right","marker":0.25563,"quality":{"source":"naip","accuracy_m":1.36,"relative_accuracy_m":0.25,"measured":true,"date":"2023-02-13"}},"geometry":{"type":"Point","coordinates":[-81.3534707,27.452785]}},{"type":"Feature","properties":{"role":"geometric_apex","id":"t6-geometric-apex","corner":"t6","edge":"right","marker":0.25523,"quality":{"source":"naip","accuracy_m":1.36,"relative_accuracy_m":0.25,"measured":true,"date":"2023-02-13"}},"geometry":{"type":"Point","coordinates":[-81.353452,27.4527897]}},{"type":"Feature","properties":{"role":"apex","id":"t7-apex","corner":"t7","edge":"right","marker":0.33779,"quality":{"source":"naip","accuracy_m":1.36,"relative_accuracy_m":0.25,"measured":true,"date":"2023-02-13"}},"geometry":{"type":"Point","coordinates":[-81.3581776,27.4527744]}},{"type":"Feature","properties":{"role":"geometric_apex","id":"t7-geometric-apex","corner":"t7","edge":"right","marker":0.33706,"quality":{"source":"naip","accuracy_m":1.36,"relative_accuracy_m":0.25,"measured":true,"date":"2023-02-13"}},"geometry":{"type":"Point","coordinates":[-81.358167,27.4527576]}},{"type":"Feature","properties":{"role":"apex","id":"t8-apex","corner":"t8","edge":"right","marker":0.38143,"quality":{"source":"naip","accuracy_m":1.36,"relative_accuracy_m":0.25,"measured":true,"date":"2023-02-13"}},"geometry":{"type":"Point","coordinates":[-81.3568659,27.4545298]}},{"type":"Feature","properties":{"role":"geometric_apex","id":"t8-geometric-apex","corner":"t8","edge":"right","marker":0.3802,"quality":{"source":"naip","accuracy_m":1.36,"relative_accuracy_m":0.25,"measured":true,"date":"2023-02-13"}},"geometry":{"type":"Point","coordinates":[-81.3569248,27.4544998]}},{"type":"Feature","properties":{"role":"apex","id":"t9-apex","corner":"t9","edge":"left","marker":0.41593,"quality":{"source":"naip","accuracy_m":1.36,"relative_accuracy_m":0.25,"measured":true,"date":"2023-02-13"}},"geometry":{"type":"Point","coordinates":[-81.3550288,27.4552865]}},{"type":"Feature","properties":{"role":"geometric_apex","id":"t9-geometric-apex","corner":"t9","edge":"left","marker":0.41375,"quality":{"source":"naip","accuracy_m":2.2,"relative_accuracy_m":1.75,"measured":false,"date":"2023-02-13"}},"geometry":{"type":"Point","coordinates":[-81.3551392,27.4552307]}},{"type":"Feature","properties":{"role":"apex","id":"t10-apex","corner":"t10","edge":"right","marker":0.473,"quality":{"source":"naip","accuracy_m":1.36,"relative_accuracy_m":0.25,"measured":true,"date":"2023-02-13"}},"geometry":{"type":"Point","coordinates":[-81.3525402,27.4571897]}},{"type":"Feature","properties":{"role":"geometric_apex","id":"t10-geometric-apex","corner":"t10","edge":"right","marker":0.47281,"quality":{"source":"naip","accuracy_m":1.36,"relative_accuracy_m":0.25,"measured":true,"date":"2023-02-13"}},"geometry":{"type":"Point","coordinates":[-81.3525479,27.4571895]}},{"type":"Feature","properties":{"role":"apex","id":"t11-apex","corner":"t11","edge":"left","marker":0.50404,"quality":{"source":"naip","accuracy_m":1.36,"relative_accuracy_m":0.25,"measured":true,"date":"2023-02-13"}},"geometry":{"type":"Point","coordinates":[-81.3510458,27.4564598]}},{"type":"Feature","properties":{"role":"geometric_apex","id":"t11-geometric-apex","corner":"t11","edge":"left","marker":0.50449,"quality":{"source":"naip","accuracy_m":1.36,"relative_accuracy_m":0.25,"measured":true,"date":"2023-02-13"}},"geometry":{"type":"Point","coordinates":[-81.3510181,27.45646]}},{"type":"Feature","properties":{"role":"apex","id":"t12-apex","corner":"t12","edge":"right","marker":0.53053,"quality":{"source":"naip","accuracy_m":1.36,"relative_accuracy_m":0.25,"measured":true,"date":"2023-02-13"}},"geometry":{"type":"Point","coordinates":[-81.3495672,27.4568012]}},{"type":"Feature","properties":{"role":"geometric_apex","id":"t12-geometric-apex","corner":"t12","edge":"right","marker":0.53034,"quality":{"source":"naip","accuracy_m":1.36,"relative_accuracy_m":0.25,"measured":true,"date":"2023-02-13"}},"geometry":{"type":"Point","coordinates":[-81.3495758,27.4567988]}},{"type":"Feature","properties":{"role":"apex","id":"t13-apex","corner":"t13","edge":"right","marker":0.55837,"quality":{"source":"naip","accuracy_m":1.36,"relative_accuracy_m":0.25,"measured":true,"date":"2023-02-13"}},"geometry":{"type":"Point","coordinates":[-81.3480409,27.4567457]}},{"type":"Feature","properties":{"role":"geometric_apex","id":"t13-geometric-apex","corner":"t13","edge":"right","marker":0.55807,"quality":{"source":"naip","accuracy_m":1.36,"relative_accuracy_m":0.25,"measured":true,"date":"2023-02-13"}},"geometry":{"type":"Point","coordinates":[-81.34805,27.4567548]}},{"type":"Feature","properties":{"role":"apex","id":"t14-apex","corner":"t14","edge":"left","marker":0.62956,"quality":{"source":"naip","accuracy_m":2.2,"relative_accuracy_m":1.75,"measured":false,"date":"2023-02-13"}},"geometry":{"type":"Point","coordinates":[-81.3478717,27.4530685]}},{"type":"Feature","properties":{"role":"geometric_apex","id":"t14-geometric-apex","corner":"t14","edge":"left","marker":0.63014,"quality":{"source":"naip","accuracy_m":2.2,"relative_accuracy_m":1.75,"measured":false,"date":"2023-02-13"}},"geometry":{"type":"Point","coordinates":[-81.3478659,27.4530385]}},{"type":"Feature","properties":{"role":"apex","id":"t15-apex","corner":"t15","edge":"right","marker":0.68993,"quality":{"source":"naip","accuracy_m":1.36,"relative_accuracy_m":0.25,"measured":true,"date":"2023-02-13"}},"geometry":{"type":"Point","coordinates":[-81.3462501,27.4504182]}},{"type":"Feature","properties":{"role":"geometric_apex","id":"t15-geometric-apex","corner":"t15","edge":"right","marker":0.68629,"quality":{"source":"naip","accuracy_m":1.36,"relative_accuracy_m":0.25,"measured":true,"date":"2023-02-13"}},"geometry":{"type":"Point","coordinates":[-81.3462784,27.4505707]}},{"type":"Feature","properties":{"role":"apex","id":"t16-apex","corner":"t16","edge":"right","marker":0.72923,"quality":{"source":"naip","accuracy_m":2.2,"relative_accuracy_m":1.75,"measured":false,"date":"2023-02-13"}},"geometry":{"type":"Point","coordinates":[-81.3469051,27.4485334]}},{"type":"Feature","properties":{"role":"geometric_apex","id":"t16-geometric-apex","corner":"t16","edge":"right","marker":0.72755,"quality":{"source":"naip","accuracy_m":2.2,"relative_accuracy_m":1.75,"measured":false,"date":"2023-02-13"}},"geometry":{"type":"Point","coordinates":[-81.3468546,27.4485864]}},{"type":"Feature","properties":{"role":"apex","id":"t17-apex","corner":"t17","edge":"right","marker":0.9243,"quality":{"source":"naip","accuracy_m":1.36,"relative_accuracy_m":0.25,"measured":true,"date":"2023-02-13"}},"geometry":{"type":"Point","coordinates":[-81.3575101,27.4494205]}},{"type":"Feature","properties":{"role":"geometric_apex","id":"t17-geometric-apex","corner":"t17","edge":"right","marker":0.92459,"quality":{"source":"naip","accuracy_m":1.36,"relative_accuracy_m":0.25,"measured":true,"date":"2023-02-13"}},"geometry":{"type":"Point","coordinates":[-81.3575086,27.4494307]}},{"type":"Feature","properties":{"role":"sector_boundary","id":"s1-start","marker":0.0,"width_m":15.5,"quality":{"source":"naip","accuracy_m":1.36,"relative_accuracy_m":0.25,"measured":true,"date":"2023-02-13"},"range":"s1"},"geometry":{"type":"LineString","coordinates":[[-81.3535295,27.4503021],[-81.3535291,27.4501622]]}},{"type":"Feature","properties":{"role":"sector_boundary","id":"s2-start","marker":0.3585,"width_m":15.54,"quality":{"source":"naip","accuracy_m":1.36,"relative_accuracy_m":0.25,"measured":true,"date":"2023-02-13"},"range":"s2"},"geometry":{"type":"LineString","coordinates":[[-81.3579405,27.4537873],[-81.3578087,27.4537109]]}},{"type":"Feature","properties":{"role":"sector_boundary","id":"s3-start","marker":0.60921,"width_m":11.4,"quality":{"source":"naip","accuracy_m":2.2,"relative_accuracy_m":1.75,"measured":false,"date":"2023-02-13"},"range":"s3"},"geometry":{"type":"LineString","coordinates":[[-81.3478258,27.4541243],[-81.3479411,27.4541234]]}}]}