{"type":"FeatureCollection","features":[{"type":"Feature","properties":{"role":"edge_left","orientation":"driving direction, from the lap origin","unseen_spans":[[0.00161,0.00343],[0.00672,0.01073],[0.06177,0.06287],[0.06797,0.06907],[0.06925,0.07034],[0.11592,0.11775],[0.1192,0.12668],[0.15257,0.15366],[0.16132,0.16296],[0.16879,0.17007],[0.19778,0.19942],[0.20052,0.20198],[0.20343,0.20507],[0.20653,0.22823],[0.22841,0.22951],[0.25576,0.26068],[0.26342,0.3522],[0.36642,0.36934],[0.37098,0.37299],[0.37682,0.38848],[0.38867,0.39049],[0.39085,0.39523],[0.39559,0.39979],[0.39997,0.40106],[0.40179,0.40526],[0.40763,0.41164],[0.4368,0.44354],[0.46542,0.47508],[0.47563,0.47745],[0.47764,0.48548],[0.48785,0.49058],[0.49095,0.49441],[0.49477,0.49641],[0.50553,0.50681],[0.51027,0.51191],[0.51282,0.51373],[0.51392,0.51501],[0.51738,0.5223],[0.52358,0.52449],[0.53561,0.53999],[0.54035,0.54272],[0.57481,0.57755],[0.57827,0.57919],[0.5801,0.5863],[0.59578,0.59705],[0.59869,0.6089],[0.62221,0.62422],[0.64154,0.64391],[0.64518,0.65594],[0.67344,0.69186],[0.69204,0.6935],[0.69459,0.69623],[0.73069,0.75038],[0.75239,0.75804],[0.75968,0.76241],[0.76278,0.76405],[0.80963,0.81054],[0.81237,0.8162],[0.81638,0.81984],[0.82677,0.82768],[0.83534,0.83716],[0.83789,0.8388],[0.83953,0.84701],[0.84956,0.85229],[0.85266,0.85448],[0.85466,0.85849],[0.87089,0.87198],[0.88092,0.88292],[0.88311,0.88766],[0.88785,0.89477],[0.89514,0.9028],[0.90662,0.90936],[0.90954,0.91155],[0.95002,0.95986],[0.96205,0.96314],[0.96588,0.96752],[0.96825,0.96952],[0.97299,0.97499],[0.97536,0.97682],[0.98447,0.98538],[0.98575,0.98867],[0.9976,0.00106]],"quality":{"source":"naip","accuracy_m":1.19,"relative_accuracy_m":0.25,"measured":true,"date":"2019-09-18","measured_fraction":0.55}},"geometry":{"type":"LineString","coordinates":[[-76.9289424,42.3409809],[-76.928938,42.3410438],[-76.9289259,42.341169],[-76.928911,42.3413668],[-76.9288755,42.3417534],[-76.9288601,42.341951],[-76.9288053,42.3425801],[-76.9287829,42.3428135],[-76.9287737,42.3428939],[-76.9287593,42.3430651],[-76.9287476,42.3431826],[-76.9287421,42.3432632],[-76.9287295,42.343381],[-76.9287166,42.3435232],[-76.9287103,42.3436219],[-76.9287005,42.3437029],[-76.9286952,42.3437745],[-76.9286883,42.3438373],[-76.9286818,42.343928],[-76.928671,42.3439875],[-76.9286637,42.3440193],[-76.9286522,42.3440513],[-76.9286367,42.3440825],[-76.9286181,42.3441128],[-76.9285957,42.3441413],[-76.9285694,42.3441675],[-76.9285308,42.3441993],[-76.9284997,42.3442214],[-76.9284667,42.3442417],[-76.9284318,42.3442601],[-76.9283951,42.3442765],[-76.9283568,42.3442908],[-76.9283174,42.3443029],[-76.9282769,42.3443129],[-76.9282493,42.3443184],[-76.9282213,42.344323],[-76.9281933,42.3443268],[-76.9281515,42.3443307],[-76.9280973,42.3443335],[-76.9280575,42.3443342],[-76.9280173,42.3443329],[-76.9278507,42.3443225],[-76.9277651,42.3443179],[-76.9277404,42.3443158],[-76.9277028,42.3443114],[-76.9276171,42.3442979],[-76.927546,42.3442891],[-76.9274524,42.3442757],[-76.9272914,42.3442486],[-76.927199,42.3442371],[-76.9270658,42.3442167],[-76.9269772,42.3442059],[-76.9267731,42.3441726],[-76.9265748,42.3441448],[-76.9263826,42.3441167],[-76.9262485,42.3440986],[-76.9259793,42.3440603],[-76.9258949,42.3440496],[-76.9257684,42.3440301],[-76.9257033,42.344023],[-76.9256571,42.3440168],[-76.9255386,42.3439993],[-76.9253714,42.3439734],[-76.9253515,42.3439713],[-76.9253416,42.343971],[-76.9252779,42.343975],[-76.9252252,42.3439792],[-76.9251807,42.3439792],[-76.9251503,42.3439772],[-76.9251053,42.3439714],[-76.9250764,42.3439658],[-76.9250487,42.3439588],[-76.9249858,42.3439373],[-76.9249263,42.3439204],[-76.9248916,42.3439096],[-76.9248024,42.3438796],[-76.9247011,42.3438469],[-76.9246547,42.3438307],[-76.9246095,42.3438127],[-76.9245657,42.3437937],[-76.9244679,42.3437487],[-76.9244463,42.3437373],[-76.9243985,42.3437048],[-76.9243007,42.3436468],[-76.9242431,42.3436099],[-76.9241722,42.3435594],[-76.9240965,42.3435015],[-76.9240632,42.3434738],[-76.9240382,42.3434517],[-76.9239821,42.3433987],[-76.9239174,42.3433286],[-76.92387,42.343274],[-76.9238255,42.3432181],[-76.9237537,42.3431208],[-76.9237257,42.3430791],[-76.9236901,42.3430198],[-76.9236562,42.342961],[-76.9236289,42.3429094],[-76.9235337,42.3427084],[-76.9235273,42.3426893],[-76.9235251,42.3426795],[-76.9235104,42.3425686],[-76.923488,42.3424598],[-76.923469,42.3423433],[-76.9234543,42.3422437],[-76.9234304,42.3420482],[-76.9234069,42.3419447],[-76.9233834,42.3418602],[-76.9233754,42.3418354],[-76.9233627,42.3418022],[-76.9233309,42.3417273],[-76.9233109,42.341686],[-76.9232799,42.3416288],[-76.9232517,42.3415805],[-76.9232167,42.3415248],[-76.9231849,42.3414781],[-76.9231391,42.3414173],[-76.9230569,42.3413216],[-76.9230235,42.3412852],[-76.9229547,42.3412139],[-76.9229185,42.341179],[-76.9228731,42.3411386],[-76.9228261,42.3410994],[-76.922769,42.3410539],[-76.9227112,42.3410095],[-76.9226695,42.3409796],[-76.922635,42.3409567],[-76.9225259,42.3408873],[-76.9223561,42.3407814],[-76.9223104,42.3407538],[-76.9222736,42.3407336],[-76.9222542,42.340724],[-76.9222125,42.3407053],[-76.9221822,42.3406886],[-76.9220681,42.3406177],[-76.9220161,42.3405826],[-76.9219897,42.3405657],[-76.9218967,42.3405087],[-76.921837,42.3404734],[-76.9218081,42.3404546],[-76.921771,42.3404288],[-76.9217176,42.3403888],[-76.9216584,42.3403414],[-76.921585,42.3402794],[-76.9215217,42.3402232],[-76.9214678,42.340173],[-76.921408,42.3401147],[-76.92135,42.3400554],[-76.9212939,42.3399953],[-76.9212261,42.3399188],[-76.9211614,42.3398404],[-76.9211006,42.3397604],[-76.9210321,42.3396635],[-76.9209938,42.3396062],[-76.9209463,42.3395313],[-76.9208947,42.3394376],[-76.9208324,42.3393184],[-76.9208084,42.3392666],[-76.920783,42.3392153],[-76.9207676,42.3391803],[-76.9207361,42.3391008],[-76.9207146,42.3390383],[-76.9206847,42.3389399],[-76.92067,42.3388857],[-76.9206583,42.3388319],[-76.9206387,42.3387509],[-76.9206238,42.3386688],[-76.9206151,42.3386043],[-76.9206095,42.3385397],[-76.9206049,42.3384685],[-76.9205934,42.3383789],[-76.9205859,42.3382788],[-76.9205818,42.3381689],[-76.9205814,42.3380611],[-76.9205802,42.3380163],[-76.9205808,42.3379714],[-76.9205789,42.3378998],[-76.9205715,42.3377204],[-76.920503,42.3365333],[-76.9203642,42.3340327],[-76.9203529,42.3338528],[-76.9203489,42.3337615],[-76.9203485,42.3337048],[-76.9203507,42.3336654],[-76.9203546,42.3336348],[-76.9203617,42.3336032],[-76.9203684,42.3335819],[-76.9203769,42.3335607],[-76.9203928,42.33353],[-76.9204109,42.3335015],[-76.9204295,42.333475],[-76.9204497,42.3334499],[-76.9204802,42.333417],[-76.9205136,42.333385],[-76.9205481,42.3333548],[-76.9205746,42.3333334],[-76.9206017,42.3333134],[-76.9206208,42.3333017],[-76.9206493,42.333286],[-76.9206746,42.3332698],[-76.9206971,42.3332529],[-76.9207173,42.3332354],[-76.9207351,42.3332169],[-76.9207505,42.3331973],[-76.9207631,42.3331763],[-76.9207762,42.3331478],[-76.9207835,42.3331267],[-76.9207867,42.3331122],[-76.9207884,42.333097],[-76.9207887,42.3330809],[-76.920785,42.3329571],[-76.9207807,42.3328761],[-76.9207717,42.3326335],[-76.9207682,42.3325904],[-76.9207599,42.3325349],[-76.920754,42.3325142],[-76.9207472,42.3325017],[-76.9207428,42.3324959],[-76.920732,42.3324849],[-76.9207048,42.332463],[-76.9206684,42.3324301],[-76.9205934,42.3323686],[-76.920537,42.3323186],[-76.9204904,42.3322739],[-76.920468,42.3322506],[-76.9204465,42.3322266],[-76.9204261,42.3322021],[-76.9204006,42.3321688],[-76.9203769,42.3321344],[-76.9203604,42.3321077],[-76.9203454,42.3320803],[-76.920332,42.3320524],[-76.9203168,42.3320149],[-76.9203072,42.3319867],[-76.9202973,42.3319489],[-76.92029,42.3319112],[-76.9202844,42.3318734],[-76.9202805,42.3318357],[-76.9202782,42.3317987],[-76.9202773,42.3317625],[-76.9202798,42.3316642],[-76.9202795,42.331628],[-76.920277,42.3315829],[-76.9202722,42.331538],[-76.920267,42.3315116],[-76.9202618,42.3314944],[-76.9202508,42.331469],[-76.9202287,42.3314258],[-76.9202215,42.3314077],[-76.9202159,42.3313894],[-76.92021,42.3313615],[-76.9202063,42.3313335],[-76.9202031,42.331296],[-76.9202006,42.331249],[-76.9201999,42.3312016],[-76.920201,42.3311633],[-76.9202041,42.3311247],[-76.9202121,42.3310558],[-76.920217,42.3310359],[-76.9202204,42.331026],[-76.9202423,42.3309791],[-76.9202568,42.3309409],[-76.9202669,42.3309214],[-76.9202801,42.3309021],[-76.9202878,42.3308927],[-76.9203048,42.3308747],[-76.9203234,42.3308579],[-76.9203696,42.3308206],[-76.9204272,42.3307718],[-76.9204426,42.3307577],[-76.9204562,42.3307427],[-76.9205135,42.3306733],[-76.9205344,42.3306503],[-76.9205568,42.330628],[-76.9205882,42.3305988],[-76.9206289,42.3305631],[-76.9206631,42.330535],[-76.9206989,42.3305077],[-76.9207452,42.3304751],[-76.9208025,42.330438],[-76.9208519,42.3304085],[-76.9209128,42.3303749],[-76.9209656,42.3303482],[-76.9210204,42.3303233],[-76.9210764,42.3303003],[-76.9211335,42.3302792],[-76.921192,42.3302599],[-76.9212636,42.3302394],[-76.9213359,42.3302216],[-76.9213971,42.3302086],[-76.9214468,42.3301995],[-76.9214972,42.330192],[-76.9215353,42.3301879],[-76.9216359,42.3301797],[-76.9216865,42.3301765],[-76.9217249,42.330175],[-76.9218143,42.330174],[-76.9218647,42.3301751],[-76.9219885,42.3301808],[-76.9220249,42.3301808],[-76.922049,42.3301791],[-76.922061,42.3301776],[-76.9221092,42.3301687],[-76.9221339,42.330165],[-76.9221596,42.3301631],[-76.9221865,42.330163],[-76.9222283,42.3301657],[-76.9222707,42.3301709],[-76.9223128,42.3301783],[-76.9223673,42.3301909],[-76.9224195,42.330206],[-76.9224809,42.3302275],[-76.92255,42.3302552],[-76.9226053,42.3302798],[-76.9226779,42.3303162],[-76.9227334,42.3303415],[-76.9227556,42.3303531],[-76.9227867,42.3303722],[-76.9228512,42.3304145],[-76.9228699,42.3304248],[-76.9229139,42.3304434],[-76.9229376,42.3304549],[-76.9229601,42.3304691],[-76.9229806,42.3304851],[-76.9230885,42.3305826],[-76.9231136,42.3306067],[-76.923129,42.330624],[-76.9231629,42.3306666],[-76.9232008,42.3307123],[-76.9232444,42.3307613],[-76.9232999,42.3308279],[-76.9233167,42.3308452],[-76.923337,42.3308618],[-76.9233452,42.3308671],[-76.9233845,42.3308891],[-76.923405,42.3309026],[-76.923425,42.3309173],[-76.9234627,42.3309482],[-76.9234884,42.3309719],[-76.9235043,42.3309879],[-76.923526,42.3310123],[-76.9235523,42.3310448],[-76.9237097,42.3312487],[-76.9237291,42.3312711],[-76.9237495,42.3312928],[-76.9238053,42.3313491],[-76.9238874,42.3314258],[-76.9241538,42.3316695],[-76.9241997,42.3317101],[-76.9242554,42.331757],[-76.9243895,42.3318752],[-76.9244875,42.3319685],[-76.9246097,42.3320809],[-76.9247068,42.3321743],[-76.9247485,42.3322173],[-76.9247778,42.3322444],[-76.9248085,42.3322702],[-76.9248735,42.3323192],[-76.9249151,42.3323491],[-76.9249489,42.3323716],[-76.9249746,42.3323872],[-76.925001,42.3324019],[-76.9250467,42.332424],[-76.9250754,42.3324359],[-76.925105,42.3324468],[-76.9251669,42.3324665],[-76.92522,42.3324807],[-76.9252747,42.3324915],[-76.9253637,42.3325055],[-76.9253963,42.3325094],[-76.9254286,42.3325118],[-76.9254715,42.3325129],[-76.9255355,42.3325111],[-76.925557,42.3325098],[-76.9256004,42.3325051],[-76.9256665,42.332495],[-76.9256992,42.3324881],[-76.9257976,42.332463],[-76.9258625,42.3324435],[-76.9259026,42.3324297],[-76.9259393,42.3324142],[-76.9259832,42.3323916],[-76.9260267,42.3323659],[-76.9260686,42.3323383],[-76.9261158,42.332303],[-76.9261457,42.3322783],[-76.9261873,42.3322392],[-76.9262189,42.3322054],[-76.9262468,42.3321698],[-76.9262665,42.3321404],[-76.9262836,42.33211],[-76.9263023,42.3320704],[-76.9263286,42.3320054],[-76.9263367,42.3319812],[-76.9263456,42.3319404],[-76.9263512,42.3318997],[-76.9263522,42.3318752],[-76.9263513,42.3318504],[-76.9263326,42.331654],[-76.9263196,42.331474],[-76.9263147,42.3313655],[-76.9263071,42.3312774],[-76.9262935,42.331024],[-76.9262837,42.3309068],[-76.9262782,42.3307992],[-76.9262433,42.3302779],[-76.9262326,42.3300985],[-76.926227,42.330046],[-76.9262165,42.3299922],[-76.9262131,42.329964],[-76.9262126,42.3299358],[-76.9262154,42.3298994],[-76.9262157,42.3298815],[-76.9262119,42.3298367],[-76.9262076,42.3297022],[-76.9261967,42.3295409],[-76.9261704,42.3291816],[-76.9261596,42.3290913],[-76.9261563,42.3290537],[-76.9261559,42.3290152],[-76.9261583,42.3289761],[-76.9261628,42.3289369],[-76.9261687,42.3289077],[-76.9261739,42.3288885],[-76.9261831,42.32886],[-76.9261939,42.3288316],[-76.9262061,42.3288036],[-76.9262299,42.3287576],[-76.9262584,42.3287123],[-76.9262716,42.3286946],[-76.926286,42.3286774],[-76.9263014,42.3286608],[-76.9263256,42.3286365],[-76.9263602,42.3286059],[-76.9263878,42.3285841],[-76.9264071,42.3285701],[-76.9264372,42.3285501],[-76.9264581,42.3285373],[-76.9265017,42.3285134],[-76.9265243,42.3285024],[-76.9265592,42.3284869],[-76.926583,42.3284774],[-76.9266194,42.3284642],[-76.9266442,42.3284563],[-76.9266818,42.3284455],[-76.9267072,42.3284391],[-76.9267456,42.3284306],[-76.9268104,42.3284192],[-76.9268499,42.3284141],[-76.9268765,42.3284115],[-76.9269165,42.3284089],[-76.9269701,42.3284077],[-76.9270236,42.3284083],[-76.9270773,42.3284107],[-76.9271041,42.328413],[-76.9271442,42.3284181],[-76.9271837,42.328425],[-76.9272227,42.3284333],[-76.9272609,42.3284433],[-76.9272981,42.3284553],[-76.9273338,42.3284692],[-76.9273913,42.3284936],[-76.9274364,42.3285144],[-76.9274694,42.3285313],[-76.9275013,42.3285495],[-76.9275318,42.3285687],[-76.9275703,42.3285957],[-76.9275974,42.3286168],[-76.927631,42.3286465],[-76.9276704,42.3286846],[-76.9277007,42.3287158],[-76.9277294,42.3287478],[-76.9277558,42.3287808],[-76.9277803,42.3288142],[-76.9278031,42.3288484],[-76.9278243,42.3288836],[-76.9278388,42.3289105],[-76.927856,42.3289469],[-76.9278674,42.3289748],[-76.9278774,42.3290029],[-76.9279043,42.3290952],[-76.9279211,42.329159],[-76.9279272,42.3291859],[-76.927944,42.3292848],[-76.9279478,42.3293125],[-76.9279524,42.3293674],[-76.9279616,42.3294573],[-76.9279628,42.3294846],[-76.9279633,42.3295387],[-76.9279648,42.3295656],[-76.92797,42.3296195],[-76.9279732,42.3296646],[-76.9279792,42.3297185],[-76.9279897,42.329835],[-76.9280116,42.3300234],[-76.9280305,42.3302031],[-76.9280517,42.3304187],[-76.9280757,42.3306241],[-76.928082,42.3306961],[-76.9280857,42.330723],[-76.9280993,42.3307944],[-76.9281163,42.3309383],[-76.9281206,42.3309837],[-76.9281228,42.3310471],[-76.9281279,42.331118],[-76.9281605,42.3313962],[-76.9282016,42.3317821],[-76.9282412,42.3321409],[-76.9282646,42.3323385],[-76.9282809,42.3324907],[-76.9283076,42.3327149],[-76.9283258,42.3328856],[-76.928336,42.3329569],[-76.9283435,42.3330379],[-76.9283532,42.3331092],[-76.9283606,42.3331813],[-76.9283828,42.3333695],[-76.9284041,42.3335215],[-76.928424,42.3336826],[-76.9284556,42.3338706],[-76.9284616,42.3339174],[-76.9284641,42.3339469],[-76.9284646,42.3339671],[-76.9284633,42.3339876],[-76.9284602,42.334008],[-76.9284556,42.3340281],[-76.9284468,42.3340579],[-76.9284361,42.3340876],[-76.9284277,42.3341073],[-76.9284178,42.3341269],[-76.9284063,42.334146],[-76.9283933,42.3341646],[-76.9283719,42.3341911],[-76.9283489,42.3342158],[-76.9283094,42.3342551],[-76.9282774,42.3342853],[-76.9282447,42.3343143],[-76.9282181,42.3343363],[-76.9281984,42.3343511],[-76.9281772,42.3343655],[-76.9281547,42.3343792],[-76.928131,42.334392],[-76.9281065,42.3344038],[-76.9280814,42.3344145],[-76.9280558,42.3344242],[-76.9280171,42.334437],[-76.9279783,42.3344479],[-76.9279396,42.3344572],[-76.9279007,42.3344654],[-76.9278611,42.3344725],[-76.9278216,42.3344784],[-76.9277698,42.3344847],[-76.9277303,42.3344886],[-76.9276899,42.3344915],[-76.9276497,42.3344933],[-76.9275963,42.3344943],[-76.9275552,42.3344939],[-76.9275134,42.3344921],[-76.9274722,42.334489],[-76.9274319,42.3344849],[-76.927392,42.3344795],[-76.9273523,42.334472],[-76.927313,42.334463],[-76.9271776,42.3344272],[-76.9271548,42.3344193],[-76.927123,42.3344062],[-76.9271021,42.3343985],[-76.9270468,42.3343834],[-76.9269988,42.3343681],[-76.9269735,42.3343588],[-76.926948,42.3343479],[-76.9269231,42.334335],[-76.9268998,42.3343205],[-76.9268785,42.334305],[-76.9268315,42.3342682],[-76.9268135,42.3342552],[-76.9267775,42.3342315],[-76.9267232,42.3341983],[-76.9266521,42.3341594],[-76.9265077,42.3340835],[-76.9264273,42.3340434],[-76.9263962,42.3340303],[-76.9263007,42.3339953],[-76.926224,42.3339699],[-76.9260705,42.3339164],[-76.9259938,42.3338886],[-76.9256754,42.3337775],[-76.9254894,42.3337108],[-76.9254009,42.3336815],[-76.9252452,42.3336278],[-76.9252012,42.3336104],[-76.9251511,42.3335871],[-76.9251313,42.3335794],[-76.9251113,42.3335728],[-76.925081,42.3335641],[-76.9250501,42.3335567],[-76.9250185,42.333551],[-76.9249545,42.3335411],[-76.924933,42.3335388],[-76.9249114,42.3335376],[-76.9248352,42.333536],[-76.9248137,42.3335364],[-76.9247923,42.3335382],[-76.9246848,42.3335538],[-76.9246635,42.3335579],[-76.9246324,42.3335652],[-76.9245826,42.3335797],[-76.9245352,42.3335975],[-76.9245073,42.3336094],[-76.9244891,42.3336181],[-76.9244716,42.333628],[-76.9244025,42.3336703],[-76.9243863,42.3336812],[-76.9243712,42.3336928],[-76.9243425,42.3337171],[-76.9243218,42.3337361],[-76.9242959,42.3337624],[-76.924278,42.3337829],[-76.9242613,42.333804],[-76.9242409,42.3338329],[-76.9242272,42.3338551],[-76.9242151,42.3338775],[-76.9242047,42.3339001],[-76.9241961,42.3339229],[-76.9241893,42.3339461],[-76.9241842,42.3339695],[-76.924181,42.3339928],[-76.9241799,42.3340154],[-76.9241806,42.3340382],[-76.9241831,42.3340622],[-76.9242006,42.3341493],[-76.924213,42.3342012],[-76.9242299,42.3342615],[-76.9242642,42.3343756],[-76.9242962,42.3344991],[-76.9243096,42.3345411],[-76.9243291,42.3345929],[-76.924338,42.3346199],[-76.9243698,42.3347274],[-76.9243896,42.3347893],[-76.9244091,42.334862],[-76.924428,42.3349246],[-76.9244522,42.3349983],[-76.9244582,42.3350133],[-76.9244664,42.3350279],[-76.9244883,42.3350576],[-76.9244988,42.3350738],[-76.9245108,42.3351005],[-76.9245281,42.3351487],[-76.9245328,42.3351683],[-76.9245408,42.3352141],[-76.9245465,42.3352389],[-76.9245513,42.3352547],[-76.9245722,42.3353143],[-76.9245819,42.3353526],[-76.9245871,42.3353818],[-76.9245947,42.3354469],[-76.9246,42.3354822],[-76.9246095,42.3355257],[-76.9246209,42.335569],[-76.9246446,42.3356475],[-76.9246947,42.3357958],[-76.9247258,42.3358925],[-76.9247414,42.335947],[-76.9247639,42.3360356],[-76.9247792,42.3360866],[-76.9248171,42.3361979],[-76.9248704,42.3363473],[-76.9248854,42.3363924],[-76.9249013,42.3364467],[-76.9249132,42.3364997],[-76.924921,42.3365247],[-76.9249637,42.3366302],[-76.9249707,42.3366456],[-76.924979,42.3366605],[-76.9249931,42.3366824],[-76.925018,42.3367189],[-76.9250343,42.3367402],[-76.9250692,42.3367811],[-76.9250958,42.3368077],[-76.925162,42.3368672],[-76.9251838,42.3368848],[-76.9252299,42.33692],[-76.9252597,42.3369483],[-76.9252705,42.336957],[-76.9252817,42.3369646],[-76.9252948,42.3369713],[-76.9253533,42.3369915],[-76.9253767,42.3370014],[-76.9254553,42.337037],[-76.9255179,42.3370613],[-76.925549,42.3370715],[-76.9256343,42.3370943],[-76.925667,42.3371015],[-76.9257442,42.3371141],[-76.9258116,42.3371222],[-76.9258927,42.3371278],[-76.9260485,42.3371334],[-76.9262285,42.3371422],[-76.9265919,42.3371559],[-76.9267744,42.3371616],[-76.9269207,42.3371673],[-76.9273694,42.3371908],[-76.9275505,42.3372012],[-76.9277193,42.3372079],[-76.9278291,42.337213],[-76.9281439,42.3372306],[-76.9282767,42.3372366],[-76.9283405,42.3372403],[-76.928392,42.337244],[-76.9284437,42.3372487],[-76.928483,42.3372532],[-76.9285233,42.3372594],[-76.9285502,42.3372649],[-76.9285894,42.3372757],[-76.9286265,42.3372888],[-76.9286736,42.3373082],[-76.928719,42.3373296],[-76.9287628,42.3373521],[-76.9287941,42.33737],[-76.928834,42.3373956],[-76.9288722,42.3374231],[-76.9289083,42.3374522],[-76.9289419,42.3374821],[-76.9289896,42.3375273],[-76.929013,42.3375507],[-76.929043,42.3375832],[-76.9290641,42.3376083],[-76.92909,42.3376427],[-76.929113,42.3376784],[-76.9291387,42.3377245],[-76.929156,42.3377624],[-76.9291696,42.337801],[-76.9291825,42.3378496],[-76.9291912,42.3378981],[-76.9291943,42.3379377],[-76.9291944,42.3379774],[-76.929192,42.3380069],[-76.9291812,42.338093],[-76.9291748,42.3381926],[-76.9291675,42.3382637],[-76.9291637,42.3383262],[-76.9291577,42.3383801],[-76.9291502,42.3384642],[-76.9291464,42.3384928],[-76.9291429,42.3385114],[-76.9291335,42.3385462],[-76.9291283,42.3385707],[-76.9291241,42.3386026],[-76.9291215,42.3386357],[-76.9291209,42.3386621],[-76.9291231,42.3387387],[-76.9291218,42.3388217],[-76.9291236,42.338897],[-76.9291227,42.3389232],[-76.9291178,42.338981],[-76.9291073,42.3390474],[-76.9291039,42.339086],[-76.9290965,42.339116],[-76.9290956,42.3391271],[-76.9290968,42.3391446],[-76.929099,42.3391579],[-76.9291115,42.3392104],[-76.9291155,42.3392322],[-76.9291178,42.3392555],[-76.9291175,42.3392794],[-76.9291164,42.3392912],[-76.9291125,42.3393143],[-76.9290901,42.3393945],[-76.9290826,42.3394304],[-76.9290709,42.3395017],[-76.9290653,42.3395644],[-76.9290568,42.3396342],[-76.9290381,42.3399026],[-76.9290201,42.3400916],[-76.9290085,42.3402356],[-76.9289937,42.3403789],[-76.9289689,42.3406838],[-76.9289581,42.3407832],[-76.9289534,42.3408466],[-76.9289466,42.3409186],[-76.9289424,42.3409809]]}},{"type":"Feature","properties":{"role":"edge_right","orientation":"driving direction, from the lap origin","unseen_spans":[[0.00562,0.00672],[0.01857,0.02002],[0.0543,0.05539],[0.07071,0.07198],[0.07417,0.07545],[0.07709,0.07964],[0.0966,0.10899],[0.10954,0.11191],[0.11228,0.11574],[0.11592,0.12048],[0.1285,0.13306],[0.13507,0.13671],[0.15202,0.15384],[0.15694,0.15786],[0.15877,0.16095],[0.16114,0.16788],[0.16952,0.17171],[0.17372,0.17864],[0.18064,0.18174],[0.18229,0.1832],[0.18374,0.18703],[0.19578,0.19924],[0.2038,0.20726],[0.22057,0.22167],[0.22331,0.22458],[0.22622,0.22713],[0.22732,0.22841],[0.24336,0.24755],[0.25266,0.26159],[0.26177,0.28876],[0.28912,0.33324],[0.33342,0.34619],[0.35311,0.35913],[0.3925,0.40179],[0.40325,0.41437],[0.42276,0.42404],[0.46159,0.46469],[0.47198,0.48438],[0.48456,0.49095],[0.49113,0.49605],[0.49714,0.50043],[0.51355,0.51465],[0.52723,0.53051],[0.53069,0.53178],[0.53415,0.53525],[0.54819,0.55111],[0.55786,0.56041],[0.56478,0.57171],[0.57189,0.5739],[0.57426,0.57682],[0.57809,0.58156],[0.58247,0.58958],[0.58994,0.59231],[0.59724,0.59942],[0.6007,0.60161],[0.68311,0.6842],[0.68438,0.68839],[0.71756,0.71902],[0.74692,0.75731],[0.77135,0.79104],[0.79122,0.79468],[0.79705,0.79869],[0.80362,0.8058],[0.81255,0.81401],[0.81437,0.81711],[0.82276,0.83133],[0.83224,0.83333],[0.83443,0.83662],[0.85193,0.86524],[0.86998,0.87654],[0.88693,0.8893],[0.89878,0.89988],[0.91173,0.91282],[0.91373,0.91519],[0.94619,0.9471],[0.9491,0.95074],[0.9522,0.95348],[0.96223,0.96533],[0.97335,0.97445]],"quality":{"source":"naip","accuracy_m":1.19,"relative_accuracy_m":0.25,"measured":true,"date":"2019-09-18","measured_fraction":0.593}},"geometry":{"type":"LineString","coordinates":[[-76.9287602,42.340972],[-76.9287449,42.3411522],[-76.9287259,42.3414125],[-76.9286954,42.3417266],[-76.9286769,42.3419604],[-76.9286229,42.3425802],[-76.9286023,42.3427957],[-76.9285974,42.3428861],[-76.9285904,42.3429759],[-76.9285801,42.3430651],[-76.9285521,42.3433333],[-76.9285465,42.3433776],[-76.9285364,42.3434409],[-76.9285332,42.3434684],[-76.9285012,42.3438193],[-76.928492,42.3438998],[-76.9284911,42.3439172],[-76.9284913,42.3439501],[-76.92849,42.3439653],[-76.9284866,42.3439797],[-76.9284815,42.3439933],[-76.9284719,42.3440129],[-76.9284602,42.3440318],[-76.9284458,42.3440497],[-76.9284294,42.3440671],[-76.9284114,42.3440841],[-76.9283917,42.3441004],[-76.9283704,42.3441158],[-76.9283477,42.3441303],[-76.928324,42.3441439],[-76.9282996,42.3441567],[-76.9282825,42.3441644],[-76.928256,42.3441748],[-76.9282288,42.3441844],[-76.9282103,42.3441901],[-76.9281915,42.3441949],[-76.9281723,42.3441987],[-76.9281323,42.3442036],[-76.9280241,42.34421],[-76.9280025,42.3442095],[-76.9279917,42.3442082],[-76.9279478,42.3442003],[-76.9278662,42.3441869],[-76.9278077,42.3441753],[-76.9277154,42.3441638],[-76.9275619,42.3441378],[-76.9275012,42.3441294],[-76.9274053,42.3441189],[-76.9273554,42.3441118],[-76.9273294,42.3441094],[-76.9272274,42.3441084],[-76.9271662,42.344107],[-76.9271418,42.3441074],[-76.9270826,42.3441102],[-76.9270484,42.3441089],[-76.9270146,42.3441045],[-76.9268746,42.3440833],[-76.9268398,42.3440768],[-76.9267809,42.344064],[-76.9267439,42.344058],[-76.9266694,42.3440497],[-76.9265969,42.3440444],[-76.9265616,42.3440407],[-76.9264908,42.3440312],[-76.9263019,42.344004],[-76.9262573,42.3439955],[-76.9262141,42.3439831],[-76.9258927,42.3438747],[-76.9258571,42.3438632],[-76.9258196,42.3438523],[-76.9257939,42.343846],[-76.9257556,42.3438388],[-76.9255618,42.3438105],[-76.9255095,42.3438046],[-76.9254683,42.3438022],[-76.9254262,42.3438025],[-76.9253837,42.3438048],[-76.9253409,42.3438088],[-76.9253125,42.3438126],[-76.9252718,42.3438197],[-76.9251853,42.3438373],[-76.9251668,42.3438398],[-76.9251484,42.3438409],[-76.9251205,42.3438395],[-76.9250921,42.3438354],[-76.9250525,42.3438267],[-76.9250104,42.3438151],[-76.9249562,42.3437987],[-76.9248909,42.3437767],[-76.9247689,42.3437387],[-76.9247273,42.3437244],[-76.9246766,42.3437044],[-76.9246164,42.3436783],[-76.9245488,42.3436474],[-76.9245305,42.3436382],[-76.9245126,42.343628],[-76.9244402,42.3435834],[-76.9244055,42.3435604],[-76.924381,42.3435422],[-76.9243078,42.3434844],[-76.9242214,42.3434211],[-76.9242032,42.3434092],[-76.9241754,42.343393],[-76.9241593,42.343381],[-76.9241067,42.3433373],[-76.9240784,42.3433108],[-76.9240048,42.3432326],[-76.923973,42.3431959],[-76.9239493,42.3431657],[-76.9239323,42.3431426],[-76.9238745,42.3430564],[-76.92384,42.3430011],[-76.923803,42.3429361],[-76.9237819,42.3428947],[-76.9237244,42.3427699],[-76.9237104,42.342736],[-76.9236795,42.3426547],[-76.9236672,42.3426135],[-76.9236429,42.3425169],[-76.9236372,42.3424908],[-76.9236301,42.3424381],[-76.9236212,42.3423846],[-76.923608,42.3422958],[-76.9235842,42.3420901],[-76.9235765,42.3420346],[-76.9235681,42.3419887],[-76.9235561,42.341934],[-76.9235314,42.3418423],[-76.9235216,42.3418148],[-76.9235023,42.34177],[-76.9234819,42.3417261],[-76.9234599,42.3416828],[-76.9234138,42.3415972],[-76.9233894,42.3415548],[-76.9233531,42.3414962],[-76.9233142,42.3414381],[-76.9232722,42.341381],[-76.9232273,42.3413251],[-76.9231797,42.3412708],[-76.9231301,42.3412178],[-76.9230783,42.3411659],[-76.9230243,42.3411153],[-76.922968,42.3410659],[-76.9229017,42.3410109],[-76.9228675,42.3409848],[-76.9227969,42.3409331],[-76.9227509,42.3409006],[-76.9227033,42.34087],[-76.9226168,42.3408193],[-76.922534,42.340768],[-76.9224732,42.3407258],[-76.922405,42.3406726],[-76.9223774,42.3406525],[-76.9223583,42.3406399],[-76.9223109,42.3406111],[-76.9222306,42.3405607],[-76.9221496,42.3405059],[-76.9221199,42.3404882],[-76.922069,42.3404607],[-76.9219593,42.3404058],[-76.9219143,42.3403796],[-76.9218796,42.3403571],[-76.9218472,42.3403324],[-76.9217098,42.3402234],[-76.9216783,42.3401967],[-76.9216401,42.3401628],[-76.9215805,42.3401075],[-76.921531,42.3400576],[-76.9214873,42.3400156],[-76.9214524,42.3399797],[-76.9214049,42.3399285],[-76.9213331,42.3398471],[-76.9212776,42.3397793],[-76.9212193,42.3397022],[-76.9211578,42.3396158],[-76.9211048,42.3395364],[-76.9210654,42.3394725],[-76.9210243,42.3393993],[-76.9209771,42.3393081],[-76.9209372,42.3392244],[-76.9209153,42.3391737],[-76.9208703,42.3390552],[-76.9208268,42.3389267],[-76.9208196,42.338901],[-76.9207912,42.3387785],[-76.9207772,42.3387087],[-76.9207669,42.3386476],[-76.920761,42.3386042],[-76.9207567,42.3385607],[-76.92075,42.3384617],[-76.9207407,42.3383541],[-76.9207343,42.3382476],[-76.9207324,42.3381857],[-76.9207314,42.3380598],[-76.9207289,42.3379423],[-76.9207213,42.3377346],[-76.9206589,42.3365289],[-76.9205468,42.3340275],[-76.9205358,42.3338299],[-76.9205332,42.3337416],[-76.9205333,42.333683],[-76.9205345,42.3336593],[-76.9205362,42.3336442],[-76.9205422,42.3336157],[-76.9205503,42.3335956],[-76.920563,42.3335762],[-76.9205921,42.3335432],[-76.9206192,42.3335075],[-76.9206368,42.3334877],[-76.9206702,42.3334568],[-76.9207224,42.3334134],[-76.9207617,42.3333792],[-76.920803,42.3333409],[-76.9208271,42.3333161],[-76.9208427,42.3332989],[-76.9208642,42.3332719],[-76.920877,42.3332532],[-76.9208885,42.3332342],[-76.9209034,42.3332052],[-76.9209174,42.3331753],[-76.9209247,42.3331545],[-76.9209274,42.333133],[-76.9209262,42.3330817],[-76.9209211,42.3329717],[-76.920916,42.3328995],[-76.9209139,42.3328097],[-76.9209093,42.3327468],[-76.9209007,42.3325633],[-76.9208975,42.3325333],[-76.9208938,42.3325124],[-76.9208877,42.332491],[-76.9208834,42.3324802],[-76.9208783,42.3324695],[-76.9208656,42.3324486],[-76.9208582,42.3324387],[-76.9208416,42.3324201],[-76.9208142,42.3323962],[-76.920736,42.3323367],[-76.9207054,42.3323103],[-76.9206205,42.3322277],[-76.9205944,42.3321996],[-76.9205766,42.3321781],[-76.9205496,42.332141],[-76.9205239,42.3321034],[-76.9205056,42.3320732],[-76.9204897,42.3320426],[-76.9204799,42.3320191],[-76.920472,42.331995],[-76.9204585,42.3319458],[-76.9204509,42.3319123],[-76.9204449,42.3318785],[-76.9204421,42.331853],[-76.9204398,42.3318098],[-76.9204377,42.3317382],[-76.920432,42.3316836],[-76.9204245,42.3315849],[-76.9204247,42.331558],[-76.9204285,42.3314747],[-76.9204287,42.3314014],[-76.9204277,42.3313754],[-76.9204225,42.3313152],[-76.9204199,42.3312722],[-76.9204188,42.3312379],[-76.9204192,42.3312039],[-76.9204206,42.3311702],[-76.9204233,42.3311369],[-76.9204335,42.3310567],[-76.9204376,42.3310327],[-76.9204448,42.3310001],[-76.9204535,42.3309696],[-76.9204645,42.330942],[-76.9204754,42.3309219],[-76.9204891,42.3309012],[-76.9205055,42.3308795],[-76.9205555,42.3308191],[-76.920576,42.3307969],[-76.9206469,42.3307245],[-76.9206897,42.330683],[-76.920734,42.3306428],[-76.9208045,42.3305866],[-76.9208286,42.3305684],[-76.9208713,42.3305395],[-76.9209073,42.3305177],[-76.9210006,42.3304666],[-76.9210573,42.3304376],[-76.921106,42.3304156],[-76.9211662,42.3303907],[-76.9212709,42.3303558],[-76.9213136,42.3303432],[-76.9213685,42.3303298],[-76.9214799,42.3303077],[-76.9215132,42.3303019],[-76.9215696,42.3302946],[-76.9216388,42.3302881],[-76.9217079,42.3302838],[-76.921765,42.3302823],[-76.9218227,42.3302827],[-76.9218928,42.3302853],[-76.9219638,42.3302909],[-76.9220242,42.3302973],[-76.9221332,42.3303145],[-76.9221662,42.3303204],[-76.9222349,42.3303361],[-76.9222815,42.3303489],[-76.9223476,42.3303695],[-76.9224367,42.3304023],[-76.922486,42.3304233],[-76.9225553,42.3304563],[-76.9226278,42.3304937],[-76.9226808,42.3305252],[-76.9227187,42.3305495],[-76.922746,42.3305681],[-76.9227767,42.3305905],[-76.9228095,42.330616],[-76.9228615,42.3306592],[-76.9228841,42.3306791],[-76.9229111,42.3307047],[-76.922929,42.3307236],[-76.922952,42.3307506],[-76.9229824,42.3307888],[-76.9230375,42.3308644],[-76.9230517,42.3308812],[-76.9230598,42.3308891],[-76.9231049,42.3309278],[-76.9231355,42.3309512],[-76.9231695,42.3309725],[-76.9232434,42.3310104],[-76.9232683,42.3310246],[-76.9232833,42.3310348],[-76.9232975,42.3310457],[-76.9233324,42.3310754],[-76.92336,42.3311012],[-76.9234293,42.3311722],[-76.9234967,42.331236],[-76.9235423,42.3312889],[-76.9236294,42.3313784],[-76.923683,42.3314301],[-76.9237681,42.3315078],[-76.9239084,42.3316328],[-76.9240425,42.3317502],[-76.9240915,42.3317915],[-76.9242455,42.3319183],[-76.9243152,42.3319786],[-76.924515,42.3321587],[-76.9245664,42.3322082],[-76.9246544,42.3322961],[-76.9247019,42.3323399],[-76.9247272,42.3323611],[-76.9247719,42.3323943],[-76.9248245,42.3324351],[-76.9248527,42.3324551],[-76.9248829,42.332474],[-76.924904,42.3324859],[-76.9249368,42.3325029],[-76.9249593,42.3325136],[-76.9249938,42.3325286],[-76.9250528,42.3325507],[-76.9250887,42.3325623],[-76.9251249,42.332573],[-76.9251615,42.3325827],[-76.9251986,42.3325915],[-76.9252483,42.332602],[-76.9253105,42.3326141],[-76.9253489,42.33262],[-76.9253751,42.3326231],[-76.9254152,42.3326265],[-76.9254421,42.3326279],[-76.9254828,42.3326286],[-76.9255099,42.3326281],[-76.9255638,42.3326249],[-76.9256165,42.3326185],[-76.9256803,42.3326076],[-76.9257548,42.3325915],[-76.9258152,42.3325763],[-76.9258621,42.3325631],[-76.9259695,42.3325309],[-76.9259945,42.3325226],[-76.9260189,42.3325131],[-76.9260422,42.3325023],[-76.9260856,42.3324789],[-76.9261463,42.3324419],[-76.9261941,42.3324089],[-76.9262393,42.3323736],[-76.9262813,42.3323365],[-76.9263203,42.3322974],[-76.9263559,42.3322562],[-76.9263815,42.3322219],[-76.9264042,42.3321865],[-76.9264237,42.33215],[-76.9264435,42.3321042],[-76.9264637,42.3320492],[-76.926478,42.3320021],[-76.9264881,42.3319539],[-76.9264948,42.3319051],[-76.9264958,42.3318854],[-76.9264951,42.3318658],[-76.9264904,42.3318181],[-76.9264826,42.3317639],[-76.9264784,42.3317016],[-76.9264757,42.3316387],[-76.9264713,42.3315758],[-76.9264672,42.3315305],[-76.9264604,42.3314771],[-76.9264581,42.3314508],[-76.9264571,42.3314158],[-76.9264615,42.3313701],[-76.9264612,42.3313512],[-76.9264573,42.3313323],[-76.9264489,42.331305],[-76.9264448,42.3312872],[-76.9264411,42.331261],[-76.9264355,42.3311993],[-76.9264291,42.3310103],[-76.9264157,42.3308129],[-76.9264118,42.3307224],[-76.9263945,42.3304438],[-76.9263816,42.3302551],[-76.9263742,42.3300925],[-76.9263707,42.3300464],[-76.9263603,42.3299494],[-76.9263472,42.3296887],[-76.9263237,42.3293735],[-76.9263157,42.3292118],[-76.926308,42.329095],[-76.9263064,42.3290519],[-76.9263069,42.3290184],[-76.9263086,42.3289938],[-76.926312,42.3289695],[-76.9263167,42.3289453],[-76.9263277,42.3289051],[-76.926336,42.3288812],[-76.9263456,42.3288578],[-76.9263617,42.3288273],[-76.9263837,42.3287903],[-76.9263932,42.328776],[-76.9264145,42.3287486],[-76.926445,42.3287162],[-76.9264795,42.3286856],[-76.9265095,42.3286624],[-76.9265496,42.3286358],[-76.9265924,42.3286119],[-76.9266379,42.328591],[-76.9266859,42.328573],[-76.926736,42.328558],[-76.9267879,42.3285459],[-76.9268413,42.3285367],[-76.9268951,42.3285305],[-76.9269276,42.3285282],[-76.9269602,42.3285272],[-76.9270037,42.3285275],[-76.9270362,42.328529],[-76.9270792,42.3285329],[-76.9271109,42.3285371],[-76.9271424,42.3285425],[-76.9271843,42.3285508],[-76.9272151,42.3285581],[-76.9272353,42.3285639],[-76.9272651,42.328574],[-76.9272946,42.3285852],[-76.9273235,42.3285973],[-76.9273514,42.3286103],[-76.9273782,42.3286241],[-76.9274038,42.328639],[-76.9274282,42.3286552],[-76.9274758,42.3286894],[-76.9274992,42.3287073],[-76.9275141,42.3287198],[-76.9275355,42.3287392],[-76.9275628,42.328766],[-76.9275884,42.3287936],[-76.9276066,42.3288148],[-76.9276294,42.3288439],[-76.9276511,42.3288738],[-76.9276771,42.3289113],[-76.9276909,42.3289341],[-76.9277206,42.328997],[-76.9277292,42.329021],[-76.9277359,42.3290457],[-76.9277461,42.3290879],[-76.927751,42.3291136],[-76.9277555,42.3291482],[-76.9277603,42.3292013],[-76.9277822,42.3293249],[-76.9277963,42.3294404],[-76.9278087,42.3295114],[-76.9278327,42.3296726],[-76.9278506,42.3298434],[-76.9278706,42.3300139],[-76.92789,42.3301932],[-76.9279169,42.3304627],[-76.9279627,42.3308484],[-76.9279714,42.330947],[-76.92798,42.3310089],[-76.9279887,42.3310994],[-76.9279994,42.3311896],[-76.9280123,42.3312789],[-76.9280184,42.3313509],[-76.9280333,42.3314851],[-76.9280391,42.3315302],[-76.9280454,42.3315929],[-76.9280553,42.3316643],[-76.928062,42.3317362],[-76.9280986,42.3320504],[-76.9281097,42.3321582],[-76.9281234,42.3322657],[-76.9281463,42.332481],[-76.9281756,42.3327321],[-76.9282003,42.3329567],[-76.9282059,42.3330192],[-76.9282143,42.3330824],[-76.9282226,42.3331721],[-76.9282751,42.3336116],[-76.9282818,42.3336838],[-76.9282898,42.333738],[-76.9283055,42.3338631],[-76.9283141,42.333948],[-76.9283134,42.3339716],[-76.9283094,42.3339947],[-76.9282979,42.3340407],[-76.9282902,42.334063],[-76.9282836,42.3340773],[-76.9282716,42.334098],[-76.9282568,42.3341177],[-76.9281991,42.3341757],[-76.9281845,42.3341881],[-76.9281761,42.3341938],[-76.92813,42.3342203],[-76.9280915,42.3342487],[-76.928076,42.334258],[-76.9280598,42.3342658],[-76.928043,42.3342725],[-76.9280168,42.3342812],[-76.9279986,42.3342862],[-76.9279799,42.3342904],[-76.9279506,42.3342957],[-76.9279097,42.3343015],[-76.9278779,42.3343049],[-76.9278249,42.3343084],[-76.9277594,42.3343089],[-76.9277263,42.3343079],[-76.9276521,42.3343034],[-76.9275887,42.3342982],[-76.9275688,42.3342954],[-76.9275295,42.3342885],[-76.9274776,42.3342828],[-76.9274569,42.3342795],[-76.9274169,42.334271],[-76.9273355,42.334251],[-76.9271861,42.3342184],[-76.9270846,42.3341972],[-76.9270478,42.3341879],[-76.9270223,42.3341798],[-76.9269966,42.3341695],[-76.9269791,42.3341609],[-76.9268436,42.3340844],[-76.9267925,42.3340541],[-76.9267812,42.3340486],[-76.9267573,42.3340388],[-76.926641,42.3339986],[-76.9264437,42.3339262],[-76.9263304,42.3338881],[-76.9260777,42.3337996],[-76.9257384,42.3336795],[-76.9253463,42.3335378],[-76.9252179,42.3334882],[-76.9251701,42.3334714],[-76.9251327,42.3334602],[-76.9250945,42.3334505],[-76.9250559,42.3334423],[-76.9250169,42.3334355],[-76.9249774,42.3334302],[-76.9249375,42.3334263],[-76.9248976,42.3334239],[-76.9248576,42.3334229],[-76.9248173,42.3334234],[-76.9247903,42.3334247],[-76.9247502,42.3334279],[-76.9247108,42.3334327],[-76.9246719,42.3334387],[-76.9246335,42.333446],[-76.9245825,42.3334575],[-76.9245444,42.3334677],[-76.9245195,42.3334759],[-76.9244834,42.3334899],[-76.9244481,42.333505],[-76.9244026,42.3335262],[-76.9243701,42.3335431],[-76.9243393,42.3335609],[-76.9243091,42.3335794],[-76.9242796,42.3335993],[-76.9242513,42.3336206],[-76.9242246,42.3336428],[-76.9241995,42.3336658],[-76.9241682,42.3336977],[-76.9241465,42.3337225],[-76.9241262,42.3337479],[-76.9241016,42.3337828],[-76.9240848,42.3338097],[-76.9240695,42.3338373],[-76.9240561,42.3338658],[-76.924045,42.333895],[-76.9240391,42.3339147],[-76.9240323,42.3339445],[-76.9240244,42.3339953],[-76.9240232,42.3340162],[-76.924024,42.3340267],[-76.9240281,42.3340472],[-76.924056,42.334158],[-76.9240695,42.3342218],[-76.9240987,42.3343295],[-76.9241072,42.3343558],[-76.9241352,42.3344333],[-76.9241671,42.3345403],[-76.9241987,42.3346192],[-76.9242227,42.3346866],[-76.924236,42.3347391],[-76.9242582,42.3348177],[-76.9242665,42.3348523],[-76.924271,42.3348782],[-76.9242725,42.3348957],[-76.9242746,42.3349591],[-76.924277,42.3349973],[-76.9242809,42.3350273],[-76.9242856,42.3350475],[-76.9242961,42.3350767],[-76.9243276,42.3351455],[-76.924343,42.3351841],[-76.9243532,42.3352161],[-76.9243713,42.3352807],[-76.9243783,42.3352997],[-76.924383,42.3353087],[-76.9244093,42.3353499],[-76.9244224,42.3353731],[-76.924437,42.3354042],[-76.9244456,42.3354289],[-76.9244648,42.3354996],[-76.9245089,42.3356515],[-76.9245252,42.3357136],[-76.9245568,42.3358192],[-76.9245887,42.3359329],[-76.9245942,42.3359586],[-76.9246016,42.3360021],[-76.924628,42.3361109],[-76.9246391,42.336147],[-76.9246901,42.3362967],[-76.9247116,42.3363656],[-76.9247297,42.3364341],[-76.9247557,42.3365501],[-76.924766,42.3365873],[-76.9247808,42.3366332],[-76.924791,42.336661],[-76.9248027,42.3366892],[-76.9248299,42.336745],[-76.9248449,42.3367722],[-76.9248611,42.3367991],[-76.9248911,42.3368432],[-76.9249044,42.3368606],[-76.9249186,42.3368772],[-76.9249558,42.336915],[-76.9249795,42.3369485],[-76.9249931,42.3369657],[-76.9250099,42.3369816],[-76.9250621,42.3370261],[-76.9250901,42.3370486],[-76.9251116,42.3370639],[-76.9251364,42.337079],[-76.9251648,42.3370926],[-76.92518,42.3370983],[-76.9251956,42.337103],[-76.9252113,42.3371066],[-76.9252268,42.3371092],[-76.9252561,42.3371116],[-76.9253058,42.3371135],[-76.9253168,42.3371147],[-76.9253379,42.3371187],[-76.9253691,42.3371277],[-76.9254817,42.3371667],[-76.9255178,42.3371774],[-76.9255664,42.3371903],[-76.9256156,42.3372019],[-76.9256656,42.3372118],[-76.9257162,42.33722],[-76.9257671,42.337226],[-76.9259784,42.3372407],[-76.9261491,42.3372474],[-76.926417,42.3372549],[-76.9265261,42.3372559],[-76.9265867,42.3372573],[-76.9267679,42.3372627],[-76.9269365,42.3372695],[-76.9274197,42.3372952],[-76.9274557,42.3372977],[-76.9275286,42.3373043],[-76.9275534,42.3373058],[-76.9276755,42.3373098],[-76.9277835,42.3373145],[-76.9281708,42.3373357],[-76.9282199,42.3373374],[-76.9282909,42.3373385],[-76.9283248,42.3373419],[-76.9283694,42.3373485],[-76.9284024,42.3373546],[-76.9284448,42.3373643],[-76.9284845,42.3373748],[-76.9285225,42.3373868],[-76.9285506,42.3373978],[-76.9285969,42.3374185],[-76.9286238,42.3374321],[-76.9286581,42.3374522],[-76.9287004,42.3374789],[-76.9287329,42.3375011],[-76.9287633,42.3375244],[-76.9287849,42.3375428],[-76.9288121,42.3375693],[-76.9288577,42.3376175],[-76.9288805,42.3376456],[-76.9289064,42.3376816],[-76.9289291,42.3377187],[-76.9289526,42.3377638],[-76.9289648,42.3377947],[-76.928982,42.3378495],[-76.9289913,42.3378897],[-76.9289977,42.3379304],[-76.9290027,42.3379949],[-76.9290032,42.3380362],[-76.9290017,42.3380529],[-76.9289988,42.3380698],[-76.928979,42.3381581],[-76.9289634,42.33822],[-76.9289449,42.3383014],[-76.9289381,42.338346],[-76.9289308,42.3383815],[-76.9289189,42.3384322],[-76.928896,42.3385179],[-76.9288803,42.3385966],[-76.9288758,42.3386256],[-76.9288656,42.3387121],[-76.9288488,42.3387988],[-76.9288207,42.3389869],[-76.9288074,42.3390613],[-76.9288047,42.3390835],[-76.9288046,42.3390952],[-76.9288075,42.3391192],[-76.9288136,42.3391436],[-76.928822,42.3391676],[-76.9288329,42.3391903],[-76.9288459,42.3392109],[-76.9288836,42.3392596],[-76.9288969,42.339279],[-76.9289029,42.3392913],[-76.9289047,42.3392975],[-76.928906,42.3393169],[-76.9288922,42.3394415],[-76.9288876,42.3395046],[-76.9288813,42.3395589],[-76.9288712,42.3396603],[-76.9288584,42.339868],[-76.9288483,42.3399834],[-76.9288446,42.3400465],[-76.9288323,42.3401999],[-76.928827,42.3402527],[-76.9288177,42.3403154],[-76.9288137,42.3403519],[-76.9287712,42.3408726],[-76.9287602,42.340972]]}},{"type":"Feature","properties":{"role":"midline","derived_from":["edge_left","edge_right"],"quality":{"source":"derived","accuracy_m":1.19,"relative_accuracy_m":0.25,"measured":true,"date":"2019-09-18"}},"geometry":{"type":"LineString","coordinates":[[-76.9288513,42.3409765],[-76.9288351,42.3411651],[-76.9288184,42.3413898],[-76.9287855,42.3417401],[-76.9287685,42.3419558],[-76.9287137,42.3425846],[-76.9286906,42.3428271],[-76.9286775,42.3429888],[-76.9286583,42.3431773],[-76.9286486,42.3432851],[-76.9286261,42.3434825],[-76.928615,42.3436173],[-76.9286057,42.343707],[-76.9285831,42.3439585],[-76.9285787,42.3439853],[-76.928571,42.3440117],[-76.9285597,42.3440374],[-76.9285455,42.3440623],[-76.9285285,42.3440861],[-76.9285084,42.3441087],[-76.9284857,42.3441299],[-76.9284613,42.3441499],[-76.928444,42.3441625],[-76.9284167,42.3441803],[-76.9283878,42.3441968],[-76.9283577,42.3442119],[-76.9283368,42.344221],[-76.9283044,42.3442333],[-76.928271,42.3442439],[-76.9282482,42.3442501],[-76.9282251,42.3442555],[-76.9282016,42.34426],[-76.9281779,42.3442635],[-76.9281419,42.3442671],[-76.9281056,42.3442694],[-76.9280572,42.3442711],[-76.9280207,42.3442714],[-76.9279964,42.3442704],[-76.9277205,42.3442392],[-76.9275185,42.3442081],[-76.9274349,42.3441971],[-76.9273278,42.3441812],[-76.9273038,42.3441787],[-76.9272191,42.3441736],[-76.9271468,42.3441676],[-76.9270621,42.3441626],[-76.927014,42.3441578],[-76.9268597,42.3441337],[-76.9267772,42.3441187],[-76.9267416,42.344113],[-76.9266579,42.3441021],[-76.9265619,42.3440916],[-76.9262758,42.3440512],[-76.9262403,42.3440452],[-76.926182,42.3440327],[-76.9259273,42.3439735],[-76.9258236,42.3439483],[-76.9257887,42.3439405],[-76.9257533,42.3439343],[-76.9255032,42.3438982],[-76.9254672,42.3438941],[-76.925431,42.3438915],[-76.9253826,42.3438898],[-76.9253462,42.3438901],[-76.9253102,42.3438935],[-76.9252148,42.3439065],[-76.9251906,42.3439084],[-76.9251662,42.3439091],[-76.9251418,42.3439083],[-76.9251176,42.3439059],[-76.925082,42.3438997],[-76.925059,42.3438941],[-76.924935,42.3438577],[-76.9248465,42.3438282],[-76.924735,42.3437928],[-76.9247019,42.3437815],[-76.9246587,42.343765],[-76.9246165,42.3437472],[-76.924513,42.3437002],[-76.9244929,42.3436901],[-76.9244374,42.3436552],[-76.9243715,42.3436154],[-76.9243351,42.3435915],[-76.9243087,42.3435729],[-76.9241545,42.3434582],[-76.9241109,42.3434268],[-76.9240559,42.3433788],[-76.9240262,42.3433504],[-76.923971,42.3432911],[-76.9239244,42.3432384],[-76.9238814,42.343184],[-76.9238193,42.3430964],[-76.9237874,42.3430478],[-76.9237484,42.3429819],[-76.9237164,42.3429235],[-76.9236833,42.3428558],[-76.9236403,42.342762],[-76.9236079,42.3426846],[-76.9236023,42.3426671],[-76.9235983,42.3426493],[-76.9235811,42.3425602],[-76.9235657,42.3424891],[-76.9235553,42.3424266],[-76.923541,42.3423372],[-76.9235296,42.3422566],[-76.9235074,42.3420683],[-76.9235019,42.3420325],[-76.9234804,42.3419348],[-76.9234586,42.3418554],[-76.9234499,42.3418292],[-76.9234325,42.3417861],[-76.9234017,42.3417178],[-76.9233849,42.341684],[-76.9233492,42.3416171],[-76.9233204,42.3415675],[-76.9232848,42.3415103],[-76.9232523,42.341462],[-76.9232176,42.3414145],[-76.9231869,42.3413757],[-76.9231215,42.3412999],[-76.9230734,42.341248],[-76.9230089,42.3411826],[-76.9229714,42.3411472],[-76.9229087,42.3410922],[-76.9228434,42.3410389],[-76.9227585,42.3409746],[-76.922706,42.3409372],[-76.9226695,42.3409135],[-76.9225292,42.3408275],[-76.9224739,42.3407923],[-76.9224375,42.3407685],[-76.9223667,42.3407193],[-76.9223395,42.3407013],[-76.9223111,42.3406843],[-76.9222617,42.3406582],[-76.9222425,42.3406472],[-76.9221682,42.3406009],[-76.922068,42.3405354],[-76.9220203,42.3405076],[-76.921894,42.3404375],[-76.9218568,42.3404144],[-76.9218211,42.3403899],[-76.9217537,42.3403381],[-76.9216717,42.3402717],[-76.9216315,42.340238],[-76.9215771,42.3401896],[-76.9215167,42.3401331],[-76.9214366,42.3400539],[-76.9213941,42.34001],[-76.9213459,42.3399581],[-76.9212795,42.3398828],[-76.9212164,42.3398059],[-76.921157,42.3397273],[-76.9210894,42.3396316],[-76.9210466,42.339567],[-76.9210058,42.3395016],[-76.9209595,42.3394184],[-76.9209028,42.3393092],[-76.9208508,42.3391987],[-76.9208195,42.3391211],[-76.9207938,42.3390516],[-76.9207571,42.3389378],[-76.9207408,42.338876],[-76.9207142,42.3387607],[-76.9207053,42.3387161],[-76.9206946,42.3386536],[-76.9206896,42.3386178],[-76.920685,42.338573],[-76.9206774,42.3384651],[-76.9206677,42.3383754],[-76.9206608,42.3382765],[-76.9206571,42.3381775],[-76.9206552,42.3379704],[-76.9206532,42.3378984],[-76.9206464,42.3377274],[-76.9205805,42.3365221],[-76.9204555,42.3340301],[-76.9204439,42.3338322],[-76.920441,42.3337512],[-76.9204409,42.3336972],[-76.9204421,42.3336702],[-76.9204449,42.3336432],[-76.9204502,42.3336164],[-76.9204553,42.3335988],[-76.920462,42.3335815],[-76.9204706,42.3335646],[-76.9204809,42.3335482],[-76.9204985,42.3335246],[-76.9205418,42.3334704],[-76.9205626,42.3334483],[-76.920585,42.333427],[-76.9206164,42.3333997],[-76.9206575,42.3333666],[-76.9207265,42.333316],[-76.9207427,42.3333026],[-76.9207656,42.3332816],[-76.9207868,42.3332597],[-76.9207997,42.3332444],[-76.9208113,42.3332286],[-76.9208217,42.3332123],[-76.9208351,42.3331872],[-76.9208468,42.3331616],[-76.920853,42.3331441],[-76.9208563,42.3331263],[-76.9208576,42.3330903],[-76.9208533,42.3329733],[-76.9208485,42.3328923],[-76.9208461,42.3328113],[-76.920842,42.3327394],[-76.9208358,42.3325954],[-76.9208285,42.3325326],[-76.9208247,42.3325148],[-76.9208187,42.3324972],[-76.9208146,42.3324887],[-76.9208042,42.3324723],[-76.9207979,42.3324645],[-76.9207836,42.3324498],[-76.9207271,42.3324028],[-76.9206774,42.3323634],[-76.9206381,42.3323291],[-76.9205926,42.332287],[-76.9205631,42.3322584],[-76.9205349,42.332229],[-76.9205088,42.3321987],[-76.9204788,42.3321595],[-76.9204562,42.3321276],[-76.9204356,42.3320949],[-76.9204218,42.3320699],[-76.9204096,42.3320443],[-76.9203993,42.3320184],[-76.9203876,42.3319833],[-76.920378,42.3319479],[-76.9203673,42.3318944],[-76.9203636,42.3318675],[-76.9203611,42.3318405],[-76.9203588,42.3317955],[-76.9203541,42.3316424],[-76.9203473,42.3315073],[-76.9203435,42.3314803],[-76.9203268,42.3314091],[-76.9203177,42.3313555],[-76.9203125,42.3313017],[-76.9203094,42.3312297],[-76.92031,42.3311847],[-76.9203121,42.3311488],[-76.9203189,42.331086],[-76.9203229,42.3310591],[-76.9203296,42.3310326],[-76.9203529,42.3309627],[-76.9203602,42.3309455],[-76.9203694,42.3309288],[-76.9203803,42.3309128],[-76.9203994,42.3308899],[-76.920499,42.3307884],[-76.9205663,42.3307134],[-76.9206014,42.3306767],[-76.9206386,42.3306411],[-76.9206773,42.3306065],[-76.9207016,42.3305864],[-76.9207517,42.3305472],[-76.9207953,42.3305158],[-76.920841,42.3304862],[-76.9208982,42.3304528],[-76.9209666,42.3304155],[-76.9210067,42.3303952],[-76.9210583,42.3303716],[-76.9211219,42.3303453],[-76.9211655,42.3303295],[-76.9212433,42.3303043],[-76.9213,42.3302883],[-76.9213578,42.3302745],[-76.9214516,42.3302558],[-76.9214989,42.3302478],[-76.9215468,42.3302419],[-76.9216311,42.3302344],[-76.9216915,42.3302304],[-76.9217642,42.3302283],[-76.9218369,42.3302287],[-76.9218975,42.3302311],[-76.9220306,42.3302388],[-76.922067,42.3302394],[-76.9221278,42.3302389],[-76.9221521,42.3302397],[-76.9221884,42.3302431],[-76.9222363,42.3302502],[-76.9222832,42.3302596],[-76.9223291,42.3302712],[-76.922374,42.3302846],[-76.9224071,42.3302958],[-76.9224934,42.3303287],[-76.9225249,42.3303422],[-76.9225559,42.3303564],[-76.9226675,42.3304107],[-76.9227065,42.3304321],[-76.922799,42.3304903],[-76.9228572,42.3305227],[-76.922875,42.3305348],[-76.9228918,42.3305479],[-76.922978,42.3306234],[-76.9230154,42.3306588],[-76.9230417,42.3306891],[-76.9231473,42.3308205],[-76.9231608,42.3308355],[-76.9232046,42.3308788],[-76.9232287,42.3308991],[-76.9232553,42.3309176],[-76.9232744,42.3309288],[-76.923314,42.3309497],[-76.9233327,42.3309612],[-76.9233505,42.3309735],[-76.9233836,42.3309998],[-76.9234219,42.3310348],[-76.9234497,42.3310643],[-76.9235092,42.3311322],[-76.9235703,42.3311994],[-76.9236076,42.3312458],[-76.9236471,42.3312913],[-76.9237108,42.3313573],[-76.9237705,42.3314142],[-76.923947,42.3315747],[-76.9240941,42.3317064],[-76.9241415,42.3317474],[-76.9243018,42.3318826],[-76.9243486,42.331924],[-76.9244397,42.3320082],[-76.9245624,42.3321199],[-76.9246438,42.3321984],[-76.9247012,42.3322564],[-76.9247393,42.3322915],[-76.9247799,42.3323249],[-76.9248567,42.3323824],[-76.9248917,42.3324073],[-76.9249193,42.3324249],[-76.9249481,42.3324415],[-76.9249779,42.332457],[-76.9250297,42.3324803],[-76.925084,42.3325005],[-76.9251512,42.3325213],[-76.9251854,42.3325304],[-76.9252202,42.3325385],[-76.9253142,42.3325562],[-76.9253737,42.3325649],[-76.9253978,42.3325674],[-76.925434,42.3325698],[-76.9254824,42.3325706],[-76.9255309,42.3325692],[-76.925555,42.3325678],[-76.9255791,42.3325655],[-76.9256149,42.3325608],[-76.9256741,42.332551],[-76.9257324,42.3325385],[-76.9258127,42.3325179],[-76.9259138,42.3324875],[-76.9259579,42.3324724],[-76.9259791,42.3324636],[-76.9259996,42.332454],[-76.9260388,42.3324328],[-76.926095,42.3323985],[-76.9261394,42.3323678],[-76.9261814,42.3323353],[-76.9262206,42.332301],[-76.9262571,42.332265],[-76.9262903,42.3322273],[-76.9263141,42.3321959],[-76.9263354,42.3321634],[-76.9263536,42.33213],[-76.9263729,42.3320873],[-76.9263961,42.3320267],[-76.9264074,42.3319916],[-76.9264168,42.3319472],[-76.926423,42.3319024],[-76.9264239,42.3318754],[-76.9264224,42.3318484],[-76.9264123,42.3317587],[-76.9263973,42.3315519],[-76.9263883,42.3314532],[-76.926387,42.3314172],[-76.9263883,42.3313721],[-76.9263877,42.3313541],[-76.9263766,42.3312915],[-76.9263692,42.3312017],[-76.926361,42.3310127],[-76.9263529,42.3309048],[-76.926342,42.330716],[-76.9263124,42.3302664],[-76.9263034,42.3300955],[-76.9262995,42.3300505],[-76.9262899,42.3299879],[-76.926287,42.329961],[-76.9262859,42.329934],[-76.9262863,42.32988],[-76.9262831,42.329835],[-76.9262771,42.329691],[-76.9262537,42.3293674],[-76.9262425,42.3291875],[-76.9262322,42.3290708],[-76.9262311,42.3290348],[-76.9262324,42.3289988],[-76.9262361,42.328963],[-76.9262425,42.3289273],[-76.9262551,42.3288833],[-76.9262717,42.32884],[-76.9262929,42.3287979],[-76.9263072,42.3287731],[-76.9263227,42.3287486],[-76.9263466,42.3287173],[-76.9263599,42.3287023],[-76.9263812,42.3286804],[-76.9264199,42.3286457],[-76.9264622,42.3286135],[-76.9264893,42.3285955],[-76.926508,42.328584],[-76.9265471,42.3285627],[-76.9265673,42.3285528],[-76.9265986,42.3285389],[-76.9266199,42.3285304],[-76.9266527,42.3285186],[-76.9267089,42.3285017],[-76.9267668,42.3284882],[-76.9268258,42.328478],[-76.9268858,42.328471],[-76.9269221,42.3284686],[-76.9269706,42.3284674],[-76.9270191,42.3284681],[-76.9270554,42.3284698],[-76.9270917,42.3284729],[-76.9271276,42.3284776],[-76.9271631,42.3284837],[-76.9271982,42.328491],[-76.9272329,42.3284994],[-76.9272667,42.3285096],[-76.9272995,42.3285216],[-76.9273315,42.3285345],[-76.9273734,42.3285526],[-76.927404,42.3285673],[-76.9274335,42.3285831],[-76.9274619,42.3286],[-76.9274889,42.3286181],[-76.9275237,42.3286431],[-76.9275488,42.3286627],[-76.9275725,42.3286831],[-76.9276099,42.3287186],[-76.9276383,42.3287477],[-76.927665,42.3287777],[-76.9276898,42.3288086],[-76.927713,42.3288402],[-76.9277403,42.3288804],[-76.9277554,42.328905],[-76.9277688,42.3289301],[-76.9277886,42.3289726],[-76.9277988,42.3289986],[-76.9278071,42.3290248],[-76.927819,42.329069],[-76.9278276,42.3291044],[-76.9278347,42.32914],[-76.927861,42.3292918],[-76.9278661,42.3293276],[-76.9278735,42.3293994],[-76.9278842,42.3294891],[-76.9278893,42.329552],[-76.9279003,42.3296417],[-76.9279202,42.3298392],[-76.9279401,42.3300096],[-76.9279593,42.3301891],[-76.9279833,42.3304315],[-76.9280149,42.3307096],[-76.9280272,42.3307901],[-76.9280338,42.3308439],[-76.92805,42.3309965],[-76.9280543,42.3310594],[-76.9280599,42.3311223],[-76.9280791,42.3312747],[-76.9281011,42.3314811],[-76.9281219,42.3316605],[-76.9281358,42.3317951],[-76.9281646,42.3320463],[-76.9281759,42.332154],[-76.9281964,42.3323244],[-76.9282146,42.3324949],[-76.9282411,42.3327191],[-76.9282595,42.3328896],[-76.9282686,42.3329613],[-76.9282743,42.3330241],[-76.9282834,42.3330959],[-76.9282916,42.3331767],[-76.9283116,42.3333471],[-76.9283425,42.333589],[-76.9283523,42.3336788],[-76.9283803,42.3338667],[-76.9283876,42.3339295],[-76.9283891,42.3339475],[-76.9283893,42.3339655],[-76.9283878,42.3339835],[-76.9283848,42.3340013],[-76.9283784,42.3340279],[-76.9283707,42.3340542],[-76.9283611,42.3340802],[-76.9283533,42.3340972],[-76.9283441,42.3341139],[-76.9283335,42.33413],[-76.9283152,42.3341533],[-76.9282582,42.3342115],[-76.9282348,42.3342321],[-76.9281915,42.3342637],[-76.92815,42.3342962],[-76.9281226,42.3343138],[-76.9281031,42.3343242],[-76.9280722,42.3343382],[-76.9280509,42.3343465],[-76.9280179,42.3343573],[-76.9279953,42.3343635],[-76.9279608,42.3343716],[-76.9279258,42.3343785],[-76.9278905,42.3343843],[-76.9278311,42.3343916],[-76.9277831,42.3343953],[-76.927747,42.3343973],[-76.9276509,42.3343983],[-76.9275788,42.3343962],[-76.927555,42.3343944],[-76.92746,42.3343845],[-76.9274245,42.3343795],[-76.9273665,42.3343674],[-76.9272868,42.334347],[-76.927229,42.3343333],[-76.9271503,42.3343098],[-76.9270809,42.334293],[-76.9270467,42.3342837],[-76.9270242,42.3342769],[-76.9270023,42.3342691],[-76.9269812,42.3342602],[-76.9269514,42.3342448],[-76.9268407,42.3341748],[-76.926745,42.3341193],[-76.9267253,42.3341087],[-76.9267047,42.3340991],[-76.9266307,42.3340681],[-76.9265369,42.3340265],[-76.9264527,42.3339906],[-76.9263873,42.3339667],[-76.9261014,42.3338675],[-76.9257507,42.333744],[-76.9255214,42.3336616],[-76.9252909,42.3335809],[-76.9252477,42.3335645],[-76.9251951,42.333542],[-76.9251628,42.3335295],[-76.9251295,42.3335186],[-76.9250839,42.3335063],[-76.925049,42.3334988],[-76.9250136,42.3334926],[-76.9249779,42.3334872],[-76.924942,42.3334831],[-76.9249057,42.3334809],[-76.9248572,42.3334797],[-76.9248208,42.3334798],[-76.9247846,42.3334819],[-76.9247486,42.333486],[-76.924701,42.3334926],[-76.9246655,42.3334986],[-76.9246305,42.3335059],[-76.924596,42.3335143],[-76.9245621,42.3335241],[-76.9245401,42.3335317],[-76.924508,42.3335443],[-76.9244766,42.3335577],[-76.9244459,42.3335722],[-76.9244166,42.3335882],[-76.9243601,42.3336223],[-76.9243418,42.3336341],[-76.9243243,42.3336466],[-76.9242995,42.3336663],[-76.9242682,42.3336939],[-76.9242461,42.3337153],[-76.9242253,42.3337375],[-76.9242059,42.3337604],[-76.9241879,42.3337838],[-76.924166,42.333816],[-76.9241513,42.3338407],[-76.9241381,42.3338659],[-76.9241269,42.3338916],[-76.9241178,42.3339177],[-76.9241108,42.3339442],[-76.924106,42.333971],[-76.9241017,42.3340068],[-76.924102,42.3340248],[-76.9241044,42.3340427],[-76.9241114,42.3340783],[-76.924139,42.3342026],[-76.9241631,42.3342909],[-76.9241763,42.3343348],[-76.9242019,42.3344136],[-76.9242342,42.3345281],[-76.9242671,42.3346147],[-76.9242872,42.334676],[-76.9243016,42.3347289],[-76.9243252,42.334808],[-76.92434,42.3348701],[-76.9243574,42.3349683],[-76.9243645,42.3350039],[-76.924369,42.3350216],[-76.9243793,42.3350475],[-76.9244031,42.3350891],[-76.9244117,42.3351059],[-76.9244261,42.3351403],[-76.9244382,42.3351752],[-76.9244553,42.3352461],[-76.9244629,42.3352725],[-76.92447,42.3352898],[-76.9244907,42.3353321],[-76.924507,42.3353754],[-76.9245163,42.3354108],[-76.9245324,42.3354909],[-76.9245486,42.3355528],[-76.9245895,42.3356936],[-76.9246257,42.3358075],[-76.9246574,42.3359129],[-76.9246645,42.3359394],[-76.9246782,42.3360015],[-76.9247011,42.33609],[-76.9247148,42.3361338],[-76.9247748,42.3363083],[-76.924795,42.3363695],[-76.924815,42.3364399],[-76.9248357,42.3365286],[-76.9248562,42.3365898],[-76.9248792,42.3366503],[-76.9248867,42.3366674],[-76.9248997,42.3366925],[-76.9249189,42.3367255],[-76.9249394,42.3367581],[-76.9249562,42.336782],[-76.9249742,42.3368055],[-76.9250003,42.3368358],[-76.9250371,42.3368716],[-76.9250776,42.3369164],[-76.9250931,42.3369303],[-76.9251829,42.3370036],[-76.9252008,42.337016],[-76.9252104,42.3370216],[-76.9252309,42.3370314],[-76.9252418,42.3370355],[-76.9252647,42.3370418],[-76.9253122,42.3370497],[-76.9253467,42.3370581],[-76.9253798,42.3370693],[-76.9254771,42.3371062],[-76.9255101,42.3371175],[-76.9255326,42.3371243],[-76.9256126,42.3371453],[-76.9256592,42.3371553],[-76.9257302,42.3371671],[-76.9257901,42.3371741],[-76.9258624,42.3371795],[-76.9259591,42.3371849],[-76.9260561,42.3371886],[-76.9261771,42.3371942],[-76.9264195,42.3372022],[-76.9265408,42.3372051],[-76.9267469,42.3372113],[-76.926965,42.3372202],[-76.9274249,42.3372447],[-76.9275457,42.3372532],[-76.9277638,42.3372617],[-76.9279212,42.3372697],[-76.9281632,42.3372835],[-76.9282965,42.3372882],[-76.9283327,42.3372911],[-76.9283807,42.3372962],[-76.9284166,42.337301],[-76.9284521,42.3373067],[-76.9284991,42.3373157],[-76.9285335,42.3373243],[-76.9285669,42.3373351],[-76.9285992,42.3373476],[-76.928641,42.3373659],[-76.9286813,42.337386],[-76.92872,42.3374077],[-76.9287574,42.3374307],[-76.9287931,42.3374551],[-76.9288187,42.3374743],[-76.9288431,42.3374944],[-76.9288736,42.3375223],[-76.9289173,42.3375655],[-76.9289451,42.3375951],[-76.9289768,42.3376335],[-76.9289999,42.3376651],[-76.9290252,42.3377061],[-76.9290473,42.337748],[-76.9290617,42.3377824],[-76.9290762,42.3378261],[-76.9290871,42.3378704],[-76.9290945,42.3379151],[-76.9290977,42.33796],[-76.9290975,42.338005],[-76.9290949,42.3380409],[-76.9290917,42.3380678],[-76.9290762,42.3381752],[-76.9290624,42.3382556],[-76.929038,42.3384256],[-76.9290283,42.338479],[-76.9290109,42.3385499],[-76.9290006,42.3386127],[-76.9289972,42.3386487],[-76.9289937,42.3387295],[-76.9289853,42.3388103],[-76.9289773,42.338918],[-76.9289711,42.3389719],[-76.9289596,42.3390434],[-76.9289528,42.3390969],[-76.9289526,42.3391148],[-76.9289534,42.3391237],[-76.9289589,42.3391502],[-76.9289685,42.3391759],[-76.9289937,42.3392264],[-76.9290042,42.3392525],[-76.929009,42.3392703],[-76.9290105,42.3392793],[-76.9290111,42.3392975],[-76.9290077,42.3393246],[-76.9289946,42.3393867],[-76.9289876,42.3394314],[-76.9289808,42.3394852],[-76.9289768,42.3395301],[-76.9289641,42.3396468],[-76.9289487,42.3398806],[-76.9289382,42.3399974],[-76.9289216,42.340204],[-76.9289174,42.3402489],[-76.9289082,42.3403207],[-76.9289037,42.3403655],[-76.9288774,42.340689],[-76.9288513,42.3409765]]}},{"type":"Feature","properties":{"role":"surface","rings":["outer","inner"],"area_m2":null},"geometry":{"type":"Polygon","coordinates":[[[-76.9289424,42.3409809],[-76.928938,42.3410438],[-76.9289259,42.341169],[-76.928911,42.3413668],[-76.9288755,42.3417534],[-76.9288601,42.341951],[-76.9288053,42.3425801],[-76.9287829,42.3428135],[-76.9287737,42.3428939],[-76.9287593,42.3430651],[-76.9287476,42.3431826],[-76.9287421,42.3432632],[-76.9287295,42.343381],[-76.9287166,42.3435232],[-76.9287103,42.3436219],[-76.9287005,42.3437029],[-76.9286952,42.3437745],[-76.9286883,42.3438373],[-76.9286818,42.343928],[-76.928671,42.3439875],[-76.9286637,42.3440193],[-76.9286522,42.3440513],[-76.9286367,42.3440825],[-76.9286181,42.3441128],[-76.9285957,42.3441413],[-76.9285694,42.3441675],[-76.9285308,42.3441993],[-76.9284997,42.3442214],[-76.9284667,42.3442417],[-76.9284318,42.3442601],[-76.9283951,42.3442765],[-76.9283568,42.3442908],[-76.9283174,42.3443029],[-76.9282769,42.3443129],[-76.9282493,42.3443184],[-76.9282213,42.344323],[-76.9281933,42.3443268],[-76.9281515,42.3443307],[-76.9280973,42.3443335],[-76.9280575,42.3443342],[-76.9280173,42.3443329],[-76.9278507,42.3443225],[-76.9277651,42.3443179],[-76.9277404,42.3443158],[-76.9277028,42.3443114],[-76.9276171,42.3442979],[-76.927546,42.3442891],[-76.9274524,42.3442757],[-76.9272914,42.3442486],[-76.927199,42.3442371],[-76.9270658,42.3442167],[-76.9269772,42.3442059],[-76.9267731,42.3441726],[-76.9265748,42.3441448],[-76.9263826,42.3441167],[-76.9262485,42.3440986],[-76.9259793,42.3440603],[-76.9258949,42.3440496],[-76.9257684,42.3440301],[-76.9257033,42.344023],[-76.9256571,42.3440168],[-76.9255386,42.3439993],[-76.9253714,42.3439734],[-76.9253515,42.3439713],[-76.9253416,42.343971],[-76.9252779,42.343975],[-76.9252252,42.3439792],[-76.9251807,42.3439792],[-76.9251503,42.3439772],[-76.9251053,42.3439714],[-76.9250764,42.3439658],[-76.9250487,42.3439588],[-76.9249858,42.3439373],[-76.9249263,42.3439204],[-76.9248916,42.3439096],[-76.9248024,42.3438796],[-76.9247011,42.3438469],[-76.9246547,42.3438307],[-76.9246095,42.3438127],[-76.9245657,42.3437937],[-76.9244679,42.3437487],[-76.9244463,42.3437373],[-76.9243985,42.3437048],[-76.9243007,42.3436468],[-76.9242431,42.3436099],[-76.9241722,42.3435594],[-76.9240965,42.3435015],[-76.9240632,42.3434738],[-76.9240382,42.3434517],[-76.9239821,42.3433987],[-76.9239174,42.3433286],[-76.92387,42.343274],[-76.9238255,42.3432181],[-76.9237537,42.3431208],[-76.9237257,42.3430791],[-76.9236901,42.3430198],[-76.9236562,42.342961],[-76.9236289,42.3429094],[-76.9235337,42.3427084],[-76.9235273,42.3426893],[-76.9235251,42.3426795],[-76.9235104,42.3425686],[-76.923488,42.3424598],[-76.923469,42.3423433],[-76.9234543,42.3422437],[-76.9234304,42.3420482],[-76.9234069,42.3419447],[-76.9233834,42.3418602],[-76.9233754,42.3418354],[-76.9233627,42.3418022],[-76.9233309,42.3417273],[-76.9233109,42.341686],[-76.9232799,42.3416288],[-76.9232517,42.3415805],[-76.9232167,42.3415248],[-76.9231849,42.3414781],[-76.9231391,42.3414173],[-76.9230569,42.3413216],[-76.9230235,42.3412852],[-76.9229547,42.3412139],[-76.9229185,42.341179],[-76.9228731,42.3411386],[-76.9228261,42.3410994],[-76.922769,42.3410539],[-76.9227112,42.3410095],[-76.9226695,42.3409796],[-76.922635,42.3409567],[-76.9225259,42.3408873],[-76.9223561,42.3407814],[-76.9223104,42.3407538],[-76.9222736,42.3407336],[-76.9222542,42.340724],[-76.9222125,42.3407053],[-76.9221822,42.3406886],[-76.9220681,42.3406177],[-76.9220161,42.3405826],[-76.9219897,42.3405657],[-76.9218967,42.3405087],[-76.921837,42.3404734],[-76.9218081,42.3404546],[-76.921771,42.3404288],[-76.9217176,42.3403888],[-76.9216584,42.3403414],[-76.921585,42.3402794],[-76.9215217,42.3402232],[-76.9214678,42.340173],[-76.921408,42.3401147],[-76.92135,42.3400554],[-76.9212939,42.3399953],[-76.9212261,42.3399188],[-76.9211614,42.3398404],[-76.9211006,42.3397604],[-76.9210321,42.3396635],[-76.9209938,42.3396062],[-76.9209463,42.3395313],[-76.9208947,42.3394376],[-76.9208324,42.3393184],[-76.9208084,42.3392666],[-76.920783,42.3392153],[-76.9207676,42.3391803],[-76.9207361,42.3391008],[-76.9207146,42.3390383],[-76.9206847,42.3389399],[-76.92067,42.3388857],[-76.9206583,42.3388319],[-76.9206387,42.3387509],[-76.9206238,42.3386688],[-76.9206151,42.3386043],[-76.9206095,42.3385397],[-76.9206049,42.3384685],[-76.9205934,42.3383789],[-76.9205859,42.3382788],[-76.9205818,42.3381689],[-76.9205814,42.3380611],[-76.9205802,42.3380163],[-76.9205808,42.3379714],[-76.9205789,42.3378998],[-76.9205715,42.3377204],[-76.920503,42.3365333],[-76.9203642,42.3340327],[-76.9203529,42.3338528],[-76.9203489,42.3337615],[-76.9203485,42.3337048],[-76.9203507,42.3336654],[-76.9203546,42.3336348],[-76.9203617,42.3336032],[-76.9203684,42.3335819],[-76.9203769,42.3335607],[-76.9203928,42.33353],[-76.9204109,42.3335015],[-76.9204295,42.333475],[-76.9204497,42.3334499],[-76.9204802,42.333417],[-76.9205136,42.333385],[-76.9205481,42.3333548],[-76.9205746,42.3333334],[-76.9206017,42.3333134],[-76.9206208,42.3333017],[-76.9206493,42.333286],[-76.9206746,42.3332698],[-76.9206971,42.3332529],[-76.9207173,42.3332354],[-76.9207351,42.3332169],[-76.9207505,42.3331973],[-76.9207631,42.3331763],[-76.9207762,42.3331478],[-76.9207835,42.3331267],[-76.9207867,42.3331122],[-76.9207884,42.333097],[-76.9207887,42.3330809],[-76.920785,42.3329571],[-76.9207807,42.3328761],[-76.9207717,42.3326335],[-76.9207682,42.3325904],[-76.9207599,42.3325349],[-76.920754,42.3325142],[-76.9207472,42.3325017],[-76.9207428,42.3324959],[-76.920732,42.3324849],[-76.9207048,42.332463],[-76.9206684,42.3324301],[-76.9205934,42.3323686],[-76.920537,42.3323186],[-76.9204904,42.3322739],[-76.920468,42.3322506],[-76.9204465,42.3322266],[-76.9204261,42.3322021],[-76.9204006,42.3321688],[-76.9203769,42.3321344],[-76.9203604,42.3321077],[-76.9203454,42.3320803],[-76.920332,42.3320524],[-76.9203168,42.3320149],[-76.9203072,42.3319867],[-76.9202973,42.3319489],[-76.92029,42.3319112],[-76.9202844,42.3318734],[-76.9202805,42.3318357],[-76.9202782,42.3317987],[-76.9202773,42.3317625],[-76.9202798,42.3316642],[-76.9202795,42.331628],[-76.920277,42.3315829],[-76.9202722,42.331538],[-76.920267,42.3315116],[-76.9202618,42.3314944],[-76.9202508,42.331469],[-76.9202287,42.3314258],[-76.9202215,42.3314077],[-76.9202159,42.3313894],[-76.92021,42.3313615],[-76.9202063,42.3313335],[-76.9202031,42.331296],[-76.9202006,42.331249],[-76.9201999,42.3312016],[-76.920201,42.3311633],[-76.9202041,42.3311247],[-76.9202121,42.3310558],[-76.920217,42.3310359],[-76.9202204,42.331026],[-76.9202423,42.3309791],[-76.9202568,42.3309409],[-76.9202669,42.3309214],[-76.9202801,42.3309021],[-76.9202878,42.3308927],[-76.9203048,42.3308747],[-76.9203234,42.3308579],[-76.9203696,42.3308206],[-76.9204272,42.3307718],[-76.9204426,42.3307577],[-76.9204562,42.3307427],[-76.9205135,42.3306733],[-76.9205344,42.3306503],[-76.9205568,42.330628],[-76.9205882,42.3305988],[-76.9206289,42.3305631],[-76.9206631,42.330535],[-76.9206989,42.3305077],[-76.9207452,42.3304751],[-76.9208025,42.330438],[-76.9208519,42.3304085],[-76.9209128,42.3303749],[-76.9209656,42.3303482],[-76.9210204,42.3303233],[-76.9210764,42.3303003],[-76.9211335,42.3302792],[-76.921192,42.3302599],[-76.9212636,42.3302394],[-76.9213359,42.3302216],[-76.9213971,42.3302086],[-76.9214468,42.3301995],[-76.9214972,42.330192],[-76.9215353,42.3301879],[-76.9216359,42.3301797],[-76.9216865,42.3301765],[-76.9217249,42.330175],[-76.9218143,42.330174],[-76.9218647,42.3301751],[-76.9219885,42.3301808],[-76.9220249,42.3301808],[-76.922049,42.3301791],[-76.922061,42.3301776],[-76.9221092,42.3301687],[-76.9221339,42.330165],[-76.9221596,42.3301631],[-76.9221865,42.330163],[-76.9222283,42.3301657],[-76.9222707,42.3301709],[-76.9223128,42.3301783],[-76.9223673,42.3301909],[-76.9224195,42.330206],[-76.9224809,42.3302275],[-76.92255,42.3302552],[-76.9226053,42.3302798],[-76.9226779,42.3303162],[-76.9227334,42.3303415],[-76.9227556,42.3303531],[-76.9227867,42.3303722],[-76.9228512,42.3304145],[-76.9228699,42.3304248],[-76.9229139,42.3304434],[-76.9229376,42.3304549],[-76.9229601,42.3304691],[-76.9229806,42.3304851],[-76.9230885,42.3305826],[-76.9231136,42.3306067],[-76.923129,42.330624],[-76.9231629,42.3306666],[-76.9232008,42.3307123],[-76.9232444,42.3307613],[-76.9232999,42.3308279],[-76.9233167,42.3308452],[-76.923337,42.3308618],[-76.9233452,42.3308671],[-76.9233845,42.3308891],[-76.923405,42.3309026],[-76.923425,42.3309173],[-76.9234627,42.3309482],[-76.9234884,42.3309719],[-76.9235043,42.3309879],[-76.923526,42.3310123],[-76.9235523,42.3310448],[-76.9237097,42.3312487],[-76.9237291,42.3312711],[-76.9237495,42.3312928],[-76.9238053,42.3313491],[-76.9238874,42.3314258],[-76.9241538,42.3316695],[-76.9241997,42.3317101],[-76.9242554,42.331757],[-76.9243895,42.3318752],[-76.9244875,42.3319685],[-76.9246097,42.3320809],[-76.9247068,42.3321743],[-76.9247485,42.3322173],[-76.9247778,42.3322444],[-76.9248085,42.3322702],[-76.9248735,42.3323192],[-76.9249151,42.3323491],[-76.9249489,42.3323716],[-76.9249746,42.3323872],[-76.925001,42.3324019],[-76.9250467,42.332424],[-76.9250754,42.3324359],[-76.925105,42.3324468],[-76.9251669,42.3324665],[-76.92522,42.3324807],[-76.9252747,42.3324915],[-76.9253637,42.3325055],[-76.9253963,42.3325094],[-76.9254286,42.3325118],[-76.9254715,42.3325129],[-76.9255355,42.3325111],[-76.925557,42.3325098],[-76.9256004,42.3325051],[-76.9256665,42.332495],[-76.9256992,42.3324881],[-76.9257976,42.332463],[-76.9258625,42.3324435],[-76.9259026,42.3324297],[-76.9259393,42.3324142],[-76.9259832,42.3323916],[-76.9260267,42.3323659],[-76.9260686,42.3323383],[-76.9261158,42.332303],[-76.9261457,42.3322783],[-76.9261873,42.3322392],[-76.9262189,42.3322054],[-76.9262468,42.3321698],[-76.9262665,42.3321404],[-76.9262836,42.33211],[-76.9263023,42.3320704],[-76.9263286,42.3320054],[-76.9263367,42.3319812],[-76.9263456,42.3319404],[-76.9263512,42.3318997],[-76.9263522,42.3318752],[-76.9263513,42.3318504],[-76.9263326,42.331654],[-76.9263196,42.331474],[-76.9263147,42.3313655],[-76.9263071,42.3312774],[-76.9262935,42.331024],[-76.9262837,42.3309068],[-76.9262782,42.3307992],[-76.9262433,42.3302779],[-76.9262326,42.3300985],[-76.926227,42.330046],[-76.9262165,42.3299922],[-76.9262131,42.329964],[-76.9262126,42.3299358],[-76.9262154,42.3298994],[-76.9262157,42.3298815],[-76.9262119,42.3298367],[-76.9262076,42.3297022],[-76.9261967,42.3295409],[-76.9261704,42.3291816],[-76.9261596,42.3290913],[-76.9261563,42.3290537],[-76.9261559,42.3290152],[-76.9261583,42.3289761],[-76.9261628,42.3289369],[-76.9261687,42.3289077],[-76.9261739,42.3288885],[-76.9261831,42.32886],[-76.9261939,42.3288316],[-76.9262061,42.3288036],[-76.9262299,42.3287576],[-76.9262584,42.3287123],[-76.9262716,42.3286946],[-76.926286,42.3286774],[-76.9263014,42.3286608],[-76.9263256,42.3286365],[-76.9263602,42.3286059],[-76.9263878,42.3285841],[-76.9264071,42.3285701],[-76.9264372,42.3285501],[-76.9264581,42.3285373],[-76.9265017,42.3285134],[-76.9265243,42.3285024],[-76.9265592,42.3284869],[-76.926583,42.3284774],[-76.9266194,42.3284642],[-76.9266442,42.3284563],[-76.9266818,42.3284455],[-76.9267072,42.3284391],[-76.9267456,42.3284306],[-76.9268104,42.3284192],[-76.9268499,42.3284141],[-76.9268765,42.3284115],[-76.9269165,42.3284089],[-76.9269701,42.3284077],[-76.9270236,42.3284083],[-76.9270773,42.3284107],[-76.9271041,42.328413],[-76.9271442,42.3284181],[-76.9271837,42.328425],[-76.9272227,42.3284333],[-76.9272609,42.3284433],[-76.9272981,42.3284553],[-76.9273338,42.3284692],[-76.9273913,42.3284936],[-76.9274364,42.3285144],[-76.9274694,42.3285313],[-76.9275013,42.3285495],[-76.9275318,42.3285687],[-76.9275703,42.3285957],[-76.9275974,42.3286168],[-76.927631,42.3286465],[-76.9276704,42.3286846],[-76.9277007,42.3287158],[-76.9277294,42.3287478],[-76.9277558,42.3287808],[-76.9277803,42.3288142],[-76.9278031,42.3288484],[-76.9278243,42.3288836],[-76.9278388,42.3289105],[-76.927856,42.3289469],[-76.9278674,42.3289748],[-76.9278774,42.3290029],[-76.9279043,42.3290952],[-76.9279211,42.329159],[-76.9279272,42.3291859],[-76.927944,42.3292848],[-76.9279478,42.3293125],[-76.9279524,42.3293674],[-76.9279616,42.3294573],[-76.9279628,42.3294846],[-76.9279633,42.3295387],[-76.9279648,42.3295656],[-76.92797,42.3296195],[-76.9279732,42.3296646],[-76.9279792,42.3297185],[-76.9279897,42.329835],[-76.9280116,42.3300234],[-76.9280305,42.3302031],[-76.9280517,42.3304187],[-76.9280757,42.3306241],[-76.928082,42.3306961],[-76.9280857,42.330723],[-76.9280993,42.3307944],[-76.9281163,42.3309383],[-76.9281206,42.3309837],[-76.9281228,42.3310471],[-76.9281279,42.331118],[-76.9281605,42.3313962],[-76.9282016,42.3317821],[-76.9282412,42.3321409],[-76.9282646,42.3323385],[-76.9282809,42.3324907],[-76.9283076,42.3327149],[-76.9283258,42.3328856],[-76.928336,42.3329569],[-76.9283435,42.3330379],[-76.9283532,42.3331092],[-76.9283606,42.3331813],[-76.9283828,42.3333695],[-76.9284041,42.3335215],[-76.928424,42.3336826],[-76.9284556,42.3338706],[-76.9284616,42.3339174],[-76.9284641,42.3339469],[-76.9284646,42.3339671],[-76.9284633,42.3339876],[-76.9284602,42.334008],[-76.9284556,42.3340281],[-76.9284468,42.3340579],[-76.9284361,42.3340876],[-76.9284277,42.3341073],[-76.9284178,42.3341269],[-76.9284063,42.334146],[-76.9283933,42.3341646],[-76.9283719,42.3341911],[-76.9283489,42.3342158],[-76.9283094,42.3342551],[-76.9282774,42.3342853],[-76.9282447,42.3343143],[-76.9282181,42.3343363],[-76.9281984,42.3343511],[-76.9281772,42.3343655],[-76.9281547,42.3343792],[-76.928131,42.334392],[-76.9281065,42.3344038],[-76.9280814,42.3344145],[-76.9280558,42.3344242],[-76.9280171,42.334437],[-76.9279783,42.3344479],[-76.9279396,42.3344572],[-76.9279007,42.3344654],[-76.9278611,42.3344725],[-76.9278216,42.3344784],[-76.9277698,42.3344847],[-76.9277303,42.3344886],[-76.9276899,42.3344915],[-76.9276497,42.3344933],[-76.9275963,42.3344943],[-76.9275552,42.3344939],[-76.9275134,42.3344921],[-76.9274722,42.334489],[-76.9274319,42.3344849],[-76.927392,42.3344795],[-76.9273523,42.334472],[-76.927313,42.334463],[-76.9271776,42.3344272],[-76.9271548,42.3344193],[-76.927123,42.3344062],[-76.9271021,42.3343985],[-76.9270468,42.3343834],[-76.9269988,42.3343681],[-76.9269735,42.3343588],[-76.926948,42.3343479],[-76.9269231,42.334335],[-76.9268998,42.3343205],[-76.9268785,42.334305],[-76.9268315,42.3342682],[-76.9268135,42.3342552],[-76.9267775,42.3342315],[-76.9267232,42.3341983],[-76.9266521,42.3341594],[-76.9265077,42.3340835],[-76.9264273,42.3340434],[-76.9263962,42.3340303],[-76.9263007,42.3339953],[-76.926224,42.3339699],[-76.9260705,42.3339164],[-76.9259938,42.3338886],[-76.9256754,42.3337775],[-76.9254894,42.3337108],[-76.9254009,42.3336815],[-76.9252452,42.3336278],[-76.9252012,42.3336104],[-76.9251511,42.3335871],[-76.9251313,42.3335794],[-76.9251113,42.3335728],[-76.925081,42.3335641],[-76.9250501,42.3335567],[-76.9250185,42.333551],[-76.9249545,42.3335411],[-76.924933,42.3335388],[-76.9249114,42.3335376],[-76.9248352,42.333536],[-76.9248137,42.3335364],[-76.9247923,42.3335382],[-76.9246848,42.3335538],[-76.9246635,42.3335579],[-76.9246324,42.3335652],[-76.9245826,42.3335797],[-76.9245352,42.3335975],[-76.9245073,42.3336094],[-76.9244891,42.3336181],[-76.9244716,42.333628],[-76.9244025,42.3336703],[-76.9243863,42.3336812],[-76.9243712,42.3336928],[-76.9243425,42.3337171],[-76.9243218,42.3337361],[-76.9242959,42.3337624],[-76.924278,42.3337829],[-76.9242613,42.333804],[-76.9242409,42.3338329],[-76.9242272,42.3338551],[-76.9242151,42.3338775],[-76.9242047,42.3339001],[-76.9241961,42.3339229],[-76.9241893,42.3339461],[-76.9241842,42.3339695],[-76.924181,42.3339928],[-76.9241799,42.3340154],[-76.9241806,42.3340382],[-76.9241831,42.3340622],[-76.9242006,42.3341493],[-76.924213,42.3342012],[-76.9242299,42.3342615],[-76.9242642,42.3343756],[-76.9242962,42.3344991],[-76.9243096,42.3345411],[-76.9243291,42.3345929],[-76.924338,42.3346199],[-76.9243698,42.3347274],[-76.9243896,42.3347893],[-76.9244091,42.334862],[-76.924428,42.3349246],[-76.9244522,42.3349983],[-76.9244582,42.3350133],[-76.9244664,42.3350279],[-76.9244883,42.3350576],[-76.9244988,42.3350738],[-76.9245108,42.3351005],[-76.9245281,42.3351487],[-76.9245328,42.3351683],[-76.9245408,42.3352141],[-76.9245465,42.3352389],[-76.9245513,42.3352547],[-76.9245722,42.3353143],[-76.9245819,42.3353526],[-76.9245871,42.3353818],[-76.9245947,42.3354469],[-76.9246,42.3354822],[-76.9246095,42.3355257],[-76.9246209,42.335569],[-76.9246446,42.3356475],[-76.9246947,42.3357958],[-76.9247258,42.3358925],[-76.9247414,42.335947],[-76.9247639,42.3360356],[-76.9247792,42.3360866],[-76.9248171,42.3361979],[-76.9248704,42.3363473],[-76.9248854,42.3363924],[-76.9249013,42.3364467],[-76.9249132,42.3364997],[-76.924921,42.3365247],[-76.9249637,42.3366302],[-76.9249707,42.3366456],[-76.924979,42.3366605],[-76.9249931,42.3366824],[-76.925018,42.3367189],[-76.9250343,42.3367402],[-76.9250692,42.3367811],[-76.9250958,42.3368077],[-76.925162,42.3368672],[-76.9251838,42.3368848],[-76.9252299,42.33692],[-76.9252597,42.3369483],[-76.9252705,42.336957],[-76.9252817,42.3369646],[-76.9252948,42.3369713],[-76.9253533,42.3369915],[-76.9253767,42.3370014],[-76.9254553,42.337037],[-76.9255179,42.3370613],[-76.925549,42.3370715],[-76.9256343,42.3370943],[-76.925667,42.3371015],[-76.9257442,42.3371141],[-76.9258116,42.3371222],[-76.9258927,42.3371278],[-76.9260485,42.3371334],[-76.9262285,42.3371422],[-76.9265919,42.3371559],[-76.9267744,42.3371616],[-76.9269207,42.3371673],[-76.9273694,42.3371908],[-76.9275505,42.3372012],[-76.9277193,42.3372079],[-76.9278291,42.337213],[-76.9281439,42.3372306],[-76.9282767,42.3372366],[-76.9283405,42.3372403],[-76.928392,42.337244],[-76.9284437,42.3372487],[-76.928483,42.3372532],[-76.9285233,42.3372594],[-76.9285502,42.3372649],[-76.9285894,42.3372757],[-76.9286265,42.3372888],[-76.9286736,42.3373082],[-76.928719,42.3373296],[-76.9287628,42.3373521],[-76.9287941,42.33737],[-76.928834,42.3373956],[-76.9288722,42.3374231],[-76.9289083,42.3374522],[-76.9289419,42.3374821],[-76.9289896,42.3375273],[-76.929013,42.3375507],[-76.929043,42.3375832],[-76.9290641,42.3376083],[-76.92909,42.3376427],[-76.929113,42.3376784],[-76.9291387,42.3377245],[-76.929156,42.3377624],[-76.9291696,42.337801],[-76.9291825,42.3378496],[-76.9291912,42.3378981],[-76.9291943,42.3379377],[-76.9291944,42.3379774],[-76.929192,42.3380069],[-76.9291812,42.338093],[-76.9291748,42.3381926],[-76.9291675,42.3382637],[-76.9291637,42.3383262],[-76.9291577,42.3383801],[-76.9291502,42.3384642],[-76.9291464,42.3384928],[-76.9291429,42.3385114],[-76.9291335,42.3385462],[-76.9291283,42.3385707],[-76.9291241,42.3386026],[-76.9291215,42.3386357],[-76.9291209,42.3386621],[-76.9291231,42.3387387],[-76.9291218,42.3388217],[-76.9291236,42.338897],[-76.9291227,42.3389232],[-76.9291178,42.338981],[-76.9291073,42.3390474],[-76.9291039,42.339086],[-76.9290965,42.339116],[-76.9290956,42.3391271],[-76.9290968,42.3391446],[-76.929099,42.3391579],[-76.9291115,42.3392104],[-76.9291155,42.3392322],[-76.9291178,42.3392555],[-76.9291175,42.3392794],[-76.9291164,42.3392912],[-76.9291125,42.3393143],[-76.9290901,42.3393945],[-76.9290826,42.3394304],[-76.9290709,42.3395017],[-76.9290653,42.3395644],[-76.9290568,42.3396342],[-76.9290381,42.3399026],[-76.9290201,42.3400916],[-76.9290085,42.3402356],[-76.9289937,42.3403789],[-76.9289689,42.3406838],[-76.9289581,42.3407832],[-76.9289534,42.3408466],[-76.9289466,42.3409186],[-76.9289424,42.3409809]],[[-76.9287602,42.340972],[-76.9287449,42.3411522],[-76.9287259,42.3414125],[-76.9286954,42.3417266],[-76.9286769,42.3419604],[-76.9286229,42.3425802],[-76.9286023,42.3427957],[-76.9285974,42.3428861],[-76.9285904,42.3429759],[-76.9285801,42.3430651],[-76.9285521,42.3433333],[-76.9285465,42.3433776],[-76.9285364,42.3434409],[-76.9285332,42.3434684],[-76.9285012,42.3438193],[-76.928492,42.3438998],[-76.9284911,42.3439172],[-76.9284913,42.3439501],[-76.92849,42.3439653],[-76.9284866,42.3439797],[-76.9284815,42.3439933],[-76.9284719,42.3440129],[-76.9284602,42.3440318],[-76.9284458,42.3440497],[-76.9284294,42.3440671],[-76.9284114,42.3440841],[-76.9283917,42.3441004],[-76.9283704,42.3441158],[-76.9283477,42.3441303],[-76.928324,42.3441439],[-76.9282996,42.3441567],[-76.9282825,42.3441644],[-76.928256,42.3441748],[-76.9282288,42.3441844],[-76.9282103,42.3441901],[-76.9281915,42.3441949],[-76.9281723,42.3441987],[-76.9281323,42.3442036],[-76.9280241,42.34421],[-76.9280025,42.3442095],[-76.9279917,42.3442082],[-76.9279478,42.3442003],[-76.9278662,42.3441869],[-76.9278077,42.3441753],[-76.9277154,42.3441638],[-76.9275619,42.3441378],[-76.9275012,42.3441294],[-76.9274053,42.3441189],[-76.9273554,42.3441118],[-76.9273294,42.3441094],[-76.9272274,42.3441084],[-76.9271662,42.344107],[-76.9271418,42.3441074],[-76.9270826,42.3441102],[-76.9270484,42.3441089],[-76.9270146,42.3441045],[-76.9268746,42.3440833],[-76.9268398,42.3440768],[-76.9267809,42.344064],[-76.9267439,42.344058],[-76.9266694,42.3440497],[-76.9265969,42.3440444],[-76.9265616,42.3440407],[-76.9264908,42.3440312],[-76.9263019,42.344004],[-76.9262573,42.3439955],[-76.9262141,42.3439831],[-76.9258927,42.3438747],[-76.9258571,42.3438632],[-76.9258196,42.3438523],[-76.9257939,42.343846],[-76.9257556,42.3438388],[-76.9255618,42.3438105],[-76.9255095,42.3438046],[-76.9254683,42.3438022],[-76.9254262,42.3438025],[-76.9253837,42.3438048],[-76.9253409,42.3438088],[-76.9253125,42.3438126],[-76.9252718,42.3438197],[-76.9251853,42.3438373],[-76.9251668,42.3438398],[-76.9251484,42.3438409],[-76.9251205,42.3438395],[-76.9250921,42.3438354],[-76.9250525,42.3438267],[-76.9250104,42.3438151],[-76.9249562,42.3437987],[-76.9248909,42.3437767],[-76.9247689,42.3437387],[-76.9247273,42.3437244],[-76.9246766,42.3437044],[-76.9246164,42.3436783],[-76.9245488,42.3436474],[-76.9245305,42.3436382],[-76.9245126,42.343628],[-76.9244402,42.3435834],[-76.9244055,42.3435604],[-76.924381,42.3435422],[-76.9243078,42.3434844],[-76.9242214,42.3434211],[-76.9242032,42.3434092],[-76.9241754,42.343393],[-76.9241593,42.343381],[-76.9241067,42.3433373],[-76.9240784,42.3433108],[-76.9240048,42.3432326],[-76.923973,42.3431959],[-76.9239493,42.3431657],[-76.9239323,42.3431426],[-76.9238745,42.3430564],[-76.92384,42.3430011],[-76.923803,42.3429361],[-76.9237819,42.3428947],[-76.9237244,42.3427699],[-76.9237104,42.342736],[-76.9236795,42.3426547],[-76.9236672,42.3426135],[-76.9236429,42.3425169],[-76.9236372,42.3424908],[-76.9236301,42.3424381],[-76.9236212,42.3423846],[-76.923608,42.3422958],[-76.9235842,42.3420901],[-76.9235765,42.3420346],[-76.9235681,42.3419887],[-76.9235561,42.341934],[-76.9235314,42.3418423],[-76.9235216,42.3418148],[-76.9235023,42.34177],[-76.9234819,42.3417261],[-76.9234599,42.3416828],[-76.9234138,42.3415972],[-76.9233894,42.3415548],[-76.9233531,42.3414962],[-76.9233142,42.3414381],[-76.9232722,42.341381],[-76.9232273,42.3413251],[-76.9231797,42.3412708],[-76.9231301,42.3412178],[-76.9230783,42.3411659],[-76.9230243,42.3411153],[-76.922968,42.3410659],[-76.9229017,42.3410109],[-76.9228675,42.3409848],[-76.9227969,42.3409331],[-76.9227509,42.3409006],[-76.9227033,42.34087],[-76.9226168,42.3408193],[-76.922534,42.340768],[-76.9224732,42.3407258],[-76.922405,42.3406726],[-76.9223774,42.3406525],[-76.9223583,42.3406399],[-76.9223109,42.3406111],[-76.9222306,42.3405607],[-76.9221496,42.3405059],[-76.9221199,42.3404882],[-76.922069,42.3404607],[-76.9219593,42.3404058],[-76.9219143,42.3403796],[-76.9218796,42.3403571],[-76.9218472,42.3403324],[-76.9217098,42.3402234],[-76.9216783,42.3401967],[-76.9216401,42.3401628],[-76.9215805,42.3401075],[-76.921531,42.3400576],[-76.9214873,42.3400156],[-76.9214524,42.3399797],[-76.9214049,42.3399285],[-76.9213331,42.3398471],[-76.9212776,42.3397793],[-76.9212193,42.3397022],[-76.9211578,42.3396158],[-76.9211048,42.3395364],[-76.9210654,42.3394725],[-76.9210243,42.3393993],[-76.9209771,42.3393081],[-76.9209372,42.3392244],[-76.9209153,42.3391737],[-76.9208703,42.3390552],[-76.9208268,42.3389267],[-76.9208196,42.338901],[-76.9207912,42.3387785],[-76.9207772,42.3387087],[-76.9207669,42.3386476],[-76.920761,42.3386042],[-76.9207567,42.3385607],[-76.92075,42.3384617],[-76.9207407,42.3383541],[-76.9207343,42.3382476],[-76.9207324,42.3381857],[-76.9207314,42.3380598],[-76.9207289,42.3379423],[-76.9207213,42.3377346],[-76.9206589,42.3365289],[-76.9205468,42.3340275],[-76.9205358,42.3338299],[-76.9205332,42.3337416],[-76.9205333,42.333683],[-76.9205345,42.3336593],[-76.9205362,42.3336442],[-76.9205422,42.3336157],[-76.9205503,42.3335956],[-76.920563,42.3335762],[-76.9205921,42.3335432],[-76.9206192,42.3335075],[-76.9206368,42.3334877],[-76.9206702,42.3334568],[-76.9207224,42.3334134],[-76.9207617,42.3333792],[-76.920803,42.3333409],[-76.9208271,42.3333161],[-76.9208427,42.3332989],[-76.9208642,42.3332719],[-76.920877,42.3332532],[-76.9208885,42.3332342],[-76.9209034,42.3332052],[-76.9209174,42.3331753],[-76.9209247,42.3331545],[-76.9209274,42.333133],[-76.9209262,42.3330817],[-76.9209211,42.3329717],[-76.920916,42.3328995],[-76.9209139,42.3328097],[-76.9209093,42.3327468],[-76.9209007,42.3325633],[-76.9208975,42.3325333],[-76.9208938,42.3325124],[-76.9208877,42.332491],[-76.9208834,42.3324802],[-76.9208783,42.3324695],[-76.9208656,42.3324486],[-76.9208582,42.3324387],[-76.9208416,42.3324201],[-76.9208142,42.3323962],[-76.920736,42.3323367],[-76.9207054,42.3323103],[-76.9206205,42.3322277],[-76.9205944,42.3321996],[-76.9205766,42.3321781],[-76.9205496,42.332141],[-76.9205239,42.3321034],[-76.9205056,42.3320732],[-76.9204897,42.3320426],[-76.9204799,42.3320191],[-76.920472,42.331995],[-76.9204585,42.3319458],[-76.9204509,42.3319123],[-76.9204449,42.3318785],[-76.9204421,42.331853],[-76.9204398,42.3318098],[-76.9204377,42.3317382],[-76.920432,42.3316836],[-76.9204245,42.3315849],[-76.9204247,42.331558],[-76.9204285,42.3314747],[-76.9204287,42.3314014],[-76.9204277,42.3313754],[-76.9204225,42.3313152],[-76.9204199,42.3312722],[-76.9204188,42.3312379],[-76.9204192,42.3312039],[-76.9204206,42.3311702],[-76.9204233,42.3311369],[-76.9204335,42.3310567],[-76.9204376,42.3310327],[-76.9204448,42.3310001],[-76.9204535,42.3309696],[-76.9204645,42.330942],[-76.9204754,42.3309219],[-76.9204891,42.3309012],[-76.9205055,42.3308795],[-76.9205555,42.3308191],[-76.920576,42.3307969],[-76.9206469,42.3307245],[-76.9206897,42.330683],[-76.920734,42.3306428],[-76.9208045,42.3305866],[-76.9208286,42.3305684],[-76.9208713,42.3305395],[-76.9209073,42.3305177],[-76.9210006,42.3304666],[-76.9210573,42.3304376],[-76.921106,42.3304156],[-76.9211662,42.3303907],[-76.9212709,42.3303558],[-76.9213136,42.3303432],[-76.9213685,42.3303298],[-76.9214799,42.3303077],[-76.9215132,42.3303019],[-76.9215696,42.3302946],[-76.9216388,42.3302881],[-76.9217079,42.3302838],[-76.921765,42.3302823],[-76.9218227,42.3302827],[-76.9218928,42.3302853],[-76.9219638,42.3302909],[-76.9220242,42.3302973],[-76.9221332,42.3303145],[-76.9221662,42.3303204],[-76.9222349,42.3303361],[-76.9222815,42.3303489],[-76.9223476,42.3303695],[-76.9224367,42.3304023],[-76.922486,42.3304233],[-76.9225553,42.3304563],[-76.9226278,42.3304937],[-76.9226808,42.3305252],[-76.9227187,42.3305495],[-76.922746,42.3305681],[-76.9227767,42.3305905],[-76.9228095,42.330616],[-76.9228615,42.3306592],[-76.9228841,42.3306791],[-76.9229111,42.3307047],[-76.922929,42.3307236],[-76.922952,42.3307506],[-76.9229824,42.3307888],[-76.9230375,42.3308644],[-76.9230517,42.3308812],[-76.9230598,42.3308891],[-76.9231049,42.3309278],[-76.9231355,42.3309512],[-76.9231695,42.3309725],[-76.9232434,42.3310104],[-76.9232683,42.3310246],[-76.9232833,42.3310348],[-76.9232975,42.3310457],[-76.9233324,42.3310754],[-76.92336,42.3311012],[-76.9234293,42.3311722],[-76.9234967,42.331236],[-76.9235423,42.3312889],[-76.9236294,42.3313784],[-76.923683,42.3314301],[-76.9237681,42.3315078],[-76.9239084,42.3316328],[-76.9240425,42.3317502],[-76.9240915,42.3317915],[-76.9242455,42.3319183],[-76.9243152,42.3319786],[-76.924515,42.3321587],[-76.9245664,42.3322082],[-76.9246544,42.3322961],[-76.9247019,42.3323399],[-76.9247272,42.3323611],[-76.9247719,42.3323943],[-76.9248245,42.3324351],[-76.9248527,42.3324551],[-76.9248829,42.332474],[-76.924904,42.3324859],[-76.9249368,42.3325029],[-76.9249593,42.3325136],[-76.9249938,42.3325286],[-76.9250528,42.3325507],[-76.9250887,42.3325623],[-76.9251249,42.332573],[-76.9251615,42.3325827],[-76.9251986,42.3325915],[-76.9252483,42.332602],[-76.9253105,42.3326141],[-76.9253489,42.33262],[-76.9253751,42.3326231],[-76.9254152,42.3326265],[-76.9254421,42.3326279],[-76.9254828,42.3326286],[-76.9255099,42.3326281],[-76.9255638,42.3326249],[-76.9256165,42.3326185],[-76.9256803,42.3326076],[-76.9257548,42.3325915],[-76.9258152,42.3325763],[-76.9258621,42.3325631],[-76.9259695,42.3325309],[-76.9259945,42.3325226],[-76.9260189,42.3325131],[-76.9260422,42.3325023],[-76.9260856,42.3324789],[-76.9261463,42.3324419],[-76.9261941,42.3324089],[-76.9262393,42.3323736],[-76.9262813,42.3323365],[-76.9263203,42.3322974],[-76.9263559,42.3322562],[-76.9263815,42.3322219],[-76.9264042,42.3321865],[-76.9264237,42.33215],[-76.9264435,42.3321042],[-76.9264637,42.3320492],[-76.926478,42.3320021],[-76.9264881,42.3319539],[-76.9264948,42.3319051],[-76.9264958,42.3318854],[-76.9264951,42.3318658],[-76.9264904,42.3318181],[-76.9264826,42.3317639],[-76.9264784,42.3317016],[-76.9264757,42.3316387],[-76.9264713,42.3315758],[-76.9264672,42.3315305],[-76.9264604,42.3314771],[-76.9264581,42.3314508],[-76.9264571,42.3314158],[-76.9264615,42.3313701],[-76.9264612,42.3313512],[-76.9264573,42.3313323],[-76.9264489,42.331305],[-76.9264448,42.3312872],[-76.9264411,42.331261],[-76.9264355,42.3311993],[-76.9264291,42.3310103],[-76.9264157,42.3308129],[-76.9264118,42.3307224],[-76.9263945,42.3304438],[-76.9263816,42.3302551],[-76.9263742,42.3300925],[-76.9263707,42.3300464],[-76.9263603,42.3299494],[-76.9263472,42.3296887],[-76.9263237,42.3293735],[-76.9263157,42.3292118],[-76.926308,42.329095],[-76.9263064,42.3290519],[-76.9263069,42.3290184],[-76.9263086,42.3289938],[-76.926312,42.3289695],[-76.9263167,42.3289453],[-76.9263277,42.3289051],[-76.926336,42.3288812],[-76.9263456,42.3288578],[-76.9263617,42.3288273],[-76.9263837,42.3287903],[-76.9263932,42.328776],[-76.9264145,42.3287486],[-76.926445,42.3287162],[-76.9264795,42.3286856],[-76.9265095,42.3286624],[-76.9265496,42.3286358],[-76.9265924,42.3286119],[-76.9266379,42.328591],[-76.9266859,42.328573],[-76.926736,42.328558],[-76.9267879,42.3285459],[-76.9268413,42.3285367],[-76.9268951,42.3285305],[-76.9269276,42.3285282],[-76.9269602,42.3285272],[-76.9270037,42.3285275],[-76.9270362,42.328529],[-76.9270792,42.3285329],[-76.9271109,42.3285371],[-76.9271424,42.3285425],[-76.9271843,42.3285508],[-76.9272151,42.3285581],[-76.9272353,42.3285639],[-76.9272651,42.328574],[-76.9272946,42.3285852],[-76.9273235,42.3285973],[-76.9273514,42.3286103],[-76.9273782,42.3286241],[-76.9274038,42.328639],[-76.9274282,42.3286552],[-76.9274758,42.3286894],[-76.9274992,42.3287073],[-76.9275141,42.3287198],[-76.9275355,42.3287392],[-76.9275628,42.328766],[-76.9275884,42.3287936],[-76.9276066,42.3288148],[-76.9276294,42.3288439],[-76.9276511,42.3288738],[-76.9276771,42.3289113],[-76.9276909,42.3289341],[-76.9277206,42.328997],[-76.9277292,42.329021],[-76.9277359,42.3290457],[-76.9277461,42.3290879],[-76.927751,42.3291136],[-76.9277555,42.3291482],[-76.9277603,42.3292013],[-76.9277822,42.3293249],[-76.9277963,42.3294404],[-76.9278087,42.3295114],[-76.9278327,42.3296726],[-76.9278506,42.3298434],[-76.9278706,42.3300139],[-76.92789,42.3301932],[-76.9279169,42.3304627],[-76.9279627,42.3308484],[-76.9279714,42.330947],[-76.92798,42.3310089],[-76.9279887,42.3310994],[-76.9279994,42.3311896],[-76.9280123,42.3312789],[-76.9280184,42.3313509],[-76.9280333,42.3314851],[-76.9280391,42.3315302],[-76.9280454,42.3315929],[-76.9280553,42.3316643],[-76.928062,42.3317362],[-76.9280986,42.3320504],[-76.9281097,42.3321582],[-76.9281234,42.3322657],[-76.9281463,42.332481],[-76.9281756,42.3327321],[-76.9282003,42.3329567],[-76.9282059,42.3330192],[-76.9282143,42.3330824],[-76.9282226,42.3331721],[-76.9282751,42.3336116],[-76.9282818,42.3336838],[-76.9282898,42.333738],[-76.9283055,42.3338631],[-76.9283141,42.333948],[-76.9283134,42.3339716],[-76.9283094,42.3339947],[-76.9282979,42.3340407],[-76.9282902,42.334063],[-76.9282836,42.3340773],[-76.9282716,42.334098],[-76.9282568,42.3341177],[-76.9281991,42.3341757],[-76.9281845,42.3341881],[-76.9281761,42.3341938],[-76.92813,42.3342203],[-76.9280915,42.3342487],[-76.928076,42.334258],[-76.9280598,42.3342658],[-76.928043,42.3342725],[-76.9280168,42.3342812],[-76.9279986,42.3342862],[-76.9279799,42.3342904],[-76.9279506,42.3342957],[-76.9279097,42.3343015],[-76.9278779,42.3343049],[-76.9278249,42.3343084],[-76.9277594,42.3343089],[-76.9277263,42.3343079],[-76.9276521,42.3343034],[-76.9275887,42.3342982],[-76.9275688,42.3342954],[-76.9275295,42.3342885],[-76.9274776,42.3342828],[-76.9274569,42.3342795],[-76.9274169,42.334271],[-76.9273355,42.334251],[-76.9271861,42.3342184],[-76.9270846,42.3341972],[-76.9270478,42.3341879],[-76.9270223,42.3341798],[-76.9269966,42.3341695],[-76.9269791,42.3341609],[-76.9268436,42.3340844],[-76.9267925,42.3340541],[-76.9267812,42.3340486],[-76.9267573,42.3340388],[-76.926641,42.3339986],[-76.9264437,42.3339262],[-76.9263304,42.3338881],[-76.9260777,42.3337996],[-76.9257384,42.3336795],[-76.9253463,42.3335378],[-76.9252179,42.3334882],[-76.9251701,42.3334714],[-76.9251327,42.3334602],[-76.9250945,42.3334505],[-76.9250559,42.3334423],[-76.9250169,42.3334355],[-76.9249774,42.3334302],[-76.9249375,42.3334263],[-76.9248976,42.3334239],[-76.9248576,42.3334229],[-76.9248173,42.3334234],[-76.9247903,42.3334247],[-76.9247502,42.3334279],[-76.9247108,42.3334327],[-76.9246719,42.3334387],[-76.9246335,42.333446],[-76.9245825,42.3334575],[-76.9245444,42.3334677],[-76.9245195,42.3334759],[-76.9244834,42.3334899],[-76.9244481,42.333505],[-76.9244026,42.3335262],[-76.9243701,42.3335431],[-76.9243393,42.3335609],[-76.9243091,42.3335794],[-76.9242796,42.3335993],[-76.9242513,42.3336206],[-76.9242246,42.3336428],[-76.9241995,42.3336658],[-76.9241682,42.3336977],[-76.9241465,42.3337225],[-76.9241262,42.3337479],[-76.9241016,42.3337828],[-76.9240848,42.3338097],[-76.9240695,42.3338373],[-76.9240561,42.3338658],[-76.924045,42.333895],[-76.9240391,42.3339147],[-76.9240323,42.3339445],[-76.9240244,42.3339953],[-76.9240232,42.3340162],[-76.924024,42.3340267],[-76.9240281,42.3340472],[-76.924056,42.334158],[-76.9240695,42.3342218],[-76.9240987,42.3343295],[-76.9241072,42.3343558],[-76.9241352,42.3344333],[-76.9241671,42.3345403],[-76.9241987,42.3346192],[-76.9242227,42.3346866],[-76.924236,42.3347391],[-76.9242582,42.3348177],[-76.9242665,42.3348523],[-76.924271,42.3348782],[-76.9242725,42.3348957],[-76.9242746,42.3349591],[-76.924277,42.3349973],[-76.9242809,42.3350273],[-76.9242856,42.3350475],[-76.9242961,42.3350767],[-76.9243276,42.3351455],[-76.924343,42.3351841],[-76.9243532,42.3352161],[-76.9243713,42.3352807],[-76.9243783,42.3352997],[-76.924383,42.3353087],[-76.9244093,42.3353499],[-76.9244224,42.3353731],[-76.924437,42.3354042],[-76.9244456,42.3354289],[-76.9244648,42.3354996],[-76.9245089,42.3356515],[-76.9245252,42.3357136],[-76.9245568,42.3358192],[-76.9245887,42.3359329],[-76.9245942,42.3359586],[-76.9246016,42.3360021],[-76.924628,42.3361109],[-76.9246391,42.336147],[-76.9246901,42.3362967],[-76.9247116,42.3363656],[-76.9247297,42.3364341],[-76.9247557,42.3365501],[-76.924766,42.3365873],[-76.9247808,42.3366332],[-76.924791,42.336661],[-76.9248027,42.3366892],[-76.9248299,42.336745],[-76.9248449,42.3367722],[-76.9248611,42.3367991],[-76.9248911,42.3368432],[-76.9249044,42.3368606],[-76.9249186,42.3368772],[-76.9249558,42.336915],[-76.9249795,42.3369485],[-76.9249931,42.3369657],[-76.9250099,42.3369816],[-76.9250621,42.3370261],[-76.9250901,42.3370486],[-76.9251116,42.3370639],[-76.9251364,42.337079],[-76.9251648,42.3370926],[-76.92518,42.3370983],[-76.9251956,42.337103],[-76.9252113,42.3371066],[-76.9252268,42.3371092],[-76.9252561,42.3371116],[-76.9253058,42.3371135],[-76.9253168,42.3371147],[-76.9253379,42.3371187],[-76.9253691,42.3371277],[-76.9254817,42.3371667],[-76.9255178,42.3371774],[-76.9255664,42.3371903],[-76.9256156,42.3372019],[-76.9256656,42.3372118],[-76.9257162,42.33722],[-76.9257671,42.337226],[-76.9259784,42.3372407],[-76.9261491,42.3372474],[-76.926417,42.3372549],[-76.9265261,42.3372559],[-76.9265867,42.3372573],[-76.9267679,42.3372627],[-76.9269365,42.3372695],[-76.9274197,42.3372952],[-76.9274557,42.3372977],[-76.9275286,42.3373043],[-76.9275534,42.3373058],[-76.9276755,42.3373098],[-76.9277835,42.3373145],[-76.9281708,42.3373357],[-76.9282199,42.3373374],[-76.9282909,42.3373385],[-76.9283248,42.3373419],[-76.9283694,42.3373485],[-76.9284024,42.3373546],[-76.9284448,42.3373643],[-76.9284845,42.3373748],[-76.9285225,42.3373868],[-76.9285506,42.3373978],[-76.9285969,42.3374185],[-76.9286238,42.3374321],[-76.9286581,42.3374522],[-76.9287004,42.3374789],[-76.9287329,42.3375011],[-76.9287633,42.3375244],[-76.9287849,42.3375428],[-76.9288121,42.3375693],[-76.9288577,42.3376175],[-76.9288805,42.3376456],[-76.9289064,42.3376816],[-76.9289291,42.3377187],[-76.9289526,42.3377638],[-76.9289648,42.3377947],[-76.928982,42.3378495],[-76.9289913,42.3378897],[-76.9289977,42.3379304],[-76.9290027,42.3379949],[-76.9290032,42.3380362],[-76.9290017,42.3380529],[-76.9289988,42.3380698],[-76.928979,42.3381581],[-76.9289634,42.33822],[-76.9289449,42.3383014],[-76.9289381,42.338346],[-76.9289308,42.3383815],[-76.9289189,42.3384322],[-76.928896,42.3385179],[-76.9288803,42.3385966],[-76.9288758,42.3386256],[-76.9288656,42.3387121],[-76.9288488,42.3387988],[-76.9288207,42.3389869],[-76.9288074,42.3390613],[-76.9288047,42.3390835],[-76.9288046,42.3390952],[-76.9288075,42.3391192],[-76.9288136,42.3391436],[-76.928822,42.3391676],[-76.9288329,42.3391903],[-76.9288459,42.3392109],[-76.9288836,42.3392596],[-76.9288969,42.339279],[-76.9289029,42.3392913],[-76.9289047,42.3392975],[-76.928906,42.3393169],[-76.9288922,42.3394415],[-76.9288876,42.3395046],[-76.9288813,42.3395589],[-76.9288712,42.3396603],[-76.9288584,42.339868],[-76.9288483,42.3399834],[-76.9288446,42.3400465],[-76.9288323,42.3401999],[-76.928827,42.3402527],[-76.9288177,42.3403154],[-76.9288137,42.3403519],[-76.9287712,42.3408726],[-76.9287602,42.340972]]]}},{"type":"Feature","properties":{"role":"pit_lane","name":"Pit Lane","osm_way":20164027,"quality":{"source":"osm","accuracy_m":5.0,"measured":false,"note":"OSM-traced pit-lane centerline; not measured"}},"geometry":{"type":"LineString","coordinates":[[-76.9287984,42.3396214],[-76.9287777,42.3398165],[-76.9286122,42.3418434],[-76.9285258,42.3428481],[-76.928436,42.3431931],[-76.9283611,42.3435523],[-76.9283386,42.3436331],[-76.9283086,42.3436978],[-76.9282672,42.3437619],[-76.9282167,42.3438218],[-76.9281725,42.3438721],[-76.9281288,42.3439099],[-76.9280715,42.3439516],[-76.9280042,42.3439968],[-76.9279311,42.3440343],[-76.9278526,42.3440674],[-76.9277721,42.3440912],[-76.9276828,42.3441098],[-76.9275599,42.3441257],[-76.9274506,42.3441322],[-76.9272976,42.3441361],[-76.9271268,42.3441295],[-76.9269567,42.3441114],[-76.9265576,42.3440572],[-76.9263617,42.34406]]}},{"type":"Feature","properties":{"role":"pit_lane","name":"Pit Lane","osm_way":50289311,"quality":{"source":"osm","accuracy_m":5.0,"measured":false,"note":"OSM-traced pit-lane centerline; not measured"}},"geometry":{"type":"LineString","coordinates":[[-76.9290404,42.3385685],[-76.9289074,42.3387472],[-76.928891,42.3388089],[-76.9288745,42.3388695],[-76.9287984,42.3396214]]}},{"type":"Feature","properties":{"role":"edge_unseen","side":"left","note":"bridged: the edge was not seen in the imagery here"},"geometry":{"type":"MultiLineString","coordinates":[[[-76.9289363,42.3410617],[-76.9289354,42.3410707],[-76.9289345,42.3410797],[-76.9289337,42.3410887],[-76.9289328,42.3410976],[-76.9289319,42.3411066],[-76.9289311,42.3411156],[-76.9289302,42.3411246],[-76.9289293,42.3411335],[-76.9289285,42.3411425]],[[-76.9289144,42.3413217],[-76.9289137,42.3413307],[-76.928913,42.3413397],[-76.9289124,42.3413487],[-76.9289117,42.3413577],[-76.928911,42.3413667],[-76.9289102,42.3413758],[-76.9289093,42.3413849],[-76.9289085,42.3413941],[-76.9289077,42.3414033],[-76.9289068,42.3414124],[-76.928906,42.3414215],[-76.9289052,42.3414305],[-76.9289043,42.3414395],[-76.9289035,42.3414485],[-76.9289027,42.3414575],[-76.9289019,42.3414664],[-76.928901,42.3414754],[-76.9289002,42.3414844],[-76.9288994,42.3414934],[-76.9288986,42.3415024],[-76.9288977,42.3415114]],[[-76.928656,42.3440408],[-76.9286521,42.3440516],[-76.9286469,42.344062],[-76.9286417,42.3440723],[-76.9286366,42.3440827],[-76.9286304,42.3440928]],[[-76.9283297,42.3442991],[-76.9283167,42.3443031],[-76.9283032,42.3443064],[-76.9282898,42.3443097],[-76.9282762,42.344313],[-76.9282624,42.3443158]],[[-76.9282343,42.3443209],[-76.9282201,42.3443232],[-76.9282059,42.3443251],[-76.9281919,42.3443269],[-76.9281779,42.3443282],[-76.9281641,42.3443295]],[[-76.9251641,42.3439781],[-76.9251482,42.3439769],[-76.9251324,42.3439749],[-76.9251168,42.3439729],[-76.9251014,42.3439706],[-76.9250865,42.3439678],[-76.9250719,42.3439647],[-76.9250577,42.3439611],[-76.9250439,42.3439572],[-76.9250309,42.3439527]],[[-76.9249261,42.3439203],[-76.9249144,42.3439167],[-76.9249025,42.343913],[-76.9248907,42.3439093],[-76.9248792,42.3439054],[-76.9248678,42.3439016],[-76.9248567,42.3438979],[-76.9248456,42.3438941],[-76.9248347,42.3438905],[-76.9248238,42.3438868],[-76.924813,42.3438832],[-76.9248022,42.3438795],[-76.9247913,42.343876],[-76.9247803,42.3438725],[-76.9247692,42.3438689],[-76.9247581,42.3438653],[-76.9247469,42.3438617],[-76.9247357,42.3438581],[-76.9247243,42.3438544],[-76.9247129,42.3438507],[-76.9247012,42.3438469],[-76.9246895,42.3438429],[-76.9246778,42.3438388],[-76.9246659,42.3438346],[-76.9246542,42.3438305],[-76.9246427,42.3438259],[-76.9246312,42.3438214],[-76.9246198,42.3438168],[-76.9246084,42.3438122],[-76.9245973,42.3438074],[-76.9245862,42.3438026],[-76.9245752,42.3437978],[-76.9245643,42.3437931],[-76.9245537,42.3437882],[-76.9245432,42.3437833],[-76.9245327,42.3437785],[-76.9245224,42.3437738],[-76.924512,42.343769],[-76.9245015,42.3437641],[-76.9244907,42.3437592],[-76.9244796,42.3437541]],[[-76.9235223,42.3426581],[-76.923521,42.3426485],[-76.9235198,42.3426391],[-76.9235185,42.34263],[-76.9235173,42.3426209],[-76.9235161,42.342612]],[[-76.923452,42.3422248],[-76.9234509,42.3422158],[-76.9234498,42.3422069],[-76.9234487,42.3421979],[-76.9234476,42.3421889],[-76.9234465,42.34218],[-76.9234454,42.342171],[-76.9234443,42.342162],[-76.9234432,42.3421531]],[[-76.9233853,42.3418671],[-76.923383,42.341859],[-76.9233804,42.3418509],[-76.9233778,42.3418429],[-76.9233751,42.3418347],[-76.923372,42.3418266],[-76.9233689,42.3418183]],[[-76.9223085,42.3407527],[-76.9222994,42.3407478],[-76.9222905,42.3407429],[-76.9222817,42.340738],[-76.9222729,42.3407332],[-76.9222637,42.3407287],[-76.9222544,42.3407241],[-76.9222445,42.3407196],[-76.9222341,42.340715]],[[-76.9221613,42.3406756],[-76.9221518,42.3406697],[-76.9221424,42.3406639],[-76.9221329,42.340658],[-76.9221234,42.340652],[-76.9221138,42.3406461],[-76.9221042,42.3406401],[-76.9220947,42.3406342]],[[-76.9220145,42.3405816],[-76.922006,42.3405761],[-76.9219974,42.3405706],[-76.9219886,42.340565],[-76.9219796,42.3405595],[-76.9219706,42.340554],[-76.9219615,42.3405484],[-76.9219524,42.3405428],[-76.9219431,42.3405371]],[[-76.9218573,42.3404854],[-76.9218472,42.3404794],[-76.921837,42.3404734],[-76.9218271,42.340467],[-76.9218173,42.3404606],[-76.9218075,42.3404542],[-76.921798,42.3404475],[-76.9217884,42.3404409],[-76.9217789,42.3404343],[-76.9217694,42.3404276],[-76.9217603,42.3404208],[-76.9217513,42.3404141],[-76.9217425,42.3404075],[-76.9217338,42.340401],[-76.9217252,42.3403945],[-76.9217165,42.3403879],[-76.9217081,42.3403812],[-76.9216996,42.3403744],[-76.9216911,42.3403676],[-76.9216827,42.3403608],[-76.9216743,42.3403541],[-76.921666,42.3403475],[-76.9216577,42.3403408],[-76.9216497,42.3403341],[-76.9216417,42.3403273],[-76.9216336,42.3403204],[-76.9216254,42.3403135],[-76.9216173,42.3403066],[-76.9216091,42.3402997],[-76.9216009,42.3402928],[-76.9215927,42.3402859],[-76.9215844,42.3402789],[-76.9215764,42.3402717],[-76.9215683,42.3402646],[-76.9215603,42.3402575],[-76.9215524,42.3402505],[-76.9215445,42.3402435],[-76.9215366,42.3402364],[-76.9215287,42.3402294],[-76.9215207,42.3402223],[-76.9215129,42.340215],[-76.9215052,42.3402078],[-76.9214975,42.3402007],[-76.9214899,42.3401936],[-76.9214823,42.3401865],[-76.9214746,42.3401793],[-76.9214669,42.3401721],[-76.9214593,42.3401647],[-76.9214517,42.3401573],[-76.9214442,42.34015],[-76.9214368,42.3401427],[-76.9214294,42.3401355],[-76.921422,42.3401283],[-76.9214146,42.3401212],[-76.9214073,42.340114],[-76.9214001,42.3401066],[-76.9213929,42.3400993],[-76.9213856,42.3400918],[-76.9213784,42.3400844],[-76.9213711,42.3400769],[-76.9213638,42.3400695],[-76.9213565,42.3400621],[-76.9213493,42.3400547],[-76.9213423,42.3400471],[-76.9213352,42.3400396],[-76.9213282,42.340032],[-76.9213211,42.3400245],[-76.9213141,42.340017],[-76.9213071,42.3400095],[-76.9213001,42.340002],[-76.9212931,42.3399944],[-76.9212862,42.3399867],[-76.9212794,42.3399789],[-76.9212726,42.3399713],[-76.9212659,42.3399637],[-76.9212591,42.3399561],[-76.9212525,42.3399485],[-76.9212458,42.339941],[-76.921239,42.3399334],[-76.9212322,42.3399257],[-76.9212254,42.339918],[-76.9212188,42.33991],[-76.9212123,42.3399021],[-76.9212058,42.3398942],[-76.9211993,42.3398864],[-76.9211929,42.3398786],[-76.9211866,42.3398709],[-76.9211802,42.3398632],[-76.9211738,42.3398554],[-76.9211673,42.3398476],[-76.9211608,42.3398396],[-76.9211546,42.3398315],[-76.9211484,42.3398233],[-76.9211423,42.3398153],[-76.9211362,42.3398073],[-76.9211302,42.3397994],[-76.9211242,42.3397915],[-76.9211182,42.3397836],[-76.9211122,42.3397757],[-76.9211062,42.3397677],[-76.9211001,42.3397597],[-76.9210943,42.3397515],[-76.9210885,42.3397432],[-76.9210827,42.3397351],[-76.921077,42.339727],[-76.9210713,42.339719],[-76.9210657,42.339711],[-76.92106,42.339703],[-76.9210544,42.339695],[-76.9210487,42.339687],[-76.921043,42.339679],[-76.9210373,42.3396709],[-76.9210316,42.3396627],[-76.921026,42.3396544],[-76.9210205,42.3396461],[-76.921015,42.3396379],[-76.9210095,42.3396297],[-76.9210041,42.3396216],[-76.9209986,42.3396134]],[[-76.9209879,42.3395969],[-76.9209826,42.3395886],[-76.9209773,42.3395802],[-76.9209721,42.3395719],[-76.9209668,42.3395637],[-76.9209616,42.3395554]],[[-76.9205855,42.3382682],[-76.9205852,42.3382591],[-76.9205848,42.3382499],[-76.9205845,42.3382409],[-76.9205841,42.3382319],[-76.9205838,42.3382229],[-76.9205835,42.3382138],[-76.9205831,42.3382048],[-76.9205828,42.3381956],[-76.9205825,42.3381865],[-76.9205821,42.3381773],[-76.9205818,42.338168],[-76.9205818,42.3381589],[-76.9205817,42.3381498],[-76.9205817,42.3381407],[-76.9205817,42.3381317],[-76.9205816,42.3381227],[-76.9205816,42.3381137],[-76.9205816,42.3381047],[-76.9205815,42.3380957],[-76.9205815,42.3380867],[-76.9205815,42.3380777],[-76.9205814,42.3380687],[-76.9205814,42.3380597],[-76.9205811,42.3380507],[-76.9205809,42.3380417],[-76.9205806,42.3380326]],[[-76.9205785,42.3378897],[-76.9205781,42.3378808],[-76.9205777,42.3378718],[-76.9205774,42.3378629],[-76.920577,42.3378539],[-76.9205766,42.3378449],[-76.9205763,42.3378359],[-76.9205759,42.3378269],[-76.9205755,42.3378179],[-76.9205751,42.3378089],[-76.9205748,42.3377999],[-76.9205744,42.3377909],[-76.920574,42.3377819],[-76.9205737,42.3377729],[-76.9205733,42.3377639],[-76.9205729,42.3377549],[-76.9205726,42.337746],[-76.9205722,42.3377371],[-76.9205718,42.3377282],[-76.9205714,42.3377193],[-76.9205709,42.3377104],[-76.9205704,42.3377015],[-76.9205699,42.3376925],[-76.9205694,42.3376835],[-76.9205689,42.3376745],[-76.9205683,42.3376655],[-76.9205678,42.3376565],[-76.9205673,42.3376475],[-76.9205668,42.3376385],[-76.9205663,42.3376295],[-76.9205657,42.3376205],[-76.9205652,42.3376116],[-76.9205647,42.3376026],[-76.9205642,42.3375936],[-76.9205637,42.3375846],[-76.9205631,42.3375756],[-76.9205626,42.3375666],[-76.9205621,42.3375576],[-76.9205616,42.3375486],[-76.9205611,42.3375396],[-76.9205605,42.3375306],[-76.92056,42.3375216],[-76.9205595,42.3375126],[-76.920559,42.3375036],[-76.9205585,42.3374946],[-76.920558,42.3374856],[-76.9205574,42.3374766],[-76.9205569,42.3374676],[-76.9205564,42.3374586],[-76.9205559,42.3374496],[-76.9205554,42.3374406],[-76.9205548,42.3374317],[-76.9205543,42.3374227],[-76.9205538,42.3374137],[-76.9205533,42.3374047],[-76.9205528,42.3373957],[-76.9205522,42.3373867],[-76.9205517,42.3373777],[-76.9205512,42.3373687],[-76.9205507,42.3373597],[-76.9205502,42.3373507],[-76.9205496,42.3373417],[-76.9205491,42.3373327],[-76.9205486,42.3373237],[-76.9205481,42.3373147],[-76.9205476,42.3373057],[-76.9205471,42.3372967],[-76.9205465,42.3372877],[-76.920546,42.3372787],[-76.9205455,42.3372697],[-76.920545,42.3372607],[-76.9205445,42.3372518],[-76.9205439,42.3372428],[-76.9205434,42.3372338],[-76.9205429,42.3372248],[-76.9205424,42.3372158],[-76.9205419,42.3372068],[-76.9205413,42.3371978],[-76.9205408,42.3371888],[-76.9205403,42.3371798],[-76.9205398,42.3371708],[-76.9205393,42.3371618],[-76.9205387,42.3371528],[-76.9205382,42.3371438],[-76.9205377,42.3371348],[-76.9205372,42.3371258],[-76.9205367,42.3371168],[-76.9205362,42.3371078],[-76.9205356,42.3370988],[-76.9205351,42.3370898],[-76.9205346,42.3370808],[-76.9205341,42.3370719],[-76.9205336,42.3370629],[-76.920533,42.3370539],[-76.9205325,42.3370449],[-76.920532,42.3370359],[-76.9205315,42.3370269],[-76.920531,42.3370179],[-76.9205304,42.3370089],[-76.9205299,42.3369999],[-76.9205294,42.3369909],[-76.9205289,42.3369819],[-76.9205284,42.3369729],[-76.9205278,42.3369639],[-76.9205273,42.3369549],[-76.9205268,42.3369459],[-76.9205263,42.3369369],[-76.9205258,42.3369279],[-76.9205253,42.3369189],[-76.9205247,42.3369099],[-76.9205242,42.3369009],[-76.9205237,42.3368919],[-76.9205232,42.336883],[-76.9205227,42.336874],[-76.9205221,42.336865],[-76.9205216,42.336856],[-76.9205211,42.336847],[-76.9205206,42.336838],[-76.9205201,42.336829],[-76.9205195,42.33682],[-76.920519,42.336811],[-76.9205185,42.336802],[-76.920518,42.336793],[-76.9205175,42.336784],[-76.9205169,42.336775],[-76.9205164,42.336766],[-76.9205159,42.336757],[-76.9205154,42.336748],[-76.9205149,42.336739],[-76.9205144,42.33673],[-76.9205138,42.336721],[-76.9205133,42.336712],[-76.9205128,42.3367031],[-76.9205123,42.3366941],[-76.9205118,42.3366851],[-76.9205112,42.3366761],[-76.9205107,42.3366671],[-76.9205102,42.3366581],[-76.9205097,42.3366491],[-76.9205092,42.3366401],[-76.9205086,42.3366311],[-76.9205081,42.3366221],[-76.9205076,42.3366131],[-76.9205071,42.3366041],[-76.9205066,42.3365951],[-76.920506,42.3365861],[-76.9205055,42.3365771],[-76.920505,42.3365681],[-76.9205045,42.3365591],[-76.920504,42.3365501],[-76.9205035,42.3365411],[-76.9205029,42.3365321],[-76.9205024,42.336523],[-76.9205019,42.336514],[-76.9205014,42.336505],[-76.9205009,42.336496],[-76.9205004,42.336487],[-76.9204999,42.336478],[-76.9204994,42.336469],[-76.9204989,42.33646],[-76.9204984,42.336451],[-76.9204979,42.336442],[-76.9204974,42.336433],[-76.9204969,42.336424],[-76.9204964,42.336415],[-76.9204959,42.336406],[-76.9204954,42.336397],[-76.9204949,42.336388],[-76.9204944,42.336379],[-76.9204939,42.33637],[-76.9204934,42.336361],[-76.9204929,42.336352],[-76.9204924,42.336343],[-76.9204919,42.336334],[-76.9204914,42.3363251],[-76.9204909,42.3363161],[-76.9204904,42.3363071],[-76.9204899,42.3362981],[-76.9204894,42.3362891],[-76.9204889,42.3362801],[-76.9204884,42.3362711],[-76.9204879,42.3362621],[-76.9204874,42.3362531],[-76.9204869,42.3362441],[-76.9204864,42.3362351],[-76.9204859,42.3362261],[-76.9204854,42.3362171],[-76.9204849,42.3362081],[-76.9204845,42.3361991],[-76.920484,42.3361901],[-76.9204835,42.3361811],[-76.920483,42.3361721],[-76.9204825,42.3361631],[-76.920482,42.3361541],[-76.9204815,42.3361451],[-76.920481,42.3361361],[-76.9204805,42.3361271],[-76.92048,42.3361182],[-76.9204795,42.3361092],[-76.920479,42.3361002],[-76.9204785,42.3360912],[-76.920478,42.3360822],[-76.9204775,42.3360732],[-76.920477,42.3360642],[-76.9204765,42.3360552],[-76.920476,42.3360462],[-76.9204755,42.3360372],[-76.920475,42.3360282],[-76.9204745,42.3360192],[-76.920474,42.3360102],[-76.9204735,42.3360012],[-76.920473,42.3359922],[-76.9204725,42.3359832],[-76.920472,42.3359742],[-76.9204715,42.3359652],[-76.920471,42.3359562],[-76.9204705,42.3359472],[-76.92047,42.3359382],[-76.9204695,42.3359292],[-76.920469,42.3359202],[-76.9204685,42.3359112],[-76.920468,42.3359023],[-76.9204675,42.3358933],[-76.920467,42.3358843],[-76.9204665,42.3358753],[-76.920466,42.3358663],[-76.9204655,42.3358573],[-76.920465,42.3358483],[-76.9204645,42.3358393],[-76.920464,42.3358303],[-76.9204635,42.3358213],[-76.920463,42.3358123],[-76.9204625,42.3358033],[-76.920462,42.3357943],[-76.9204615,42.3357853],[-76.920461,42.3357763],[-76.9204605,42.3357673],[-76.92046,42.3357583],[-76.9204595,42.3357493],[-76.920459,42.3357403],[-76.9204585,42.3357313],[-76.920458,42.3357223],[-76.9204575,42.3357133],[-76.920457,42.3357043],[-76.9204565,42.3356954],[-76.920456,42.3356864],[-76.9204555,42.3356774],[-76.920455,42.3356684],[-76.9204545,42.3356594],[-76.920454,42.3356504],[-76.9204535,42.3356414],[-76.920453,42.3356324],[-76.9204525,42.3356234],[-76.920452,42.3356144],[-76.9204515,42.3356054],[-76.920451,42.3355964],[-76.9204505,42.3355874],[-76.92045,42.3355784],[-76.9204495,42.3355694],[-76.920449,42.3355604],[-76.9204485,42.3355514],[-76.920448,42.3355424],[-76.9204475,42.3355334],[-76.920447,42.3355244],[-76.9204465,42.3355154],[-76.920446,42.3355064],[-76.9204455,42.3354974],[-76.920445,42.3354885],[-76.9204445,42.3354795],[-76.920444,42.3354705],[-76.9204435,42.3354615],[-76.920443,42.3354525],[-76.9204425,42.3354435],[-76.920442,42.3354345],[-76.9204415,42.3354255],[-76.920441,42.3354165],[-76.9204405,42.3354075],[-76.92044,42.3353985],[-76.9204395,42.3353895],[-76.920439,42.3353805],[-76.9204385,42.3353715],[-76.920438,42.3353625],[-76.9204375,42.3353535],[-76.920437,42.3353445],[-76.9204365,42.3353355],[-76.920436,42.3353265],[-76.9204355,42.3353175],[-76.920435,42.3353085],[-76.9204345,42.3352995],[-76.920434,42.3352905],[-76.9204335,42.3352815],[-76.920433,42.3352726],[-76.9204325,42.3352636],[-76.920432,42.3352546],[-76.9204315,42.3352456],[-76.920431,42.3352366],[-76.9204305,42.3352276],[-76.92043,42.3352186],[-76.9204295,42.3352096],[-76.920429,42.3352006],[-76.9204285,42.3351916],[-76.920428,42.3351826],[-76.9204275,42.3351736],[-76.920427,42.3351646],[-76.9204265,42.3351556],[-76.920426,42.3351466],[-76.9204255,42.3351376],[-76.920425,42.3351286],[-76.9204245,42.3351196],[-76.920424,42.3351106],[-76.9204235,42.3351016],[-76.920423,42.3350926],[-76.9204225,42.3350836],[-76.920422,42.3350746],[-76.9204215,42.3350657],[-76.920421,42.3350567],[-76.9204205,42.3350477],[-76.92042,42.3350387],[-76.9204195,42.3350297],[-76.920419,42.3350207],[-76.9204185,42.3350117],[-76.920418,42.3350027],[-76.9204175,42.3349937],[-76.920417,42.3349847],[-76.9204165,42.3349757],[-76.920416,42.3349667],[-76.9204155,42.3349577],[-76.920415,42.3349487],[-76.9204145,42.3349397],[-76.920414,42.3349307],[-76.9204135,42.3349217],[-76.920413,42.3349127],[-76.9204125,42.3349037],[-76.920412,42.3348947],[-76.9204115,42.3348857],[-76.920411,42.3348767],[-76.9204106,42.3348677],[-76.9204101,42.3348588],[-76.9204096,42.3348498],[-76.9204091,42.3348408],[-76.9204086,42.3348318],[-76.9204081,42.3348228],[-76.9204076,42.3348138],[-76.9204071,42.3348048],[-76.9204066,42.3347958],[-76.9204061,42.3347868],[-76.9204056,42.3347778],[-76.9204051,42.3347688],[-76.9204046,42.3347598],[-76.9204041,42.3347508],[-76.9204036,42.3347418],[-76.9204031,42.3347328],[-76.9204026,42.3347238],[-76.9204021,42.3347148],[-76.9204016,42.3347058],[-76.9204011,42.3346968],[-76.9204006,42.3346878],[-76.9204001,42.3346788],[-76.9203996,42.3346698],[-76.9203991,42.3346608],[-76.9203986,42.3346518],[-76.9203981,42.3346429],[-76.9203976,42.3346339],[-76.9203971,42.3346249],[-76.9203966,42.3346159],[-76.9203961,42.3346069],[-76.9203956,42.3345979],[-76.9203951,42.3345889],[-76.9203946,42.3345799],[-76.9203941,42.3345709],[-76.9203936,42.3345619],[-76.9203931,42.3345529],[-76.9203926,42.3345439],[-76.9203921,42.3345349],[-76.9203916,42.3345259],[-76.9203911,42.3345169],[-76.9203906,42.3345079],[-76.9203901,42.3344989],[-76.9203896,42.3344899],[-76.9203891,42.3344809],[-76.9203886,42.3344719],[-76.9203881,42.3344629],[-76.9203876,42.3344539],[-76.9203871,42.3344449],[-76.9203866,42.334436],[-76.9203861,42.334427],[-76.9203856,42.334418],[-76.9203851,42.334409],[-76.9203846,42.3344],[-76.9203841,42.334391],[-76.9203836,42.334382],[-76.9203831,42.334373],[-76.9203826,42.334364],[-76.9203821,42.334355],[-76.9203816,42.334346],[-76.9203811,42.334337],[-76.9203806,42.334328],[-76.9203801,42.334319],[-76.9203796,42.33431],[-76.9203791,42.334301],[-76.9203786,42.334292],[-76.9203781,42.334283],[-76.9203776,42.334274],[-76.9203771,42.334265],[-76.9203766,42.334256],[-76.9203761,42.334247],[-76.9203756,42.334238],[-76.9203751,42.3342291],[-76.9203746,42.3342201],[-76.9203741,42.3342111],[-76.9203736,42.3342021],[-76.9203731,42.3341931],[-76.9203726,42.3341841],[-76.9203721,42.3341751],[-76.9203716,42.3341661],[-76.9203711,42.3341571],[-76.9203706,42.3341481],[-76.9203701,42.3341391],[-76.9203696,42.3341301],[-76.9203691,42.3341211],[-76.9203686,42.3341121],[-76.9203681,42.3341031],[-76.9203676,42.3340941],[-76.9203671,42.3340851],[-76.9203666,42.3340761],[-76.9203661,42.3340671],[-76.9203656,42.3340582],[-76.9203651,42.3340492],[-76.9203646,42.3340403],[-76.9203641,42.3340314],[-76.9203636,42.3340225],[-76.920363,42.3340135],[-76.9203624,42.3340046],[-76.9203619,42.3339956],[-76.9203613,42.3339866],[-76.9203607,42.3339776],[-76.9203602,42.3339686],[-76.9203596,42.3339596],[-76.920359,42.3339506],[-76.9203585,42.3339416],[-76.9203579,42.3339326],[-76.9203574,42.3339236],[-76.9203568,42.3339147],[-76.9203562,42.3339057],[-76.9203557,42.3338967],[-76.9203551,42.3338877],[-76.9203545,42.3338787],[-76.920354,42.3338696],[-76.9203534,42.3338606],[-76.9203528,42.3338515],[-76.9203524,42.3338423],[-76.920352,42.3338331],[-76.9203516,42.3338239],[-76.9203512,42.3338147],[-76.9203508,42.3338056],[-76.9203504,42.3337966],[-76.92035,42.3337875],[-76.9203496,42.3337784],[-76.9203492,42.3337692],[-76.9203489,42.33376],[-76.9203488,42.3337506],[-76.9203488,42.3337413],[-76.9203487,42.333732],[-76.9203486,42.3337227],[-76.9203486,42.3337134],[-76.9203485,42.3337039],[-76.9203491,42.3336943],[-76.9203496,42.3336845],[-76.9203502,42.3336747],[-76.9203508,42.3336646],[-76.9203521,42.3336545],[-76.9203534,42.3336443],[-76.9203548,42.3336339],[-76.9203571,42.3336235],[-76.9203595,42.333613],[-76.920362,42.3336024],[-76.9203653,42.3335916],[-76.9203689,42.3335807],[-76.9203732,42.3335698],[-76.9203778,42.3335589],[-76.9203834,42.3335482],[-76.9203889,42.3335376],[-76.9203946,42.3335272],[-76.9204009,42.3335173],[-76.9204069,42.3335077],[-76.920413,42.3334985],[-76.9204191,42.3334898]],[[-76.9207821,42.3329017],[-76.9207816,42.3328925],[-76.9207811,42.3328833],[-76.9207806,42.3328742],[-76.9207803,42.3328651],[-76.92078,42.3328561],[-76.9207796,42.3328471],[-76.9207793,42.3328381],[-76.920779,42.3328292],[-76.9207786,42.3328204],[-76.9207783,42.3328116],[-76.920778,42.3328028],[-76.9207777,42.3327939],[-76.9207773,42.332785],[-76.920777,42.332776],[-76.9207767,42.332767]],[[-76.9207733,42.3326765],[-76.920773,42.3326675],[-76.9207726,42.3326585],[-76.9207723,42.3326495],[-76.920772,42.3326406],[-76.9207715,42.3326316],[-76.9207708,42.3326228],[-76.9207701,42.3326141],[-76.9207694,42.3326055],[-76.9207687,42.332597],[-76.9207679,42.3325885]],[[-76.920683,42.3324433],[-76.9206755,42.3324365],[-76.920668,42.3324297],[-76.9206599,42.3324231],[-76.9206518,42.3324165],[-76.9206435,42.3324096],[-76.920635,42.3324027],[-76.9206265,42.3323957],[-76.9206179,42.3323887],[-76.9206094,42.3323817],[-76.9206009,42.3323748],[-76.9205925,42.3323678],[-76.9205844,42.3323607],[-76.9205764,42.3323535],[-76.9205684,42.3323465],[-76.9205605,42.3323394],[-76.9205525,42.3323324],[-76.9205445,42.3323253],[-76.9205365,42.3323182],[-76.9205289,42.3323108],[-76.9205211,42.3323034],[-76.9205134,42.332296],[-76.9205056,42.3322885],[-76.9204978,42.332281],[-76.9204899,42.3322734],[-76.9204824,42.3322656],[-76.9204749,42.3322578],[-76.9204673,42.3322499],[-76.9204601,42.3322418],[-76.9204529,42.3322338],[-76.9204457,42.3322257],[-76.9204389,42.3322175],[-76.9204322,42.3322094],[-76.9204255,42.3322014],[-76.9204193,42.3321932],[-76.920413,42.332185],[-76.9204067,42.3321767],[-76.9204004,42.3321684],[-76.9203945,42.3321599],[-76.9203886,42.3321513],[-76.9203827,42.3321428],[-76.9203767,42.3321341],[-76.9203713,42.3321253],[-76.9203658,42.3321164],[-76.9203603,42.3321075],[-76.9203553,42.3320983],[-76.9203502,42.3320891],[-76.9203452,42.3320799],[-76.9203407,42.3320705],[-76.9203362,42.3320611],[-76.9203317,42.3320518],[-76.9203279,42.3320423],[-76.9203241,42.3320329],[-76.9203203,42.3320236],[-76.9203166,42.3320143],[-76.9203134,42.3320049],[-76.9203102,42.3319955],[-76.9203071,42.3319861],[-76.9203046,42.3319766],[-76.9203021,42.3319671],[-76.9202996,42.3319576],[-76.9202972,42.3319482],[-76.9202953,42.3319387],[-76.9202935,42.3319294]],[[-76.9202899,42.3319107],[-76.9202885,42.3319011],[-76.9202871,42.3318915],[-76.9202856,42.3318818],[-76.9202843,42.3318722],[-76.9202833,42.3318625],[-76.9202823,42.331853],[-76.9202813,42.3318435],[-76.9202804,42.331834],[-76.9202798,42.3318247]],[[-76.9202782,42.331797],[-76.9202779,42.3317878],[-76.9202777,42.3317787],[-76.9202775,42.3317696],[-76.9202773,42.3317606],[-76.9202776,42.3317515],[-76.9202778,42.3317425],[-76.920278,42.3317335],[-76.9202783,42.3317245],[-76.9202785,42.3317155],[-76.9202787,42.3317065],[-76.920279,42.3316975],[-76.9202792,42.3316885],[-76.9202794,42.3316795],[-76.9202796,42.3316705],[-76.9202798,42.3316616],[-76.9202797,42.3316527],[-76.9202796,42.3316438],[-76.9202796,42.331635],[-76.9202794,42.3316261],[-76.9202789,42.3316172],[-76.9202784,42.3316082],[-76.9202779,42.3315992],[-76.9202774,42.3315902]],[[-76.9202749,42.3315633],[-76.9202739,42.3315543],[-76.920273,42.3315454],[-76.9202719,42.3315366],[-76.9202702,42.331528],[-76.9202686,42.3315197],[-76.920267,42.3315117],[-76.9202647,42.331504],[-76.9202624,42.3314963],[-76.9202593,42.3314887],[-76.920256,42.331481],[-76.9202526,42.331473],[-76.9202487,42.3314648],[-76.9202444,42.3314564],[-76.9202399,42.3314478],[-76.9202354,42.3314389],[-76.9202308,42.3314299],[-76.9202266,42.3314206],[-76.9202229,42.3314112],[-76.9202197,42.3314018],[-76.9202168,42.3313924],[-76.9202145,42.331383],[-76.9202125,42.3313734]],[[-76.920209,42.3313539],[-76.9202077,42.3313443],[-76.9202065,42.3313347],[-76.9202056,42.3313253],[-76.9202048,42.3313157],[-76.920204,42.3313061]],[[-76.9202011,42.3312593],[-76.9202007,42.33125],[-76.9202005,42.3312405],[-76.9202003,42.3312308],[-76.9202002,42.3312211],[-76.9202,42.3312115],[-76.9201999,42.3312019],[-76.9202002,42.3311923],[-76.9202004,42.3311827],[-76.9202007,42.3311731],[-76.920201,42.3311634],[-76.9202018,42.3311537],[-76.9202026,42.331144],[-76.9202033,42.3311344],[-76.9202041,42.3311249],[-76.9202052,42.3311156],[-76.9202062,42.3311064],[-76.9202073,42.3310971],[-76.9202084,42.3310877]],[[-76.9202527,42.3309517],[-76.9202566,42.3309415],[-76.9202618,42.3309312],[-76.9202675,42.3309205],[-76.9202747,42.33091],[-76.9202822,42.3308995],[-76.9202907,42.3308896],[-76.9202996,42.3308802],[-76.9203087,42.3308711],[-76.9203181,42.3308626],[-76.9203275,42.3308546],[-76.9203369,42.330847],[-76.9203459,42.3308397],[-76.9203546,42.3308327],[-76.9203631,42.3308259],[-76.9203714,42.3308191],[-76.9203794,42.3308123],[-76.9203874,42.3308055],[-76.9203955,42.3307987],[-76.9204035,42.3307919],[-76.9204115,42.3307851],[-76.9204194,42.3307784]],[[-76.9218782,42.3301757],[-76.9218907,42.3301763],[-76.9219032,42.3301769],[-76.9219157,42.3301774],[-76.921928,42.330178],[-76.9219403,42.3301786],[-76.9219525,42.3301791],[-76.9219646,42.3301797],[-76.9219767,42.3301803],[-76.9219888,42.3301808],[-76.9220007,42.3301808],[-76.9220125,42.3301808],[-76.9220239,42.3301808],[-76.9220352,42.3301801],[-76.9220463,42.3301793],[-76.9220574,42.3301781],[-76.9220687,42.3301762],[-76.9220802,42.3301741],[-76.9220921,42.3301719],[-76.9221046,42.3301696],[-76.9221177,42.3301674],[-76.9221317,42.3301653],[-76.9221463,42.3301641],[-76.9221613,42.3301631],[-76.9221763,42.330163],[-76.9221912,42.3301633],[-76.9222058,42.3301642],[-76.9222201,42.3301652],[-76.9222342,42.3301664],[-76.9222481,42.3301681],[-76.9222619,42.3301698],[-76.9222757,42.3301718],[-76.9222893,42.3301742],[-76.9223029,42.3301766],[-76.9223164,42.3301791],[-76.9223297,42.3301822],[-76.9223429,42.3301853]],[[-76.9234445,42.3309332],[-76.9234539,42.330941],[-76.9234632,42.3309486],[-76.9234718,42.3309566],[-76.9234803,42.3309645],[-76.9234888,42.3309723],[-76.9234969,42.3309804],[-76.923505,42.3309886],[-76.9235125,42.3309972],[-76.92352,42.3310056],[-76.9235273,42.3310139],[-76.923534,42.3310222],[-76.9235407,42.3310304],[-76.9235472,42.3310385],[-76.9235536,42.3310465],[-76.9235597,42.3310544],[-76.9235657,42.3310622],[-76.9235718,42.33107],[-76.9235777,42.3310777],[-76.9235836,42.3310854],[-76.9235895,42.331093],[-76.9235954,42.3311007],[-76.9236014,42.3311083],[-76.9236073,42.3311161],[-76.9236134,42.3311239],[-76.9236194,42.3311318],[-76.9236256,42.3311397],[-76.9236319,42.3311479],[-76.9236383,42.3311562],[-76.9236448,42.3311646],[-76.9236513,42.331173],[-76.9236576,42.3311812],[-76.9236638,42.3311893],[-76.9236698,42.331197],[-76.9236757,42.3312046],[-76.9236814,42.3312121],[-76.9236872,42.3312195],[-76.923693,42.331227],[-76.9236988,42.3312345],[-76.9237045,42.331242],[-76.9237103,42.3312494],[-76.9237164,42.3312565],[-76.9237226,42.3312636],[-76.9237288,42.3312708],[-76.9237355,42.3312779],[-76.9237424,42.3312852],[-76.9237492,42.3312925],[-76.9237563,42.3312997],[-76.9237633,42.3313067],[-76.9237702,42.3313137],[-76.923777,42.3313206],[-76.9237838,42.3313275],[-76.9237907,42.3313344]],[[-76.9238197,42.3313625],[-76.9238271,42.3313694],[-76.9238344,42.3313763],[-76.9238417,42.3313831],[-76.9238491,42.33139],[-76.9238565,42.331397],[-76.923864,42.331404],[-76.9238716,42.331411],[-76.9238791,42.331418],[-76.9238866,42.3314251]],[[-76.9239019,42.3314391],[-76.9239096,42.3314461],[-76.9239172,42.3314531],[-76.9239248,42.3314601],[-76.9239325,42.3314671],[-76.9239401,42.331474],[-76.9239478,42.331481],[-76.9239554,42.331488],[-76.9239631,42.331495],[-76.9239707,42.331502],[-76.9239783,42.331509],[-76.923986,42.331516],[-76.9239936,42.3315229],[-76.9240012,42.3315299],[-76.9240087,42.3315368],[-76.9240163,42.3315437],[-76.9240239,42.3315507],[-76.9240315,42.3315576],[-76.9240391,42.3315646],[-76.9240468,42.3315716],[-76.9240544,42.3315786],[-76.9240621,42.3315856],[-76.9240697,42.3315926],[-76.9240773,42.3315996],[-76.924085,42.3316066],[-76.9240926,42.3316135],[-76.9241003,42.3316205],[-76.9241079,42.3316275],[-76.9241156,42.3316345],[-76.9241232,42.3316415],[-76.9241308,42.3316485],[-76.9241384,42.3316554],[-76.9241459,42.3316623],[-76.9241534,42.3316691],[-76.924161,42.3316759],[-76.9241687,42.3316826],[-76.9241764,42.3316895],[-76.9241841,42.3316963],[-76.9241917,42.3317031],[-76.9241994,42.3317099],[-76.9242073,42.3317165],[-76.9242152,42.3317232],[-76.9242232,42.3317299]],[[-76.9243335,42.3318258],[-76.9243414,42.3318328],[-76.9243494,42.3318399],[-76.9243574,42.3318469],[-76.9243655,42.331854],[-76.9243735,42.3318611],[-76.9243814,42.3318681],[-76.9243894,42.3318751],[-76.924397,42.3318824],[-76.9244047,42.3318896],[-76.9244123,42.3318969],[-76.9244199,42.3319041],[-76.9244275,42.3319113],[-76.924435,42.3319185],[-76.9244424,42.3319256]],[[-76.9244648,42.3319469],[-76.9244723,42.331954],[-76.9244797,42.3319611],[-76.9244871,42.3319681],[-76.9244947,42.3319751],[-76.9245022,42.331982],[-76.9245098,42.331989],[-76.9245174,42.331996],[-76.924525,42.332003],[-76.9245326,42.33201],[-76.9245402,42.332017],[-76.9245478,42.332024],[-76.9245554,42.332031],[-76.9245631,42.332038],[-76.9245707,42.332045],[-76.9245783,42.332052],[-76.9245859,42.3320591],[-76.9245936,42.3320661],[-76.9246014,42.3320732]],[[-76.9246244,42.3320951],[-76.924632,42.3321024],[-76.9246396,42.3321096],[-76.924647,42.3321168],[-76.9246545,42.3321239],[-76.9246619,42.3321311],[-76.9246693,42.3321382],[-76.9246768,42.3321454],[-76.9246843,42.3321526]],[[-76.9251051,42.3324468],[-76.9251152,42.3324501],[-76.9251254,42.3324533],[-76.9251358,42.3324566],[-76.9251463,42.33246],[-76.9251569,42.3324633],[-76.9251675,42.3324666]],[[-76.925386,42.3325082],[-76.9253965,42.3325094],[-76.925407,42.3325102],[-76.9254175,42.332511],[-76.925428,42.3325118],[-76.9254386,42.3325121],[-76.9254494,42.3325123],[-76.9254602,42.3325126],[-76.9254711,42.3325129]],[[-76.9255367,42.332511],[-76.9255472,42.3325104],[-76.9255577,42.3325097],[-76.9255681,42.3325086],[-76.9255787,42.3325074]],[[-76.9256005,42.3325051],[-76.9256115,42.3325034],[-76.9256226,42.3325017],[-76.9256337,42.3325],[-76.9256448,42.3324983],[-76.9256557,42.3324966]],[[-76.9258082,42.3324598],[-76.9258191,42.3324565],[-76.9258302,42.3324532],[-76.9258413,42.3324499],[-76.9258524,42.3324465],[-76.9258633,42.3324432],[-76.9258738,42.3324396],[-76.9258841,42.3324361],[-76.9258942,42.3324326],[-76.9259041,42.3324291],[-76.9259134,42.3324251],[-76.9259224,42.3324213],[-76.9259312,42.3324176],[-76.9259398,42.3324139],[-76.9259481,42.3324097],[-76.9259564,42.3324054],[-76.925965,42.332401],[-76.9259738,42.3323964],[-76.9259828,42.3323918],[-76.9259914,42.3323867],[-76.9260002,42.3323816],[-76.926009,42.3323763],[-76.926018,42.332371],[-76.926027,42.3323657],[-76.9260355,42.3323601],[-76.9260438,42.3323546],[-76.9260521,42.3323491]],[[-76.9261164,42.3323025],[-76.9261239,42.3322963],[-76.9261313,42.3322902],[-76.9261388,42.332284],[-76.9261463,42.3322778]],[[-76.9263464,42.3317987],[-76.9263455,42.3317896],[-76.9263446,42.3317805],[-76.9263438,42.3317713],[-76.9263429,42.331762],[-76.926342,42.3317528],[-76.9263411,42.3317436],[-76.9263403,42.3317344],[-76.9263394,42.3317254],[-76.9263385,42.3317164],[-76.9263377,42.3317074],[-76.9263368,42.3316984],[-76.926336,42.3316894],[-76.9263351,42.3316804],[-76.9263343,42.3316715],[-76.9263334,42.3316625],[-76.9263326,42.3316535],[-76.9263319,42.3316445],[-76.9263313,42.3316355],[-76.9263306,42.3316265],[-76.92633,42.3316175],[-76.9263293,42.3316085],[-76.9263287,42.3315995],[-76.926328,42.3315906]],[[-76.9263261,42.3315638],[-76.9263254,42.331555],[-76.9263248,42.3315461],[-76.9263242,42.3315372],[-76.9263235,42.3315283],[-76.9263229,42.3315193],[-76.9263222,42.3315104],[-76.9263216,42.3315014],[-76.9263209,42.3314923],[-76.9263203,42.3314832],[-76.9263196,42.331474],[-76.9263192,42.3314647],[-76.9263188,42.3314553]],[[-76.9262142,42.329864],[-76.9262135,42.3298552],[-76.9262127,42.3298462],[-76.9262119,42.329837],[-76.9262116,42.3298278],[-76.9262113,42.3298186],[-76.926211,42.3298095],[-76.9262107,42.3298005],[-76.9262105,42.3297915],[-76.9262102,42.3297825],[-76.9262099,42.3297734],[-76.9262096,42.3297644],[-76.9262093,42.3297554],[-76.926209,42.3297464],[-76.9262087,42.3297375]],[[-76.926207,42.329693],[-76.9262064,42.3296843],[-76.9262058,42.3296755],[-76.9262052,42.3296666],[-76.9262046,42.3296576]],[[-76.9262009,42.3296037],[-76.9262003,42.3295947],[-76.9261997,42.3295857],[-76.9261991,42.3295767],[-76.9261985,42.3295677],[-76.9261979,42.3295587],[-76.9261973,42.3295498],[-76.9261967,42.3295408],[-76.926196,42.3295318],[-76.9261954,42.3295228],[-76.9261947,42.3295138],[-76.9261941,42.3295048],[-76.9261934,42.3294958],[-76.9261927,42.3294868],[-76.9261921,42.3294778],[-76.9261914,42.3294688],[-76.9261908,42.3294599],[-76.9261901,42.3294509],[-76.9261895,42.3294419],[-76.9261888,42.3294329],[-76.9261881,42.3294239],[-76.9261875,42.3294149],[-76.9261868,42.3294059],[-76.9261862,42.3293969],[-76.9261855,42.3293879],[-76.9261848,42.3293788],[-76.9261842,42.3293698],[-76.9261835,42.3293607],[-76.9261828,42.3293517],[-76.9261822,42.3293426],[-76.9261815,42.3293336],[-76.9261809,42.3293246],[-76.9261802,42.3293156],[-76.9261796,42.3293066]],[[-76.9262024,42.3288122],[-76.9262065,42.3288028],[-76.9262112,42.3287938],[-76.9262159,42.3287847],[-76.9262205,42.3287757],[-76.9262253,42.3287666],[-76.92623,42.3287574]],[[-76.9262943,42.3286684],[-76.9263022,42.32866],[-76.9263103,42.3286519],[-76.9263184,42.3286438],[-76.9263264,42.3286358],[-76.9263349,42.3286282],[-76.9263435,42.3286207],[-76.9263521,42.3286131],[-76.9263608,42.3286055],[-76.92637,42.3285982],[-76.9263791,42.3285909],[-76.9263882,42.3285838],[-76.9263978,42.3285769],[-76.9264074,42.3285699],[-76.9264175,42.3285632],[-76.9264277,42.3285564],[-76.9264379,42.3285497],[-76.9264484,42.3285432],[-76.926459,42.3285368],[-76.9264699,42.3285309],[-76.9264807,42.3285249],[-76.9264914,42.328519],[-76.9265023,42.3285131],[-76.9265136,42.3285076],[-76.926525,42.3285021],[-76.9265367,42.3284969],[-76.9265483,42.3284917],[-76.92656,42.3284866],[-76.926572,42.3284818],[-76.926584,42.328477],[-76.9265963,42.3284726],[-76.9266085,42.3284682],[-76.9266207,42.3284638],[-76.926633,42.3284599],[-76.9266452,42.328456],[-76.9266576,42.3284524],[-76.9266701,42.3284489],[-76.9266827,42.3284453],[-76.9266954,42.3284421],[-76.9267081,42.3284389],[-76.9267209,42.3284361],[-76.9267337,42.3284332],[-76.9267465,42.3284304],[-76.9267596,42.3284281],[-76.9267725,42.3284259],[-76.9267854,42.3284236],[-76.9267984,42.3284213],[-76.9268114,42.3284191],[-76.9268246,42.3284174],[-76.9268377,42.3284157],[-76.9268507,42.328414],[-76.9268639,42.3284127],[-76.9268772,42.3284115],[-76.9268908,42.3284106],[-76.9269044,42.3284097],[-76.9269179,42.3284089]],[[-76.9277297,42.3287482],[-76.9277363,42.3287565],[-76.927743,42.3287647],[-76.9277495,42.328773],[-76.9277561,42.3287812],[-76.9277623,42.3287896],[-76.9277684,42.3287979],[-76.9277745,42.3288063],[-76.9277806,42.3288146],[-76.9277862,42.328823],[-76.9277918,42.3288314]],[[-76.9279773,42.3297013],[-76.9279783,42.3297103],[-76.9279793,42.3297192],[-76.9279801,42.3297282],[-76.9279809,42.3297372],[-76.9279817,42.3297462],[-76.9279825,42.3297552],[-76.9279833,42.3297641],[-76.9279841,42.3297731],[-76.9279849,42.3297821],[-76.9279857,42.3297911],[-76.9279866,42.3298001],[-76.9279874,42.329809]],[[-76.927995,42.3298803],[-76.927996,42.3298892],[-76.927997,42.3298982],[-76.9279981,42.3299072],[-76.9279991,42.3299161],[-76.9280002,42.3299251],[-76.9280012,42.3299341],[-76.9280023,42.329943],[-76.9280033,42.329952],[-76.9280043,42.329961],[-76.9280054,42.32997],[-76.9280064,42.329979],[-76.9280075,42.329988],[-76.9280085,42.329997],[-76.9280096,42.330006],[-76.9280106,42.3300151],[-76.9280117,42.3300241],[-76.9280126,42.3300331],[-76.9280136,42.3300421],[-76.9280145,42.3300511],[-76.9280155,42.33006],[-76.9280164,42.330069],[-76.9280173,42.330078],[-76.9280183,42.330087],[-76.9280192,42.330096],[-76.9280202,42.3301049],[-76.9280211,42.3301139],[-76.9280221,42.3301229],[-76.928023,42.3301319],[-76.928024,42.3301408],[-76.9280249,42.3301498],[-76.9280258,42.3301588],[-76.9280268,42.3301678],[-76.9280277,42.3301768],[-76.9280287,42.3301859],[-76.9280296,42.3301949],[-76.9280306,42.3302039],[-76.9280315,42.3302129],[-76.9280324,42.3302219],[-76.9280332,42.3302309],[-76.9280341,42.3302399],[-76.928035,42.3302489],[-76.9280359,42.3302578],[-76.9280368,42.3302668],[-76.9280376,42.3302758],[-76.9280385,42.3302848],[-76.9280394,42.3302938],[-76.9280403,42.3303027],[-76.9280412,42.3303117],[-76.9280421,42.3303207],[-76.9280429,42.3303297],[-76.9280438,42.3303387],[-76.9280447,42.3303476],[-76.9280456,42.3303566],[-76.9280465,42.3303656],[-76.9280474,42.3303746],[-76.9280482,42.3303836],[-76.9280491,42.3303925],[-76.92805,42.3304015]],[[-76.9281459,42.3312712],[-76.9281469,42.3312803],[-76.928148,42.3312894],[-76.928149,42.3312984],[-76.9281501,42.3313074],[-76.9281511,42.3313164],[-76.9281522,42.3313254],[-76.9281533,42.3313343],[-76.9281543,42.3313433],[-76.9281554,42.3313523],[-76.9281564,42.3313612],[-76.9281575,42.3313702],[-76.9281585,42.3313792],[-76.9281596,42.3313881],[-76.9281606,42.3313971],[-76.9281616,42.3314061],[-76.9281625,42.3314151],[-76.9281635,42.331424],[-76.9281644,42.331433],[-76.9281654,42.331442],[-76.9281663,42.3314509],[-76.9281673,42.3314599],[-76.9281682,42.3314688],[-76.9281692,42.3314777],[-76.9281701,42.3314866],[-76.9281711,42.3314956],[-76.928172,42.3315045],[-76.928173,42.3315135],[-76.9281739,42.3315224],[-76.9281749,42.3315314],[-76.9281759,42.3315404],[-76.9281768,42.3315494],[-76.9281778,42.3315583],[-76.9281787,42.3315673],[-76.9281797,42.3315763],[-76.9281806,42.3315853],[-76.9281816,42.3315942],[-76.9281825,42.3316032],[-76.9281835,42.3316122],[-76.9281845,42.3316212],[-76.9281854,42.3316302],[-76.9281864,42.3316392],[-76.9281873,42.3316482],[-76.9281883,42.3316573],[-76.9281893,42.3316664],[-76.9281902,42.3316754],[-76.9281912,42.3316844],[-76.9281922,42.3316934],[-76.9281931,42.3317024],[-76.9281941,42.3317114],[-76.928195,42.3317203],[-76.928196,42.3317293],[-76.9281969,42.3317383],[-76.9281979,42.3317473],[-76.9281988,42.3317562],[-76.9281998,42.3317652],[-76.9282008,42.3317741],[-76.9282017,42.331783],[-76.9282027,42.3317919],[-76.9282037,42.3318008],[-76.9282047,42.3318097],[-76.9282056,42.3318187],[-76.9282066,42.3318276],[-76.9282076,42.3318366],[-76.9282086,42.3318456],[-76.9282096,42.3318545],[-76.9282106,42.3318635],[-76.9282116,42.3318725],[-76.9282126,42.3318815],[-76.9282136,42.3318904],[-76.9282145,42.3318994],[-76.9282155,42.3319084],[-76.9282165,42.3319174],[-76.9282175,42.3319263],[-76.9282185,42.3319353],[-76.9282195,42.3319443],[-76.9282205,42.3319532],[-76.9282215,42.3319622],[-76.9282225,42.3319712],[-76.9282235,42.3319802],[-76.9282245,42.3319891],[-76.9282254,42.3319981],[-76.9282264,42.3320071],[-76.9282274,42.3320161],[-76.9282284,42.3320251],[-76.9282294,42.3320341],[-76.9282304,42.3320432],[-76.9282314,42.3320522],[-76.9282324,42.3320612],[-76.9282334,42.3320702],[-76.9282344,42.3320792],[-76.9282354,42.3320882],[-76.9282364,42.3320972],[-76.9282374,42.3321061],[-76.9282384,42.3321151],[-76.9282393,42.332124],[-76.9282403,42.332133],[-76.9282413,42.3321419],[-76.9282424,42.3321507],[-76.9282434,42.3321596],[-76.9282445,42.3321685]],[[-76.9282466,42.3321863],[-76.9282476,42.3321953],[-76.9282487,42.3322043],[-76.9282498,42.3322132],[-76.9282508,42.3322222],[-76.9282519,42.3322312],[-76.928253,42.3322401],[-76.928254,42.3322491]],[[-76.9282615,42.332312],[-76.9282625,42.3323211],[-76.9282636,42.3323302],[-76.9282647,42.3323392],[-76.9282656,42.3323482],[-76.9282666,42.3323572],[-76.9282676,42.3323662],[-76.9282685,42.3323752],[-76.9282695,42.3323842]],[[-76.9284273,42.3341081],[-76.9284223,42.334118],[-76.9284171,42.334128],[-76.9284112,42.3341378],[-76.9284052,42.3341476],[-76.9283985,42.3341571],[-76.9283917,42.3341665],[-76.9283844,42.3341756],[-76.9283771,42.3341846],[-76.9283699,42.3341933],[-76.9283623,42.3342014],[-76.928355,42.3342093],[-76.9283478,42.3342169],[-76.9283402,42.3342244],[-76.9283326,42.334232],[-76.9283247,42.3342398],[-76.9283166,42.3342479],[-76.9283083,42.3342561],[-76.9282996,42.3342643],[-76.928291,42.3342725],[-76.9282825,42.3342805],[-76.9282743,42.3342881],[-76.9282662,42.3342952],[-76.9282585,42.3343021],[-76.9282509,42.3343088],[-76.9282432,42.3343155],[-76.9282351,42.3343223],[-76.9282265,42.3343294],[-76.9282174,42.3343368],[-76.9282075,42.3343443],[-76.9281971,42.334352],[-76.9281861,42.3343595],[-76.9281748,42.334367],[-76.9281631,42.3343741],[-76.9281513,42.3343811],[-76.9281392,42.3343876],[-76.9281271,42.3343939],[-76.9281148,42.3343998],[-76.9281023,42.3344056],[-76.9280895,42.334411],[-76.9280767,42.3344163],[-76.9280638,42.3344212],[-76.9280507,42.3344259],[-76.9280376,42.3344302],[-76.9280246,42.3344345],[-76.9280115,42.3344386],[-76.9279985,42.3344422],[-76.9279856,42.3344459],[-76.9279726,42.3344493],[-76.9279595,42.3344524],[-76.9279465,42.3344556],[-76.9279333,42.3344585],[-76.92792,42.3344613],[-76.9279068,42.3344641],[-76.9278937,42.3344667],[-76.9278807,42.334469],[-76.9278676,42.3344713],[-76.9278544,42.3344735],[-76.927841,42.3344755],[-76.9278277,42.3344775],[-76.9278144,42.3344793],[-76.9278011,42.3344809],[-76.9277877,42.3344825],[-76.9277742,42.3344842],[-76.9277605,42.3344856],[-76.9277468,42.334487],[-76.9277334,42.3344883],[-76.9277203,42.3344893],[-76.9277075,42.3344902],[-76.9276949,42.3344911],[-76.9276822,42.3344918],[-76.9276692,42.3344924],[-76.927656,42.334493],[-76.9276425,42.3344934],[-76.9276291,42.3344937],[-76.9276158,42.3344939],[-76.9276025,42.3344942],[-76.927589,42.3344942],[-76.927575,42.3344941],[-76.9275606,42.334494],[-76.9275462,42.3344935],[-76.9275321,42.3344929],[-76.9275186,42.3344923],[-76.9275056,42.3344915],[-76.927493,42.3344906],[-76.9274805,42.3344896],[-76.9274678,42.3344886],[-76.9274547,42.3344872],[-76.9274411,42.3344858],[-76.927427,42.3344842],[-76.9274124,42.3344823],[-76.9273976,42.3344803],[-76.9273831,42.3344778],[-76.927369,42.3344752],[-76.9273553,42.3344726],[-76.9273419,42.3344696],[-76.9273286,42.3344666],[-76.9273155,42.3344636],[-76.9273028,42.3344603],[-76.9272906,42.3344571],[-76.9272788,42.334454],[-76.9272674,42.334451],[-76.9272563,42.334448],[-76.9272454,42.3344451],[-76.9272344,42.3344422],[-76.927223,42.3344392],[-76.9272111,42.3344361],[-76.9271985,42.3344327]],[[-76.9270661,42.3343887],[-76.9270543,42.3343854],[-76.9270421,42.3343819],[-76.9270297,42.3343779],[-76.927017,42.3343739],[-76.927004,42.3343697],[-76.9269907,42.3343651],[-76.9269772,42.3343601],[-76.9269635,42.3343545],[-76.9269496,42.3343486],[-76.9269362,42.3343418],[-76.9269229,42.3343348],[-76.9269104,42.3343271],[-76.9268984,42.3343195],[-76.9268873,42.3343114],[-76.9268767,42.3343036],[-76.926867,42.334296],[-76.9268578,42.3342888],[-76.926849,42.3342819],[-76.9268404,42.3342752],[-76.9268319,42.3342686],[-76.9268233,42.3342622],[-76.9268146,42.334256],[-76.9268057,42.33425],[-76.9267969,42.3342442],[-76.9267882,42.3342386],[-76.9267797,42.3342329],[-76.926771,42.3342275],[-76.9267621,42.3342221],[-76.9267531,42.3342166],[-76.9267439,42.334211]],[[-76.9266559,42.3341615],[-76.9266473,42.3341569],[-76.9266383,42.3341521],[-76.9266288,42.3341472],[-76.926619,42.334142],[-76.926609,42.3341368],[-76.9265989,42.3341314],[-76.9265886,42.334126],[-76.9265783,42.3341206],[-76.9265681,42.3341153],[-76.926558,42.3341099],[-76.926548,42.3341047],[-76.926538,42.3340994],[-76.9265281,42.3340942],[-76.9265183,42.3340891]],[[-76.9264888,42.3340741],[-76.9264788,42.3340691],[-76.9264689,42.3340641],[-76.9264589,42.3340592],[-76.926449,42.3340542],[-76.9264392,42.3340494],[-76.9264297,42.3340446]],[[-76.9241914,42.3341036],[-76.9241932,42.3341124],[-76.924195,42.3341213],[-76.9241968,42.3341302],[-76.9241986,42.3341391]],[[-76.9242224,42.3342346],[-76.9242248,42.3342434],[-76.9242273,42.3342521],[-76.9242297,42.3342609],[-76.9242323,42.3342695],[-76.9242349,42.3342781],[-76.9242375,42.3342867],[-76.92424,42.3342953],[-76.9242426,42.3343039],[-76.9242452,42.3343125],[-76.9242478,42.3343211],[-76.9242504,42.3343297],[-76.924253,42.3343383],[-76.9242556,42.334347],[-76.9242582,42.3343558],[-76.9242609,42.3343646],[-76.9242635,42.3343734],[-76.924266,42.3343824],[-76.9242683,42.3343914],[-76.9242707,42.3344006],[-76.924273,42.3344097]],[[-76.9242777,42.3344278],[-76.92428,42.3344367],[-76.9242823,42.3344456],[-76.9242846,42.3344545],[-76.9242869,42.3344633],[-76.9242892,42.3344721],[-76.9242915,42.3344809],[-76.9242937,42.3344896],[-76.924296,42.3344982],[-76.9242985,42.3345065],[-76.9243011,42.3345146],[-76.9243037,42.3345227],[-76.9243064,42.3345309],[-76.924309,42.3345394],[-76.9243122,42.3345479],[-76.9243154,42.3345565],[-76.9243187,42.3345652],[-76.924322,42.3345739],[-76.9243253,42.3345827]],[[-76.9244306,42.3349325],[-76.9244334,42.3349412],[-76.9244363,42.3349498],[-76.9244391,42.3349584],[-76.9244419,42.3349669]],[[-76.9245764,42.3353308],[-76.9245789,42.3353406],[-76.9245813,42.3353504],[-76.9245833,42.3353603],[-76.924585,42.3353703],[-76.9245868,42.3353802],[-76.9245881,42.33539],[-76.9245892,42.3353997],[-76.9245903,42.3354092],[-76.9245914,42.3354186]],[[-76.9245972,42.3354636],[-76.9245985,42.3354723],[-76.9245998,42.3354808],[-76.9246016,42.3354893],[-76.9246034,42.3354979]],[[-76.9246136,42.3355414],[-76.9246159,42.33555],[-76.9246182,42.3355587],[-76.9246205,42.3355674],[-76.9246231,42.3355762],[-76.9246257,42.3355849],[-76.9246284,42.3355937],[-76.924631,42.3356025],[-76.9246337,42.3356113],[-76.9246363,42.3356201],[-76.924639,42.3356289],[-76.9246416,42.3356376],[-76.9246443,42.3356464],[-76.9246472,42.3356551],[-76.9246501,42.3356638],[-76.924653,42.3356724],[-76.9246559,42.3356809],[-76.9246588,42.3356895],[-76.9246617,42.3356981],[-76.9246646,42.3357067],[-76.9246675,42.3357154],[-76.9246705,42.3357241],[-76.9246734,42.3357328],[-76.9246764,42.3357416],[-76.9246793,42.3357503],[-76.9246823,42.3357591],[-76.9246852,42.3357678],[-76.9246882,42.3357766],[-76.9246912,42.3357854],[-76.9246942,42.3357943],[-76.9246971,42.3358031],[-76.9246999,42.335812],[-76.9247027,42.3358208],[-76.9247056,42.3358296],[-76.9247084,42.3358384],[-76.9247112,42.3358471],[-76.924714,42.3358559],[-76.9247169,42.3358647],[-76.9247197,42.3358735],[-76.9247225,42.3358824],[-76.9247254,42.3358913]],[[-76.9247612,42.336025],[-76.9247634,42.3360338],[-76.924766,42.3360425],[-76.9247686,42.3360512],[-76.9247712,42.3360599],[-76.9247737,42.3360683],[-76.9247762,42.3360767],[-76.9247788,42.3360851],[-76.9247815,42.3360935],[-76.9247844,42.3361019],[-76.9247873,42.3361103],[-76.9247902,42.3361188],[-76.924793,42.3361273],[-76.924796,42.3361358],[-76.9247989,42.3361444]],[[-76.9248078,42.3361705],[-76.9248107,42.3361792],[-76.9248137,42.336188],[-76.9248167,42.3361967],[-76.9248198,42.3362054],[-76.9248229,42.3362141],[-76.924826,42.3362228],[-76.9248291,42.3362315],[-76.9248322,42.3362402],[-76.9248353,42.3362489]],[[-76.9248415,42.3362663],[-76.9248446,42.3362751],[-76.9248478,42.3362839],[-76.9248509,42.3362927],[-76.9248541,42.3363015],[-76.9248572,42.3363103],[-76.9248603,42.3363191],[-76.9248635,42.3363279],[-76.9248666,42.3363368],[-76.9248698,42.3363457],[-76.9248729,42.3363548],[-76.9248759,42.3363639],[-76.9248789,42.336373],[-76.9248819,42.3363819],[-76.9248849,42.3363908],[-76.9248875,42.3363997],[-76.9248902,42.3364087],[-76.9248928,42.3364178],[-76.9248955,42.336427],[-76.9248982,42.3364362],[-76.9249009,42.3364453]],[[-76.9252572,42.3369459],[-76.9252625,42.3369505],[-76.9252673,42.3369544],[-76.9252717,42.3369578],[-76.9252759,42.3369607],[-76.9252799,42.3369634]],[[-76.9258091,42.3371219],[-76.9258205,42.3371228],[-76.9258321,42.3371236],[-76.9258438,42.3371244],[-76.9258556,42.3371252],[-76.9258673,42.337126],[-76.925879,42.3371269],[-76.9258908,42.3371277],[-76.9259027,42.3371282],[-76.9259147,42.3371286],[-76.9259268,42.337129]],[[-76.9259506,42.3371299],[-76.9259624,42.3371303],[-76.9259742,42.3371307],[-76.925986,42.3371312],[-76.925998,42.3371316],[-76.92601,42.337132],[-76.9260222,42.3371325],[-76.9260343,42.3371329],[-76.9260466,42.3371333],[-76.9260588,42.3371339],[-76.9260711,42.3371345],[-76.9260833,42.3371351],[-76.9260955,42.3371357],[-76.9261076,42.3371363],[-76.9261198,42.3371369],[-76.9261319,42.3371375],[-76.9261439,42.3371381],[-76.9261559,42.3371387],[-76.9261678,42.3371392],[-76.9261797,42.3371398],[-76.9261916,42.3371404],[-76.9262035,42.337141],[-76.9262155,42.3371416],[-76.9262275,42.3371422],[-76.9262396,42.3371426]],[[-76.9262638,42.3371435],[-76.9262759,42.337144],[-76.9262881,42.3371444],[-76.9263002,42.3371449],[-76.9263123,42.3371454],[-76.9263244,42.3371458],[-76.9263365,42.3371463],[-76.9263487,42.3371467],[-76.9263608,42.3371472],[-76.9263729,42.3371476],[-76.926385,42.3371481],[-76.926397,42.3371486],[-76.926409,42.337149],[-76.926421,42.3371495],[-76.9264329,42.3371499],[-76.9264449,42.3371504],[-76.9264569,42.3371508],[-76.926469,42.3371513],[-76.9264811,42.3371517],[-76.9264933,42.3371522],[-76.9265054,42.3371526],[-76.9265176,42.3371531],[-76.9265298,42.3371536],[-76.926542,42.337154],[-76.9265542,42.3371545],[-76.9265664,42.3371549],[-76.9265786,42.3371554],[-76.9265908,42.3371559],[-76.9266029,42.3371562],[-76.926615,42.3371566],[-76.9266271,42.337157],[-76.9266393,42.3371574],[-76.9266514,42.3371578],[-76.9266635,42.3371581],[-76.9266756,42.3371585],[-76.9266878,42.3371589],[-76.9266999,42.3371593],[-76.9267121,42.3371597]],[[-76.9267489,42.3371608],[-76.9267612,42.3371612],[-76.9267734,42.3371616],[-76.9267857,42.337162],[-76.9267978,42.3371625],[-76.92681,42.337163],[-76.9268221,42.3371635],[-76.9268342,42.3371639],[-76.9268463,42.3371644],[-76.9268584,42.3371649],[-76.9268706,42.3371653],[-76.9268827,42.3371658],[-76.9268948,42.3371663],[-76.9269069,42.3371668],[-76.9269191,42.3371672],[-76.9269312,42.3371679],[-76.9269434,42.3371685],[-76.9269557,42.3371691],[-76.926968,42.3371698],[-76.9269803,42.3371704],[-76.9269926,42.3371711],[-76.9270048,42.3371717],[-76.927017,42.3371723],[-76.9270291,42.337173],[-76.9270412,42.3371736],[-76.9270533,42.3371742],[-76.9270654,42.3371749],[-76.9270775,42.3371755],[-76.9270896,42.3371761],[-76.9271017,42.3371768],[-76.9271139,42.3371774],[-76.927126,42.337178],[-76.9271381,42.3371787],[-76.9271502,42.3371793],[-76.9271623,42.33718],[-76.9271744,42.3371806],[-76.9271865,42.3371812],[-76.9271986,42.3371819],[-76.9272107,42.3371825],[-76.9272228,42.3371831],[-76.9272349,42.3371838],[-76.927247,42.3371844]],[[-76.9275146,42.3371991],[-76.9275264,42.3371998],[-76.9275381,42.3372005],[-76.9275497,42.3372012],[-76.9275612,42.3372016],[-76.9275729,42.3372021],[-76.9275847,42.3372026],[-76.9275967,42.337203],[-76.9276088,42.3372035],[-76.9276209,42.337204],[-76.927633,42.3372045],[-76.9276451,42.337205],[-76.9276572,42.3372054],[-76.9276693,42.3372059],[-76.9276814,42.3372064]],[[-76.9277057,42.3372074],[-76.9277178,42.3372078],[-76.92773,42.3372084],[-76.9277422,42.337209],[-76.9277545,42.3372095],[-76.9277668,42.3372101],[-76.9277791,42.3372107],[-76.9277914,42.3372112],[-76.9278036,42.3372118],[-76.9278158,42.3372124],[-76.9278279,42.3372129]],[[-76.9291334,42.3385467],[-76.9291317,42.3385549],[-76.92913,42.3385628],[-76.9291283,42.3385707],[-76.9291272,42.3385789],[-76.9291261,42.3385873],[-76.929125,42.3385958],[-76.929124,42.3386042],[-76.9291233,42.3386125],[-76.9291227,42.3386206],[-76.9291221,42.3386286],[-76.9291215,42.3386365],[-76.9291213,42.3386446],[-76.9291211,42.3386527],[-76.9291209,42.338661],[-76.9291211,42.3386694],[-76.9291214,42.3386781],[-76.9291216,42.338687],[-76.9291219,42.338696],[-76.9291221,42.3387052],[-76.9291224,42.3387146],[-76.9291227,42.3387242],[-76.929123,42.338734],[-76.929123,42.3387438],[-76.9291229,42.3387535],[-76.9291227,42.338763],[-76.9291226,42.3387722],[-76.9291224,42.3387813],[-76.9291223,42.3387902],[-76.9291222,42.338799],[-76.929122,42.3388077],[-76.9291219,42.3388163],[-76.9291219,42.3388249],[-76.9291221,42.3388336],[-76.9291223,42.3388424],[-76.9291225,42.3388514],[-76.9291227,42.3388603],[-76.9291229,42.3388694],[-76.9291232,42.3388784],[-76.9291234,42.3388875],[-76.9291236,42.3388966],[-76.9291233,42.3389059],[-76.929123,42.3389154],[-76.9291225,42.338925],[-76.9291217,42.3389346],[-76.9291209,42.3389442],[-76.9291201,42.3389536],[-76.9291193,42.3389631],[-76.9291185,42.3389727],[-76.9291176,42.3389824],[-76.9291161,42.338992],[-76.9291146,42.3390015],[-76.9291131,42.3390108],[-76.9291117,42.3390199]],[[-76.9290969,42.3391142],[-76.9290963,42.3391187],[-76.9290959,42.3391235],[-76.9290957,42.3391287],[-76.9290961,42.3391341],[-76.9290965,42.3391399]],[[-76.9291131,42.3393108],[-76.9291103,42.3393222],[-76.9291073,42.3393329],[-76.9291045,42.339343],[-76.9291018,42.3393527],[-76.9290992,42.3393619],[-76.9290967,42.3393708],[-76.9290943,42.3393795],[-76.9290919,42.3393879]],[[-76.9290827,42.3394301],[-76.9290812,42.3394387],[-76.9290798,42.3394473],[-76.9290784,42.339456],[-76.929077,42.3394647],[-76.9290755,42.3394734],[-76.9290741,42.339482]],[[-76.929055,42.3396597],[-76.9290544,42.3396684],[-76.9290538,42.3396772],[-76.9290532,42.3396861],[-76.9290526,42.339695],[-76.9290519,42.339704],[-76.9290513,42.339713],[-76.9290507,42.339722],[-76.9290501,42.339731],[-76.9290494,42.33974],[-76.9290488,42.3397489]],[[-76.9290469,42.3397759],[-76.9290463,42.3397849],[-76.9290457,42.3397939],[-76.929045,42.3398029],[-76.9290444,42.3398119],[-76.9290438,42.3398209],[-76.9290432,42.3398299],[-76.9290425,42.3398389]],[[-76.92901,42.3402174],[-76.9290092,42.3402266],[-76.9290085,42.3402358],[-76.9290075,42.3402451],[-76.9290066,42.3402544]],[[-76.9290028,42.340291],[-76.9290018,42.3403],[-76.9290009,42.3403088],[-76.929,42.3403176],[-76.9289991,42.3403263],[-76.9289982,42.340335],[-76.9289973,42.3403438],[-76.9289964,42.3403525],[-76.9289955,42.3403613],[-76.9289946,42.3403701],[-76.9289937,42.3403789],[-76.928993,42.3403877],[-76.9289923,42.3403966],[-76.9289915,42.3404056],[-76.9289908,42.3404145],[-76.9289901,42.3404235]],[[-76.9289509,42.3408732],[-76.92895,42.3408822],[-76.9289492,42.3408912],[-76.9289483,42.3409001],[-76.9289475,42.3409091],[-76.9289466,42.3409181],[-76.928946,42.3409271],[-76.9289454,42.3409361],[-76.9289448,42.3409451],[-76.9289442,42.3409541],[-76.9289436,42.340963],[-76.928943,42.340972],[-76.9289424,42.3409809],[-76.9289418,42.3409899],[-76.9289411,42.3409988],[-76.9289405,42.3410078],[-76.9289399,42.3410168],[-76.9289393,42.3410258]]]}},{"type":"Feature","properties":{"role":"edge_unseen","side":"right","note":"bridged: the edge was not seen in the imagery here"},"geometry":{"type":"MultiLineString","coordinates":[[[-76.9287377,42.3412514],[-76.928737,42.3412604],[-76.9287363,42.3412693],[-76.9287357,42.3412783],[-76.928735,42.3412873],[-76.9287344,42.3412963],[-76.9287337,42.3413053]],[[-76.9286818,42.341898],[-76.9286811,42.341907],[-76.9286804,42.341916],[-76.9286797,42.341925],[-76.928679,42.3419339],[-76.9286783,42.3419429],[-76.9286776,42.3419518]],[[-76.9285168,42.3436481],[-76.928516,42.3436571],[-76.9285152,42.3436661],[-76.9285144,42.3436751],[-76.9285135,42.3436841],[-76.9285127,42.3436932]],[[-76.9281099,42.3442049],[-76.9280989,42.3442056],[-76.9280878,42.3442062],[-76.9280765,42.3442069],[-76.9280653,42.3442076],[-76.9280543,42.3442082],[-76.9280435,42.3442089]],[[-76.9279011,42.3441926],[-76.9278893,42.3441907],[-76.9278774,42.3441887],[-76.9278655,42.3441868],[-76.9278537,42.3441844],[-76.9278419,42.3441821],[-76.9278301,42.3441797]],[[-76.9277152,42.3441638],[-76.9277038,42.3441618],[-76.9276922,42.3441599],[-76.9276805,42.3441579],[-76.9276687,42.3441559],[-76.9276568,42.3441539],[-76.927645,42.3441519],[-76.9276332,42.3441499],[-76.9276213,42.3441479],[-76.9276095,42.3441459],[-76.9275976,42.3441439],[-76.9275858,42.3441418],[-76.9275738,42.3441398],[-76.9275617,42.3441378]],[[-76.9264305,42.3440225],[-76.9264186,42.3440208],[-76.9264067,42.3440191],[-76.9263948,42.3440174],[-76.9263828,42.3440157],[-76.9263709,42.3440139],[-76.926359,42.3440122],[-76.9263471,42.3440105],[-76.9263353,42.3440088],[-76.9263235,42.3440071],[-76.9263118,42.3440054],[-76.9263004,42.3440037],[-76.9262892,42.3440016],[-76.9262783,42.3439995],[-76.9262674,42.3439974],[-76.9262566,42.3439953],[-76.9262461,42.3439923],[-76.9262354,42.3439892],[-76.9262245,42.3439861],[-76.9262136,42.3439829],[-76.9262028,42.3439793],[-76.9261919,42.3439756],[-76.926181,42.3439719],[-76.92617,42.3439682],[-76.926159,42.3439645],[-76.9261479,42.3439608],[-76.9261368,42.343957],[-76.9261256,42.3439533],[-76.9261145,42.3439495],[-76.9261034,42.3439457],[-76.9260922,42.343942],[-76.9260811,42.3439382],[-76.92607,42.3439345],[-76.9260588,42.3439307],[-76.9260477,42.343927],[-76.9260366,42.3439232],[-76.9260254,42.3439195],[-76.9260143,42.3439157],[-76.9260032,42.343912],[-76.9259921,42.3439082],[-76.9259811,42.3439045],[-76.9259702,42.3439008],[-76.9259593,42.3438972],[-76.9259484,42.3438935],[-76.9259375,42.3438898],[-76.9259265,42.3438861],[-76.9259154,42.3438824],[-76.9259043,42.3438786],[-76.925893,42.3438748],[-76.9258816,42.3438711],[-76.9258699,42.3438673],[-76.9258578,42.3438634],[-76.9258453,42.3438598],[-76.9258325,42.343856],[-76.9258193,42.3438522],[-76.9258059,42.3438489],[-76.9257925,42.3438457],[-76.9257791,42.3438432],[-76.9257661,42.3438408],[-76.9257535,42.3438385],[-76.9257411,42.3438367],[-76.925729,42.3438349],[-76.925717,42.3438332],[-76.9257051,42.3438314],[-76.9256932,42.3438297],[-76.9256813,42.3438279],[-76.9256694,42.3438262],[-76.9256575,42.3438245]],[[-76.9256098,42.3438175],[-76.9255979,42.3438158],[-76.925586,42.343814],[-76.925574,42.3438123],[-76.9255618,42.3438105],[-76.9255493,42.3438091],[-76.9255364,42.3438076],[-76.9255231,42.3438061],[-76.9255094,42.3438046],[-76.9254954,42.3438038],[-76.9254813,42.343803],[-76.9254671,42.3438022],[-76.9254528,42.3438023]],[[-76.9254109,42.3438033],[-76.9253968,42.3438041],[-76.9253825,42.3438049],[-76.9253677,42.3438063],[-76.9253526,42.3438077],[-76.9253373,42.3438093],[-76.9253221,42.3438113],[-76.9253074,42.3438135],[-76.9252934,42.3438159],[-76.92528,42.3438183],[-76.9252672,42.3438206],[-76.925255,42.3438231],[-76.9252431,42.3438255],[-76.9252317,42.3438279],[-76.9252208,42.3438301],[-76.9252105,42.3438322],[-76.9252009,42.3438341],[-76.9251919,42.343836],[-76.9251831,42.3438376]],[[-76.925166,42.3438398],[-76.9251577,42.3438403],[-76.9251493,42.3438408],[-76.9251409,42.3438405],[-76.9251324,42.3438401],[-76.9251235,42.3438396],[-76.9251144,42.3438386],[-76.9251053,42.3438373],[-76.9250959,42.3438359],[-76.9250862,42.3438341],[-76.9250761,42.3438319],[-76.9250655,42.3438296],[-76.9250544,42.3438271],[-76.9250432,42.3438241],[-76.9250319,42.343821],[-76.9250206,42.3438179],[-76.9250093,42.3438148],[-76.9249982,42.3438114],[-76.9249873,42.3438081],[-76.9249766,42.3438049],[-76.924966,42.3438017],[-76.9249554,42.3437984],[-76.9249448,42.3437949],[-76.9249341,42.3437913],[-76.9249232,42.3437876]],[[-76.9244663,42.3435995],[-76.9244569,42.3435937],[-76.9244477,42.343588],[-76.9244386,42.3435823],[-76.9244299,42.3435766],[-76.9244214,42.3435709],[-76.9244128,42.3435653],[-76.9244044,42.3435596],[-76.9243964,42.3435536],[-76.9243883,42.3435476],[-76.9243803,42.3435417],[-76.9243725,42.3435355],[-76.9243646,42.3435293],[-76.9243567,42.343523],[-76.9243486,42.3435166],[-76.9243405,42.3435102],[-76.9243322,42.3435037],[-76.9243239,42.3434971],[-76.9243156,42.3434906],[-76.9243073,42.343484],[-76.9242987,42.3434777],[-76.92429,42.3434714],[-76.9242814,42.3434651],[-76.9242728,42.3434587],[-76.9242641,42.3434524]],[[-76.9241596,42.3433813],[-76.9241523,42.3433752],[-76.9241447,42.3433688],[-76.9241369,42.3433624],[-76.9241291,42.3433559],[-76.9241214,42.3433495],[-76.9241138,42.3433432],[-76.9241063,42.3433369],[-76.9240993,42.3433304]],[[-76.9236822,42.3426618],[-76.9236795,42.3426545],[-76.9236772,42.342647],[-76.9236749,42.3426392],[-76.9236724,42.342631],[-76.9236699,42.3426226],[-76.9236673,42.3426139],[-76.9236651,42.3426052],[-76.9236629,42.3425963],[-76.9236606,42.3425875]],[[-76.9236285,42.3424283],[-76.923627,42.3424195],[-76.9236255,42.3424106],[-76.923624,42.3424017],[-76.9236226,42.3423928]],[[-76.9236145,42.3423393],[-76.9236132,42.3423305],[-76.9236119,42.3423217],[-76.9236105,42.3423129],[-76.9236092,42.342304],[-76.9236079,42.3422951],[-76.9236069,42.3422861],[-76.9236058,42.3422772],[-76.9236048,42.3422683],[-76.9236038,42.3422595],[-76.9236028,42.3422507],[-76.9236018,42.3422419]],[[-76.9235997,42.3422242],[-76.9235987,42.3422153],[-76.9235976,42.3422063],[-76.9235966,42.3421973],[-76.9235956,42.3421884],[-76.9235945,42.3421794],[-76.9235935,42.3421704],[-76.9235925,42.3421615],[-76.9235914,42.3421525],[-76.9235904,42.3421435],[-76.9235893,42.3421345],[-76.9235883,42.3421256],[-76.9235873,42.3421166],[-76.9235862,42.3421076],[-76.9235852,42.3420986],[-76.9235841,42.3420896],[-76.9235829,42.3420805],[-76.9235816,42.3420713],[-76.9235803,42.342062],[-76.923579,42.3420527],[-76.9235777,42.3420432],[-76.9235763,42.3420338],[-76.9235746,42.3420243],[-76.9235729,42.3420149],[-76.9235712,42.3420056],[-76.9235695,42.3419964],[-76.9235678,42.3419874],[-76.9235658,42.3419784],[-76.9235639,42.3419695],[-76.9235619,42.3419606],[-76.92356,42.3419516],[-76.923558,42.3419425],[-76.9235559,42.3419333],[-76.9235534,42.3419241],[-76.9235509,42.3419148],[-76.9235485,42.3419057],[-76.923546,42.3418967]],[[-76.9235173,42.3418048],[-76.9235134,42.3417958],[-76.9235095,42.3417868],[-76.9235057,42.3417779],[-76.9235018,42.3417689],[-76.9234977,42.3417601],[-76.9234936,42.3417514],[-76.9234896,42.3417427],[-76.9234856,42.3417341],[-76.9234816,42.3417255],[-76.9234772,42.3417169],[-76.9234728,42.3417082]],[[-76.923418,42.3416051],[-76.9234134,42.3415964],[-76.9234084,42.3415879],[-76.9234035,42.3415794],[-76.9233987,42.3415709],[-76.9233938,42.3415625],[-76.9233889,42.341554],[-76.9233837,42.3415456],[-76.9233785,42.3415371],[-76.9233733,42.3415288],[-76.9233681,42.3415205],[-76.923363,42.3415122],[-76.9233578,42.3415038],[-76.9233526,42.3414954],[-76.923347,42.3414871],[-76.9233414,42.3414788],[-76.9233359,42.3414705],[-76.9233303,42.3414622],[-76.9233248,42.3414539],[-76.9233192,42.3414456],[-76.9233136,42.3414372],[-76.9233075,42.341429],[-76.9233015,42.3414209],[-76.9232956,42.3414128],[-76.9232896,42.3414046],[-76.9232836,42.3413965],[-76.9232775,42.3413883]],[[-76.9231996,42.3412935],[-76.9231929,42.3412858],[-76.9231861,42.3412781],[-76.9231792,42.3412703],[-76.923172,42.3412626],[-76.9231649,42.341255]],[[-76.9231366,42.3412248],[-76.9231295,42.3412172],[-76.923122,42.3412097],[-76.9231146,42.3412023],[-76.9231073,42.341195]],[[-76.9230781,42.3411657],[-76.9230703,42.3411584],[-76.9230625,42.3411511],[-76.9230547,42.3411438],[-76.9230468,42.3411364],[-76.923039,42.3411291],[-76.9230312,42.3411218],[-76.9230233,42.3411144],[-76.9230152,42.3411073],[-76.9230071,42.3411002],[-76.9229991,42.3410932],[-76.9229912,42.3410863],[-76.9229833,42.3410793],[-76.9229753,42.3410723],[-76.9229672,42.3410652],[-76.9229588,42.3410582],[-76.9229504,42.3410513],[-76.9229421,42.3410444]],[[-76.9224983,42.3407432],[-76.9224897,42.3407372],[-76.9224811,42.3407313],[-76.9224726,42.3407253],[-76.9224644,42.3407189],[-76.9224561,42.3407125],[-76.9224478,42.340706],[-76.9224394,42.3406994],[-76.9224309,42.3406928],[-76.9224223,42.3406861],[-76.9224135,42.3406793],[-76.9224046,42.3406723],[-76.9223953,42.3406656],[-76.9223859,42.3406587],[-76.9223763,42.3406518],[-76.9223663,42.3406452],[-76.9223562,42.3406387],[-76.9223461,42.3406325],[-76.9223363,42.3406265]],[[-76.9220983,42.3404766],[-76.922088,42.340471],[-76.9220778,42.3404655],[-76.9220676,42.34046],[-76.9220573,42.3404548],[-76.922047,42.3404497],[-76.9220368,42.3404446],[-76.9220266,42.3404395],[-76.9220165,42.3404344],[-76.9220064,42.3404294],[-76.9219964,42.3404244],[-76.9219863,42.3404193],[-76.9219763,42.3404143],[-76.9219664,42.3404094],[-76.9219568,42.3404044],[-76.9219478,42.3403991],[-76.9219389,42.3403939],[-76.9219301,42.3403888],[-76.9219213,42.3403837]],[[-76.921365,42.3398832],[-76.9213584,42.3398758],[-76.9213519,42.3398684],[-76.9213454,42.3398611],[-76.921339,42.3398538],[-76.9213326,42.3398465]],[[-76.9212713,42.339771],[-76.9212655,42.3397633],[-76.9212597,42.3397556],[-76.9212538,42.3397479],[-76.9212479,42.33974],[-76.921242,42.3397322],[-76.9212361,42.3397244]],[[-76.9211796,42.3396464],[-76.9211739,42.3396384],[-76.9211683,42.3396305],[-76.9211627,42.3396227],[-76.9211572,42.3396149]],[[-76.9211467,42.3395992],[-76.9211415,42.3395913],[-76.9211361,42.3395834],[-76.9211308,42.3395754],[-76.9211255,42.3395674],[-76.9211202,42.3395594]],[[-76.9208113,42.3388654],[-76.9208093,42.3388567],[-76.9208073,42.3388481],[-76.9208053,42.3388393],[-76.9208032,42.3388305],[-76.9208012,42.3388216],[-76.9207991,42.3388128],[-76.9207971,42.3388039],[-76.920795,42.338795],[-76.920793,42.3387862],[-76.920791,42.3387774],[-76.9207892,42.3387686],[-76.9207875,42.3387598],[-76.9207857,42.3387512],[-76.920784,42.3387425],[-76.9207822,42.3387338],[-76.9207805,42.3387251],[-76.9207788,42.3387165],[-76.920777,42.3387078],[-76.9207756,42.338699],[-76.9207741,42.3386903],[-76.9207726,42.3386815],[-76.9207711,42.3386726]],[[-76.9207459,42.3384147],[-76.9207452,42.3384058],[-76.9207444,42.3383969],[-76.9207436,42.338388],[-76.9207429,42.3383793],[-76.9207421,42.3383706],[-76.9207414,42.3383619],[-76.9207406,42.3383531],[-76.9207401,42.3383443],[-76.9207396,42.3383354],[-76.920739,42.3383264],[-76.9207385,42.3383174],[-76.920738,42.3383085],[-76.9207374,42.3382995],[-76.9207369,42.3382907],[-76.9207364,42.3382819],[-76.9207358,42.3382731],[-76.9207353,42.3382644],[-76.9207348,42.3382556],[-76.9207343,42.3382467],[-76.920734,42.3382378],[-76.9207337,42.3382288],[-76.9207334,42.3382198],[-76.9207332,42.3382108],[-76.9207329,42.3382019],[-76.9207326,42.338193],[-76.9207324,42.3381842],[-76.9207323,42.3381754],[-76.9207322,42.3381666],[-76.9207322,42.3381578],[-76.9207321,42.3381489],[-76.920732,42.3381399],[-76.920732,42.3381309],[-76.9207319,42.3381219],[-76.9207318,42.3381129],[-76.9207318,42.3381039],[-76.9207317,42.3380949],[-76.9207316,42.3380859],[-76.9207315,42.3380769],[-76.9207315,42.3380679],[-76.9207314,42.3380589],[-76.9207312,42.3380499],[-76.920731,42.3380409],[-76.9207308,42.3380319],[-76.9207306,42.3380229],[-76.9207304,42.3380139],[-76.9207302,42.3380049],[-76.92073,42.3379958],[-76.9207298,42.3379867]],[[-76.9207295,42.3379685],[-76.9207293,42.3379593],[-76.9207291,42.3379502],[-76.9207289,42.3379412],[-76.9207285,42.3379321],[-76.9207282,42.3379231],[-76.9207279,42.337914],[-76.9207275,42.3379049],[-76.9207272,42.3378958],[-76.9207269,42.3378868],[-76.9207265,42.3378777],[-76.9207262,42.3378686],[-76.9207259,42.3378596],[-76.9207255,42.3378506],[-76.9207252,42.3378416],[-76.9207249,42.3378326],[-76.9207246,42.3378236],[-76.9207242,42.3378146],[-76.9207239,42.3378056],[-76.9207236,42.3377966],[-76.9207232,42.3377876],[-76.9207229,42.3377786],[-76.9207226,42.3377696],[-76.9207223,42.3377606],[-76.9207219,42.3377516],[-76.9207216,42.3377425],[-76.9207212,42.3377334],[-76.9207208,42.3377243],[-76.9207203,42.3377152],[-76.9207198,42.3377061],[-76.9207194,42.3376971],[-76.9207189,42.337688],[-76.9207184,42.337679],[-76.920718,42.33767],[-76.9207175,42.337661],[-76.920717,42.337652],[-76.9207166,42.337643],[-76.9207161,42.337634],[-76.9207156,42.337625],[-76.9207152,42.3376161],[-76.9207147,42.3376071],[-76.9207142,42.3375981],[-76.9207138,42.3375891],[-76.9207133,42.3375801],[-76.9207128,42.3375711],[-76.9207124,42.3375621],[-76.9207119,42.3375531],[-76.9207114,42.3375441],[-76.920711,42.3375351],[-76.9207105,42.3375261],[-76.92071,42.3375171],[-76.9207096,42.3375081],[-76.9207091,42.3374991],[-76.9207086,42.3374901],[-76.9207082,42.3374811],[-76.9207077,42.3374721],[-76.9207072,42.3374631],[-76.9207068,42.3374541],[-76.9207063,42.3374451],[-76.9207059,42.3374361],[-76.9207054,42.3374271],[-76.9207049,42.3374181],[-76.9207045,42.3374091],[-76.920704,42.3374001],[-76.9207035,42.3373911],[-76.9207031,42.3373821],[-76.9207026,42.3373731],[-76.9207021,42.3373641],[-76.9207017,42.3373551],[-76.9207012,42.3373462],[-76.9207007,42.3373372],[-76.9207003,42.3373282],[-76.9206998,42.3373192],[-76.9206993,42.3373102],[-76.9206989,42.3373012],[-76.9206984,42.3372922],[-76.9206979,42.3372832],[-76.9206975,42.3372742],[-76.920697,42.3372652],[-76.9206965,42.3372562],[-76.9206961,42.3372472],[-76.9206956,42.3372382],[-76.9206951,42.3372292],[-76.9206947,42.3372202],[-76.9206942,42.3372112],[-76.9206937,42.3372022],[-76.9206933,42.3371932],[-76.9206928,42.3371842],[-76.9206923,42.3371752],[-76.9206919,42.3371662],[-76.9206914,42.3371572],[-76.920691,42.3371482],[-76.9206905,42.3371392],[-76.92069,42.3371302],[-76.9206896,42.3371212],[-76.9206891,42.3371122],[-76.9206886,42.3371032],[-76.9206882,42.3370942],[-76.9206877,42.3370852],[-76.9206872,42.3370763],[-76.9206868,42.3370673],[-76.9206863,42.3370583],[-76.9206858,42.3370493],[-76.9206854,42.3370403],[-76.9206849,42.3370313],[-76.9206844,42.3370223],[-76.920684,42.3370133],[-76.9206835,42.3370043],[-76.920683,42.3369953],[-76.9206826,42.3369863],[-76.9206821,42.3369773],[-76.9206816,42.3369683],[-76.9206812,42.3369593],[-76.9206807,42.3369503],[-76.9206802,42.3369413],[-76.9206798,42.3369323],[-76.9206793,42.3369233],[-76.9206788,42.3369143],[-76.9206784,42.3369053],[-76.9206779,42.3368963],[-76.9206774,42.3368873],[-76.920677,42.3368783],[-76.9206765,42.3368693],[-76.9206761,42.3368603],[-76.9206756,42.3368513],[-76.9206751,42.3368423],[-76.9206747,42.3368333],[-76.9206742,42.3368243],[-76.9206737,42.3368153],[-76.9206733,42.3368064],[-76.9206728,42.3367974],[-76.9206723,42.3367884],[-76.9206719,42.3367794],[-76.9206714,42.3367704],[-76.9206709,42.3367614],[-76.9206705,42.3367524],[-76.92067,42.3367434],[-76.9206695,42.3367344],[-76.9206691,42.3367254],[-76.9206686,42.3367164],[-76.9206681,42.3367074],[-76.9206677,42.3366984],[-76.9206672,42.3366894],[-76.9206667,42.3366804],[-76.9206663,42.3366714],[-76.9206658,42.3366624],[-76.9206653,42.3366534],[-76.9206649,42.3366444]],[[-76.9206635,42.3366174],[-76.920663,42.3366084],[-76.9206626,42.3365994],[-76.9206621,42.3365904],[-76.9206616,42.3365814],[-76.9206612,42.3365724],[-76.9206607,42.3365634],[-76.9206602,42.3365545],[-76.9206598,42.3365455],[-76.9206593,42.3365365],[-76.9206588,42.3365275],[-76.9206584,42.3365186],[-76.920658,42.3365096],[-76.9206576,42.3365006],[-76.9206572,42.3364916],[-76.9206568,42.3364827],[-76.9206564,42.3364737],[-76.920656,42.3364647],[-76.9206556,42.3364557],[-76.9206552,42.3364467],[-76.9206548,42.3364377],[-76.9206544,42.3364287],[-76.920654,42.3364197],[-76.9206536,42.3364107],[-76.9206532,42.3364017],[-76.9206528,42.3363927],[-76.9206524,42.3363837],[-76.920652,42.3363747],[-76.9206516,42.3363657],[-76.9206512,42.3363567],[-76.9206508,42.3363477],[-76.9206504,42.3363387],[-76.92065,42.3363297],[-76.9206496,42.3363207],[-76.9206492,42.3363117],[-76.9206488,42.3363027],[-76.9206484,42.3362937],[-76.920648,42.3362847],[-76.9206476,42.3362757],[-76.9206471,42.3362667],[-76.9206467,42.3362577],[-76.9206463,42.3362487],[-76.9206459,42.3362397],[-76.9206455,42.3362307],[-76.9206451,42.3362217],[-76.9206447,42.3362127],[-76.9206443,42.3362037],[-76.9206439,42.3361947],[-76.9206435,42.3361857],[-76.9206431,42.3361767],[-76.9206427,42.3361677],[-76.9206423,42.3361587],[-76.9206419,42.3361497],[-76.9206415,42.3361407],[-76.9206411,42.3361317],[-76.9206407,42.3361227],[-76.9206403,42.3361137],[-76.9206399,42.3361047],[-76.9206395,42.3360957],[-76.9206391,42.3360867],[-76.9206387,42.3360777],[-76.9206383,42.3360687],[-76.9206379,42.3360597],[-76.9206375,42.3360507],[-76.9206371,42.3360417],[-76.9206367,42.3360327],[-76.9206363,42.3360237],[-76.9206359,42.3360147],[-76.9206355,42.3360057],[-76.9206351,42.3359967],[-76.9206346,42.3359877],[-76.9206342,42.3359787],[-76.9206338,42.3359697],[-76.9206334,42.3359608],[-76.920633,42.3359518],[-76.9206326,42.3359428],[-76.9206322,42.3359338],[-76.9206318,42.3359248],[-76.9206314,42.3359158],[-76.920631,42.3359068],[-76.9206306,42.3358978],[-76.9206302,42.3358888],[-76.9206298,42.3358798],[-76.9206294,42.3358708],[-76.920629,42.3358618],[-76.9206286,42.3358528],[-76.9206282,42.3358438],[-76.9206278,42.3358348],[-76.9206274,42.3358258],[-76.920627,42.3358168],[-76.9206266,42.3358078],[-76.9206262,42.3357988],[-76.9206258,42.3357898],[-76.9206254,42.3357808],[-76.920625,42.3357718],[-76.9206246,42.3357628],[-76.9206242,42.3357538],[-76.9206238,42.3357448],[-76.9206234,42.3357358],[-76.920623,42.3357268],[-76.9206226,42.3357178],[-76.9206221,42.3357088],[-76.9206217,42.3356998],[-76.9206213,42.3356908],[-76.9206209,42.3356818],[-76.9206205,42.3356728],[-76.9206201,42.3356638],[-76.9206197,42.3356548],[-76.9206193,42.3356458],[-76.9206189,42.3356368],[-76.9206185,42.3356278],[-76.9206181,42.3356188],[-76.9206177,42.3356098],[-76.9206173,42.3356008],[-76.9206169,42.3355918],[-76.9206165,42.3355828],[-76.9206161,42.3355738],[-76.9206157,42.3355648],[-76.9206153,42.3355558],[-76.9206149,42.3355468],[-76.9206145,42.3355378],[-76.9206141,42.3355288],[-76.9206137,42.3355198],[-76.9206133,42.3355108],[-76.9206129,42.3355018],[-76.9206125,42.3354928],[-76.9206121,42.3354838],[-76.9206117,42.3354748],[-76.9206113,42.3354658],[-76.9206109,42.3354568],[-76.9206105,42.3354478],[-76.92061,42.3354388],[-76.9206096,42.3354298],[-76.9206092,42.3354208],[-76.9206088,42.3354119],[-76.9206084,42.3354029],[-76.920608,42.3353939],[-76.9206076,42.3353849],[-76.9206072,42.3353759],[-76.9206068,42.3353669],[-76.9206064,42.3353579],[-76.920606,42.3353489],[-76.9206056,42.3353399],[-76.9206052,42.3353309],[-76.9206048,42.3353219],[-76.9206044,42.3353129],[-76.920604,42.3353039],[-76.9206036,42.3352949],[-76.9206032,42.3352859],[-76.9206028,42.3352769],[-76.9206024,42.3352679],[-76.920602,42.3352589],[-76.9206016,42.3352499],[-76.9206012,42.3352409],[-76.9206008,42.3352319],[-76.9206004,42.3352229],[-76.9206,42.3352139],[-76.9205996,42.3352049],[-76.9205992,42.3351959],[-76.9205988,42.3351869],[-76.9205984,42.3351779],[-76.920598,42.3351689],[-76.9205975,42.3351599],[-76.9205971,42.3351509],[-76.9205967,42.3351419],[-76.9205963,42.3351329],[-76.9205959,42.3351239],[-76.9205955,42.3351149],[-76.9205951,42.3351059],[-76.9205947,42.3350969],[-76.9205943,42.3350879],[-76.9205939,42.3350789],[-76.9205935,42.3350699],[-76.9205931,42.3350609],[-76.9205927,42.3350519],[-76.9205923,42.3350429],[-76.9205919,42.3350339],[-76.9205915,42.3350249],[-76.9205911,42.3350159],[-76.9205907,42.3350069],[-76.9205903,42.3349979],[-76.9205899,42.3349889],[-76.9205895,42.3349799],[-76.9205891,42.3349709],[-76.9205887,42.3349619],[-76.9205883,42.3349529],[-76.9205879,42.3349439],[-76.9205875,42.3349349],[-76.9205871,42.3349259],[-76.9205867,42.3349169],[-76.9205863,42.3349079],[-76.9205859,42.3348989],[-76.9205855,42.3348899],[-76.920585,42.3348809],[-76.9205846,42.3348719],[-76.9205842,42.334863],[-76.9205838,42.334854],[-76.9205834,42.334845],[-76.920583,42.334836],[-76.9205826,42.334827],[-76.9205822,42.334818],[-76.9205818,42.334809],[-76.9205814,42.3348],[-76.920581,42.334791],[-76.9205806,42.334782],[-76.9205802,42.334773],[-76.9205798,42.334764],[-76.9205794,42.334755],[-76.920579,42.334746],[-76.9205786,42.334737],[-76.9205782,42.334728],[-76.9205778,42.334719],[-76.9205774,42.33471],[-76.920577,42.334701],[-76.9205766,42.334692],[-76.9205762,42.334683],[-76.9205758,42.334674],[-76.9205754,42.334665],[-76.920575,42.334656],[-76.9205746,42.334647],[-76.9205742,42.334638],[-76.9205738,42.334629],[-76.9205734,42.33462],[-76.9205729,42.334611],[-76.9205725,42.334602],[-76.9205721,42.334593],[-76.9205717,42.334584],[-76.9205713,42.334575],[-76.9205709,42.334566],[-76.9205705,42.334557],[-76.9205701,42.334548],[-76.9205697,42.334539],[-76.9205693,42.33453],[-76.9205689,42.334521],[-76.9205685,42.334512],[-76.9205681,42.334503],[-76.9205677,42.334494],[-76.9205673,42.334485],[-76.9205669,42.334476],[-76.9205665,42.334467],[-76.9205661,42.334458],[-76.9205657,42.334449]],[[-76.9205649,42.334431],[-76.9205645,42.334422],[-76.9205641,42.334413],[-76.9205637,42.334404],[-76.9205633,42.334395],[-76.9205629,42.334386],[-76.9205625,42.334377],[-76.9205621,42.334368],[-76.9205617,42.334359],[-76.9205613,42.33435],[-76.9205609,42.334341],[-76.9205604,42.334332],[-76.92056,42.334323],[-76.9205596,42.3343141],[-76.9205592,42.3343051],[-76.9205588,42.3342961],[-76.9205584,42.3342871],[-76.920558,42.3342781],[-76.9205576,42.3342691],[-76.9205572,42.3342601],[-76.9205568,42.3342511],[-76.9205564,42.3342421],[-76.920556,42.3342331],[-76.9205556,42.3342241],[-76.9205552,42.3342151],[-76.9205548,42.3342061],[-76.9205544,42.3341971],[-76.920554,42.3341881],[-76.9205536,42.3341791],[-76.9205532,42.3341701],[-76.9205528,42.3341611],[-76.9205524,42.3341521],[-76.920552,42.3341431],[-76.9205516,42.3341341],[-76.9205512,42.3341251],[-76.9205508,42.3341161],[-76.9205504,42.3341071],[-76.92055,42.3340981],[-76.9205496,42.3340891],[-76.9205492,42.3340801],[-76.9205488,42.3340711],[-76.9205483,42.3340621],[-76.9205479,42.3340531],[-76.9205475,42.334044],[-76.9205471,42.334035],[-76.9205467,42.3340259],[-76.9205462,42.3340168],[-76.9205457,42.3340078],[-76.9205452,42.3339987],[-76.9205447,42.3339897],[-76.9205442,42.3339807],[-76.9205437,42.3339717],[-76.9205432,42.3339627],[-76.9205427,42.3339537],[-76.9205422,42.3339447],[-76.9205417,42.3339357],[-76.9205412,42.3339267],[-76.9205407,42.3339177],[-76.9205402,42.3339087],[-76.9205397,42.3338997],[-76.9205392,42.3338907],[-76.9205387,42.3338818],[-76.9205382,42.3338728],[-76.9205377,42.3338638],[-76.9205372,42.3338549],[-76.9205367,42.333846],[-76.9205362,42.3338372],[-76.9205358,42.3338284],[-76.9205355,42.3338196],[-76.9205352,42.3338108]],[[-76.9206146,42.3335136],[-76.9206199,42.3335068],[-76.9206256,42.3335003],[-76.9206313,42.3334939],[-76.920637,42.3334875],[-76.9206436,42.3334814],[-76.9206503,42.3334752],[-76.9206571,42.3334689],[-76.920664,42.3334625],[-76.920671,42.3334561],[-76.9206785,42.3334499],[-76.920686,42.3334437],[-76.9206936,42.3334374],[-76.9207012,42.3334311],[-76.9207088,42.3334247],[-76.9207163,42.3334185],[-76.9207238,42.3334122],[-76.9207312,42.3334058],[-76.9207387,42.3333992],[-76.9207464,42.3333925],[-76.9207543,42.3333857],[-76.9207623,42.3333786],[-76.9207703,42.3333712],[-76.9207785,42.3333636],[-76.920787,42.3333557],[-76.9207956,42.3333477],[-76.9208042,42.3333397],[-76.9208123,42.3333314],[-76.9208203,42.3333231],[-76.9208282,42.3333149],[-76.9208359,42.3333064],[-76.9208436,42.3332978],[-76.9208507,42.3332889]],[[-76.9204351,42.3317129],[-76.9204341,42.3317039],[-76.9204332,42.3316949],[-76.9204322,42.3316859],[-76.9204315,42.3316769],[-76.9204308,42.3316678],[-76.9204301,42.3316588],[-76.9204294,42.3316497],[-76.9204287,42.3316405],[-76.920428,42.3316314],[-76.9204273,42.3316223],[-76.9204266,42.3316132],[-76.920426,42.3316042],[-76.9204253,42.3315952],[-76.9204246,42.3315862],[-76.9204246,42.3315772],[-76.9204246,42.3315681],[-76.9204247,42.3315591],[-76.9204251,42.3315501],[-76.9204255,42.331541],[-76.9204259,42.3315318],[-76.9204263,42.3315224],[-76.9204268,42.3315127],[-76.9204272,42.3315027],[-76.9204277,42.3314925],[-76.9204282,42.3314822],[-76.9204285,42.3314719],[-76.9204285,42.3314618],[-76.9204286,42.3314519],[-76.9204286,42.3314423],[-76.9204286,42.331433],[-76.9204286,42.3314239],[-76.9204287,42.3314151],[-76.9204287,42.3314065],[-76.9204286,42.3313981],[-76.9204283,42.3313897],[-76.9204279,42.3313813],[-76.9204275,42.3313728],[-76.9204267,42.3313644],[-76.920426,42.3313561],[-76.9204253,42.3313479],[-76.9204246,42.3313397],[-76.9204239,42.3313315],[-76.9204232,42.331323],[-76.9204225,42.3313145],[-76.9204219,42.3313061],[-76.9204214,42.3312977],[-76.9204209,42.3312893],[-76.9204204,42.3312808],[-76.9204199,42.3312721],[-76.9204196,42.3312634]],[[-76.9204199,42.3311871],[-76.9204202,42.3311788],[-76.9204206,42.3311705],[-76.9204212,42.3311622],[-76.9204219,42.3311539],[-76.9204226,42.3311455],[-76.9204233,42.331137],[-76.9204244,42.3311284],[-76.9204255,42.3311197],[-76.9204266,42.331111],[-76.9204277,42.3311025],[-76.9204287,42.3310943],[-76.9204297,42.3310864],[-76.9204307,42.3310788],[-76.9204316,42.3310714],[-76.9204326,42.3310641],[-76.9204335,42.3310567],[-76.9204348,42.3310492],[-76.9204361,42.3310414],[-76.9204375,42.3310332],[-76.9204394,42.3310247],[-76.9204413,42.3310161],[-76.9204432,42.3310076],[-76.9204451,42.3309992],[-76.9204473,42.3309914],[-76.9204494,42.3309841],[-76.9204513,42.3309773],[-76.9204531,42.3309709],[-76.9204554,42.3309648],[-76.9204578,42.3309588],[-76.9204602,42.3309527],[-76.9204628,42.3309464],[-76.9204657,42.3309398],[-76.9204693,42.3309331],[-76.9204731,42.3309261],[-76.9204774,42.3309189],[-76.9204823,42.3309114],[-76.9204875,42.3309037],[-76.9204931,42.3308959],[-76.9204991,42.330888],[-76.920505,42.3308801],[-76.9205114,42.3308724],[-76.9205177,42.3308647],[-76.9205241,42.330857],[-76.9205305,42.3308493],[-76.920537,42.3308415],[-76.9205435,42.3308336],[-76.9205501,42.3308256],[-76.9205568,42.3308177],[-76.920564,42.3308099],[-76.9205711,42.3308022],[-76.9205782,42.3307947],[-76.9205854,42.3307873],[-76.9205926,42.33078],[-76.9205997,42.3307727],[-76.9206068,42.3307655],[-76.9206138,42.3307583],[-76.9206207,42.3307512],[-76.9206276,42.3307442],[-76.9206345,42.3307372],[-76.9206413,42.3307302]],[[-76.9210298,42.3304517],[-76.9210391,42.3304469],[-76.9210485,42.3304421],[-76.9210579,42.3304373],[-76.9210676,42.3304329],[-76.9210775,42.3304285],[-76.9210873,42.3304241]],[[-76.9230862,42.3309118],[-76.923095,42.3309193],[-76.9231041,42.3309271],[-76.9231142,42.3309349],[-76.9231246,42.3309429],[-76.9231353,42.3309511],[-76.9231472,42.3309586],[-76.9231592,42.330966],[-76.9231712,42.3309734],[-76.923184,42.3309799],[-76.9231965,42.3309863],[-76.9232084,42.3309925],[-76.9232197,42.3309982],[-76.9232299,42.3310035],[-76.9232392,42.3310082],[-76.9232474,42.3310127],[-76.9232549,42.331017]],[[-76.9235413,42.3312877],[-76.9235486,42.3312954],[-76.923556,42.3313029],[-76.9235634,42.3313106],[-76.9235709,42.3313183],[-76.9235785,42.3313261],[-76.923586,42.3313338],[-76.9235935,42.3313415],[-76.9236008,42.331349],[-76.923608,42.3313564],[-76.9236152,42.3313638],[-76.9236224,42.3313712],[-76.9236297,42.3313787],[-76.9236374,42.3313861],[-76.9236452,42.3313936],[-76.923653,42.3314011],[-76.9236606,42.3314085],[-76.9236682,42.3314159],[-76.9236758,42.3314231],[-76.9236832,42.3314303],[-76.923691,42.3314374],[-76.9236989,42.3314446],[-76.9237067,42.3314518],[-76.9237146,42.331459],[-76.9237224,42.3314661],[-76.9237302,42.3314732],[-76.9237379,42.3314802],[-76.9237456,42.3314872],[-76.9237532,42.3314942],[-76.9237609,42.3315012],[-76.9237685,42.3315082],[-76.9237763,42.3315151],[-76.9237841,42.331522],[-76.9237918,42.331529],[-76.9237996,42.3315359],[-76.9238074,42.3315428],[-76.9238151,42.3315497],[-76.9238229,42.3315566],[-76.9238307,42.3315635],[-76.9238384,42.3315705],[-76.9238462,42.3315774],[-76.923854,42.3315843],[-76.9238618,42.3315912],[-76.9238696,42.3315982],[-76.9238774,42.3316052],[-76.9238852,42.3316122],[-76.9238931,42.3316191],[-76.9239009,42.3316261],[-76.9239087,42.3316331],[-76.9239166,42.3316399],[-76.9239244,42.3316468],[-76.9239323,42.3316537],[-76.9239401,42.3316606],[-76.923948,42.3316674],[-76.9239558,42.3316743],[-76.9239636,42.3316812],[-76.9239715,42.331688],[-76.9239793,42.3316949],[-76.9239872,42.3317018],[-76.923995,42.3317086],[-76.9240029,42.3317155],[-76.9240108,42.3317224],[-76.9240187,42.3317294],[-76.9240267,42.3317363],[-76.9240347,42.3317434],[-76.9240427,42.3317504],[-76.9240509,42.3317572],[-76.924059,42.3317641]],[[-76.9240752,42.3317778],[-76.9240834,42.3317846],[-76.9240915,42.3317915],[-76.9240997,42.3317983],[-76.9241079,42.331805],[-76.9241161,42.3318117],[-76.9241242,42.3318184],[-76.9241323,42.3318251],[-76.9241405,42.3318318],[-76.9241486,42.3318385],[-76.9241567,42.3318452],[-76.9241648,42.3318519],[-76.9241729,42.3318586],[-76.9241811,42.3318653],[-76.9241892,42.3318719],[-76.9241973,42.3318786],[-76.9242054,42.3318853],[-76.9242135,42.331892],[-76.9242216,42.3318986],[-76.9242296,42.3319052],[-76.9242376,42.3319118],[-76.9242455,42.3319183],[-76.9242532,42.3319249],[-76.9242609,42.3319316],[-76.9242686,42.3319383],[-76.9242764,42.331945],[-76.9242841,42.3319517],[-76.9242918,42.3319584],[-76.9242995,42.331965],[-76.9243073,42.3319717],[-76.9243151,42.3319785],[-76.9243227,42.3319854],[-76.9243304,42.3319923],[-76.9243381,42.3319993],[-76.9243459,42.3320062]],[[-76.9243613,42.3320202],[-76.924369,42.3320271],[-76.9243768,42.3320341],[-76.9243846,42.3320411],[-76.9243924,42.3320481],[-76.9244001,42.3320551],[-76.9244079,42.3320621],[-76.9244156,42.3320691],[-76.9244233,42.332076],[-76.924431,42.332083],[-76.9244387,42.3320899],[-76.9244464,42.3320969],[-76.9244542,42.3321039],[-76.9244619,42.3321108],[-76.9244696,42.3321177],[-76.9244773,42.3321247],[-76.9244849,42.3321316],[-76.9244925,42.3321384],[-76.9245,42.3321452],[-76.9245075,42.332152],[-76.924515,42.3321587],[-76.9245222,42.3321657],[-76.9245295,42.3321727],[-76.9245369,42.3321798],[-76.9245443,42.3321869],[-76.9245516,42.332194],[-76.924559,42.3322011]],[[-76.924609,42.3322508],[-76.9246163,42.332258],[-76.9246236,42.3322653],[-76.924631,42.3322727],[-76.9246385,42.3322802],[-76.9246461,42.3322878],[-76.9246537,42.3322954],[-76.9246617,42.3323028],[-76.9246697,42.3323102],[-76.9246777,42.3323176],[-76.9246859,42.3323251],[-76.924694,42.3323326],[-76.9247021,42.33234],[-76.9247106,42.3323472],[-76.9247191,42.3323543],[-76.9247276,42.3323614],[-76.9247366,42.3323681],[-76.9247456,42.3323748]],[[-76.9256039,42.33262],[-76.9256171,42.3326184],[-76.92563,42.3326162],[-76.9256427,42.332614],[-76.9256553,42.3326119],[-76.9256679,42.3326097]],[[-76.9263816,42.3322217],[-76.9263873,42.3322128],[-76.9263931,42.3322039],[-76.9263988,42.3321949],[-76.9264045,42.3321859],[-76.9264094,42.3321767],[-76.9264144,42.3321675],[-76.9264193,42.3321583],[-76.9264241,42.3321492],[-76.9264281,42.3321399],[-76.926432,42.3321307],[-76.926436,42.3321216],[-76.9264399,42.3321125],[-76.9264438,42.3321034],[-76.9264472,42.3320942],[-76.9264505,42.3320852],[-76.9264538,42.3320762],[-76.9264571,42.3320673]],[[-76.9264637,42.3320493],[-76.9264665,42.33204],[-76.9264693,42.3320306],[-76.9264722,42.3320211],[-76.9264751,42.3320115],[-76.9264781,42.3320018]],[[-76.926495,42.3318648],[-76.926494,42.3318549],[-76.9264931,42.3318452],[-76.9264921,42.3318356],[-76.9264912,42.3318263],[-76.9264903,42.3318171]],[[-76.9264346,42.3311729],[-76.9264343,42.3311639],[-76.926434,42.331155],[-76.9264337,42.331146],[-76.9264334,42.331137],[-76.9264331,42.331128],[-76.9264328,42.331119],[-76.9264325,42.33111],[-76.9264322,42.331101],[-76.9264319,42.331092],[-76.9264316,42.331083],[-76.9264313,42.331074],[-76.926431,42.331065],[-76.9264306,42.331056],[-76.9264303,42.3310469],[-76.92643,42.3310379]],[[-76.9264101,42.3306954],[-76.9264096,42.3306863],[-76.926409,42.3306773],[-76.9264084,42.3306683],[-76.9264079,42.3306593],[-76.9264073,42.3306504],[-76.9264068,42.3306414],[-76.9264062,42.3306324],[-76.9264057,42.3306234],[-76.9264051,42.3306144],[-76.9264045,42.3306054],[-76.926404,42.3305964],[-76.9264034,42.3305874],[-76.9264029,42.3305784]],[[-76.9263883,42.3303536],[-76.9263877,42.3303446],[-76.9263871,42.3303356],[-76.9263865,42.3303266],[-76.9263859,42.3303176],[-76.9263853,42.3303086],[-76.9263846,42.3302996],[-76.926384,42.3302907],[-76.9263834,42.3302817],[-76.9263828,42.3302728],[-76.9263822,42.3302639],[-76.9263816,42.330255],[-76.9263812,42.3302461],[-76.9263808,42.3302371],[-76.9263804,42.3302282],[-76.92638,42.3302192],[-76.9263796,42.3302102],[-76.9263791,42.3302012],[-76.9263787,42.3301922],[-76.9263783,42.3301832],[-76.9263779,42.3301742],[-76.9263775,42.3301652],[-76.9263771,42.3301562],[-76.9263767,42.3301472],[-76.9263763,42.3301382],[-76.9263759,42.3301292],[-76.9263755,42.3301201],[-76.926375,42.330111],[-76.9263746,42.3301018],[-76.9263742,42.3300925],[-76.9263735,42.3300832],[-76.9263728,42.3300739],[-76.9263721,42.3300646],[-76.9263714,42.3300551],[-76.9263706,42.3300456],[-76.9263696,42.3300362],[-76.9263686,42.3300268],[-76.9263676,42.3300176]],[[-76.9263657,42.3299998],[-76.9263648,42.3299911],[-76.9263639,42.3299826],[-76.926363,42.3299742],[-76.9263621,42.329966],[-76.9263612,42.3299578],[-76.9263603,42.3299496],[-76.9263599,42.3299413],[-76.9263595,42.3299329],[-76.926359,42.3299244],[-76.9263586,42.3299157]],[[-76.9263572,42.3298881],[-76.9263567,42.3298785],[-76.9263563,42.329869],[-76.9263558,42.3298596],[-76.9263553,42.3298504],[-76.9263549,42.3298415],[-76.9263544,42.3298326],[-76.926354,42.3298238],[-76.9263535,42.329815],[-76.9263531,42.3298061],[-76.9263527,42.3297972],[-76.9263522,42.3297882],[-76.9263517,42.3297792],[-76.9263513,42.3297702]],[[-76.9263477,42.3296979],[-76.9263472,42.3296886],[-76.9263465,42.3296794],[-76.9263458,42.3296703],[-76.9263451,42.3296612],[-76.9263445,42.3296521],[-76.9263438,42.3296431],[-76.9263431,42.3296341],[-76.9263425,42.3296251],[-76.9263418,42.3296161],[-76.9263411,42.3296071],[-76.9263404,42.3295982],[-76.9263398,42.3295892],[-76.9263391,42.3295802],[-76.9263384,42.3295712],[-76.9263378,42.3295622],[-76.9263371,42.3295532],[-76.9263364,42.3295442],[-76.9263358,42.3295352]],[[-76.9263317,42.3294813],[-76.9263311,42.3294723],[-76.9263304,42.3294633],[-76.9263297,42.3294543],[-76.9263291,42.3294453],[-76.9263284,42.3294363],[-76.9263277,42.3294274],[-76.926327,42.3294184],[-76.9263264,42.3294094],[-76.9263257,42.3294004],[-76.926325,42.3293914],[-76.9263244,42.3293825],[-76.9263237,42.3293735],[-76.9263233,42.3293646],[-76.9263228,42.3293557],[-76.9263224,42.3293467],[-76.9263219,42.3293378],[-76.9263215,42.3293288],[-76.926321,42.3293198],[-76.9263206,42.3293108],[-76.9263202,42.3293018],[-76.9263197,42.3292928],[-76.9263193,42.3292838],[-76.9263188,42.3292748],[-76.9263184,42.3292658],[-76.9263179,42.3292568],[-76.9263175,42.3292478],[-76.926317,42.3292388],[-76.9263166,42.3292298],[-76.9263161,42.3292208],[-76.9263157,42.3292118],[-76.9263151,42.3292027],[-76.9263145,42.3291935],[-76.9263139,42.3291844],[-76.9263133,42.3291752],[-76.9263127,42.329166],[-76.9263121,42.3291569],[-76.9263115,42.3291479],[-76.9263109,42.3291389]],[[-76.9263091,42.3291119],[-76.9263085,42.329103],[-76.926308,42.3290941],[-76.9263076,42.3290853],[-76.9263073,42.3290767],[-76.926307,42.3290682],[-76.9263067,42.3290597],[-76.9263064,42.3290513],[-76.9263065,42.329043],[-76.9263067,42.3290347],[-76.9263068,42.3290264],[-76.9263069,42.329018],[-76.9263075,42.3290097]],[[-76.9263842,42.3287895],[-76.926389,42.3287824],[-76.9263937,42.3287753],[-76.926399,42.3287685],[-76.9264043,42.3287617],[-76.9264096,42.3287549],[-76.9264149,42.3287482],[-76.9264209,42.3287418],[-76.9264268,42.3287355],[-76.9264329,42.3287291],[-76.9264389,42.3287227],[-76.926445,42.3287162]],[[-76.9265027,42.3286676],[-76.9265104,42.3286618],[-76.9265184,42.3286565],[-76.9265264,42.3286512],[-76.9265343,42.3286459]],[[-76.9280642,42.3317549],[-76.9280652,42.3317639],[-76.9280663,42.3317728],[-76.9280673,42.3317819],[-76.9280684,42.3317909],[-76.9280694,42.3317999]],[[-76.9280715,42.331818],[-76.9280726,42.331827],[-76.9280736,42.331836],[-76.9280747,42.331845],[-76.9280757,42.331854],[-76.9280768,42.3318629],[-76.9280778,42.3318719],[-76.9280789,42.3318809],[-76.9280799,42.3318898],[-76.9280809,42.3318988],[-76.928082,42.3319078],[-76.928083,42.3319167],[-76.9280841,42.3319257],[-76.9280851,42.3319347],[-76.9280862,42.3319437],[-76.9280872,42.3319526],[-76.9280883,42.3319616],[-76.9280893,42.3319706],[-76.9280903,42.3319795],[-76.9280914,42.3319885],[-76.9280924,42.3319975],[-76.9280935,42.3320064]],[[-76.928256,42.3334514],[-76.928257,42.3334604],[-76.9282581,42.3334693],[-76.9282592,42.3334783],[-76.9282602,42.3334873],[-76.9282613,42.3334962],[-76.9282624,42.3335052],[-76.9282635,42.3335142]],[[-76.9274768,42.3342827],[-76.9274675,42.3342812],[-76.9274585,42.3342798],[-76.9274495,42.3342779],[-76.9274401,42.3342759],[-76.9274304,42.3342739],[-76.9274205,42.3342718],[-76.9274106,42.3342694],[-76.9274006,42.334267],[-76.9273903,42.3342645],[-76.9273796,42.3342618],[-76.9273684,42.3342591],[-76.9273568,42.3342562],[-76.9273449,42.3342533],[-76.9273329,42.3342504],[-76.9273209,42.3342478],[-76.9273091,42.3342452],[-76.927298,42.3342428],[-76.9272875,42.3342405],[-76.9272775,42.3342383],[-76.9272676,42.3342362],[-76.9272574,42.3342339],[-76.9272465,42.3342316],[-76.927235,42.3342291],[-76.9272228,42.3342264],[-76.9272101,42.3342236],[-76.9271969,42.3342208],[-76.9271837,42.3342179],[-76.9271708,42.3342152],[-76.9271584,42.3342126],[-76.9271467,42.3342102],[-76.9271354,42.3342078],[-76.9271247,42.3342056],[-76.9271142,42.3342034],[-76.9271041,42.3342013],[-76.9270943,42.3341992],[-76.927085,42.3341973],[-76.9270763,42.3341951],[-76.927068,42.334193],[-76.9270601,42.334191],[-76.9270524,42.3341891],[-76.9270448,42.3341869],[-76.9270372,42.3341845],[-76.9270293,42.334182],[-76.927021,42.3341793],[-76.9270126,42.3341759],[-76.9270035,42.3341722],[-76.9269938,42.3341681],[-76.9269841,42.3341634],[-76.9269744,42.3341583],[-76.9269648,42.3341528],[-76.9269551,42.3341474],[-76.9269454,42.3341419],[-76.9269356,42.3341363],[-76.9269256,42.3341307],[-76.9269155,42.334125],[-76.9269053,42.3341192]],[[-76.9260476,42.3337889],[-76.9260366,42.3337851],[-76.9260257,42.3337812],[-76.9260147,42.3337773],[-76.9260038,42.3337734],[-76.9259928,42.3337696],[-76.9259819,42.3337657],[-76.9259709,42.3337618],[-76.92596,42.3337579],[-76.925949,42.333754],[-76.9259381,42.3337502],[-76.9259271,42.3337463],[-76.9259162,42.3337424],[-76.9259052,42.3337385],[-76.9258942,42.3337347],[-76.9258833,42.3337308],[-76.9258723,42.3337269],[-76.9258614,42.333723],[-76.9258504,42.3337192],[-76.9258395,42.3337153],[-76.9258285,42.3337114],[-76.9258176,42.3337075],[-76.9258067,42.3337037],[-76.9257958,42.3336998],[-76.925785,42.333696],[-76.9257741,42.3336921],[-76.9257632,42.3336883],[-76.9257523,42.3336844],[-76.9257414,42.3336806],[-76.9257305,42.3336766],[-76.9257196,42.3336727],[-76.9257087,42.3336688],[-76.9256978,42.3336648],[-76.9256869,42.3336609],[-76.925676,42.3336569],[-76.9256651,42.333653],[-76.9256541,42.3336491],[-76.9256432,42.3336451],[-76.9256323,42.3336412],[-76.9256214,42.3336372],[-76.9256105,42.3336333],[-76.9255996,42.3336293],[-76.9255886,42.3336254],[-76.9255777,42.3336214],[-76.9255667,42.3336174],[-76.9255557,42.3336135],[-76.9255446,42.3336095],[-76.9255336,42.3336055],[-76.9255226,42.3336015],[-76.9255117,42.3335976],[-76.9255007,42.3335936],[-76.9254898,42.3335897],[-76.9254789,42.3335857],[-76.925468,42.3335818],[-76.9254571,42.3335778],[-76.9254462,42.3335739],[-76.9254353,42.33357],[-76.9254244,42.333566],[-76.9254135,42.3335621],[-76.9254025,42.3335581],[-76.9253916,42.3335542],[-76.9253807,42.3335502],[-76.9253699,42.3335463],[-76.925359,42.3335424],[-76.9253483,42.3335385],[-76.9253378,42.3335345],[-76.9253275,42.3335305],[-76.9253173,42.3335266],[-76.9253071,42.3335227],[-76.9252971,42.3335188],[-76.925287,42.3335149],[-76.9252769,42.333511],[-76.9252666,42.333507],[-76.9252559,42.3335029],[-76.9252449,42.3334986],[-76.9252336,42.3334943],[-76.9252219,42.3334898],[-76.9252099,42.3334854],[-76.9251977,42.3334811],[-76.9251854,42.3334768],[-76.925173,42.3334724],[-76.9251605,42.3334685],[-76.9251479,42.3334648],[-76.9251354,42.333461],[-76.9251227,42.3334577],[-76.92511,42.3334544],[-76.9250972,42.3334512],[-76.9250843,42.3334483],[-76.9250713,42.3334456],[-76.9250585,42.3334429],[-76.9250457,42.3334405],[-76.9250329,42.3334383],[-76.9250201,42.3334361],[-76.9250072,42.3334342],[-76.9249941,42.3334324],[-76.9249809,42.3334307],[-76.9249675,42.3334292],[-76.9249539,42.3334279],[-76.9249404,42.3334266],[-76.9249269,42.3334257],[-76.9249135,42.3334249],[-76.9249003,42.3334241],[-76.9248872,42.3334236],[-76.9248741,42.3334233],[-76.924861,42.333423],[-76.9248478,42.333423],[-76.9248343,42.3334232],[-76.9248207,42.3334234]],[[-76.924793,42.3334246],[-76.9247792,42.3334256],[-76.9247655,42.3334267],[-76.9247521,42.3334278],[-76.9247389,42.3334293],[-76.9247261,42.3334308],[-76.9247133,42.3334324],[-76.9247006,42.3334343],[-76.9246879,42.3334362],[-76.9246751,42.3334382],[-76.9246622,42.3334405],[-76.9246494,42.333443],[-76.9246365,42.3334454],[-76.9246237,42.3334482],[-76.9246109,42.3334511],[-76.9245982,42.333454],[-76.9245853,42.3334569],[-76.9245726,42.3334601],[-76.9245598,42.3334636]],[[-76.924394,42.3335307],[-76.9243829,42.3335364],[-76.924372,42.3335421],[-76.9243616,42.333548],[-76.9243514,42.3335539],[-76.9243414,42.3335597],[-76.9243316,42.3335656],[-76.9243218,42.3335716],[-76.9243117,42.3335778]],[[-76.9240915,42.333799],[-76.9240859,42.3338079],[-76.9240807,42.3338171],[-76.9240756,42.3338263],[-76.9240705,42.3338355],[-76.9240659,42.333845],[-76.9240614,42.3338545],[-76.9240569,42.333864],[-76.9240531,42.3338738],[-76.9240494,42.3338835],[-76.9240456,42.3338933],[-76.9240425,42.3339032]],[[-76.9240812,42.334265],[-76.9240836,42.3342739],[-76.924086,42.3342828],[-76.9240885,42.3342918],[-76.9240909,42.3343008],[-76.9240934,42.3343098],[-76.9240958,42.3343188],[-76.9240983,42.3343279]],[[-76.9241068,42.3343547],[-76.92411,42.3343635],[-76.9241132,42.3343723],[-76.9241163,42.3343811],[-76.9241195,42.3343898],[-76.9241226,42.3343984],[-76.9241257,42.334407],[-76.9241288,42.3344155],[-76.9241318,42.3344239],[-76.9241348,42.3344323],[-76.9241374,42.3344408],[-76.92414,42.3344495],[-76.9241426,42.3344582],[-76.9241452,42.3344669],[-76.9241478,42.3344757]],[[-76.9242407,42.3347558],[-76.9242432,42.3347647],[-76.9242457,42.3347735],[-76.9242482,42.3347823],[-76.9242507,42.3347911],[-76.9242531,42.3347997],[-76.9242555,42.3348082],[-76.9242579,42.3348166],[-76.92426,42.3348251],[-76.924262,42.3348336],[-76.9242641,42.3348422],[-76.9242662,42.3348509],[-76.9242678,42.3348596],[-76.9242693,42.3348682],[-76.9242707,42.3348767],[-76.9242716,42.3348853],[-76.9242723,42.3348939],[-76.9242727,42.3349027],[-76.924273,42.3349117],[-76.9242733,42.3349207],[-76.9242736,42.3349297],[-76.9242739,42.3349388],[-76.9242742,42.3349478],[-76.9242745,42.334957],[-76.924275,42.3349662],[-76.9242756,42.3349754],[-76.9242762,42.3349848],[-76.9242768,42.3349943],[-76.9242779,42.335004],[-76.9242792,42.3350141],[-76.9242806,42.3350246],[-76.9242828,42.3350354],[-76.9242854,42.3350465],[-76.9242891,42.3350574],[-76.924293,42.3350681],[-76.9242969,42.3350785],[-76.9243014,42.3350882],[-76.9243055,42.3350973],[-76.9243094,42.3351057],[-76.924313,42.3351136],[-76.9243164,42.3351211],[-76.9243198,42.3351284],[-76.9243231,42.3351358],[-76.9243266,42.3351432],[-76.9243297,42.3351508],[-76.9243328,42.3351585],[-76.9243359,42.3351662]],[[-76.9243522,42.335213],[-76.9243547,42.3352215],[-76.9243572,42.3352303],[-76.9243597,42.3352393],[-76.9243623,42.3352486],[-76.9243649,42.335258]],[[-76.9243943,42.3353264],[-76.9243996,42.3353347],[-76.9244045,42.3353424],[-76.9244093,42.3353499],[-76.9244135,42.3353574],[-76.9244178,42.3353649],[-76.924422,42.3353724],[-76.9244257,42.3353801],[-76.9244292,42.3353876],[-76.9244328,42.3353952],[-76.9244364,42.3354029],[-76.9244393,42.3354108]],[[-76.9246449,42.3361639],[-76.9246479,42.3361728],[-76.9246509,42.3361816],[-76.9246539,42.3361903],[-76.9246568,42.3361991],[-76.9246598,42.3362078],[-76.9246628,42.3362165],[-76.9246658,42.3362252],[-76.9246687,42.336234],[-76.9246717,42.3362427],[-76.9246747,42.3362514],[-76.9246777,42.3362602],[-76.9246806,42.3362689],[-76.9246836,42.3362776],[-76.9246866,42.3362863],[-76.9246895,42.336295],[-76.9246923,42.3363038],[-76.924695,42.3363125],[-76.9246977,42.3363211],[-76.9247004,42.3363298],[-76.9247031,42.3363385],[-76.9247058,42.3363472],[-76.9247086,42.3363558],[-76.9247112,42.3363644],[-76.9247136,42.336373],[-76.9247158,42.3363815],[-76.924718,42.33639],[-76.9247203,42.3363985],[-76.9247226,42.3364071],[-76.9247249,42.3364158],[-76.9247272,42.3364245],[-76.9247295,42.3364332],[-76.9247314,42.3364417],[-76.9247333,42.3364502],[-76.9247352,42.3364587],[-76.9247371,42.3364672],[-76.9247391,42.3364759],[-76.924741,42.3364847],[-76.924743,42.3364935],[-76.924745,42.3365025],[-76.9247471,42.3365115],[-76.9247491,42.3365208],[-76.9247513,42.3365303],[-76.9247534,42.33654],[-76.9247556,42.3365497],[-76.9247582,42.3365592],[-76.9247608,42.3365685],[-76.9247633,42.3365777],[-76.9247658,42.3365868],[-76.9247687,42.3365958],[-76.9247717,42.3366049],[-76.9247746,42.3366141],[-76.9247776,42.3366232],[-76.9247805,42.3366322],[-76.9247837,42.3366411],[-76.924787,42.3366501],[-76.9247904,42.3366593],[-76.9247942,42.3366687],[-76.9247982,42.3366783],[-76.9248022,42.336688],[-76.9248068,42.3366975],[-76.9248114,42.336707],[-76.9248159,42.3367163],[-76.9248204,42.3367256],[-76.9248249,42.3367347],[-76.9248293,42.3367437],[-76.9248341,42.3367526],[-76.924839,42.3367615],[-76.9248439,42.3367704],[-76.9248491,42.3367792],[-76.9248545,42.3367882],[-76.92486,42.3367972],[-76.9248659,42.3368061]],[[-76.9250602,42.3370244],[-76.9250684,42.3370312],[-76.925077,42.3370381],[-76.9250859,42.3370452],[-76.9250957,42.3370526],[-76.9251066,42.3370603],[-76.9251188,42.3370683],[-76.9251321,42.3370764],[-76.9251469,42.337084],[-76.9251625,42.3370915],[-76.9251793,42.337098],[-76.9251969,42.3371033],[-76.9252148,42.3371072],[-76.9252321,42.3371096],[-76.9252481,42.3371109],[-76.9252623,42.3371118],[-76.9252749,42.3371123],[-76.925286,42.3371127],[-76.9252962,42.3371131],[-76.9253061,42.3371135],[-76.9253157,42.3371146],[-76.9253252,42.3371163],[-76.9253352,42.3371182],[-76.9253452,42.3371208],[-76.9253555,42.3371238],[-76.9253662,42.3371269],[-76.9253769,42.3371304],[-76.9253877,42.3371342],[-76.9253987,42.337138],[-76.9254098,42.3371418],[-76.925421,42.3371457],[-76.9254325,42.3371496],[-76.9254441,42.3371537],[-76.9254559,42.3371578],[-76.9254678,42.3371619],[-76.9254799,42.3371661]],[[-76.9261965,42.3372487],[-76.9262088,42.3372491],[-76.926221,42.3372494],[-76.9262332,42.3372498],[-76.9262453,42.3372501],[-76.9262574,42.3372504],[-76.9262695,42.3372508],[-76.9262817,42.3372511],[-76.9262938,42.3372515],[-76.9263059,42.3372518],[-76.926318,42.3372521],[-76.9263302,42.3372525],[-76.9263423,42.3372528]],[[-76.9269832,42.337272],[-76.9269952,42.3372726],[-76.9270073,42.3372733],[-76.9270194,42.3372739],[-76.9270315,42.3372746],[-76.9270436,42.3372752]],[[-76.9278426,42.3373177],[-76.9278547,42.3373184],[-76.9278667,42.3373191],[-76.9278788,42.3373197],[-76.9278909,42.3373204],[-76.9279029,42.337321]],[[-76.9279751,42.337325],[-76.9279872,42.3373257],[-76.9279993,42.3373263],[-76.9280114,42.337327],[-76.9280235,42.3373276],[-76.9280356,42.3373283],[-76.9280477,42.337329],[-76.9280598,42.3373296]],[[-76.9289397,42.3383357],[-76.9289383,42.3383446],[-76.9289365,42.3383536],[-76.9289347,42.3383625],[-76.9289329,42.3383714]],[[-76.9289081,42.3384727],[-76.9289059,42.338481],[-76.9289036,42.3384894],[-76.9289013,42.3384982],[-76.9288989,42.3385072],[-76.9288964,42.3385164],[-76.9288944,42.3385261],[-76.9288924,42.3385359],[-76.9288904,42.3385458]],[[-76.9288749,42.3386331],[-76.9288738,42.338643],[-76.9288726,42.3386527],[-76.9288715,42.3386622],[-76.9288704,42.3386715],[-76.9288693,42.3386807],[-76.9288682,42.3386897]],[[-76.9288145,42.3391463],[-76.928819,42.3391592],[-76.9288239,42.3391716],[-76.9288297,42.3391836],[-76.9288359,42.339195],[-76.9288426,42.3392057],[-76.9288496,42.3392156],[-76.9288566,42.3392247],[-76.928863,42.339233],[-76.928869,42.3392407],[-76.9288745,42.3392479],[-76.9288797,42.3392545],[-76.9288844,42.3392607],[-76.9288884,42.3392667],[-76.9288922,42.3392721],[-76.9288956,42.3392771],[-76.9288982,42.3392818]],[[-76.9288706,42.3396702],[-76.92887,42.3396793],[-76.9288695,42.3396883],[-76.9288689,42.3396973],[-76.9288684,42.3397063],[-76.9288678,42.3397153]]]}},{"type":"Feature","properties":{"role":"start_finish","id":"start_finish","marker":0.0,"width_m":15.05,"quality":{"source":"naip","accuracy_m":2.1,"relative_accuracy_m":1.75,"measured":false,"date":"2019-09-18"}},"geometry":{"type":"LineString","coordinates":[[-76.9289424,42.3409809],[-76.9287602,42.3409721]]}},{"type":"Feature","properties":{"role":"pit_entry","id":"pit_entry","marker":0.94686,"width_m":18.48,"quality":{"source":"naip","accuracy_m":2.1,"relative_accuracy_m":1.75,"measured":false,"date":"2019-09-18"}},"geometry":{"type":"LineString","coordinates":[[-76.9291577,42.3383801],[-76.9289347,42.3383625]]}},{"type":"Feature","properties":{"role":"pit_exit","id":"pit_exit","marker":0.07812,"width_m":16.39,"quality":{"source":"naip","accuracy_m":2.1,"relative_accuracy_m":1.75,"measured":false,"date":"2019-09-18"}},"geometry":{"type":"LineString","coordinates":[[-76.9276046,42.3442964],[-76.927645,42.3441519]]}},{"type":"Feature","properties":{"role":"corner_entry","id":"t1-entry","marker":0.05978,"width_m":15.75,"quality":{"source":"naip","accuracy_m":1.19,"relative_accuracy_m":0.25,"measured":true,"date":"2019-09-18"},"corner":"t1"},"geometry":{"type":"LineString","coordinates":[[-76.9286818,42.3439278],[-76.9284911,42.3439181]]}},{"type":"Feature","properties":{"role":"corner_exit","id":"t1-exit","marker":0.07309,"width_m":13.91,"quality":{"source":"naip","accuracy_m":1.19,"relative_accuracy_m":0.25,"measured":true,"date":"2019-09-18"},"corner":"t1"},"geometry":{"type":"LineString","coordinates":[[-76.9279475,42.3443285],[-76.9279717,42.3442046]]}},{"type":"Feature","properties":{"role":"apex","id":"t1-apex","corner":"t1","edge":"right","marker":0.06142,"quality":{"source":"naip","accuracy_m":1.19,"relative_accuracy_m":0.25,"measured":true,"date":"2019-09-18"}},"geometry":{"type":"Point","coordinates":[-76.9284837,42.3439875]}},{"type":"Feature","properties":{"role":"corner_entry","id":"t2-entry","marker":0.16371,"width_m":12.2,"quality":{"source":"naip","accuracy_m":2.1,"relative_accuracy_m":1.75,"measured":false,"date":"2019-09-18"},"corner":"t2"},"geometry":{"type":"LineString","coordinates":[[-76.9234377,42.3421083],[-76.9235852,42.3420986]]}},{"type":"Feature","properties":{"role":"corner_exit","id":"t2-exit","marker":0.19234,"width_m":10.85,"quality":{"source":"naip","accuracy_m":1.19,"relative_accuracy_m":0.25,"measured":true,"date":"2019-09-18"},"corner":"t2"},"geometry":{"type":"LineString","coordinates":[[-76.9225891,42.3409275],[-76.922673,42.3408522]]}},{"type":"Feature","properties":{"role":"apex","id":"t2-apex","corner":"t2","edge":"left","marker":0.16954,"quality":{"source":"naip","accuracy_m":2.1,"relative_accuracy_m":1.75,"measured":false,"date":"2019-09-18"}},"geometry":{"type":"Point","coordinates":[-76.9233751,42.3418347]}},{"type":"Feature","properties":{"role":"corner_entry","id":"t3-entry","marker":0.20583,"width_m":12.37,"quality":{"source":"naip","accuracy_m":2.1,"relative_accuracy_m":1.75,"measured":false,"date":"2019-09-18"},"corner":"t3"},"geometry":{"type":"LineString","coordinates":[[-76.9218963,42.3405085],[-76.9219863,42.3404193]]}},{"type":"Feature","properties":{"role":"corner_exit","id":"t3-exit","marker":0.21586,"width_m":11.88,"quality":{"source":"naip","accuracy_m":2.1,"relative_accuracy_m":1.75,"measured":false,"date":"2019-09-18"},"corner":"t3"},"geometry":{"type":"LineString","coordinates":[[-76.9214294,42.3401355],[-76.9215446,42.3400713]]}},{"type":"Feature","properties":{"role":"apex","id":"t3-apex","corner":"t3","edge":"right","marker":0.20747,"quality":{"source":"naip","accuracy_m":1.19,"relative_accuracy_m":0.25,"measured":true,"date":"2019-09-18"}},"geometry":{"type":"Point","coordinates":[-76.9219041,42.340373]}},{"type":"Feature","properties":{"role":"corner_entry","id":"t4-entry","marker":0.34768,"width_m":15.21,"quality":{"source":"naip","accuracy_m":2.1,"relative_accuracy_m":1.75,"measured":false,"date":"2019-09-18"},"corner":"t4"},"geometry":{"type":"LineString","coordinates":[[-76.9203487,42.333732],[-76.9205332,42.3337315]]}},{"type":"Feature","properties":{"role":"corner_exit","id":"t4-exit","marker":0.35498,"width_m":15.03,"quality":{"source":"naip","accuracy_m":2.1,"relative_accuracy_m":1.75,"measured":false,"date":"2019-09-18"},"corner":"t4"},"geometry":{"type":"LineString","coordinates":[[-76.920541,42.333361],[-76.9206785,42.3334499]]}},{"type":"Feature","properties":{"role":"apex","id":"t4-apex","corner":"t4","edge":"right","marker":0.35078,"quality":{"source":"naip","accuracy_m":1.19,"relative_accuracy_m":0.25,"measured":true,"date":"2019-09-18"}},"geometry":{"type":"Point","coordinates":[-76.9205478,42.3336017]}},{"type":"Feature","properties":{"role":"corner_entry","id":"t5-entry","marker":0.40275,"width_m":18.05,"quality":{"source":"naip","accuracy_m":2.1,"relative_accuracy_m":1.75,"measured":false,"date":"2019-09-18"},"corner":"t5"},"geometry":{"type":"LineString","coordinates":[[-76.9202,42.3312115],[-76.9204191,42.3312124]]}},{"type":"Feature","properties":{"role":"corner_exit","id":"t5-exit","marker":0.41059,"width_m":12.8,"quality":{"source":"naip","accuracy_m":2.1,"relative_accuracy_m":1.75,"measured":false,"date":"2019-09-18"},"corner":"t5"},"geometry":{"type":"LineString","coordinates":[[-76.9203794,42.3308123],[-76.920505,42.3308801]]}},{"type":"Feature","properties":{"role":"apex","id":"t5-apex","corner":"t5","edge":"right","marker":0.40913,"quality":{"source":"naip","accuracy_m":2.1,"relative_accuracy_m":1.75,"measured":false,"date":"2019-09-18"}},"geometry":{"type":"Point","coordinates":[-76.9204657,42.3309398]}},{"type":"Feature","properties":{"role":"corner_entry","id":"t6-entry","marker":0.49847,"width_m":11.53,"quality":{"source":"naip","accuracy_m":2.1,"relative_accuracy_m":1.75,"measured":false,"date":"2019-09-18"},"corner":"t6"},"geometry":{"type":"LineString","coordinates":[[-76.9247709,42.332238],[-76.9246617,42.3323028]]}},{"type":"Feature","properties":{"role":"corner_exit","id":"t6-exit","marker":0.51671,"width_m":12.37,"quality":{"source":"naip","accuracy_m":1.19,"relative_accuracy_m":0.25,"measured":true,"date":"2019-09-18"},"corner":"t6"},"geometry":{"type":"LineString","coordinates":[[-76.925765,42.3324713],[-76.9258153,42.3325763]]}},{"type":"Feature","properties":{"role":"apex","id":"t6-apex","corner":"t6","edge":"left","marker":0.51106,"quality":{"source":"naip","accuracy_m":2.1,"relative_accuracy_m":1.75,"measured":false,"date":"2019-09-18"}},"geometry":{"type":"Point","coordinates":[-76.925428,42.3325118]}},{"type":"Feature","properties":{"role":"corner_entry","id":"t7-entry","marker":0.59074,"width_m":12.26,"quality":{"source":"naip","accuracy_m":2.1,"relative_accuracy_m":1.75,"measured":false,"date":"2019-09-18"},"corner":"t7"},"geometry":{"type":"LineString","coordinates":[[-76.9261588,42.3290823],[-76.9263073,42.3290767]]}},{"type":"Feature","properties":{"role":"corner_exit","id":"t7-exit","marker":0.62903,"width_m":12.66,"quality":{"source":"naip","accuracy_m":1.19,"relative_accuracy_m":0.25,"measured":true,"date":"2019-09-18"},"corner":"t7"},"geometry":{"type":"LineString","coordinates":[[-76.9278991,42.3290773],[-76.9277479,42.3290973]]}},{"type":"Feature","properties":{"role":"apex","id":"t7-apex","corner":"t7","edge":"right","marker":0.59821,"quality":{"source":"naip","accuracy_m":2.1,"relative_accuracy_m":1.75,"measured":false,"date":"2019-09-18"}},"geometry":{"type":"Point","coordinates":[-76.9264096,42.3287549]}},{"type":"Feature","properties":{"role":"corner_entry","id":"t8-entry","marker":0.72657,"width_m":12.3,"quality":{"source":"naip","accuracy_m":1.19,"relative_accuracy_m":0.25,"measured":true,"date":"2019-09-18"},"corner":"t8"},"geometry":{"type":"LineString","coordinates":[[-76.9284569,42.3338807],[-76.9283083,42.3338906]]}},{"type":"Feature","properties":{"role":"corner_exit","id":"t8-exit","marker":0.74845,"width_m":22.93,"quality":{"source":"naip","accuracy_m":2.1,"relative_accuracy_m":1.75,"measured":false,"date":"2019-09-18"},"corner":"t8"},"geometry":{"type":"LineString","coordinates":[[-76.9273155,42.3344636],[-76.9274006,42.334267]]}},{"type":"Feature","properties":{"role":"apex","id":"t8-apex","corner":"t8","edge":"right","marker":0.73678,"quality":{"source":"naip","accuracy_m":1.19,"relative_accuracy_m":0.25,"measured":true,"date":"2019-09-18"}},"geometry":{"type":"Point","coordinates":[-76.9280588,42.3342662]}},{"type":"Feature","properties":{"role":"corner_entry","id":"t9-entry","marker":0.7851,"width_m":12.37,"quality":{"source":"naip","accuracy_m":2.1,"relative_accuracy_m":1.75,"measured":false,"date":"2019-09-18"},"corner":"t9"},"geometry":{"type":"LineString","coordinates":[[-76.9251617,42.333592],[-76.9252336,42.3334943]]}},{"type":"Feature","properties":{"role":"corner_exit","id":"t9-exit","marker":0.80972,"width_m":12.08,"quality":{"source":"naip","accuracy_m":2.1,"relative_accuracy_m":1.75,"measured":false,"date":"2019-09-18"},"corner":"t9"},"geometry":{"type":"LineString","coordinates":[[-76.9241914,42.3341036],[-76.9240467,42.3341212]]}},{"type":"Feature","properties":{"role":"apex","id":"t9-apex","corner":"t9","edge":"left","marker":0.80735,"quality":{"source":"naip","accuracy_m":1.19,"relative_accuracy_m":0.25,"measured":true,"date":"2019-09-18"}},"geometry":{"type":"Point","coordinates":[-76.9241807,42.3339997]}},{"type":"Feature","properties":{"role":"corner_entry","id":"t10-entry","marker":0.86788,"width_m":16.91,"quality":{"source":"naip","accuracy_m":1.19,"relative_accuracy_m":0.25,"measured":true,"date":"2019-09-18"},"corner":"t10"},"geometry":{"type":"LineString","coordinates":[[-76.9251345,42.3368425],[-76.9249657,42.336929]]}},{"type":"Feature","properties":{"role":"corner_exit","id":"t10-exit","marker":0.87317,"width_m":14.73,"quality":{"source":"naip","accuracy_m":2.1,"relative_accuracy_m":1.75,"measured":false,"date":"2019-09-18"},"corner":"t10"},"geometry":{"type":"LineString","coordinates":[[-76.925335,42.3369852],[-76.925286,42.3371127]]}},{"type":"Feature","properties":{"role":"apex","id":"t10-apex","corner":"t10","edge":"left","marker":0.87189,"quality":{"source":"naip","accuracy_m":2.1,"relative_accuracy_m":1.75,"measured":false,"date":"2019-09-18"}},"geometry":{"type":"Point","coordinates":[-76.9252799,42.3369634]}},{"type":"Feature","properties":{"role":"corner_entry","id":"t11-entry","marker":0.91839,"width_m":11.25,"quality":{"source":"naip","accuracy_m":1.19,"relative_accuracy_m":0.25,"measured":true,"date":"2019-09-18"},"corner":"t11"},"geometry":{"type":"LineString","coordinates":[[-76.9282877,42.3372372],[-76.9282787,42.3373383]]}},{"type":"Feature","properties":{"role":"corner_exit","id":"t11-exit","marker":0.94045,"width_m":15.14,"quality":{"source":"naip","accuracy_m":1.19,"relative_accuracy_m":0.25,"measured":true,"date":"2019-09-18"},"corner":"t11"},"geometry":{"type":"LineString","coordinates":[[-76.9291848,42.3380641],[-76.9290018,42.3380522]]}},{"type":"Feature","properties":{"role":"apex","id":"t11-apex","corner":"t11","edge":"right","marker":0.92258,"quality":{"source":"naip","accuracy_m":1.19,"relative_accuracy_m":0.25,"measured":true,"date":"2019-09-18"}},"geometry":{"type":"Point","coordinates":[-76.9285217,42.3373865]}},{"type":"Feature","properties":{"role":"sector_boundary","id":"s1-start","marker":0.0,"width_m":15.05,"quality":{"source":"naip","accuracy_m":2.1,"relative_accuracy_m":1.75,"measured":false,"date":"2019-09-18"},"range":"s1"},"geometry":{"type":"LineString","coordinates":[[-76.9289424,42.3409809],[-76.9287602,42.3409721]]}},{"type":"Feature","properties":{"role":"sector_boundary","id":"s2-start","marker":0.26216,"width_m":12.26,"quality":{"source":"naip","accuracy_m":2.1,"relative_accuracy_m":1.75,"measured":false,"date":"2019-09-18"},"range":"s2"},"geometry":{"type":"LineString","coordinates":[[-76.9205803,42.3379523],[-76.9207291,42.3379502]]}},{"type":"Feature","properties":{"role":"sector_boundary","id":"s3-start","marker":0.6365,"width_m":13.33,"quality":{"source":"naip","accuracy_m":1.19,"relative_accuracy_m":0.25,"measured":true,"date":"2019-09-18"},"range":"s3"},"geometry":{"type":"LineString","coordinates":[[-76.9279607,42.3294487],[-76.9277996,42.3294591]]}},{"type":"Feature","properties":{"role":"complex_entry","id":"complex-2-entry","marker":0.16371,"width_m":12.2,"quality":{"source":"naip","accuracy_m":2.1,"relative_accuracy_m":1.75,"measured":false,"date":"2019-09-18"},"complex":"complex-2"},"geometry":{"type":"LineString","coordinates":[[-76.9234377,42.3421083],[-76.9235852,42.3420986]]}},{"type":"Feature","properties":{"role":"complex_exit","id":"complex-2-exit","marker":0.21586,"width_m":11.88,"quality":{"source":"naip","accuracy_m":2.1,"relative_accuracy_m":1.75,"measured":false,"date":"2019-09-18"},"complex":"complex-2"},"geometry":{"type":"LineString","coordinates":[[-76.9214294,42.3401355],[-76.9215446,42.3400713]]}}]}