{"type":"FeatureCollection","features":[{"type":"Feature","properties":{"role":"edge_left","orientation":"driving direction, from the lap origin","unseen_spans":[[0.01,0.01154],[0.02358,0.02486],[0.12527,0.16856],[0.33787,0.33992],[0.49745,0.50027],[0.52845,0.53101],[0.69622,0.69776],[0.73772,0.74259],[0.74361,0.74771],[0.75027,0.76487],[0.76513,0.76769],[0.76794,0.77076],[0.77563,0.78152],[0.78229,0.78716],[0.78741,0.79433],[0.8996,0.9014],[0.91164,0.95698],[0.96851,0.96979],[0.97261,0.9744]],"quality":{"source":"indiana-2025","accuracy_m":0.39,"relative_accuracy_m":0.13,"measured":true,"date":"2025","measured_fraction":0.812}},"geometry":{"type":"LineString","coordinates":[[-86.2389563,39.7931616],[-86.2389659,39.7932247],[-86.2389682,39.7932713],[-86.2389679,39.7932999],[-86.2389662,39.7933191],[-86.2389628,39.793338],[-86.2389554,39.7933652],[-86.2389517,39.7933828],[-86.2389499,39.7934004],[-86.2389492,39.7934268],[-86.2389522,39.793549],[-86.2389574,39.7936101],[-86.2389588,39.7936473],[-86.2389636,39.7936851],[-86.2389677,39.7937501],[-86.2389668,39.7937684],[-86.2389611,39.7938045],[-86.2389557,39.7938942],[-86.2389567,39.7939575],[-86.238962,39.7940918],[-86.2389639,39.7941983],[-86.2389621,39.7942894],[-86.2389697,39.7946133],[-86.2389711,39.7947394],[-86.2389703,39.7948205],[-86.2389737,39.7948923],[-86.2389743,39.7949645],[-86.23898,39.7952615],[-86.2389807,39.7953695],[-86.2389838,39.7954231],[-86.2389862,39.7956489],[-86.2389932,39.7959989],[-86.2389931,39.7960691],[-86.2389962,39.7961436],[-86.2389963,39.7962466],[-86.2389995,39.7963424],[-86.2389994,39.7964219],[-86.2390011,39.7964947],[-86.2390032,39.7965309],[-86.2390108,39.7965669],[-86.2390127,39.7965849],[-86.2390115,39.796621],[-86.2390133,39.7966571],[-86.2390129,39.7966661],[-86.2390067,39.7967022],[-86.2390051,39.7967202],[-86.2390047,39.7967382],[-86.2390088,39.7969635],[-86.2390083,39.7970621],[-86.2390109,39.7971163],[-86.2390122,39.7971883],[-86.2390122,39.7972153],[-86.2390092,39.7972692],[-86.239009,39.797287],[-86.2390161,39.7973855],[-86.2390178,39.7975032],[-86.2390215,39.797647],[-86.2390239,39.7977098],[-86.2390841,39.7988626],[-86.2390846,39.7989109],[-86.2390827,39.7989417],[-86.2390799,39.7989628],[-86.2390756,39.7989842],[-86.2390661,39.7990165],[-86.2390526,39.7990488],[-86.2390344,39.7990814],[-86.2390196,39.7991036],[-86.2390111,39.7991147],[-86.2390017,39.7991256],[-86.238991,39.799136],[-86.2389792,39.7991457],[-86.2389664,39.7991548],[-86.2389526,39.7991632],[-86.2389381,39.7991707],[-86.2389228,39.7991774],[-86.238907,39.7991833],[-86.2388908,39.7991882],[-86.2388744,39.7991922],[-86.2388416,39.7991975],[-86.2388103,39.7991999],[-86.2387813,39.7992006],[-86.2386285,39.7991997],[-86.2386041,39.799201],[-86.2385664,39.7992053],[-86.2385412,39.7992071],[-86.2384319,39.7992093],[-86.2384078,39.7992082],[-86.2383614,39.7992037],[-86.2382951,39.7991997],[-86.2382068,39.7991998],[-86.2381346,39.7992032],[-86.238105,39.7992075],[-86.2380672,39.799216],[-86.2380397,39.7992231],[-86.238022,39.7992292],[-86.2379785,39.7992463],[-86.2379617,39.7992539],[-86.2379217,39.799276],[-86.2378986,39.7992905],[-86.237885,39.7993015],[-86.2378464,39.7993358],[-86.2378341,39.7993479],[-86.2378181,39.7993675],[-86.2377941,39.7994003],[-86.2377836,39.799421],[-86.2377662,39.7994643],[-86.2377625,39.7994794],[-86.2377564,39.7995181],[-86.2377545,39.7995422],[-86.2377555,39.7996092],[-86.2377568,39.7996344],[-86.2377808,39.7998486],[-86.2377904,39.7999217],[-86.2377935,39.7999693],[-86.2377933,39.8000175],[-86.2377902,39.8000652],[-86.237783,39.8001408],[-86.2377798,39.80016],[-86.2377748,39.8001791],[-86.2377556,39.8002444],[-86.2377349,39.8003076],[-86.2377249,39.8003348],[-86.2376824,39.8004335],[-86.2376597,39.8004782],[-86.2376328,39.8005227],[-86.2376148,39.8005488],[-86.2375959,39.800574],[-86.2375556,39.8006225],[-86.2374926,39.8006907],[-86.2374628,39.8007209],[-86.237439,39.8007432],[-86.2373809,39.8007932],[-86.2373551,39.8008137],[-86.2373109,39.8008464],[-86.2372747,39.8008721],[-86.2372466,39.8008908],[-86.2371883,39.8009265],[-86.2371484,39.8009489],[-86.2371177,39.8009651],[-86.2370649,39.8009904],[-86.2369686,39.8010324],[-86.2367961,39.8010941],[-86.2367437,39.8011144],[-86.2366159,39.8011587],[-86.2365004,39.8012015],[-86.2363259,39.8012613],[-86.2362902,39.8012727],[-86.2362652,39.8012796],[-86.2362389,39.8012856],[-86.236198,39.8012927],[-86.236156,39.8012976],[-86.2361279,39.8012992],[-86.2360998,39.8012993],[-86.2360578,39.8012971],[-86.2360163,39.8012919],[-86.2359892,39.8012869],[-86.2359498,39.801277],[-86.235912,39.8012652],[-86.2358639,39.8012477],[-86.2358179,39.8012284],[-86.2357842,39.8012128],[-86.2357518,39.8011956],[-86.2357216,39.8011764],[-86.235693,39.8011564],[-86.2356562,39.8011291],[-86.235621,39.8011003],[-86.235588,39.8010704],[-86.2355569,39.8010391],[-86.2355279,39.801006],[-86.2355078,39.8009803],[-86.2354835,39.8009449],[-86.2354623,39.8009088],[-86.2354481,39.8008815],[-86.2354353,39.8008537],[-86.2354238,39.8008254],[-86.2354139,39.8007968],[-86.2354054,39.8007678],[-86.2353986,39.8007384],[-86.2353917,39.8006991],[-86.2353882,39.8006699],[-86.2353848,39.800595],[-86.2353846,39.8005135],[-86.2353823,39.8004051],[-86.2353827,39.8003602],[-86.2353801,39.8002707],[-86.2353804,39.8001711],[-86.2353776,39.8000719],[-86.235377,39.7998654],[-86.2353741,39.7997653],[-86.2353753,39.7997147],[-86.2353739,39.7996994],[-86.235371,39.7996846],[-86.235364,39.7996555],[-86.2353592,39.7996408],[-86.235343,39.7996049],[-86.2353311,39.7995845],[-86.2353214,39.7995719],[-86.2353003,39.7995484],[-86.2352889,39.7995374],[-86.235276,39.7995274],[-86.2352328,39.7995001],[-86.2352087,39.7994874],[-86.2351811,39.7994758],[-86.2351157,39.7994512],[-86.2350921,39.7994407],[-86.2350681,39.7994288],[-86.235044,39.7994159],[-86.2350209,39.7994018],[-86.2350001,39.7993863],[-86.2349909,39.7993779],[-86.2349825,39.7993693],[-86.2349513,39.7993334],[-86.2349149,39.7992974],[-86.2349063,39.7992875],[-86.2348907,39.7992664],[-86.234877,39.7992441],[-86.2348597,39.7992092],[-86.2348505,39.7991859],[-86.2348453,39.7991633],[-86.2348437,39.799132],[-86.2348421,39.7989677],[-86.2348352,39.7985893],[-86.2348328,39.7983193],[-86.2348277,39.7980683],[-86.2348281,39.7979957],[-86.2348271,39.7978939],[-86.2348231,39.7977247],[-86.2348222,39.7976066],[-86.2348235,39.7974469],[-86.2348202,39.7972836],[-86.234819,39.797166],[-86.2348149,39.7970864],[-86.2348135,39.7970315],[-86.2348115,39.7968694],[-86.2348125,39.7967889],[-86.234811,39.7966172],[-86.2347991,39.7960139],[-86.2347959,39.7957165],[-86.2347926,39.7955452],[-86.234792,39.7954283],[-86.2347858,39.795068],[-86.2347839,39.794861],[-86.2347795,39.7946902],[-86.2347771,39.7944828],[-86.2347748,39.7943657],[-86.2347736,39.7942489],[-86.2347743,39.7941775],[-86.2347713,39.7939873],[-86.2347704,39.7938604],[-86.2347667,39.7937717],[-86.2347637,39.7936637],[-86.2347632,39.7935924],[-86.2347613,39.7935469],[-86.2347634,39.7934822],[-86.2347629,39.7933748],[-86.2347571,39.793177],[-86.2347554,39.7930593],[-86.2347559,39.7929336],[-86.2347513,39.7926087],[-86.2347537,39.7925426],[-86.2347577,39.7925036],[-86.2347636,39.7924745],[-86.2347832,39.7924142],[-86.2347878,39.7923924],[-86.2347882,39.792374],[-86.2347834,39.7923499],[-86.2347816,39.7923471],[-86.2347752,39.7923427],[-86.2347339,39.7923282],[-86.2346983,39.7923181],[-86.2346615,39.79231],[-86.2346304,39.7923048],[-86.2345865,39.7922995],[-86.2345309,39.7922941],[-86.2344863,39.7922917],[-86.2344411,39.7922915],[-86.2343617,39.7922937],[-86.234293,39.7922969],[-86.2342338,39.7923011],[-86.2342097,39.7923022],[-86.2341504,39.7923014],[-86.2340929,39.7923022],[-86.2340004,39.7923075],[-86.2337672,39.792317],[-86.2336378,39.7923215],[-86.2335769,39.7923228],[-86.2335252,39.792322],[-86.2334724,39.7923182],[-86.2334205,39.7923115],[-86.2333695,39.7923021],[-86.233319,39.7922899],[-86.2332694,39.7922756],[-86.2332336,39.792263],[-86.2331992,39.7922482],[-86.2331431,39.7922208],[-86.233111,39.7922027],[-86.2330709,39.7921761],[-86.2330429,39.7921543],[-86.2330085,39.792123],[-86.2329689,39.7920824],[-86.2329395,39.7920487],[-86.2329259,39.7920312],[-86.2329134,39.7920132],[-86.2328968,39.7919854],[-86.2328828,39.7919573],[-86.2328596,39.7919025],[-86.232842,39.7918527],[-86.2328238,39.7918161],[-86.2328108,39.7917953],[-86.2327725,39.7917502],[-86.2327543,39.7917322],[-86.2327275,39.79171],[-86.2327067,39.7916939],[-86.2326916,39.7916842],[-86.2326511,39.7916616],[-86.2326258,39.7916489],[-86.2325905,39.7916345],[-86.2325639,39.7916245],[-86.2325455,39.791619],[-86.2325266,39.7916144],[-86.2324887,39.7916064],[-86.2324695,39.7916033],[-86.2324501,39.7916015],[-86.2324104,39.7915993],[-86.2323794,39.7915987],[-86.2322332,39.7916059],[-86.2321649,39.7916106],[-86.2320702,39.7916154],[-86.2318851,39.7916275],[-86.2317913,39.7916319],[-86.2317098,39.7916381],[-86.231593,39.791645],[-86.2314726,39.7916507],[-86.2314465,39.7916515],[-86.2314192,39.7916512],[-86.2313768,39.7916479],[-86.2313192,39.7916401],[-86.2312899,39.7916346],[-86.2312611,39.7916264],[-86.2312337,39.7916155],[-86.2312207,39.7916093],[-86.2311959,39.7915958],[-86.2311615,39.7915732],[-86.2311406,39.7915566],[-86.2311217,39.7915387],[-86.2311052,39.7915198],[-86.2310915,39.7915005],[-86.2310803,39.7914812],[-86.2310461,39.7914179],[-86.23102,39.7913653],[-86.230993,39.7913136],[-86.2309766,39.7912779],[-86.2309588,39.791232],[-86.2309436,39.7911861],[-86.2309305,39.79114],[-86.2309172,39.7910847],[-86.230908,39.7910383],[-86.2309006,39.7909917],[-86.2308952,39.7909447],[-86.2308925,39.790897],[-86.2308923,39.7908589],[-86.2308978,39.7907462],[-86.2309013,39.7907085],[-86.2309151,39.790626],[-86.2309366,39.7905092],[-86.2309586,39.7904025],[-86.2309703,39.7903401],[-86.2309758,39.7903042],[-86.2309951,39.7902156],[-86.2310149,39.7901083],[-86.2310352,39.7900108],[-86.231045,39.7899576],[-86.2310521,39.7899128],[-86.2310724,39.7898145],[-86.2310902,39.7897166],[-86.2310982,39.7896813],[-86.2311295,39.7895189],[-86.2311537,39.7894102],[-86.2311665,39.7893388],[-86.2311842,39.7892533],[-86.2311912,39.7892235],[-86.2311971,39.7892038],[-86.2312054,39.7891848],[-86.2312357,39.7891295],[-86.2312467,39.789111],[-86.2312587,39.7890929],[-86.2312852,39.789059],[-86.2313127,39.7890274],[-86.2313324,39.7890031],[-86.2313475,39.788987],[-86.231365,39.7889718],[-86.2313834,39.7889573],[-86.2314779,39.7888856],[-86.2314931,39.7888724],[-86.2315375,39.7888309],[-86.2316238,39.7887524],[-86.2316893,39.7886983],[-86.2317496,39.7886519],[-86.2318044,39.7886134],[-86.2318709,39.7885713],[-86.2319394,39.7885319],[-86.2320105,39.7884949],[-86.2320937,39.788456],[-86.2322086,39.7884067],[-86.2322751,39.7883811],[-86.2323092,39.7883693],[-86.2323547,39.7883548],[-86.2325122,39.7883091],[-86.2325583,39.7882968],[-86.2326627,39.7882717],[-86.2327223,39.7882593],[-86.2327576,39.7882533],[-86.2328796,39.7882368],[-86.2329653,39.7882262],[-86.233051,39.7882135],[-86.23309,39.7882089],[-86.2331539,39.7882046],[-86.2333531,39.7881983],[-86.2334205,39.7881927],[-86.2335636,39.7881787],[-86.2337191,39.7881585],[-86.2337848,39.7881479],[-86.2338506,39.7881351],[-86.2339285,39.7881186],[-86.2339717,39.7881086],[-86.234057,39.7880872],[-86.2340926,39.7880814],[-86.2341309,39.7880778],[-86.234183,39.7880744],[-86.2342827,39.7880711],[-86.2346223,39.7880667],[-86.2348357,39.7880655],[-86.2348988,39.788066],[-86.234939,39.7880675],[-86.234966,39.7880698],[-86.2349923,39.7880737],[-86.2350304,39.7880825],[-86.2350925,39.7881],[-86.2351428,39.7881163],[-86.2351941,39.7881358],[-86.2352331,39.7881537],[-86.2352719,39.7881747],[-86.2352975,39.78819],[-86.2353219,39.7882068],[-86.2353439,39.7882252],[-86.2353631,39.7882448],[-86.2353795,39.7882651],[-86.2353934,39.7882858],[-86.2354109,39.7883179],[-86.2354205,39.7883401],[-86.2354242,39.7883514],[-86.235429,39.7883741],[-86.2354307,39.7883962],[-86.2354292,39.7884468],[-86.2354306,39.7884944],[-86.2354293,39.7885133],[-86.2354233,39.7885498],[-86.2354214,39.7885675],[-86.2354205,39.7886121],[-86.2354135,39.7886838],[-86.2354121,39.7887377],[-86.235406,39.7888188],[-86.2354048,39.7888721],[-86.2353955,39.7890425],[-86.2353957,39.78906],[-86.2353988,39.7890959],[-86.2353985,39.7891335],[-86.2353964,39.7891524],[-86.2353917,39.7891798],[-86.2353869,39.7892298],[-86.2353874,39.7892453],[-86.2353928,39.7892907],[-86.2353955,39.7893058],[-86.2354,39.7893208],[-86.2354106,39.7893506],[-86.2354171,39.7893652],[-86.2354256,39.7893791],[-86.2354595,39.7894263],[-86.2354773,39.7894454],[-86.2355144,39.789481],[-86.2355272,39.7894906],[-86.23554,39.7894988],[-86.2355635,39.7895131],[-86.2355754,39.789519],[-86.2355883,39.7895232],[-86.2355952,39.7895245],[-86.2356176,39.7895264],[-86.2356585,39.7895263],[-86.2356669,39.7895255],[-86.2356839,39.7895222],[-86.2359867,39.7894275],[-86.2361067,39.7893919],[-86.2364966,39.7892705],[-86.2366277,39.7892283],[-86.2366733,39.7892152],[-86.2367201,39.7892031],[-86.2367556,39.7891949],[-86.2368032,39.7891849],[-86.2368511,39.789176],[-86.2368997,39.7891683],[-86.2369365,39.7891634],[-86.2369855,39.7891581],[-86.2370344,39.7891539],[-86.2370963,39.7891505],[-86.2371584,39.7891492],[-86.2372204,39.7891499],[-86.2372707,39.7891522],[-86.237321,39.7891564],[-86.2373706,39.7891621],[-86.23749,39.7891797],[-86.2375375,39.7891882],[-86.2375856,39.7891995],[-86.2376561,39.7892186],[-86.237714,39.789236],[-86.2377602,39.7892516],[-86.2378167,39.7892732],[-86.2378698,39.7892948],[-86.2379314,39.7893234],[-86.2379742,39.7893442],[-86.2380262,39.7893724],[-86.2380847,39.7894085],[-86.238149,39.7894527],[-86.2382019,39.789493],[-86.2382357,39.7895213],[-86.2382601,39.7895431],[-86.2382831,39.7895653],[-86.2383185,39.789602],[-86.2383403,39.7896223],[-86.238431,39.7896935],[-86.2384571,39.7897154],[-86.2384816,39.7897391],[-86.2385262,39.7897895],[-86.2385386,39.7898077],[-86.2385485,39.7898268],[-86.2386248,39.7899996],[-86.238638,39.7900232],[-86.2386595,39.7900554],[-86.2386749,39.7900813],[-86.2386979,39.7901258],[-86.2387186,39.7901699],[-86.2387713,39.7902907],[-86.2388003,39.7903612],[-86.2388199,39.7904162],[-86.2388387,39.7904808],[-86.2388562,39.790553],[-86.2388742,39.790634],[-86.2388849,39.7906891],[-86.2388922,39.7907357],[-86.2388967,39.7907733],[-86.2389,39.7908107],[-86.2389114,39.7910012],[-86.2389138,39.7910837],[-86.2389143,39.7912281],[-86.238918,39.791516],[-86.2389267,39.7919484],[-86.2389278,39.7921194],[-86.2389324,39.7923174],[-86.2389365,39.7925784],[-86.2389363,39.7926325],[-86.2389397,39.7927319],[-86.2389405,39.7929298],[-86.2389449,39.7930457],[-86.2389488,39.7930902],[-86.2389508,39.793126],[-86.2389563,39.7931616]]}},{"type":"Feature","properties":{"role":"edge_right","orientation":"driving direction, from the lap origin","unseen_spans":[[0.10042,0.16728],[0.17983,0.18162],[0.36554,0.37706],[0.39653,0.39986],[0.46082,0.46313],[0.53562,0.53844],[0.76922,0.77332],[0.77486,0.77614],[0.78126,0.78613],[0.83275,0.8348],[0.89909,0.90498],[0.90524,0.90652],[0.90678,0.90883],[0.91139,0.91369],[0.91753,0.92061],[0.92445,0.9265],[0.92676,0.9288],[0.93034,0.93239],[0.93265,0.93495],[0.93521,0.93751],[0.96595,0.96774]],"quality":{"source":"indiana-2025","accuracy_m":0.39,"relative_accuracy_m":0.13,"measured":true,"date":"2025","measured_fraction":0.852}},"geometry":{"type":"LineString","coordinates":[[-86.2387745,39.7931679],[-86.2387753,39.7932655],[-86.2387805,39.79336],[-86.2387793,39.7934984],[-86.2387842,39.7936194],[-86.2387853,39.793714],[-86.2387845,39.7937756],[-86.2387887,39.7938478],[-86.2387905,39.7939378],[-86.2387898,39.7941742],[-86.2387904,39.7941924],[-86.2387946,39.7942366],[-86.2387958,39.7942632],[-86.2387969,39.7943538],[-86.2387965,39.7944355],[-86.2388003,39.7946059],[-86.2388082,39.7951553],[-86.2388241,39.7960123],[-86.2388242,39.796077],[-86.2388217,39.7961549],[-86.238824,39.7962236],[-86.2388249,39.7963522],[-86.2388314,39.7964789],[-86.2388331,39.7965865],[-86.2388318,39.7966585],[-86.238842,39.7971991],[-86.2388554,39.7976588],[-86.2389034,39.7988648],[-86.2389037,39.7988988],[-86.2389023,39.7989309],[-86.238898,39.7989609],[-86.2388922,39.7989822],[-86.2388866,39.7989957],[-86.2388683,39.7990311],[-86.2388618,39.7990411],[-86.2388577,39.7990454],[-86.2388476,39.7990524],[-86.2388363,39.7990575],[-86.2388189,39.7990633],[-86.2388,39.7990681],[-86.238785,39.79907],[-86.2387674,39.7990708],[-86.2386886,39.7990698],[-86.2386516,39.7990704],[-86.2386281,39.7990722],[-86.2385845,39.7990792],[-86.2385633,39.7990813],[-86.2384522,39.7990764],[-86.2383599,39.7990699],[-86.238323,39.7990689],[-86.2382373,39.7990694],[-86.2381872,39.7990706],[-86.2381356,39.7990739],[-86.2380831,39.7990797],[-86.2380436,39.7990858],[-86.2380044,39.7990944],[-86.2379663,39.799106],[-86.2379296,39.7991197],[-86.2378824,39.7991401],[-86.2378486,39.7991574],[-86.2378165,39.7991763],[-86.2377763,39.7992038],[-86.2377479,39.7992261],[-86.2377124,39.7992575],[-86.2376884,39.7992824],[-86.2376668,39.7993086],[-86.2376537,39.7993269],[-86.2376416,39.7993459],[-86.2376256,39.7993754],[-86.2376128,39.7994054],[-86.2376032,39.7994358],[-86.2375967,39.7994665],[-86.237591,39.799507],[-86.2375887,39.7995369],[-86.2375883,39.7995662],[-86.2375923,39.7996427],[-86.2376058,39.7997695],[-86.2376175,39.7998591],[-86.2376255,39.7999381],[-86.2376275,39.7999887],[-86.2376269,39.8000054],[-86.2376225,39.8000646],[-86.2376152,39.8001157],[-86.2376005,39.8001814],[-86.2375782,39.800257],[-86.237563,39.8002986],[-86.2375528,39.8003231],[-86.2375228,39.8003872],[-86.2374895,39.8004486],[-86.2374518,39.8005071],[-86.2374115,39.8005574],[-86.2373776,39.8005923],[-86.237352,39.800621],[-86.2373046,39.8006674],[-86.2372444,39.8007164],[-86.2371886,39.800758],[-86.2371219,39.8008021],[-86.2370433,39.8008484],[-86.236998,39.800872],[-86.2369315,39.800902],[-86.2368824,39.800922],[-86.2368419,39.8009371],[-86.236736,39.8009733],[-86.2366517,39.8010037],[-86.2365783,39.8010313],[-86.2364921,39.8010604],[-86.236345,39.8011132],[-86.2362833,39.8011361],[-86.2362341,39.8011519],[-86.2362058,39.8011589],[-86.2361785,39.8011647],[-86.2361604,39.8011674],[-86.2361421,39.8011686],[-86.2360769,39.8011672],[-86.2360585,39.8011649],[-86.2360035,39.8011545],[-86.235985,39.8011499],[-86.2359669,39.8011438],[-86.2359213,39.8011265],[-86.235895,39.8011141],[-86.2358533,39.8010911],[-86.235837,39.8010813],[-86.235782,39.8010437],[-86.235767,39.8010323],[-86.2357118,39.8009828],[-86.235681,39.80095],[-86.235664,39.80093],[-86.2356288,39.800881],[-86.2356205,39.8008662],[-86.2356098,39.8008431],[-86.2355938,39.8008127],[-86.2355845,39.8007894],[-86.2355668,39.8007344],[-86.2355604,39.8007025],[-86.2355575,39.8006699],[-86.2355545,39.8005748],[-86.2355507,39.8003134],[-86.2355469,39.8002329],[-86.2355475,39.8001699],[-86.2355441,39.8000888],[-86.2355437,39.7999991],[-86.2355449,39.799926],[-86.2355414,39.7998009],[-86.2355424,39.7996974],[-86.2355395,39.7996659],[-86.2355319,39.7996345],[-86.2355251,39.7996141],[-86.235513,39.7995841],[-86.2355037,39.7995646],[-86.2354932,39.7995452],[-86.2354814,39.799526],[-86.2354614,39.7994976],[-86.2354465,39.7994792],[-86.2354303,39.7994611],[-86.2354127,39.7994439],[-86.2353935,39.7994276],[-86.2353732,39.7994125],[-86.235352,39.7993985],[-86.235319,39.7993794],[-86.2352555,39.799347],[-86.2352117,39.7993235],[-86.2351897,39.7993103],[-86.2351772,39.7993008],[-86.2351662,39.7992903],[-86.2351564,39.7992784],[-86.2351387,39.7992528],[-86.235127,39.7992339],[-86.2351188,39.799216],[-86.2351071,39.7991836],[-86.2351048,39.7991729],[-86.2351069,39.7991331],[-86.2351051,39.799056],[-86.2351048,39.7989653],[-86.235098,39.7985962],[-86.2350961,39.7983444],[-86.235092,39.7981816],[-86.2350876,39.7979394],[-86.2350866,39.7978124],[-86.2350836,39.7977495],[-86.2350827,39.7977049],[-86.2350821,39.79758],[-86.2350854,39.7975066],[-86.2350802,39.7974423],[-86.2350773,39.7972992],[-86.2350757,39.7971372],[-86.2350688,39.7967412],[-86.2350677,39.7966058],[-86.2350558,39.7960025],[-86.2350528,39.7957144],[-86.2350495,39.7955523],[-86.2350488,39.7954263],[-86.2350428,39.795075],[-86.2350418,39.7949487],[-86.2350362,39.7946785],[-86.2350305,39.7942553],[-86.2350229,39.7938692],[-86.2350231,39.7938235],[-86.2350197,39.7936606],[-86.2350202,39.7936155],[-86.2350192,39.7935878],[-86.2350151,39.7935347],[-86.235016,39.7934276],[-86.2350141,39.7933177],[-86.2350105,39.7932361],[-86.2350063,39.7931924],[-86.2350052,39.7931389],[-86.2350077,39.7929598],[-86.2350051,39.7928326],[-86.2350028,39.7925569],[-86.2350014,39.792499],[-86.2350017,39.7923582],[-86.2349998,39.792332],[-86.2349971,39.7923182],[-86.2349927,39.7923042],[-86.2349862,39.7922903],[-86.2349778,39.7922769],[-86.2349679,39.792264],[-86.2349569,39.7922517],[-86.2349451,39.79224],[-86.2349326,39.7922291],[-86.2349193,39.792219],[-86.2349054,39.7922097],[-86.2348908,39.7922013],[-86.2348601,39.7921869],[-86.2348443,39.792181],[-86.2348126,39.7921716],[-86.234797,39.792168],[-86.2347667,39.7921624],[-86.234724,39.7921556],[-86.2346968,39.7921523],[-86.2346834,39.7921517],[-86.2346575,39.7921517],[-86.2345832,39.792154],[-86.2344492,39.7921599],[-86.2343413,39.7921638],[-86.2342477,39.7921696],[-86.2341332,39.7921718],[-86.2340619,39.792174],[-86.2340033,39.7921766],[-86.2338984,39.7921826],[-86.2337931,39.7921854],[-86.2337007,39.7921893],[-86.2335865,39.7921927],[-86.2335339,39.7921958],[-86.2335137,39.7921947],[-86.2334438,39.7921839],[-86.2333761,39.7921677],[-86.2333573,39.7921621],[-86.2332747,39.7921314],[-86.2332495,39.7921185],[-86.2332172,39.7920999],[-86.233164,39.7920637],[-86.2331498,39.7920527],[-86.2331372,39.7920406],[-86.2331014,39.7920025],[-86.2330854,39.7919825],[-86.2330619,39.7919478],[-86.2330536,39.7919336],[-86.2330329,39.7918877],[-86.2330135,39.7918367],[-86.2330015,39.7918091],[-86.2329878,39.7917807],[-86.2329716,39.7917525],[-86.2329469,39.7917159],[-86.232926,39.7916896],[-86.2329026,39.7916642],[-86.2328681,39.7916322],[-86.2328399,39.7916097],[-86.2328099,39.7915886],[-86.2327675,39.7915631],[-86.2327343,39.7915461],[-86.2326996,39.791531],[-86.2326513,39.7915132],[-86.2326013,39.7914979],[-86.2325629,39.7914884],[-86.2325105,39.7914781],[-86.2324704,39.7914724],[-86.2324303,39.7914692],[-86.2324039,39.7914686],[-86.2323779,39.7914691],[-86.232233,39.7914766],[-86.2320472,39.791489],[-86.2320011,39.7914908],[-86.2318017,39.7915034],[-86.2317437,39.7915056],[-86.2316157,39.7915139],[-86.2315468,39.7915175],[-86.2314902,39.7915187],[-86.231448,39.7915212],[-86.2314286,39.7915217],[-86.2314103,39.7915203],[-86.2313843,39.7915161],[-86.2313598,39.7915107],[-86.2313448,39.7915059],[-86.2313309,39.7914997],[-86.2313112,39.7914888],[-86.2312852,39.791473],[-86.2312731,39.7914641],[-86.2312623,39.7914542],[-86.2312521,39.7914435],[-86.2312366,39.7914257],[-86.2312263,39.7914125],[-86.2312122,39.7913906],[-86.2311801,39.7913361],[-86.2311642,39.7913035],[-86.2311316,39.7912302],[-86.2311089,39.7911647],[-86.2310922,39.7911059],[-86.2310862,39.7910805],[-86.2310763,39.7910292],[-86.2310658,39.7909607],[-86.2310588,39.790893],[-86.2310578,39.7908246],[-86.2310609,39.7907643],[-86.2310689,39.7907219],[-86.2310767,39.7906609],[-86.2310829,39.7906259],[-86.2310964,39.790564],[-86.2311085,39.7905021],[-86.2311253,39.7904036],[-86.2312054,39.7899935],[-86.2312189,39.7899314],[-86.2312321,39.7898513],[-86.2312576,39.7897266],[-86.2312654,39.7896819],[-86.2312768,39.7896287],[-86.2312864,39.7895759],[-86.2312962,39.789533],[-86.2313149,39.7894641],[-86.2313234,39.789438],[-86.2313588,39.7893436],[-86.2313878,39.7892812],[-86.2314296,39.7892077],[-86.2314664,39.7891509],[-86.2315083,39.7890912],[-86.2315461,39.7890429],[-86.2315833,39.7889995],[-86.231597,39.7889846],[-86.2316473,39.7889334],[-86.2317111,39.7888718],[-86.2317628,39.7888262],[-86.2318182,39.7887821],[-86.2318818,39.7887341],[-86.2319393,39.7886947],[-86.2320008,39.7886577],[-86.2320826,39.7886135],[-86.2321679,39.7885726],[-86.2322273,39.7885463],[-86.2322971,39.7885173],[-86.2323657,39.7884914],[-86.232396,39.7884815],[-86.2324589,39.7884628],[-86.2325132,39.7884492],[-86.2325769,39.788432],[-86.2326529,39.7884163],[-86.2327502,39.7883993],[-86.2328646,39.7883839],[-86.2329779,39.7883702],[-86.2331178,39.7883516],[-86.2331437,39.7883499],[-86.2332028,39.7883487],[-86.2332704,39.7883452],[-86.2333552,39.7883421],[-86.2333806,39.7883404],[-86.2334055,39.7883366],[-86.2334991,39.7883144],[-86.2335908,39.7883012],[-86.2336567,39.7882962],[-86.2337042,39.7882912],[-86.23379,39.7882834],[-86.2338739,39.7882735],[-86.2339566,39.7882664],[-86.2341437,39.7882475],[-86.2341989,39.7882435],[-86.2342325,39.7882421],[-86.2342781,39.7882415],[-86.2344637,39.7882442],[-86.2346045,39.7882423],[-86.2346861,39.7882426],[-86.2347557,39.788242],[-86.2348019,39.7882438],[-86.2348249,39.788246],[-86.2348478,39.7882493],[-86.234881,39.7882567],[-86.2349424,39.788275],[-86.2349727,39.7882817],[-86.2350347,39.7882907],[-86.2350832,39.7882997],[-86.2351511,39.7883061],[-86.235165,39.7883083],[-86.2351711,39.78831],[-86.2351814,39.7883149],[-86.2352071,39.7883299],[-86.2352182,39.788338],[-86.2352285,39.7883475],[-86.2352375,39.7883581],[-86.2352523,39.7883812],[-86.2352573,39.7883939],[-86.2352585,39.7884008],[-86.2352588,39.7884153],[-86.2352504,39.7885515],[-86.2352484,39.7886239],[-86.2352401,39.7887768],[-86.2352381,39.7888498],[-86.235232,39.7889397],[-86.2352277,39.7890302],[-86.2352253,39.7891287],[-86.2352198,39.7892199],[-86.2352209,39.7892607],[-86.2352264,39.7893021],[-86.2352308,39.7893226],[-86.2352391,39.789353],[-86.2352457,39.789373],[-86.2352536,39.7893926],[-86.2352632,39.789412],[-86.2352801,39.7894402],[-86.2352986,39.7894677],[-86.235312,39.7894855],[-86.2353333,39.7895113],[-86.2353559,39.7895363],[-86.2353882,39.7895701],[-86.2354065,39.7895874],[-86.2354279,39.7896038],[-86.2354403,39.7896111],[-86.2354535,39.7896177],[-86.2354817,39.7896295],[-86.2355114,39.7896399],[-86.2355424,39.7896478],[-86.2355581,39.7896508],[-86.2355896,39.7896546],[-86.2356205,39.7896559],[-86.2356658,39.7896544],[-86.2356954,39.7896512],[-86.2357239,39.789646],[-86.2357635,39.789636],[-86.2358758,39.7896012],[-86.2359524,39.7895788],[-86.2360722,39.7895413],[-86.2361258,39.7895232],[-86.2362452,39.7894873],[-86.2362987,39.7894693],[-86.2364072,39.7894367],[-86.2365907,39.7893782],[-86.2367391,39.7893342],[-86.2367705,39.7893263],[-86.2368342,39.7893129],[-86.2369304,39.7892947],[-86.2370281,39.7892842],[-86.2370938,39.7892797],[-86.2371156,39.789279],[-86.2371922,39.7892785],[-86.2372676,39.7892812],[-86.2373532,39.78929],[-86.2373746,39.7892938],[-86.2374177,39.7893038],[-86.2374399,39.7893082],[-86.2375162,39.7893196],[-86.2375369,39.7893243],[-86.237609,39.7893433],[-86.2376703,39.7893609],[-86.2376901,39.7893672],[-86.2377278,39.7893828],[-86.2377951,39.7894152],[-86.2378552,39.789439],[-86.2378827,39.7894517],[-86.2379088,39.7894656],[-86.2379762,39.7895075],[-86.2380429,39.7895522],[-86.2380665,39.7895698],[-86.2380968,39.7895941],[-86.2381533,39.7896458],[-86.2382242,39.7897182],[-86.2382763,39.7897668],[-86.2383016,39.7897941],[-86.2383175,39.789815],[-86.2383307,39.7898367],[-86.2383659,39.7899018],[-86.2384363,39.7900224],[-86.2384579,39.7900566],[-86.2385022,39.790121],[-86.2385215,39.7901512],[-86.2385387,39.7901824],[-86.2385543,39.7902149],[-86.2386267,39.7903834],[-86.238649,39.7904407],[-86.2386674,39.7904987],[-86.2387181,39.7906891],[-86.2387286,39.7907406],[-86.2387322,39.7907663],[-86.2387344,39.7907921],[-86.2387381,39.7909617],[-86.2387418,39.7910235],[-86.2387433,39.7910677],[-86.238744,39.7911567],[-86.2387421,39.7912475],[-86.2387463,39.7913373],[-86.2387489,39.7915267],[-86.2387537,39.7917701],[-86.2387608,39.791941],[-86.2387599,39.7920393],[-86.2387584,39.7920938],[-86.2387589,39.7921661],[-86.2387579,39.7922297],[-86.2387613,39.792382],[-86.2387653,39.7924633],[-86.2387703,39.7927243],[-86.238771,39.7928137],[-86.2387682,39.7928948],[-86.2387683,39.7929317],[-86.2387699,39.7929686],[-86.2387752,39.7930229],[-86.2387768,39.7930498],[-86.2387745,39.7931679]]}},{"type":"Feature","properties":{"role":"midline","derived_from":["edge_left","edge_right"],"quality":{"source":"derived","accuracy_m":0.39,"relative_accuracy_m":0.13,"measured":true,"date":"2025"}},"geometry":{"type":"LineString","coordinates":[[-86.2388654,39.7931647],[-86.2388704,39.7932277],[-86.2388724,39.7933087],[-86.2388711,39.7933357],[-86.2388669,39.7933716],[-86.2388651,39.7933986],[-86.2388644,39.7934346],[-86.2388652,39.7935067],[-86.2388667,39.7935518],[-86.2388708,39.7936147],[-86.2388716,39.7936507],[-86.2388743,39.7936866],[-86.2388762,39.7937495],[-86.2388737,39.7937945],[-86.2388725,39.7938936],[-86.2388761,39.7940918],[-86.2388765,39.7941728],[-86.2388791,39.7942358],[-86.2388805,39.7944159],[-86.2388851,39.794614],[-86.2388867,39.7948212],[-86.2388891,39.7948932],[-86.2388932,39.7951724],[-86.2388954,39.7952625],[-86.2388962,39.7953615],[-86.2388988,39.7954336],[-86.2389018,39.7956497],[-86.2389085,39.7960009],[-86.2389091,39.7961629],[-86.2389106,39.7962705],[-86.2389129,39.7963877],[-86.2389169,39.7965137],[-86.2389229,39.7965857],[-86.238922,39.7966218],[-86.2389224,39.7966668],[-86.2389195,39.7967118],[-86.2389191,39.7967389],[-86.2389232,39.796955],[-86.2389237,39.7970541],[-86.2389272,39.7971982],[-86.2389265,39.7972883],[-86.238932,39.7973873],[-86.2389371,39.7976034],[-86.238941,39.7977204],[-86.2389937,39.7988637],[-86.2389941,39.798909],[-86.2389925,39.7989363],[-86.2389903,39.7989545],[-86.2389868,39.7989726],[-86.2389792,39.7989994],[-86.2389679,39.7990254],[-86.2389492,39.799059],[-86.2389382,39.7990755],[-86.2389243,39.7990907],[-86.238907,39.7991036],[-86.2388872,39.7991141],[-86.2388659,39.7991224],[-86.2388436,39.7991286],[-86.2388208,39.7991328],[-86.2387977,39.799135],[-86.2387744,39.7991357],[-86.2386927,39.7991348],[-86.2386459,39.7991353],[-86.2386227,39.7991367],[-86.2385765,39.7991422],[-86.2385532,39.7991438],[-86.2384364,39.7991426],[-86.2384131,39.7991413],[-86.238355,39.7991364],[-86.2382968,39.7991343],[-86.2381917,39.7991354],[-86.2381452,39.799138],[-86.2381104,39.7991412],[-86.2380761,39.7991466],[-86.2380312,39.7991563],[-86.2379985,39.799166],[-86.2379671,39.7991778],[-86.2379363,39.7991905],[-86.2379066,39.7992048],[-86.23786,39.7992318],[-86.237834,39.7992498],[-86.237787,39.7992898],[-86.2377651,39.7993109],[-86.2377459,39.7993336],[-86.237723,39.799365],[-86.2377086,39.7993897],[-86.2377008,39.7994067],[-86.2376904,39.7994326],[-86.2376824,39.7994589],[-86.2376775,39.7994857],[-86.2376727,39.7995215],[-86.2376716,39.7995395],[-86.2376738,39.7996296],[-86.2376884,39.7997642],[-86.2377077,39.7999256],[-86.2377106,39.7999886],[-86.2377075,39.8000516],[-86.2376996,39.8001235],[-86.2376949,39.8001502],[-86.2376857,39.8001856],[-86.2376595,39.8002733],[-86.2376473,39.800308],[-86.2376333,39.8003424],[-86.2375984,39.8004188],[-86.2375717,39.8004686],[-86.2375352,39.8005249],[-86.2375117,39.800556],[-86.2374866,39.8005864],[-86.2374733,39.8006012],[-86.2374187,39.8006596],[-86.2373678,39.800709],[-86.2373041,39.8007617],[-86.2372367,39.8008116],[-86.2371746,39.8008526],[-86.2370908,39.8009014],[-86.2370618,39.8009166],[-86.2370321,39.800931],[-86.2369511,39.8009668],[-86.23692,39.8009793],[-86.2368778,39.8009947],[-86.2367607,39.8010356],[-86.2367082,39.8010552],[-86.2366129,39.8010894],[-86.2365278,39.801119],[-86.2364646,39.8011424],[-86.2363053,39.8011985],[-86.2362512,39.8012154],[-86.2362178,39.8012233],[-86.2361837,39.8012295],[-86.2361606,39.8012323],[-86.2361374,39.8012336],[-86.2361024,39.8012337],[-86.2360674,39.8012321],[-86.2360329,39.8012276],[-86.235999,39.8012209],[-86.2359656,39.8012128],[-86.2359333,39.8012024],[-86.235881,39.8011824],[-86.2358508,39.8011687],[-86.235812,39.8011486],[-86.2357842,39.8011321],[-86.2357322,39.801096],[-86.2357071,39.8010771],[-86.2356758,39.8010504],[-86.2356459,39.8010227],[-86.2356182,39.8009938],[-86.2355925,39.8009637],[-86.2355695,39.8009324],[-86.2355534,39.8009085],[-86.2355439,39.800892],[-86.2355185,39.8008417],[-86.2355042,39.8008074],[-86.2354924,39.8007726],[-86.2354849,39.8007462],[-86.2354776,39.8007106],[-86.2354727,39.8006658],[-86.2354698,39.8005937],[-86.2354669,39.8003506],[-86.2354639,39.8002515],[-86.2354639,39.8001705],[-86.2354607,39.8000714],[-86.2354605,39.7998823],[-86.2354581,39.7997832],[-86.2354589,39.7997112],[-86.2354579,39.7996932],[-86.2354552,39.7996752],[-86.2354463,39.7996398],[-86.2354403,39.7996224],[-86.2354291,39.7995967],[-86.2354163,39.7995715],[-86.2354063,39.7995552],[-86.2353949,39.7995395],[-86.2353761,39.7995166],[-86.2353625,39.799502],[-86.2353476,39.7994881],[-86.2353313,39.7994752],[-86.235314,39.7994631],[-86.2352869,39.799446],[-86.235268,39.7994354],[-86.2352384,39.799421],[-86.2351677,39.7993895],[-86.2351289,39.7993696],[-86.2351019,39.7993524],[-86.2350856,39.7993394],[-86.2350783,39.7993324],[-86.235065,39.7993175],[-86.2350225,39.7992643],[-86.2350066,39.7992409],[-86.234993,39.7992165],[-86.2349854,39.7991997],[-86.2349798,39.7991823],[-86.2349767,39.7991645],[-86.2349741,39.7990746],[-86.2349734,39.7989665],[-86.2349668,39.7986063],[-86.2349645,39.7983361],[-86.2349588,39.7980569],[-86.2349569,39.7978768],[-86.234953,39.7977237],[-86.2349521,39.7975976],[-86.234954,39.7974986],[-86.2349518,39.7974446],[-86.2349497,39.7973455],[-86.2349474,39.7971564],[-86.2349434,39.7970303],[-86.2349394,39.796616],[-86.2349274,39.7960037],[-86.2349243,39.7957155],[-86.234921,39.7955444],[-86.2349204,39.7954273],[-86.2349145,39.7950851],[-86.2349119,39.7948599],[-86.2349074,39.7946618],[-86.2348965,39.7938422],[-86.2348917,39.7936621],[-86.2348915,39.7935991],[-86.2348882,39.7935361],[-86.2348895,39.7934911],[-86.2348889,39.793356],[-86.2348847,39.7932389],[-86.2348819,39.7931939],[-86.2348809,39.7931399],[-86.2348807,39.7930498],[-86.2348818,39.7929508],[-86.2348795,39.7928247],[-86.2348771,39.7925995],[-86.2348787,39.7925275],[-86.2348804,39.7925005],[-86.2348838,39.7924736],[-86.2348925,39.79242],[-86.2348948,39.7923931],[-86.2348952,39.7923751],[-86.2348943,39.7923571],[-86.2348915,39.7923391],[-86.2348889,39.7923303],[-86.2348853,39.7923217],[-86.2348806,39.7923134],[-86.2348747,39.7923055],[-86.2348679,39.7922982],[-86.2348602,39.7922914],[-86.234843,39.7922793],[-86.2348339,39.7922739],[-86.2348146,39.7922644],[-86.2347839,39.792253],[-86.2347515,39.7922446],[-86.2346955,39.7922338],[-86.2346609,39.7922298],[-86.2346143,39.7922273],[-86.2345326,39.792225],[-86.2344858,39.792225],[-86.2344392,39.792226],[-86.2343342,39.7922295],[-86.2342177,39.7922361],[-86.2341477,39.7922365],[-86.2340893,39.7922377],[-86.2338912,39.7922472],[-86.2336929,39.7922546],[-86.2335529,39.7922587],[-86.2335296,39.7922589],[-86.2334946,39.7922564],[-86.2334486,39.7922503],[-86.2334258,39.7922467],[-86.2334032,39.7922421],[-86.2333586,39.7922316],[-86.2333149,39.7922191],[-86.2332621,39.7922],[-86.2332313,39.7921872],[-86.2332018,39.7921725],[-86.2331641,39.7921513],[-86.2331288,39.7921276],[-86.2330953,39.7921025],[-86.2330728,39.7920818],[-86.2330381,39.7920456],[-86.2330248,39.7920309],[-86.2330066,39.7920078],[-86.23299,39.791984],[-86.2329752,39.7919595],[-86.2329629,39.7919342],[-86.2329482,39.7919],[-86.2329217,39.7918309],[-86.2329095,39.7918056],[-86.2328957,39.7917808],[-86.2328795,39.7917568],[-86.2328547,39.7917262],[-86.2328347,39.7917041],[-86.2328124,39.7916833],[-86.2327803,39.7916571],[-86.2327546,39.7916388],[-86.2327269,39.7916222],[-86.2326886,39.7916016],[-86.2326583,39.791588],[-86.2326059,39.7915684],[-86.2325734,39.7915584],[-86.23254,39.7915503],[-86.2324948,39.7915414],[-86.2324603,39.791537],[-86.2324137,39.791534],[-86.2323787,39.7915339],[-86.2322272,39.7915417],[-86.231948,39.791559],[-86.2317616,39.7915694],[-86.2316104,39.7915791],[-86.2315405,39.7915827],[-86.2314472,39.7915864],[-86.2314239,39.7915864],[-86.2313891,39.7915835],[-86.2313435,39.7915764],[-86.231321,39.7915715],[-86.2312994,39.7915646],[-86.231279,39.7915558],[-86.2312503,39.7915404],[-86.2312234,39.7915231],[-86.2312069,39.7915103],[-86.2311851,39.7914891],[-86.2311667,39.7914662],[-86.2311458,39.7914339],[-86.2311177,39.7913845],[-86.2310876,39.7913258],[-86.2310596,39.7912666],[-86.2310488,39.7912409],[-86.2310306,39.7911887],[-86.2310198,39.7911536],[-86.2310038,39.7910918],[-86.230993,39.7910384],[-86.2309832,39.7909758],[-86.2309799,39.7909489],[-86.2309761,39.790904],[-86.2309753,39.790877],[-86.2309756,39.790832],[-86.2309799,39.790751],[-86.2309974,39.7906347],[-86.2310289,39.7904744],[-86.2310583,39.7903139],[-86.2310696,39.7902605],[-86.2310969,39.790118],[-86.2311168,39.7900201],[-86.2311487,39.7898508],[-86.2312081,39.789548],[-86.2312138,39.7895213],[-86.2312314,39.7894506],[-86.231248,39.7893888],[-86.2312681,39.7893185],[-86.2312882,39.7892574],[-86.2312949,39.7892401],[-86.2313028,39.7892231],[-86.2313301,39.7891733],[-86.231345,39.7891488],[-86.2313724,39.789109],[-86.2314267,39.7890395],[-86.2314404,39.7890249],[-86.2314694,39.7889966],[-86.2315522,39.7889209],[-86.2315885,39.7888857],[-86.2316553,39.7888231],[-86.2316935,39.788789],[-86.2317579,39.7887369],[-86.2318247,39.7886864],[-86.231886,39.7886448],[-86.2319597,39.7886006],[-86.2320266,39.7885643],[-86.2321155,39.7885212],[-86.2321966,39.7884855],[-86.232279,39.7884516],[-86.2323318,39.7884323],[-86.232364,39.7884217],[-86.2324293,39.7884021],[-86.2325614,39.7883662],[-86.2326737,39.7883414],[-86.2327303,39.7883305],[-86.2327645,39.7883249],[-86.2328797,39.7883095],[-86.2329851,39.7882964],[-86.2330758,39.7882835],[-86.2331082,39.7882799],[-86.2331407,39.7882777],[-86.2333486,39.7882705],[-86.2333843,39.7882678],[-86.2335,39.7882492],[-86.2335449,39.7882443],[-86.2336011,39.7882369],[-86.2336708,39.7882298],[-86.2337874,39.7882157],[-86.233948,39.7881913],[-86.2340721,39.7881702],[-86.234107,39.7881655],[-86.2341789,39.7881596],[-86.2342149,39.7881579],[-86.2342625,39.7881566],[-86.2343215,39.7881561],[-86.234462,39.7881566],[-86.2346134,39.7881545],[-86.234789,39.7881544],[-86.234836,39.7881565],[-86.2348715,39.7881598],[-86.2349071,39.7881646],[-86.2349659,39.7881745],[-86.2350347,39.7881885],[-86.2350686,39.7881963],[-86.2351459,39.7882165],[-86.2351884,39.7882295],[-86.2352184,39.7882415],[-86.235237,39.7882511],[-86.235254,39.7882622],[-86.2352777,39.7882807],[-86.2352922,39.7882943],[-86.2353051,39.788309],[-86.2353164,39.7883246],[-86.2353306,39.7883492],[-86.2353383,39.7883663],[-86.2353412,39.7883751],[-86.2353444,39.788393],[-86.2353448,39.7884111],[-86.235343,39.7884472],[-86.235342,39.7885012],[-86.2353357,39.7885641],[-86.2353348,39.7886091],[-86.2353289,39.78869],[-86.2353273,39.788735],[-86.235323,39.788807],[-86.2353214,39.788861],[-86.2353118,39.789032],[-86.2353113,39.789059],[-86.2353126,39.789095],[-86.2353119,39.7891311],[-86.2353062,39.789185],[-86.2353036,39.7892209],[-86.2353038,39.7892479],[-86.2353106,39.7893015],[-86.2353144,39.7893193],[-86.2353195,39.7893369],[-86.2353286,39.789363],[-86.2353359,39.7893802],[-86.2353449,39.7893969],[-86.2353552,39.789413],[-86.2353773,39.7894448],[-86.2353892,39.7894603],[-86.235409,39.7894825],[-86.2354368,39.7895114],[-86.2354513,39.7895256],[-86.2354668,39.789539],[-86.235484,39.7895513],[-86.2354932,39.7895568],[-86.2355126,39.7895668],[-86.2355329,39.7895756],[-86.2355542,39.7895827],[-86.2355653,39.7895855],[-86.2355881,39.7895892],[-86.2356113,39.7895909],[-86.2356347,39.7895913],[-86.235658,39.7895905],[-86.2356812,39.7895883],[-86.2357039,39.7895841],[-86.235737,39.7895751],[-86.2360835,39.7894674],[-86.236203,39.7894311],[-86.2362676,39.7894103],[-86.2363761,39.7893771],[-86.2366573,39.7892888],[-86.236712,39.7892731],[-86.2367453,39.7892647],[-86.2368127,39.7892501],[-86.2369036,39.7892333],[-86.2369496,39.7892271],[-86.2369958,39.7892221],[-86.2370307,39.7892191],[-86.2371005,39.7892148],[-86.2371588,39.7892139],[-86.2372055,39.7892142],[-86.2372755,39.7892171],[-86.2373103,39.7892203],[-86.237368,39.7892269],[-86.2374477,39.7892411],[-86.2375276,39.7892542],[-86.2375612,39.7892619],[-86.2376384,39.7892826],[-86.2376929,39.7892989],[-86.2377251,39.7893094],[-86.2377565,39.7893215],[-86.2377871,39.7893346],[-86.2378986,39.7893837],[-86.2379382,39.7894029],[-86.2379759,39.7894241],[-86.2380393,39.7894639],[-86.2381089,39.7895119],[-86.2381579,39.7895505],[-86.2382109,39.7895985],[-86.2382749,39.7896628],[-86.2383449,39.7897233],[-86.2383751,39.789751],[-86.238389,39.7897655],[-86.2384019,39.7897806],[-86.2384307,39.7898199],[-86.2384414,39.7898359],[-86.2384508,39.7898524],[-86.2385145,39.7899781],[-86.2385367,39.7900198],[-86.2385513,39.7900444],[-86.2385835,39.7900924],[-86.2386029,39.7901252],[-86.2386245,39.790167],[-86.238644,39.7902094],[-86.23871,39.7903633],[-86.2387329,39.7904238],[-86.2387442,39.7904588],[-86.2387542,39.790494],[-86.2387875,39.7906266],[-86.2387979,39.790671],[-86.2388052,39.7907066],[-86.2388111,39.7907424],[-86.2388152,39.7907784],[-86.2388176,39.7908144],[-86.2388206,39.7908955],[-86.2388279,39.7910485],[-86.2388291,39.7911296],[-86.2388283,39.7912467],[-86.238831,39.7913277],[-86.2388331,39.7914988],[-86.2388372,39.791724],[-86.2388436,39.7919401],[-86.2388429,39.7920932],[-86.2388438,39.7922283],[-86.2388473,39.7923814],[-86.23885,39.7924624],[-86.2388525,39.7926335],[-86.238855,39.7927326],[-86.2388557,39.7928136],[-86.2388542,39.7928947],[-86.2388544,39.7929307],[-86.2388557,39.7929667],[-86.2388604,39.7930387],[-86.2388632,39.7931288],[-86.2388654,39.7931647]]}},{"type":"Feature","properties":{"role":"surface","rings":["outer","inner"],"area_m2":null},"geometry":{"type":"Polygon","coordinates":[[[-86.2389563,39.7931616],[-86.2389659,39.7932247],[-86.2389682,39.7932713],[-86.2389679,39.7932999],[-86.2389662,39.7933191],[-86.2389628,39.793338],[-86.2389554,39.7933652],[-86.2389517,39.7933828],[-86.2389499,39.7934004],[-86.2389492,39.7934268],[-86.2389522,39.793549],[-86.2389574,39.7936101],[-86.2389588,39.7936473],[-86.2389636,39.7936851],[-86.2389677,39.7937501],[-86.2389668,39.7937684],[-86.2389611,39.7938045],[-86.2389557,39.7938942],[-86.2389567,39.7939575],[-86.238962,39.7940918],[-86.2389639,39.7941983],[-86.2389621,39.7942894],[-86.2389697,39.7946133],[-86.2389711,39.7947394],[-86.2389703,39.7948205],[-86.2389737,39.7948923],[-86.2389743,39.7949645],[-86.23898,39.7952615],[-86.2389807,39.7953695],[-86.2389838,39.7954231],[-86.2389862,39.7956489],[-86.2389932,39.7959989],[-86.2389931,39.7960691],[-86.2389962,39.7961436],[-86.2389963,39.7962466],[-86.2389995,39.7963424],[-86.2389994,39.7964219],[-86.2390011,39.7964947],[-86.2390032,39.7965309],[-86.2390108,39.7965669],[-86.2390127,39.7965849],[-86.2390115,39.796621],[-86.2390133,39.7966571],[-86.2390129,39.7966661],[-86.2390067,39.7967022],[-86.2390051,39.7967202],[-86.2390047,39.7967382],[-86.2390088,39.7969635],[-86.2390083,39.7970621],[-86.2390109,39.7971163],[-86.2390122,39.7971883],[-86.2390122,39.7972153],[-86.2390092,39.7972692],[-86.239009,39.797287],[-86.2390161,39.7973855],[-86.2390178,39.7975032],[-86.2390215,39.797647],[-86.2390239,39.7977098],[-86.2390841,39.7988626],[-86.2390846,39.7989109],[-86.2390827,39.7989417],[-86.2390799,39.7989628],[-86.2390756,39.7989842],[-86.2390661,39.7990165],[-86.2390526,39.7990488],[-86.2390344,39.7990814],[-86.2390196,39.7991036],[-86.2390111,39.7991147],[-86.2390017,39.7991256],[-86.238991,39.799136],[-86.2389792,39.7991457],[-86.2389664,39.7991548],[-86.2389526,39.7991632],[-86.2389381,39.7991707],[-86.2389228,39.7991774],[-86.238907,39.7991833],[-86.2388908,39.7991882],[-86.2388744,39.7991922],[-86.2388416,39.7991975],[-86.2388103,39.7991999],[-86.2387813,39.7992006],[-86.2386285,39.7991997],[-86.2386041,39.799201],[-86.2385664,39.7992053],[-86.2385412,39.7992071],[-86.2384319,39.7992093],[-86.2384078,39.7992082],[-86.2383614,39.7992037],[-86.2382951,39.7991997],[-86.2382068,39.7991998],[-86.2381346,39.7992032],[-86.238105,39.7992075],[-86.2380672,39.799216],[-86.2380397,39.7992231],[-86.238022,39.7992292],[-86.2379785,39.7992463],[-86.2379617,39.7992539],[-86.2379217,39.799276],[-86.2378986,39.7992905],[-86.237885,39.7993015],[-86.2378464,39.7993358],[-86.2378341,39.7993479],[-86.2378181,39.7993675],[-86.2377941,39.7994003],[-86.2377836,39.799421],[-86.2377662,39.7994643],[-86.2377625,39.7994794],[-86.2377564,39.7995181],[-86.2377545,39.7995422],[-86.2377555,39.7996092],[-86.2377568,39.7996344],[-86.2377808,39.7998486],[-86.2377904,39.7999217],[-86.2377935,39.7999693],[-86.2377933,39.8000175],[-86.2377902,39.8000652],[-86.237783,39.8001408],[-86.2377798,39.80016],[-86.2377748,39.8001791],[-86.2377556,39.8002444],[-86.2377349,39.8003076],[-86.2377249,39.8003348],[-86.2376824,39.8004335],[-86.2376597,39.8004782],[-86.2376328,39.8005227],[-86.2376148,39.8005488],[-86.2375959,39.800574],[-86.2375556,39.8006225],[-86.2374926,39.8006907],[-86.2374628,39.8007209],[-86.237439,39.8007432],[-86.2373809,39.8007932],[-86.2373551,39.8008137],[-86.2373109,39.8008464],[-86.2372747,39.8008721],[-86.2372466,39.8008908],[-86.2371883,39.8009265],[-86.2371484,39.8009489],[-86.2371177,39.8009651],[-86.2370649,39.8009904],[-86.2369686,39.8010324],[-86.2367961,39.8010941],[-86.2367437,39.8011144],[-86.2366159,39.8011587],[-86.2365004,39.8012015],[-86.2363259,39.8012613],[-86.2362902,39.8012727],[-86.2362652,39.8012796],[-86.2362389,39.8012856],[-86.236198,39.8012927],[-86.236156,39.8012976],[-86.2361279,39.8012992],[-86.2360998,39.8012993],[-86.2360578,39.8012971],[-86.2360163,39.8012919],[-86.2359892,39.8012869],[-86.2359498,39.801277],[-86.235912,39.8012652],[-86.2358639,39.8012477],[-86.2358179,39.8012284],[-86.2357842,39.8012128],[-86.2357518,39.8011956],[-86.2357216,39.8011764],[-86.235693,39.8011564],[-86.2356562,39.8011291],[-86.235621,39.8011003],[-86.235588,39.8010704],[-86.2355569,39.8010391],[-86.2355279,39.801006],[-86.2355078,39.8009803],[-86.2354835,39.8009449],[-86.2354623,39.8009088],[-86.2354481,39.8008815],[-86.2354353,39.8008537],[-86.2354238,39.8008254],[-86.2354139,39.8007968],[-86.2354054,39.8007678],[-86.2353986,39.8007384],[-86.2353917,39.8006991],[-86.2353882,39.8006699],[-86.2353848,39.800595],[-86.2353846,39.8005135],[-86.2353823,39.8004051],[-86.2353827,39.8003602],[-86.2353801,39.8002707],[-86.2353804,39.8001711],[-86.2353776,39.8000719],[-86.235377,39.7998654],[-86.2353741,39.7997653],[-86.2353753,39.7997147],[-86.2353739,39.7996994],[-86.235371,39.7996846],[-86.235364,39.7996555],[-86.2353592,39.7996408],[-86.235343,39.7996049],[-86.2353311,39.7995845],[-86.2353214,39.7995719],[-86.2353003,39.7995484],[-86.2352889,39.7995374],[-86.235276,39.7995274],[-86.2352328,39.7995001],[-86.2352087,39.7994874],[-86.2351811,39.7994758],[-86.2351157,39.7994512],[-86.2350921,39.7994407],[-86.2350681,39.7994288],[-86.235044,39.7994159],[-86.2350209,39.7994018],[-86.2350001,39.7993863],[-86.2349909,39.7993779],[-86.2349825,39.7993693],[-86.2349513,39.7993334],[-86.2349149,39.7992974],[-86.2349063,39.7992875],[-86.2348907,39.7992664],[-86.234877,39.7992441],[-86.2348597,39.7992092],[-86.2348505,39.7991859],[-86.2348453,39.7991633],[-86.2348437,39.799132],[-86.2348421,39.7989677],[-86.2348352,39.7985893],[-86.2348328,39.7983193],[-86.2348277,39.7980683],[-86.2348281,39.7979957],[-86.2348271,39.7978939],[-86.2348231,39.7977247],[-86.2348222,39.7976066],[-86.2348235,39.7974469],[-86.2348202,39.7972836],[-86.234819,39.797166],[-86.2348149,39.7970864],[-86.2348135,39.7970315],[-86.2348115,39.7968694],[-86.2348125,39.7967889],[-86.234811,39.7966172],[-86.2347991,39.7960139],[-86.2347959,39.7957165],[-86.2347926,39.7955452],[-86.234792,39.7954283],[-86.2347858,39.795068],[-86.2347839,39.794861],[-86.2347795,39.7946902],[-86.2347771,39.7944828],[-86.2347748,39.7943657],[-86.2347736,39.7942489],[-86.2347743,39.7941775],[-86.2347713,39.7939873],[-86.2347704,39.7938604],[-86.2347667,39.7937717],[-86.2347637,39.7936637],[-86.2347632,39.7935924],[-86.2347613,39.7935469],[-86.2347634,39.7934822],[-86.2347629,39.7933748],[-86.2347571,39.793177],[-86.2347554,39.7930593],[-86.2347559,39.7929336],[-86.2347513,39.7926087],[-86.2347537,39.7925426],[-86.2347577,39.7925036],[-86.2347636,39.7924745],[-86.2347832,39.7924142],[-86.2347878,39.7923924],[-86.2347882,39.792374],[-86.2347834,39.7923499],[-86.2347816,39.7923471],[-86.2347752,39.7923427],[-86.2347339,39.7923282],[-86.2346983,39.7923181],[-86.2346615,39.79231],[-86.2346304,39.7923048],[-86.2345865,39.7922995],[-86.2345309,39.7922941],[-86.2344863,39.7922917],[-86.2344411,39.7922915],[-86.2343617,39.7922937],[-86.234293,39.7922969],[-86.2342338,39.7923011],[-86.2342097,39.7923022],[-86.2341504,39.7923014],[-86.2340929,39.7923022],[-86.2340004,39.7923075],[-86.2337672,39.792317],[-86.2336378,39.7923215],[-86.2335769,39.7923228],[-86.2335252,39.792322],[-86.2334724,39.7923182],[-86.2334205,39.7923115],[-86.2333695,39.7923021],[-86.233319,39.7922899],[-86.2332694,39.7922756],[-86.2332336,39.792263],[-86.2331992,39.7922482],[-86.2331431,39.7922208],[-86.233111,39.7922027],[-86.2330709,39.7921761],[-86.2330429,39.7921543],[-86.2330085,39.792123],[-86.2329689,39.7920824],[-86.2329395,39.7920487],[-86.2329259,39.7920312],[-86.2329134,39.7920132],[-86.2328968,39.7919854],[-86.2328828,39.7919573],[-86.2328596,39.7919025],[-86.232842,39.7918527],[-86.2328238,39.7918161],[-86.2328108,39.7917953],[-86.2327725,39.7917502],[-86.2327543,39.7917322],[-86.2327275,39.79171],[-86.2327067,39.7916939],[-86.2326916,39.7916842],[-86.2326511,39.7916616],[-86.2326258,39.7916489],[-86.2325905,39.7916345],[-86.2325639,39.7916245],[-86.2325455,39.791619],[-86.2325266,39.7916144],[-86.2324887,39.7916064],[-86.2324695,39.7916033],[-86.2324501,39.7916015],[-86.2324104,39.7915993],[-86.2323794,39.7915987],[-86.2322332,39.7916059],[-86.2321649,39.7916106],[-86.2320702,39.7916154],[-86.2318851,39.7916275],[-86.2317913,39.7916319],[-86.2317098,39.7916381],[-86.231593,39.791645],[-86.2314726,39.7916507],[-86.2314465,39.7916515],[-86.2314192,39.7916512],[-86.2313768,39.7916479],[-86.2313192,39.7916401],[-86.2312899,39.7916346],[-86.2312611,39.7916264],[-86.2312337,39.7916155],[-86.2312207,39.7916093],[-86.2311959,39.7915958],[-86.2311615,39.7915732],[-86.2311406,39.7915566],[-86.2311217,39.7915387],[-86.2311052,39.7915198],[-86.2310915,39.7915005],[-86.2310803,39.7914812],[-86.2310461,39.7914179],[-86.23102,39.7913653],[-86.230993,39.7913136],[-86.2309766,39.7912779],[-86.2309588,39.791232],[-86.2309436,39.7911861],[-86.2309305,39.79114],[-86.2309172,39.7910847],[-86.230908,39.7910383],[-86.2309006,39.7909917],[-86.2308952,39.7909447],[-86.2308925,39.790897],[-86.2308923,39.7908589],[-86.2308978,39.7907462],[-86.2309013,39.7907085],[-86.2309151,39.790626],[-86.2309366,39.7905092],[-86.2309586,39.7904025],[-86.2309703,39.7903401],[-86.2309758,39.7903042],[-86.2309951,39.7902156],[-86.2310149,39.7901083],[-86.2310352,39.7900108],[-86.231045,39.7899576],[-86.2310521,39.7899128],[-86.2310724,39.7898145],[-86.2310902,39.7897166],[-86.2310982,39.7896813],[-86.2311295,39.7895189],[-86.2311537,39.7894102],[-86.2311665,39.7893388],[-86.2311842,39.7892533],[-86.2311912,39.7892235],[-86.2311971,39.7892038],[-86.2312054,39.7891848],[-86.2312357,39.7891295],[-86.2312467,39.789111],[-86.2312587,39.7890929],[-86.2312852,39.789059],[-86.2313127,39.7890274],[-86.2313324,39.7890031],[-86.2313475,39.788987],[-86.231365,39.7889718],[-86.2313834,39.7889573],[-86.2314779,39.7888856],[-86.2314931,39.7888724],[-86.2315375,39.7888309],[-86.2316238,39.7887524],[-86.2316893,39.7886983],[-86.2317496,39.7886519],[-86.2318044,39.7886134],[-86.2318709,39.7885713],[-86.2319394,39.7885319],[-86.2320105,39.7884949],[-86.2320937,39.788456],[-86.2322086,39.7884067],[-86.2322751,39.7883811],[-86.2323092,39.7883693],[-86.2323547,39.7883548],[-86.2325122,39.7883091],[-86.2325583,39.7882968],[-86.2326627,39.7882717],[-86.2327223,39.7882593],[-86.2327576,39.7882533],[-86.2328796,39.7882368],[-86.2329653,39.7882262],[-86.233051,39.7882135],[-86.23309,39.7882089],[-86.2331539,39.7882046],[-86.2333531,39.7881983],[-86.2334205,39.7881927],[-86.2335636,39.7881787],[-86.2337191,39.7881585],[-86.2337848,39.7881479],[-86.2338506,39.7881351],[-86.2339285,39.7881186],[-86.2339717,39.7881086],[-86.234057,39.7880872],[-86.2340926,39.7880814],[-86.2341309,39.7880778],[-86.234183,39.7880744],[-86.2342827,39.7880711],[-86.2346223,39.7880667],[-86.2348357,39.7880655],[-86.2348988,39.788066],[-86.234939,39.7880675],[-86.234966,39.7880698],[-86.2349923,39.7880737],[-86.2350304,39.7880825],[-86.2350925,39.7881],[-86.2351428,39.7881163],[-86.2351941,39.7881358],[-86.2352331,39.7881537],[-86.2352719,39.7881747],[-86.2352975,39.78819],[-86.2353219,39.7882068],[-86.2353439,39.7882252],[-86.2353631,39.7882448],[-86.2353795,39.7882651],[-86.2353934,39.7882858],[-86.2354109,39.7883179],[-86.2354205,39.7883401],[-86.2354242,39.7883514],[-86.235429,39.7883741],[-86.2354307,39.7883962],[-86.2354292,39.7884468],[-86.2354306,39.7884944],[-86.2354293,39.7885133],[-86.2354233,39.7885498],[-86.2354214,39.7885675],[-86.2354205,39.7886121],[-86.2354135,39.7886838],[-86.2354121,39.7887377],[-86.235406,39.7888188],[-86.2354048,39.7888721],[-86.2353955,39.7890425],[-86.2353957,39.78906],[-86.2353988,39.7890959],[-86.2353985,39.7891335],[-86.2353964,39.7891524],[-86.2353917,39.7891798],[-86.2353869,39.7892298],[-86.2353874,39.7892453],[-86.2353928,39.7892907],[-86.2353955,39.7893058],[-86.2354,39.7893208],[-86.2354106,39.7893506],[-86.2354171,39.7893652],[-86.2354256,39.7893791],[-86.2354595,39.7894263],[-86.2354773,39.7894454],[-86.2355144,39.789481],[-86.2355272,39.7894906],[-86.23554,39.7894988],[-86.2355635,39.7895131],[-86.2355754,39.789519],[-86.2355883,39.7895232],[-86.2355952,39.7895245],[-86.2356176,39.7895264],[-86.2356585,39.7895263],[-86.2356669,39.7895255],[-86.2356839,39.7895222],[-86.2359867,39.7894275],[-86.2361067,39.7893919],[-86.2364966,39.7892705],[-86.2366277,39.7892283],[-86.2366733,39.7892152],[-86.2367201,39.7892031],[-86.2367556,39.7891949],[-86.2368032,39.7891849],[-86.2368511,39.789176],[-86.2368997,39.7891683],[-86.2369365,39.7891634],[-86.2369855,39.7891581],[-86.2370344,39.7891539],[-86.2370963,39.7891505],[-86.2371584,39.7891492],[-86.2372204,39.7891499],[-86.2372707,39.7891522],[-86.237321,39.7891564],[-86.2373706,39.7891621],[-86.23749,39.7891797],[-86.2375375,39.7891882],[-86.2375856,39.7891995],[-86.2376561,39.7892186],[-86.237714,39.789236],[-86.2377602,39.7892516],[-86.2378167,39.7892732],[-86.2378698,39.7892948],[-86.2379314,39.7893234],[-86.2379742,39.7893442],[-86.2380262,39.7893724],[-86.2380847,39.7894085],[-86.238149,39.7894527],[-86.2382019,39.789493],[-86.2382357,39.7895213],[-86.2382601,39.7895431],[-86.2382831,39.7895653],[-86.2383185,39.789602],[-86.2383403,39.7896223],[-86.238431,39.7896935],[-86.2384571,39.7897154],[-86.2384816,39.7897391],[-86.2385262,39.7897895],[-86.2385386,39.7898077],[-86.2385485,39.7898268],[-86.2386248,39.7899996],[-86.238638,39.7900232],[-86.2386595,39.7900554],[-86.2386749,39.7900813],[-86.2386979,39.7901258],[-86.2387186,39.7901699],[-86.2387713,39.7902907],[-86.2388003,39.7903612],[-86.2388199,39.7904162],[-86.2388387,39.7904808],[-86.2388562,39.790553],[-86.2388742,39.790634],[-86.2388849,39.7906891],[-86.2388922,39.7907357],[-86.2388967,39.7907733],[-86.2389,39.7908107],[-86.2389114,39.7910012],[-86.2389138,39.7910837],[-86.2389143,39.7912281],[-86.238918,39.791516],[-86.2389267,39.7919484],[-86.2389278,39.7921194],[-86.2389324,39.7923174],[-86.2389365,39.7925784],[-86.2389363,39.7926325],[-86.2389397,39.7927319],[-86.2389405,39.7929298],[-86.2389449,39.7930457],[-86.2389488,39.7930902],[-86.2389508,39.793126],[-86.2389563,39.7931616]],[[-86.2387745,39.7931679],[-86.2387753,39.7932655],[-86.2387805,39.79336],[-86.2387793,39.7934984],[-86.2387842,39.7936194],[-86.2387853,39.793714],[-86.2387845,39.7937756],[-86.2387887,39.7938478],[-86.2387905,39.7939378],[-86.2387898,39.7941742],[-86.2387904,39.7941924],[-86.2387946,39.7942366],[-86.2387958,39.7942632],[-86.2387969,39.7943538],[-86.2387965,39.7944355],[-86.2388003,39.7946059],[-86.2388082,39.7951553],[-86.2388241,39.7960123],[-86.2388242,39.796077],[-86.2388217,39.7961549],[-86.238824,39.7962236],[-86.2388249,39.7963522],[-86.2388314,39.7964789],[-86.2388331,39.7965865],[-86.2388318,39.7966585],[-86.238842,39.7971991],[-86.2388554,39.7976588],[-86.2389034,39.7988648],[-86.2389037,39.7988988],[-86.2389023,39.7989309],[-86.238898,39.7989609],[-86.2388922,39.7989822],[-86.2388866,39.7989957],[-86.2388683,39.7990311],[-86.2388618,39.7990411],[-86.2388577,39.7990454],[-86.2388476,39.7990524],[-86.2388363,39.7990575],[-86.2388189,39.7990633],[-86.2388,39.7990681],[-86.238785,39.79907],[-86.2387674,39.7990708],[-86.2386886,39.7990698],[-86.2386516,39.7990704],[-86.2386281,39.7990722],[-86.2385845,39.7990792],[-86.2385633,39.7990813],[-86.2384522,39.7990764],[-86.2383599,39.7990699],[-86.238323,39.7990689],[-86.2382373,39.7990694],[-86.2381872,39.7990706],[-86.2381356,39.7990739],[-86.2380831,39.7990797],[-86.2380436,39.7990858],[-86.2380044,39.7990944],[-86.2379663,39.799106],[-86.2379296,39.7991197],[-86.2378824,39.7991401],[-86.2378486,39.7991574],[-86.2378165,39.7991763],[-86.2377763,39.7992038],[-86.2377479,39.7992261],[-86.2377124,39.7992575],[-86.2376884,39.7992824],[-86.2376668,39.7993086],[-86.2376537,39.7993269],[-86.2376416,39.7993459],[-86.2376256,39.7993754],[-86.2376128,39.7994054],[-86.2376032,39.7994358],[-86.2375967,39.7994665],[-86.237591,39.799507],[-86.2375887,39.7995369],[-86.2375883,39.7995662],[-86.2375923,39.7996427],[-86.2376058,39.7997695],[-86.2376175,39.7998591],[-86.2376255,39.7999381],[-86.2376275,39.7999887],[-86.2376269,39.8000054],[-86.2376225,39.8000646],[-86.2376152,39.8001157],[-86.2376005,39.8001814],[-86.2375782,39.800257],[-86.237563,39.8002986],[-86.2375528,39.8003231],[-86.2375228,39.8003872],[-86.2374895,39.8004486],[-86.2374518,39.8005071],[-86.2374115,39.8005574],[-86.2373776,39.8005923],[-86.237352,39.800621],[-86.2373046,39.8006674],[-86.2372444,39.8007164],[-86.2371886,39.800758],[-86.2371219,39.8008021],[-86.2370433,39.8008484],[-86.236998,39.800872],[-86.2369315,39.800902],[-86.2368824,39.800922],[-86.2368419,39.8009371],[-86.236736,39.8009733],[-86.2366517,39.8010037],[-86.2365783,39.8010313],[-86.2364921,39.8010604],[-86.236345,39.8011132],[-86.2362833,39.8011361],[-86.2362341,39.8011519],[-86.2362058,39.8011589],[-86.2361785,39.8011647],[-86.2361604,39.8011674],[-86.2361421,39.8011686],[-86.2360769,39.8011672],[-86.2360585,39.8011649],[-86.2360035,39.8011545],[-86.235985,39.8011499],[-86.2359669,39.8011438],[-86.2359213,39.8011265],[-86.235895,39.8011141],[-86.2358533,39.8010911],[-86.235837,39.8010813],[-86.235782,39.8010437],[-86.235767,39.8010323],[-86.2357118,39.8009828],[-86.235681,39.80095],[-86.235664,39.80093],[-86.2356288,39.800881],[-86.2356205,39.8008662],[-86.2356098,39.8008431],[-86.2355938,39.8008127],[-86.2355845,39.8007894],[-86.2355668,39.8007344],[-86.2355604,39.8007025],[-86.2355575,39.8006699],[-86.2355545,39.8005748],[-86.2355507,39.8003134],[-86.2355469,39.8002329],[-86.2355475,39.8001699],[-86.2355441,39.8000888],[-86.2355437,39.7999991],[-86.2355449,39.799926],[-86.2355414,39.7998009],[-86.2355424,39.7996974],[-86.2355395,39.7996659],[-86.2355319,39.7996345],[-86.2355251,39.7996141],[-86.235513,39.7995841],[-86.2355037,39.7995646],[-86.2354932,39.7995452],[-86.2354814,39.799526],[-86.2354614,39.7994976],[-86.2354465,39.7994792],[-86.2354303,39.7994611],[-86.2354127,39.7994439],[-86.2353935,39.7994276],[-86.2353732,39.7994125],[-86.235352,39.7993985],[-86.235319,39.7993794],[-86.2352555,39.799347],[-86.2352117,39.7993235],[-86.2351897,39.7993103],[-86.2351772,39.7993008],[-86.2351662,39.7992903],[-86.2351564,39.7992784],[-86.2351387,39.7992528],[-86.235127,39.7992339],[-86.2351188,39.799216],[-86.2351071,39.7991836],[-86.2351048,39.7991729],[-86.2351069,39.7991331],[-86.2351051,39.799056],[-86.2351048,39.7989653],[-86.235098,39.7985962],[-86.2350961,39.7983444],[-86.235092,39.7981816],[-86.2350876,39.7979394],[-86.2350866,39.7978124],[-86.2350836,39.7977495],[-86.2350827,39.7977049],[-86.2350821,39.79758],[-86.2350854,39.7975066],[-86.2350802,39.7974423],[-86.2350773,39.7972992],[-86.2350757,39.7971372],[-86.2350688,39.7967412],[-86.2350677,39.7966058],[-86.2350558,39.7960025],[-86.2350528,39.7957144],[-86.2350495,39.7955523],[-86.2350488,39.7954263],[-86.2350428,39.795075],[-86.2350418,39.7949487],[-86.2350362,39.7946785],[-86.2350305,39.7942553],[-86.2350229,39.7938692],[-86.2350231,39.7938235],[-86.2350197,39.7936606],[-86.2350202,39.7936155],[-86.2350192,39.7935878],[-86.2350151,39.7935347],[-86.235016,39.7934276],[-86.2350141,39.7933177],[-86.2350105,39.7932361],[-86.2350063,39.7931924],[-86.2350052,39.7931389],[-86.2350077,39.7929598],[-86.2350051,39.7928326],[-86.2350028,39.7925569],[-86.2350014,39.792499],[-86.2350017,39.7923582],[-86.2349998,39.792332],[-86.2349971,39.7923182],[-86.2349927,39.7923042],[-86.2349862,39.7922903],[-86.2349778,39.7922769],[-86.2349679,39.792264],[-86.2349569,39.7922517],[-86.2349451,39.79224],[-86.2349326,39.7922291],[-86.2349193,39.792219],[-86.2349054,39.7922097],[-86.2348908,39.7922013],[-86.2348601,39.7921869],[-86.2348443,39.792181],[-86.2348126,39.7921716],[-86.234797,39.792168],[-86.2347667,39.7921624],[-86.234724,39.7921556],[-86.2346968,39.7921523],[-86.2346834,39.7921517],[-86.2346575,39.7921517],[-86.2345832,39.792154],[-86.2344492,39.7921599],[-86.2343413,39.7921638],[-86.2342477,39.7921696],[-86.2341332,39.7921718],[-86.2340619,39.792174],[-86.2340033,39.7921766],[-86.2338984,39.7921826],[-86.2337931,39.7921854],[-86.2337007,39.7921893],[-86.2335865,39.7921927],[-86.2335339,39.7921958],[-86.2335137,39.7921947],[-86.2334438,39.7921839],[-86.2333761,39.7921677],[-86.2333573,39.7921621],[-86.2332747,39.7921314],[-86.2332495,39.7921185],[-86.2332172,39.7920999],[-86.233164,39.7920637],[-86.2331498,39.7920527],[-86.2331372,39.7920406],[-86.2331014,39.7920025],[-86.2330854,39.7919825],[-86.2330619,39.7919478],[-86.2330536,39.7919336],[-86.2330329,39.7918877],[-86.2330135,39.7918367],[-86.2330015,39.7918091],[-86.2329878,39.7917807],[-86.2329716,39.7917525],[-86.2329469,39.7917159],[-86.232926,39.7916896],[-86.2329026,39.7916642],[-86.2328681,39.7916322],[-86.2328399,39.7916097],[-86.2328099,39.7915886],[-86.2327675,39.7915631],[-86.2327343,39.7915461],[-86.2326996,39.791531],[-86.2326513,39.7915132],[-86.2326013,39.7914979],[-86.2325629,39.7914884],[-86.2325105,39.7914781],[-86.2324704,39.7914724],[-86.2324303,39.7914692],[-86.2324039,39.7914686],[-86.2323779,39.7914691],[-86.232233,39.7914766],[-86.2320472,39.791489],[-86.2320011,39.7914908],[-86.2318017,39.7915034],[-86.2317437,39.7915056],[-86.2316157,39.7915139],[-86.2315468,39.7915175],[-86.2314902,39.7915187],[-86.231448,39.7915212],[-86.2314286,39.7915217],[-86.2314103,39.7915203],[-86.2313843,39.7915161],[-86.2313598,39.7915107],[-86.2313448,39.7915059],[-86.2313309,39.7914997],[-86.2313112,39.7914888],[-86.2312852,39.791473],[-86.2312731,39.7914641],[-86.2312623,39.7914542],[-86.2312521,39.7914435],[-86.2312366,39.7914257],[-86.2312263,39.7914125],[-86.2312122,39.7913906],[-86.2311801,39.7913361],[-86.2311642,39.7913035],[-86.2311316,39.7912302],[-86.2311089,39.7911647],[-86.2310922,39.7911059],[-86.2310862,39.7910805],[-86.2310763,39.7910292],[-86.2310658,39.7909607],[-86.2310588,39.790893],[-86.2310578,39.7908246],[-86.2310609,39.7907643],[-86.2310689,39.7907219],[-86.2310767,39.7906609],[-86.2310829,39.7906259],[-86.2310964,39.790564],[-86.2311085,39.7905021],[-86.2311253,39.7904036],[-86.2312054,39.7899935],[-86.2312189,39.7899314],[-86.2312321,39.7898513],[-86.2312576,39.7897266],[-86.2312654,39.7896819],[-86.2312768,39.7896287],[-86.2312864,39.7895759],[-86.2312962,39.789533],[-86.2313149,39.7894641],[-86.2313234,39.789438],[-86.2313588,39.7893436],[-86.2313878,39.7892812],[-86.2314296,39.7892077],[-86.2314664,39.7891509],[-86.2315083,39.7890912],[-86.2315461,39.7890429],[-86.2315833,39.7889995],[-86.231597,39.7889846],[-86.2316473,39.7889334],[-86.2317111,39.7888718],[-86.2317628,39.7888262],[-86.2318182,39.7887821],[-86.2318818,39.7887341],[-86.2319393,39.7886947],[-86.2320008,39.7886577],[-86.2320826,39.7886135],[-86.2321679,39.7885726],[-86.2322273,39.7885463],[-86.2322971,39.7885173],[-86.2323657,39.7884914],[-86.232396,39.7884815],[-86.2324589,39.7884628],[-86.2325132,39.7884492],[-86.2325769,39.788432],[-86.2326529,39.7884163],[-86.2327502,39.7883993],[-86.2328646,39.7883839],[-86.2329779,39.7883702],[-86.2331178,39.7883516],[-86.2331437,39.7883499],[-86.2332028,39.7883487],[-86.2332704,39.7883452],[-86.2333552,39.7883421],[-86.2333806,39.7883404],[-86.2334055,39.7883366],[-86.2334991,39.7883144],[-86.2335908,39.7883012],[-86.2336567,39.7882962],[-86.2337042,39.7882912],[-86.23379,39.7882834],[-86.2338739,39.7882735],[-86.2339566,39.7882664],[-86.2341437,39.7882475],[-86.2341989,39.7882435],[-86.2342325,39.7882421],[-86.2342781,39.7882415],[-86.2344637,39.7882442],[-86.2346045,39.7882423],[-86.2346861,39.7882426],[-86.2347557,39.788242],[-86.2348019,39.7882438],[-86.2348249,39.788246],[-86.2348478,39.7882493],[-86.234881,39.7882567],[-86.2349424,39.788275],[-86.2349727,39.7882817],[-86.2350347,39.7882907],[-86.2350832,39.7882997],[-86.2351511,39.7883061],[-86.235165,39.7883083],[-86.2351711,39.78831],[-86.2351814,39.7883149],[-86.2352071,39.7883299],[-86.2352182,39.788338],[-86.2352285,39.7883475],[-86.2352375,39.7883581],[-86.2352523,39.7883812],[-86.2352573,39.7883939],[-86.2352585,39.7884008],[-86.2352588,39.7884153],[-86.2352504,39.7885515],[-86.2352484,39.7886239],[-86.2352401,39.7887768],[-86.2352381,39.7888498],[-86.235232,39.7889397],[-86.2352277,39.7890302],[-86.2352253,39.7891287],[-86.2352198,39.7892199],[-86.2352209,39.7892607],[-86.2352264,39.7893021],[-86.2352308,39.7893226],[-86.2352391,39.789353],[-86.2352457,39.789373],[-86.2352536,39.7893926],[-86.2352632,39.789412],[-86.2352801,39.7894402],[-86.2352986,39.7894677],[-86.235312,39.7894855],[-86.2353333,39.7895113],[-86.2353559,39.7895363],[-86.2353882,39.7895701],[-86.2354065,39.7895874],[-86.2354279,39.7896038],[-86.2354403,39.7896111],[-86.2354535,39.7896177],[-86.2354817,39.7896295],[-86.2355114,39.7896399],[-86.2355424,39.7896478],[-86.2355581,39.7896508],[-86.2355896,39.7896546],[-86.2356205,39.7896559],[-86.2356658,39.7896544],[-86.2356954,39.7896512],[-86.2357239,39.789646],[-86.2357635,39.789636],[-86.2358758,39.7896012],[-86.2359524,39.7895788],[-86.2360722,39.7895413],[-86.2361258,39.7895232],[-86.2362452,39.7894873],[-86.2362987,39.7894693],[-86.2364072,39.7894367],[-86.2365907,39.7893782],[-86.2367391,39.7893342],[-86.2367705,39.7893263],[-86.2368342,39.7893129],[-86.2369304,39.7892947],[-86.2370281,39.7892842],[-86.2370938,39.7892797],[-86.2371156,39.789279],[-86.2371922,39.7892785],[-86.2372676,39.7892812],[-86.2373532,39.78929],[-86.2373746,39.7892938],[-86.2374177,39.7893038],[-86.2374399,39.7893082],[-86.2375162,39.7893196],[-86.2375369,39.7893243],[-86.237609,39.7893433],[-86.2376703,39.7893609],[-86.2376901,39.7893672],[-86.2377278,39.7893828],[-86.2377951,39.7894152],[-86.2378552,39.789439],[-86.2378827,39.7894517],[-86.2379088,39.7894656],[-86.2379762,39.7895075],[-86.2380429,39.7895522],[-86.2380665,39.7895698],[-86.2380968,39.7895941],[-86.2381533,39.7896458],[-86.2382242,39.7897182],[-86.2382763,39.7897668],[-86.2383016,39.7897941],[-86.2383175,39.789815],[-86.2383307,39.7898367],[-86.2383659,39.7899018],[-86.2384363,39.7900224],[-86.2384579,39.7900566],[-86.2385022,39.790121],[-86.2385215,39.7901512],[-86.2385387,39.7901824],[-86.2385543,39.7902149],[-86.2386267,39.7903834],[-86.238649,39.7904407],[-86.2386674,39.7904987],[-86.2387181,39.7906891],[-86.2387286,39.7907406],[-86.2387322,39.7907663],[-86.2387344,39.7907921],[-86.2387381,39.7909617],[-86.2387418,39.7910235],[-86.2387433,39.7910677],[-86.238744,39.7911567],[-86.2387421,39.7912475],[-86.2387463,39.7913373],[-86.2387489,39.7915267],[-86.2387537,39.7917701],[-86.2387608,39.791941],[-86.2387599,39.7920393],[-86.2387584,39.7920938],[-86.2387589,39.7921661],[-86.2387579,39.7922297],[-86.2387613,39.792382],[-86.2387653,39.7924633],[-86.2387703,39.7927243],[-86.238771,39.7928137],[-86.2387682,39.7928948],[-86.2387683,39.7929317],[-86.2387699,39.7929686],[-86.2387752,39.7930229],[-86.2387768,39.7930498],[-86.2387745,39.7931679]]]}},{"type":"Feature","properties":{"role":"pit_lane","name":"IMS Oval - Warmup Lane/Pit Entry","osm_way":317832611,"quality":{"source":"osm","accuracy_m":5.0,"measured":false,"note":"OSM-traced pit-lane centerline; not measured"}},"geometry":{"type":"LineString","coordinates":[[-86.2304581,39.7981062],[-86.2306676,39.7997115],[-86.2306944,39.7998846],[-86.2307266,39.8000268],[-86.2307695,39.8001607],[-86.2308258,39.8002967],[-86.2308983,39.8004368],[-86.2309761,39.8005584],[-86.2310699,39.8006882],[-86.2311584,39.8007975],[-86.231247,39.8008964],[-86.2313408,39.8009912],[-86.2314615,39.8010942],[-86.2316144,39.8012075],[-86.2317512,39.8012961],[-86.2319014,39.8013765],[-86.2321053,39.8014775],[-86.2322903,39.8015537],[-86.23247,39.8016135],[-86.2326202,39.8016547],[-86.2327785,39.8016939],[-86.2329421,39.8017248],[-86.2331299,39.8017515],[-86.2332667,39.801766],[-86.2334115,39.8017763],[-86.2335644,39.8017783],[-86.2337146,39.8017763],[-86.2358764,39.8017557],[-86.2360588,39.8017515],[-86.236209,39.8017433],[-86.2363619,39.8017268],[-86.2365175,39.8017021],[-86.2366945,39.8016671],[-86.236893,39.8016155],[-86.2370191,39.8015743],[-86.2371773,39.8015146],[-86.2373222,39.8014569],[-86.2375045,39.8013703],[-86.2376574,39.8012879],[-86.2378264,39.8011787],[-86.2379498,39.801088],[-86.2380973,39.8009623],[-86.2382108,39.8008527],[-86.2383146,39.8007356],[-86.2384058,39.8006182],[-86.2384889,39.8004966],[-86.238556,39.800373],[-86.2386069,39.8002679],[-86.2386525,39.8001545],[-86.2387008,39.8000288],[-86.238733,39.7999155],[-86.2387555,39.7998098],[-86.238774,39.7996781],[-86.2387893,39.7995281],[-86.2387947,39.799423],[-86.2388215,39.7989717]]}},{"type":"Feature","properties":{"role":"pit_lane","name":"IMS Road Course - Pit Entry","osm_way":317832622,"quality":{"source":"osm","accuracy_m":5.0,"measured":false,"note":"OSM-traced pit-lane centerline; not measured"}},"geometry":{"type":"LineString","coordinates":[[-86.2354446,39.789524],[-86.2355814,39.789638],[-86.2356377,39.7896772],[-86.2356887,39.789704],[-86.2357262,39.7897184],[-86.2357906,39.7897287],[-86.2358335,39.7897287],[-86.2358684,39.7897266],[-86.2373329,39.78957],[-86.2374268,39.7895597],[-86.2375233,39.7895535],[-86.2376011,39.7895556],[-86.2376923,39.7895659],[-86.2377835,39.7895844],[-86.237872,39.7896112],[-86.2379605,39.7896483],[-86.2380383,39.7896875],[-86.2381197,39.7897465],[-86.2381968,39.7898249],[-86.2382941,39.789942],[-86.2384063,39.7901388]]}},{"type":"Feature","properties":{"role":"pit_lane","name":"IMS Pit Lane","osm_way":588780264,"quality":{"source":"osm","accuracy_m":5.0,"measured":false,"note":"OSM-traced pit-lane centerline; not measured"}},"geometry":{"type":"LineString","coordinates":[[-86.238717,39.7934472],[-86.238689,39.7921066],[-86.2386666,39.7907321]]}},{"type":"Feature","properties":{"role":"pit_lane","name":"IMS Oval - Pit Entry","osm_way":588780266,"quality":{"source":"osm","accuracy_m":5.0,"measured":false,"note":"OSM-traced pit-lane centerline; not measured"}},"geometry":{"type":"LineString","coordinates":[[-86.2389528,39.7989239],[-86.2388201,39.7973325],[-86.2387655,39.796853]]}},{"type":"Feature","properties":{"role":"pit_lane","name":"IMS Road Course - Alternate Pit Exit","osm_way":588780268,"quality":{"source":"osm","accuracy_m":5.0,"measured":false,"note":"OSM-traced pit-lane centerline; not measured"}},"geometry":{"type":"LineString","coordinates":[[-86.2387239,39.7989238],[-86.2387311,39.7992588]]}},{"type":"Feature","properties":{"role":"pit_lane","name":"IMS Road Course - Pit Exit","osm_way":588780283,"quality":{"source":"osm","accuracy_m":5.0,"measured":false,"note":"OSM-traced pit-lane centerline; not measured"}},"geometry":{"type":"LineString","coordinates":[[-86.2387655,39.796853],[-86.2387883,39.7972855],[-86.2387239,39.7989238]]}},{"type":"Feature","properties":{"role":"pit_lane","name":"IMS Oval - Warmup Lane to Pit Entry","osm_way":588780287,"quality":{"source":"osm","accuracy_m":5.0,"measured":false,"note":"OSM-traced pit-lane centerline; not measured"}},"geometry":{"type":"LineString","coordinates":[[-86.2388215,39.7989717],[-86.2388201,39.7973325]]}},{"type":"Feature","properties":{"role":"pit_lane","name":"IMS Oval - Warmup Lane & Pit Exit","osm_way":588780327,"quality":{"source":"osm","accuracy_m":5.0,"measured":false,"note":"OSM-traced pit-lane centerline; not measured"}},"geometry":{"type":"LineString","coordinates":[[-86.2385962,39.7900667],[-86.2385292,39.7898874],[-86.2383607,39.7895453],[-86.2382797,39.7894175],[-86.2381923,39.7893085],[-86.2380973,39.7891928],[-86.2379981,39.7891001],[-86.2378881,39.788997],[-86.2377701,39.7889022],[-86.2376287,39.7887974],[-86.2375019,39.7887167],[-86.2373812,39.7886487],[-86.2372551,39.7885869],[-86.2371371,39.7885312],[-86.237011,39.7884818],[-86.2368635,39.7884323],[-86.2367213,39.788389],[-86.2365711,39.7883478],[-86.2364048,39.7883148],[-86.2362493,39.788288],[-86.2361259,39.7882736],[-86.2359918,39.7882633],[-86.23563,39.7882576]]}},{"type":"Feature","properties":{"role":"pit_lane","name":"IMS Oval - PIt Exit","osm_way":588780328,"quality":{"source":"osm","accuracy_m":5.0,"measured":false,"note":"OSM-traced pit-lane centerline; not measured"}},"geometry":{"type":"LineString","coordinates":[[-86.2386666,39.7907321],[-86.2386617,39.790496],[-86.2386511,39.7903352],[-86.2386272,39.7901909],[-86.2385962,39.7900667]]}},{"type":"Feature","properties":{"role":"pit_lane","name":"IMS Formula One Pit Lane","osm_way":588780329,"quality":{"source":"osm","accuracy_m":5.0,"measured":false,"note":"OSM-traced pit-lane centerline; not measured"}},"geometry":{"type":"LineString","coordinates":[[-86.2384063,39.7901388],[-86.2384473,39.7902605],[-86.2384772,39.7921085],[-86.2384929,39.7931193],[-86.238717,39.7934472]]}},{"type":"Feature","properties":{"role":"pit_lane","name":"IMS Oval - Pit Exit & Warmup Lane","osm_way":588780337,"quality":{"source":"osm","accuracy_m":5.0,"measured":false,"note":"OSM-traced pit-lane centerline; not measured"}},"geometry":{"type":"LineString","coordinates":[[-86.2331871,39.7882801],[-86.2329124,39.7883021],[-86.2327022,39.7883378],[-86.2325474,39.788368],[-86.2324471,39.7883914],[-86.2323295,39.7884278],[-86.2321534,39.7884923],[-86.2320506,39.7885348],[-86.2318907,39.7886137],[-86.2317271,39.7887002],[-86.2315661,39.788793],[-86.2313891,39.7889043],[-86.2312282,39.78903],[-86.2310737,39.7891692],[-86.2309653,39.7892979],[-86.2308634,39.789434],[-86.2307642,39.7895865],[-86.2306864,39.7897369],[-86.23063,39.7898647],[-86.2305925,39.7899904],[-86.2305549,39.7901409],[-86.2305315,39.7902773],[-86.230512,39.7904707],[-86.2303579,39.7927418]]}},{"type":"Feature","properties":{"role":"pit_lane","name":"IMS Oval - Pit Exit & Warmup Lane","osm_way":588780338,"quality":{"source":"osm","accuracy_m":5.0,"measured":false,"note":"OSM-traced pit-lane centerline; not measured"}},"geometry":{"type":"LineString","coordinates":[[-86.23563,39.7882576],[-86.2331871,39.7882801]]}},{"type":"Feature","properties":{"role":"pit_lane","name":"IMS Road Course - Pit Exit","osm_way":1176980819,"quality":{"source":"osm","accuracy_m":5.0,"measured":false,"note":"OSM-traced pit-lane centerline; not measured"}},"geometry":{"type":"LineString","coordinates":[[-86.2387239,39.7989238],[-86.2387051,39.7989692],[-86.2386706,39.799018],[-86.2386037,39.7990491],[-86.2384891,39.7990806],[-86.2382404,39.7990875],[-86.238056,39.7991049],[-86.2380037,39.7991229],[-86.2379581,39.7991441],[-86.2378616,39.7991997],[-86.2377818,39.7992705]]}},{"type":"Feature","properties":{"role":"pit_lane","name":"IMS Pit Lane","osm_way":1176980820,"quality":{"source":"osm","accuracy_m":5.0,"measured":false,"note":"OSM-traced pit-lane centerline; not measured"}},"geometry":{"type":"LineString","coordinates":[[-86.2387655,39.796853],[-86.238717,39.7934472]]}},{"type":"Feature","properties":{"role":"edge_unseen","side":"left","note":"bridged: the edge was not seen in the imagery here"},"geometry":{"type":"MultiLineString","coordinates":[[[-86.2389511,39.7935055],[-86.2389513,39.7935142],[-86.2389516,39.793523],[-86.2389518,39.7935317],[-86.238952,39.7935405],[-86.2389522,39.7935491]],[[-86.2389581,39.7939918],[-86.2389584,39.7940008],[-86.2389588,39.7940098],[-86.2389591,39.7940188]],[[-86.2390192,39.7975574],[-86.2390194,39.7975664],[-86.2390197,39.7975754],[-86.2390199,39.7975844],[-86.2390201,39.7975933],[-86.2390203,39.7976022],[-86.2390206,39.7976111],[-86.2390208,39.7976201],[-86.239021,39.797629],[-86.2390213,39.797638],[-86.2390215,39.797647],[-86.2390218,39.797656],[-86.2390222,39.797665],[-86.2390225,39.797674],[-86.2390229,39.797683],[-86.2390232,39.797692],[-86.2390236,39.7977009],[-86.2390239,39.7977098],[-86.2390244,39.7977187],[-86.2390248,39.7977276],[-86.2390253,39.7977365],[-86.2390258,39.7977454],[-86.2390262,39.7977544],[-86.2390267,39.7977634],[-86.2390272,39.7977724],[-86.2390276,39.7977814],[-86.2390281,39.7977904],[-86.2390286,39.7977994],[-86.239029,39.7978084],[-86.2390295,39.7978174],[-86.23903,39.7978264],[-86.2390305,39.7978354],[-86.2390309,39.7978444],[-86.2390314,39.7978534],[-86.2390319,39.7978624],[-86.2390323,39.7978714],[-86.2390328,39.7978804],[-86.2390333,39.7978894],[-86.2390337,39.7978984],[-86.2390342,39.7979074],[-86.2390347,39.7979164],[-86.2390352,39.7979254],[-86.2390356,39.7979344],[-86.2390361,39.7979434],[-86.2390366,39.7979524],[-86.239037,39.7979614],[-86.2390375,39.7979704],[-86.239038,39.7979794],[-86.2390384,39.7979884],[-86.2390389,39.7979974],[-86.2390394,39.7980064],[-86.2390399,39.7980154],[-86.2390403,39.7980244],[-86.2390408,39.7980334],[-86.2390413,39.7980424],[-86.2390417,39.7980514],[-86.2390422,39.7980604],[-86.2390427,39.7980694],[-86.2390431,39.7980784],[-86.2390436,39.7980874],[-86.2390441,39.7980964],[-86.2390446,39.7981054],[-86.239045,39.7981144],[-86.2390455,39.7981234],[-86.239046,39.7981324],[-86.2390464,39.7981414],[-86.2390469,39.7981504],[-86.2390474,39.7981594],[-86.2390478,39.7981684],[-86.2390483,39.7981774],[-86.2390488,39.7981864],[-86.2390493,39.7981954],[-86.2390497,39.7982044],[-86.2390502,39.7982134],[-86.2390507,39.7982224],[-86.2390511,39.7982314],[-86.2390516,39.7982404],[-86.2390521,39.7982494],[-86.2390525,39.7982584],[-86.239053,39.7982674],[-86.2390535,39.7982764],[-86.239054,39.7982854],[-86.2390544,39.7982943],[-86.2390549,39.7983033],[-86.2390554,39.7983123],[-86.2390558,39.7983213],[-86.2390563,39.7983303],[-86.2390568,39.7983393],[-86.2390572,39.7983483],[-86.2390577,39.7983573],[-86.2390582,39.7983663],[-86.2390587,39.7983753],[-86.2390591,39.7983843],[-86.2390596,39.7983933],[-86.2390601,39.7984023],[-86.2390605,39.7984113],[-86.239061,39.7984203],[-86.2390615,39.7984293],[-86.2390619,39.7984383],[-86.2390624,39.7984473],[-86.2390629,39.7984563],[-86.2390634,39.7984653],[-86.2390638,39.7984743],[-86.2390643,39.7984833],[-86.2390648,39.7984923],[-86.2390652,39.7985013],[-86.2390657,39.7985103],[-86.2390662,39.7985193],[-86.2390666,39.7985283],[-86.2390671,39.7985373],[-86.2390676,39.7985463],[-86.2390681,39.7985553],[-86.2390685,39.7985643],[-86.239069,39.7985733],[-86.2390695,39.7985823],[-86.2390699,39.7985913],[-86.2390704,39.7986003],[-86.2390709,39.7986093],[-86.2390713,39.7986183],[-86.2390718,39.7986273],[-86.2390723,39.7986363],[-86.2390728,39.7986453],[-86.2390732,39.7986543],[-86.2390737,39.7986633],[-86.2390742,39.7986723],[-86.2390746,39.7986813],[-86.2390751,39.7986903],[-86.2390756,39.7986993],[-86.239076,39.7987083],[-86.2390765,39.7987173],[-86.239077,39.7987263],[-86.2390775,39.7987353],[-86.2390779,39.7987443],[-86.2390784,39.7987533],[-86.2390789,39.7987623],[-86.2390793,39.7987713],[-86.2390798,39.7987803],[-86.2390803,39.7987893],[-86.2390807,39.7987983],[-86.2390812,39.7988073],[-86.2390817,39.7988163],[-86.2390822,39.7988254],[-86.2390826,39.7988344],[-86.2390831,39.7988436],[-86.2390836,39.7988529],[-86.2390841,39.7988623],[-86.2390842,39.7988718],[-86.2390843,39.7988812],[-86.2390844,39.7988908],[-86.2390845,39.7989005],[-86.2390846,39.7989104],[-86.239084,39.7989204],[-86.2390834,39.7989307],[-86.2390827,39.798941],[-86.2390814,39.7989515],[-86.23908,39.7989622],[-86.2390779,39.7989729],[-86.2390757,39.7989837],[-86.2390726,39.7989945],[-86.2390694,39.7990053],[-86.2390662,39.7990161],[-86.2390618,39.7990267],[-86.2390574,39.7990373],[-86.2390531,39.7990477],[-86.2390477,39.7990575],[-86.2390423,39.7990673],[-86.2390368,39.7990771],[-86.2390306,39.7990871],[-86.2390236,39.7990976],[-86.2390158,39.7991086]],[[-86.2349113,39.7992933],[-86.2349036,39.7992838],[-86.2348962,39.7992739],[-86.2348891,39.7992637],[-86.2348825,39.799253],[-86.2348759,39.7992418],[-86.23487,39.7992299],[-86.2348638,39.7992175]],[[-86.2347636,39.7936475],[-86.2347635,39.7936384],[-86.2347635,39.7936294],[-86.2347634,39.7936207],[-86.2347633,39.7936121],[-86.2347633,39.7936038],[-86.2347632,39.7935955],[-86.234763,39.793587],[-86.2347626,39.7935784],[-86.2347622,39.7935694],[-86.2347618,39.79356]],[[-86.2347536,39.7925462],[-86.2347543,39.7925368],[-86.2347553,39.7925271],[-86.2347563,39.7925172],[-86.2347573,39.7925071],[-86.2347591,39.7924969],[-86.2347611,39.7924868],[-86.2347631,39.7924767],[-86.2347661,39.7924669],[-86.2347692,39.7924574]],[[-86.2312464,39.7891115],[-86.2312523,39.7891025],[-86.2312582,39.7890937],[-86.2312647,39.7890852],[-86.2312713,39.7890768],[-86.231278,39.7890683],[-86.2312846,39.7890598]],[[-86.2328172,39.7882452],[-86.2328288,39.7882437],[-86.2328404,39.7882421],[-86.232852,39.7882405],[-86.2328637,39.7882389],[-86.2328754,39.7882374],[-86.2328871,39.7882359],[-86.2328988,39.7882344],[-86.2329103,39.788233],[-86.2329218,39.7882316],[-86.2329333,39.7882302],[-86.2329447,39.7882288],[-86.2329559,39.7882274],[-86.232967,39.7882259],[-86.2329781,39.7882243],[-86.2329893,39.7882226],[-86.2330005,39.788221],[-86.233012,39.7882193],[-86.2330235,39.7882176]],[[-86.2330726,39.7882109],[-86.2330856,39.7882094],[-86.2330988,39.7882083],[-86.233112,39.7882074],[-86.2331251,39.7882065],[-86.2331379,39.7882057],[-86.2331505,39.7882048],[-86.2331628,39.7882043],[-86.2331748,39.7882039],[-86.2331866,39.7882036],[-86.2331983,39.7882032],[-86.23321,39.7882028],[-86.2332217,39.7882025],[-86.2332333,39.7882021],[-86.233245,39.7882017],[-86.2332567,39.7882013],[-86.2332683,39.788201]],[[-86.2333744,39.7881965],[-86.2333842,39.7881957],[-86.2333946,39.7881949],[-86.2334055,39.7881939],[-86.2334168,39.788193],[-86.2334284,39.7881919],[-86.2334401,39.7881908],[-86.2334521,39.7881896],[-86.2334643,39.7881884],[-86.2334767,39.7881872],[-86.2334892,39.788186],[-86.2335016,39.7881848],[-86.2335136,39.7881836],[-86.2335253,39.7881825],[-86.2335367,39.7881813],[-86.233548,39.7881802],[-86.2335596,39.7881791],[-86.2335713,39.7881777],[-86.2335832,39.7881761],[-86.2335953,39.7881746],[-86.2336073,39.788173],[-86.2336191,39.7881715],[-86.2336307,39.78817],[-86.2336421,39.7881685],[-86.2336533,39.7881671],[-86.2336644,39.7881656],[-86.2336756,39.7881641],[-86.2336869,39.7881627],[-86.2336983,39.7881612],[-86.2337097,39.7881597],[-86.2337211,39.7881582],[-86.2337325,39.7881563],[-86.2337437,39.7881545],[-86.2337548,39.7881527],[-86.2337657,39.788151],[-86.2337765,39.7881492],[-86.2337873,39.7881474],[-86.2337983,39.7881453],[-86.2338093,39.7881431],[-86.2338206,39.7881409],[-86.2338319,39.7881387],[-86.2338432,39.7881365],[-86.2338545,39.7881343],[-86.2338658,39.7881319],[-86.233877,39.7881295],[-86.2338883,39.7881271],[-86.2338994,39.7881248],[-86.2339105,39.7881224],[-86.2339214,39.7881201],[-86.2339323,39.7881177],[-86.2339432,39.7881152],[-86.2339541,39.7881127],[-86.2339652,39.7881101],[-86.2339763,39.7881074],[-86.2339874,39.7881047],[-86.2339986,39.7881018],[-86.2340099,39.788099]],[[-86.2340453,39.7880901],[-86.2340578,39.7880871],[-86.2340709,39.7880849],[-86.2340841,39.7880828],[-86.2340973,39.788081],[-86.2341103,39.7880797],[-86.234123,39.7880785],[-86.2341354,39.7880775],[-86.2341479,39.7880767],[-86.2341604,39.7880759],[-86.2341732,39.788075],[-86.234186,39.7880743],[-86.2341988,39.7880739],[-86.2342114,39.7880735],[-86.2342239,39.788073],[-86.2342363,39.7880726],[-86.2342486,39.7880722],[-86.2342609,39.7880718],[-86.2342732,39.7880714],[-86.2342853,39.7880711],[-86.2342974,39.7880709]],[[-86.2345416,39.7880677],[-86.2345533,39.7880676],[-86.234565,39.7880674],[-86.2345768,39.7880673],[-86.2345887,39.7880671],[-86.2346006,39.788067],[-86.2346127,39.7880668],[-86.2346247,39.7880667],[-86.2346367,39.7880666],[-86.2346485,39.7880666],[-86.2346603,39.7880665],[-86.234672,39.7880664],[-86.2346837,39.7880664],[-86.2346954,39.7880663],[-86.234707,39.7880662],[-86.2347187,39.7880662],[-86.2347304,39.7880661],[-86.2347422,39.788066],[-86.2347542,39.788066],[-86.2347665,39.7880659],[-86.2347792,39.7880658],[-86.2347923,39.7880657]],[[-86.23486,39.7880657],[-86.2348739,39.7880658],[-86.2348878,39.7880659],[-86.2349016,39.7880661],[-86.2349153,39.7880666],[-86.2349288,39.7880671],[-86.234942,39.7880678],[-86.2349548,39.7880688],[-86.2349675,39.78807],[-86.23498,39.7880719],[-86.2349926,39.7880738],[-86.2350049,39.7880766],[-86.235017,39.7880794],[-86.235029,39.7880822],[-86.2350407,39.7880854],[-86.2350524,39.7880887],[-86.2350642,39.788092],[-86.2350763,39.7880954],[-86.2350884,39.7880988],[-86.2351005,39.7881026],[-86.2351123,39.7881064],[-86.235124,39.7881102],[-86.2351354,39.7881139],[-86.2351466,39.7881177],[-86.2351577,39.7881219],[-86.235169,39.7881262],[-86.2351806,39.7881307],[-86.2351925,39.7881352],[-86.2352043,39.7881405],[-86.2352165,39.7881461],[-86.235229,39.7881518],[-86.2352417,39.7881583],[-86.2352545,39.7881653],[-86.2352677,39.7881724],[-86.2352809,39.7881801],[-86.2352941,39.7881879],[-86.2353066,39.7881963],[-86.2353187,39.7882046],[-86.2353297,39.7882133],[-86.2353402,39.7882221],[-86.23535,39.7882315],[-86.2353595,39.7882411],[-86.2353683,39.7882512],[-86.2353767,39.7882616],[-86.2353843,39.7882723],[-86.2353915,39.7882829],[-86.2353977,39.7882937]],[[-86.2383872,39.7896591],[-86.2383956,39.7896657],[-86.2384041,39.7896724],[-86.2384127,39.7896791],[-86.2384215,39.789686],[-86.2384304,39.789693],[-86.2384393,39.7897004],[-86.2384484,39.7897081]],[[-86.2386529,39.7900456],[-86.2386586,39.790054],[-86.2386639,39.7900628],[-86.2386692,39.7900717],[-86.2386745,39.7900806],[-86.2386793,39.7900897],[-86.238684,39.7900988],[-86.2386886,39.7901079],[-86.2386933,39.7901168],[-86.2386978,39.7901257],[-86.2387021,39.7901347],[-86.2387063,39.7901437],[-86.2387105,39.7901526],[-86.2387147,39.7901615],[-86.2387188,39.7901703],[-86.2387227,39.7901792],[-86.2387265,39.790188],[-86.2387304,39.7901968],[-86.2387342,39.7902056],[-86.2387379,39.7902142],[-86.2387417,39.7902228],[-86.2387454,39.7902314],[-86.2387492,39.7902399],[-86.2387529,39.7902485],[-86.2387566,39.790257],[-86.2387603,39.7902655],[-86.238764,39.7902741],[-86.2387678,39.7902826],[-86.2387715,39.7902912],[-86.238775,39.7902998],[-86.2387786,39.7903084],[-86.2387822,39.7903171],[-86.2387858,39.7903259],[-86.2387894,39.7903348],[-86.2387932,39.7903438],[-86.2387969,39.7903528],[-86.2388005,39.7903618],[-86.2388037,39.7903707],[-86.2388069,39.7903796],[-86.2388101,39.7903886],[-86.2388133,39.7903977],[-86.2388166,39.7904069],[-86.2388199,39.7904162],[-86.2388226,39.7904255],[-86.2388253,39.7904348],[-86.238828,39.7904441],[-86.2388307,39.7904533],[-86.2388334,39.7904626],[-86.2388361,39.7904718],[-86.2388387,39.7904809],[-86.238841,39.7904901],[-86.2388432,39.7904992],[-86.2388453,39.7905082],[-86.2388475,39.7905171],[-86.2388497,39.790526],[-86.2388518,39.7905349],[-86.238854,39.7905437],[-86.2388561,39.7905526],[-86.2388581,39.7905615],[-86.2388601,39.7905703],[-86.238862,39.7905792],[-86.238864,39.7905882],[-86.238866,39.7905971],[-86.238868,39.7906061],[-86.23887,39.7906152],[-86.238872,39.7906242],[-86.238874,39.7906333],[-86.2388758,39.7906424],[-86.2388776,39.7906515],[-86.2388794,39.7906608],[-86.2388812,39.79067],[-86.238883,39.7906793],[-86.2388848,39.7906887],[-86.2388863,39.7906981],[-86.2388878,39.7907075],[-86.2388893,39.790717],[-86.2388908,39.7907265],[-86.2388922,39.790736],[-86.2388934,39.7907455],[-86.2388945,39.7907551],[-86.2388957,39.7907646],[-86.2388968,39.7907742],[-86.2388976,39.7907837],[-86.2388985,39.7907932],[-86.2388993,39.7908026],[-86.2389001,39.7908119],[-86.2389006,39.7908213],[-86.2389012,39.7908305],[-86.2389017,39.7908396],[-86.2389023,39.7908487],[-86.2389028,39.7908577],[-86.2389033,39.7908667],[-86.2389039,39.7908756],[-86.2389044,39.7908845],[-86.238905,39.7908934],[-86.2389055,39.7909023],[-86.238906,39.7909113],[-86.2389066,39.7909202],[-86.2389071,39.7909292],[-86.2389076,39.7909382],[-86.2389082,39.7909472],[-86.2389087,39.7909561],[-86.2389092,39.7909651],[-86.2389098,39.7909741],[-86.2389103,39.7909831],[-86.2389109,39.7909921],[-86.2389114,39.7910011],[-86.2389117,39.7910102],[-86.2389119,39.7910193],[-86.2389122,39.7910284],[-86.2389125,39.7910377],[-86.2389127,39.791047],[-86.238913,39.7910563],[-86.2389133,39.7910656],[-86.2389135,39.7910747],[-86.2389138,39.7910838],[-86.2389138,39.7910929],[-86.2389139,39.7911019],[-86.2389139,39.791111],[-86.2389139,39.7911202],[-86.238914,39.7911294],[-86.238914,39.7911386],[-86.238914,39.7911478],[-86.2389141,39.7911569],[-86.2389141,39.791166],[-86.2389141,39.791175],[-86.2389141,39.791184],[-86.2389142,39.791193],[-86.2389142,39.791202],[-86.2389142,39.791211],[-86.2389143,39.7912199],[-86.2389143,39.7912287],[-86.2389144,39.7912374],[-86.2389145,39.791246],[-86.2389146,39.7912546],[-86.2389148,39.7912633],[-86.2389149,39.7912722],[-86.238915,39.7912811],[-86.2389151,39.7912901],[-86.2389152,39.7912991],[-86.2389153,39.7913082],[-86.2389154,39.7913174],[-86.2389156,39.7913266],[-86.2389157,39.7913358],[-86.2389158,39.791345],[-86.2389159,39.7913541],[-86.238916,39.7913631],[-86.2389162,39.7913721],[-86.2389163,39.7913812],[-86.2389164,39.7913902],[-86.2389165,39.7913992],[-86.2389166,39.7914082],[-86.2389167,39.7914172],[-86.2389168,39.7914262],[-86.238917,39.7914352],[-86.2389171,39.7914442],[-86.2389172,39.7914532],[-86.2389173,39.7914622],[-86.2389174,39.7914712],[-86.2389175,39.7914802],[-86.2389177,39.7914891],[-86.2389178,39.7914981],[-86.2389179,39.791507],[-86.238918,39.791516],[-86.2389182,39.791525],[-86.2389184,39.791534],[-86.2389185,39.791543],[-86.2389187,39.791552],[-86.2389189,39.791561],[-86.2389191,39.79157],[-86.2389193,39.791579],[-86.2389194,39.791588],[-86.2389196,39.791597],[-86.2389198,39.791606],[-86.23892,39.791615],[-86.2389202,39.791624],[-86.2389204,39.791633]],[[-86.2389274,39.7920574],[-86.2389275,39.7920664],[-86.2389275,39.7920753],[-86.2389276,39.7920842],[-86.2389276,39.7920931]],[[-86.2389297,39.7922009],[-86.2389299,39.7922098],[-86.2389301,39.7922187],[-86.2389303,39.7922275],[-86.2389305,39.7922364],[-86.2389307,39.7922453],[-86.2389309,39.7922542]]]}},{"type":"Feature","properties":{"role":"edge_unseen","side":"right","note":"bridged: the edge was not seen in the imagery here"},"geometry":{"type":"MultiLineString","coordinates":[[[-86.2388323,39.7966826],[-86.2388324,39.7966915],[-86.2388326,39.7967008],[-86.2388328,39.7967103],[-86.238833,39.7967199],[-86.2388331,39.7967296],[-86.2388333,39.7967391],[-86.2388335,39.7967486],[-86.2388337,39.7967579],[-86.2388338,39.7967671],[-86.238834,39.7967761],[-86.2388342,39.7967852],[-86.2388344,39.7967942],[-86.2388345,39.7968032],[-86.2388347,39.7968122],[-86.2388349,39.7968212],[-86.238835,39.7968302],[-86.2388352,39.7968392],[-86.2388354,39.7968482],[-86.2388355,39.7968572],[-86.2388357,39.7968662],[-86.2388359,39.7968752],[-86.2388361,39.7968843],[-86.2388362,39.7968933],[-86.2388364,39.7969023],[-86.2388366,39.7969113],[-86.2388367,39.7969203],[-86.2388369,39.7969292],[-86.2388371,39.7969382],[-86.2388372,39.7969471],[-86.2388374,39.7969559],[-86.2388376,39.7969648],[-86.2388377,39.7969737],[-86.2388379,39.7969827],[-86.2388381,39.7969916],[-86.2388383,39.7970006],[-86.2388384,39.7970096],[-86.2388386,39.7970187],[-86.2388388,39.7970277],[-86.2388389,39.7970368],[-86.2388391,39.797046],[-86.2388393,39.7970551],[-86.2388395,39.7970643],[-86.2388396,39.7970735],[-86.2388398,39.7970826],[-86.23884,39.7970916],[-86.2388401,39.7971006],[-86.2388403,39.7971097],[-86.2388405,39.7971187],[-86.2388407,39.7971277],[-86.2388408,39.7971367],[-86.238841,39.7971457],[-86.2388412,39.7971547],[-86.2388413,39.7971636],[-86.2388415,39.7971726],[-86.2388417,39.7971814],[-86.2388418,39.7971902],[-86.238842,39.7971989],[-86.2388422,39.7972076],[-86.2388425,39.7972164],[-86.2388428,39.7972252],[-86.238843,39.7972342],[-86.2388433,39.7972432],[-86.2388435,39.7972522],[-86.2388438,39.7972614],[-86.2388441,39.7972707],[-86.2388444,39.7972801],[-86.2388446,39.7972897],[-86.2388449,39.7972993],[-86.2388452,39.7973088],[-86.2388455,39.797318],[-86.2388457,39.7973272],[-86.238846,39.7973363],[-86.2388463,39.7973453],[-86.2388465,39.7973542],[-86.2388468,39.7973632],[-86.238847,39.797372],[-86.2388473,39.7973808],[-86.2388476,39.7973895],[-86.2388478,39.7973982],[-86.2388481,39.797407],[-86.2388483,39.7974158],[-86.2388486,39.7974248],[-86.2388488,39.7974337],[-86.2388491,39.7974427],[-86.2388494,39.7974517],[-86.2388496,39.7974607],[-86.2388499,39.7974697],[-86.2388502,39.7974787],[-86.2388504,39.7974878],[-86.2388507,39.7974968],[-86.2388509,39.7975058],[-86.2388512,39.7975148],[-86.2388515,39.7975238],[-86.2388517,39.7975328],[-86.238852,39.7975418],[-86.2388523,39.7975508],[-86.2388525,39.7975598],[-86.2388528,39.7975688],[-86.238853,39.7975778],[-86.2388533,39.7975869],[-86.2388536,39.797596],[-86.2388538,39.7976051],[-86.2388541,39.7976141],[-86.2388544,39.7976232],[-86.2388546,39.7976323],[-86.2388549,39.7976413],[-86.2388552,39.7976503],[-86.2388554,39.7976593],[-86.2388558,39.7976683],[-86.2388561,39.7976773],[-86.2388565,39.7976863],[-86.2388569,39.7976954],[-86.2388572,39.7977044],[-86.2388576,39.7977135],[-86.2388579,39.7977227],[-86.2388583,39.7977318],[-86.2388587,39.7977409],[-86.238859,39.7977499],[-86.2388594,39.797759],[-86.2388597,39.797768],[-86.2388601,39.797777],[-86.2388605,39.797786],[-86.2388608,39.797795],[-86.2388612,39.797804],[-86.2388615,39.797813],[-86.2388619,39.797822],[-86.2388623,39.797831],[-86.2388626,39.79784],[-86.238863,39.797849],[-86.2388633,39.797858],[-86.2388637,39.797867],[-86.238864,39.797876],[-86.2388644,39.797885],[-86.2388648,39.797894],[-86.2388651,39.797903],[-86.2388655,39.797912],[-86.2388658,39.797921],[-86.2388662,39.79793],[-86.2388666,39.797939],[-86.2388669,39.797948],[-86.2388673,39.797957],[-86.2388676,39.797966],[-86.238868,39.797975],[-86.2388683,39.797984],[-86.2388687,39.797993],[-86.2388691,39.798002],[-86.2388694,39.798011],[-86.2388698,39.79802],[-86.2388701,39.798029],[-86.2388705,39.798038],[-86.2388709,39.798047],[-86.2388712,39.798056],[-86.2388716,39.798065],[-86.2388719,39.7980741],[-86.2388723,39.7980831],[-86.2388726,39.7980921],[-86.238873,39.7981011],[-86.2388734,39.7981101],[-86.2388737,39.7981191],[-86.2388741,39.7981281],[-86.2388744,39.7981371],[-86.2388748,39.7981461],[-86.2388752,39.7981551],[-86.2388755,39.7981641],[-86.2388759,39.7981731],[-86.2388762,39.7981821],[-86.2388766,39.7981911],[-86.2388769,39.7982001],[-86.2388773,39.7982091],[-86.2388777,39.7982181],[-86.238878,39.7982271],[-86.2388784,39.7982361],[-86.2388787,39.7982451],[-86.2388791,39.7982541],[-86.2388795,39.7982631],[-86.2388798,39.7982721],[-86.2388802,39.7982811],[-86.2388805,39.7982901],[-86.2388809,39.7982991],[-86.2388812,39.7983081],[-86.2388816,39.7983171],[-86.238882,39.7983261],[-86.2388823,39.7983351],[-86.2388827,39.7983441],[-86.238883,39.7983531],[-86.2388834,39.7983621],[-86.2388838,39.7983711],[-86.2388841,39.7983801],[-86.2388845,39.7983891],[-86.2388848,39.7983981],[-86.2388852,39.7984071],[-86.2388855,39.7984161],[-86.2388859,39.7984251],[-86.2388863,39.7984341],[-86.2388866,39.7984431],[-86.238887,39.7984521],[-86.2388873,39.7984612],[-86.2388877,39.7984702],[-86.2388881,39.7984792],[-86.2388884,39.7984882],[-86.2388888,39.7984972],[-86.2388891,39.7985062],[-86.2388895,39.7985152],[-86.2388898,39.7985242],[-86.2388902,39.7985332],[-86.2388906,39.7985422],[-86.2388909,39.7985512],[-86.2388913,39.7985602],[-86.2388916,39.7985692],[-86.238892,39.7985782],[-86.2388924,39.7985872],[-86.2388927,39.7985962],[-86.2388931,39.7986052],[-86.2388934,39.7986142],[-86.2388938,39.7986232],[-86.2388941,39.7986322],[-86.2388945,39.7986412],[-86.2388949,39.7986502],[-86.2388952,39.7986592],[-86.2388956,39.7986682],[-86.2388959,39.7986772],[-86.2388963,39.7986862],[-86.2388967,39.7986952],[-86.238897,39.7987042],[-86.2388974,39.7987132],[-86.2388977,39.7987222],[-86.2388981,39.7987312],[-86.2388984,39.7987402],[-86.2388988,39.7987492],[-86.2388992,39.7987582],[-86.2388995,39.7987672],[-86.2388999,39.7987762],[-86.2389002,39.7987852],[-86.2389006,39.7987942],[-86.2389009,39.7988032],[-86.2389013,39.7988122],[-86.2389017,39.7988212],[-86.238902,39.7988302],[-86.2389024,39.7988391],[-86.2389027,39.7988479],[-86.2389031,39.7988566],[-86.2389034,39.7988652],[-86.2389035,39.7988738],[-86.2389036,39.7988823],[-86.2389036,39.7988908],[-86.2389037,39.7988991],[-86.2389033,39.7989072],[-86.238903,39.7989152],[-86.2389026,39.798923],[-86.2389023,39.7989306],[-86.2389013,39.798938],[-86.2389002,39.7989452],[-86.2388992,39.7989523],[-86.2388982,39.7989594],[-86.2388965,39.7989663],[-86.2388947,39.7989731],[-86.2388929,39.7989798],[-86.2388905,39.7989864],[-86.2388877,39.798993],[-86.2388845,39.7989997],[-86.238881,39.7990065]],[[-86.2384468,39.799076],[-86.2384365,39.7990753],[-86.2384263,39.7990746],[-86.2384158,39.7990738],[-86.238405,39.7990731],[-86.2383936,39.7990723]],[[-86.2350943,39.7982742],[-86.2350941,39.7982652],[-86.2350939,39.7982562],[-86.2350937,39.7982472],[-86.2350934,39.7982382],[-86.2350932,39.7982292],[-86.235093,39.7982202],[-86.2350927,39.7982112],[-86.2350925,39.7982022],[-86.2350923,39.7981932],[-86.2350921,39.7981842],[-86.2350919,39.7981752],[-86.2350917,39.7981661],[-86.2350916,39.7981571],[-86.2350914,39.7981481],[-86.2350912,39.7981391],[-86.2350911,39.7981301],[-86.2350909,39.7981211],[-86.2350907,39.7981121],[-86.2350906,39.7981031],[-86.2350904,39.7980941],[-86.2350902,39.7980851],[-86.2350901,39.7980762],[-86.2350899,39.7980673],[-86.2350898,39.7980584],[-86.2350896,39.7980496],[-86.2350894,39.7980407],[-86.2350893,39.7980318],[-86.2350891,39.7980228],[-86.235089,39.7980138],[-86.2350888,39.7980048],[-86.2350886,39.7979958],[-86.2350885,39.7979868],[-86.2350883,39.7979778],[-86.2350881,39.7979688],[-86.235088,39.7979598],[-86.2350878,39.7979508],[-86.2350876,39.7979418],[-86.2350875,39.7979328],[-86.2350875,39.7979238],[-86.2350874,39.7979147],[-86.2350873,39.7979057],[-86.2350873,39.7978966],[-86.2350872,39.7978874]],[[-86.2350763,39.7971942],[-86.2350762,39.7971851],[-86.2350761,39.797176],[-86.235076,39.7971668],[-86.2350759,39.7971575],[-86.2350758,39.7971482],[-86.2350757,39.797139],[-86.2350756,39.7971298],[-86.2350754,39.7971207],[-86.2350753,39.7971117],[-86.2350751,39.7971027],[-86.2350749,39.7970937],[-86.2350748,39.7970846]],[[-86.2350415,39.7949338],[-86.2350413,39.7949248],[-86.2350411,39.7949158],[-86.2350409,39.7949068],[-86.2350407,39.7948978],[-86.2350406,39.7948888],[-86.2350404,39.7948797],[-86.2350402,39.7948706],[-86.23504,39.7948614],[-86.2350398,39.7948522]],[[-86.2349573,39.7922522],[-86.2349445,39.7922395],[-86.2349311,39.7922279],[-86.2349172,39.7922176],[-86.234903,39.7922083],[-86.2348883,39.7922001],[-86.2348733,39.7921931],[-86.2348586,39.7921863],[-86.2348435,39.7921808],[-86.2348283,39.7921763],[-86.2348135,39.7921719]],[[-86.234244,39.7882419],[-86.234255,39.7882418],[-86.2342661,39.7882417],[-86.2342772,39.7882415],[-86.2342884,39.7882416],[-86.2342996,39.7882418],[-86.2343109,39.788242],[-86.2343222,39.7882421],[-86.2343336,39.7882423],[-86.234345,39.7882425],[-86.2343565,39.7882426],[-86.2343681,39.7882428],[-86.2343797,39.788243],[-86.2343914,39.7882431],[-86.2344031,39.7882433],[-86.2344148,39.7882435]],[[-86.2344989,39.7882437],[-86.2345106,39.7882436],[-86.2345224,39.7882434],[-86.234534,39.7882433],[-86.2345457,39.7882431]],[[-86.2347854,39.7882432],[-86.2347955,39.7882435],[-86.2348054,39.7882441],[-86.2348153,39.7882451],[-86.234825,39.788246],[-86.2348344,39.7882474],[-86.2348439,39.7882487],[-86.2348533,39.7882505],[-86.2348627,39.7882526],[-86.2348722,39.7882547],[-86.2348819,39.788257],[-86.2348916,39.7882599],[-86.2349016,39.7882628],[-86.2349117,39.7882658],[-86.2349217,39.7882688],[-86.2349317,39.7882718],[-86.2349416,39.7882748],[-86.2349519,39.7882771],[-86.2349623,39.7882794]],[[-86.235576,39.789653],[-86.2355917,39.7896547],[-86.2356071,39.7896553],[-86.2356221,39.7896558],[-86.235637,39.7896554],[-86.2356519,39.7896549],[-86.235667,39.7896543],[-86.2356821,39.7896526]],[[-86.2382419,39.7897347],[-86.2382493,39.7897416],[-86.2382567,39.7897485],[-86.238264,39.7897553],[-86.2382712,39.789762],[-86.2382781,39.7897687],[-86.2382844,39.7897756],[-86.2382906,39.7897823],[-86.2382966,39.7897887],[-86.2383023,39.789795],[-86.2383071,39.7898013],[-86.2383118,39.7898075],[-86.2383165,39.7898137],[-86.2383207,39.7898202],[-86.2383249,39.7898271],[-86.2383292,39.7898343],[-86.2383334,39.7898417],[-86.2383375,39.7898492],[-86.2383414,39.7898565],[-86.2383452,39.7898635],[-86.2383488,39.7898702],[-86.2383525,39.789877],[-86.2383562,39.7898839]],[[-86.2383688,39.7899068],[-86.2383735,39.7899148],[-86.2383783,39.789923],[-86.2383831,39.7899312]],[[-86.2383975,39.7899559],[-86.2384023,39.7899641],[-86.2384071,39.7899724],[-86.2384119,39.7899806],[-86.2384168,39.789989],[-86.2384217,39.7899974],[-86.2384266,39.7900058],[-86.2384316,39.7900143]],[[-86.2384932,39.7901079],[-86.2384983,39.7901154],[-86.2385033,39.7901228],[-86.238508,39.7901301],[-86.2385127,39.7901375],[-86.2385174,39.7901448],[-86.2385221,39.7901523],[-86.2385263,39.7901599]],[[-86.2385869,39.7902908],[-86.2385906,39.7902994],[-86.2385943,39.7903079],[-86.2385979,39.7903165],[-86.2386016,39.790325],[-86.2386053,39.7903336],[-86.238609,39.7903421],[-86.2386126,39.7903506],[-86.2386162,39.790359],[-86.2386198,39.7903674],[-86.2386233,39.7903756],[-86.2386268,39.7903837],[-86.23863,39.7903919]],[[-86.2386721,39.7905164],[-86.2386744,39.790525],[-86.2386767,39.7905336],[-86.238679,39.7905424],[-86.2386814,39.7905512],[-86.2386837,39.79056],[-86.2386861,39.7905688],[-86.2386884,39.7905776],[-86.2386908,39.7905865]],[[-86.2386955,39.7906041],[-86.2386978,39.7906129],[-86.2387001,39.7906216],[-86.2387024,39.7906303],[-86.2387048,39.790639],[-86.2387071,39.7906476],[-86.2387094,39.7906563]],[[-86.2387236,39.7907159],[-86.2387253,39.7907243],[-86.238727,39.7907327],[-86.2387287,39.790741],[-86.2387298,39.7907494],[-86.238731,39.7907577],[-86.2387322,39.7907661],[-86.2387329,39.7907745]],[[-86.2387346,39.7907999],[-86.2387348,39.7908085],[-86.2387349,39.7908171],[-86.2387351,39.7908258],[-86.2387353,39.7908346],[-86.2387355,39.7908435],[-86.2387357,39.7908524],[-86.2387359,39.7908614]],[[-86.2387365,39.7908886],[-86.2387367,39.7908977],[-86.2387369,39.7909068],[-86.2387371,39.7909159],[-86.2387373,39.7909249],[-86.2387375,39.790934],[-86.2387377,39.790943],[-86.2387379,39.790952]],[[-86.2387606,39.791967],[-86.2387605,39.7919759],[-86.2387604,39.7919849],[-86.2387603,39.7919939],[-86.2387602,39.7920029],[-86.2387602,39.7920119],[-86.2387601,39.7920209]]]}},{"type":"Feature","properties":{"role":"start_finish","id":"start_finish","marker":0.0,"width_m":15.45,"quality":{"source":"indiana-2025","accuracy_m":0.39,"relative_accuracy_m":0.13,"measured":true,"date":"2025"}},"geometry":{"type":"LineString","coordinates":[[-86.2389549,39.7931522],[-86.2387747,39.7931592]]}},{"type":"Feature","properties":{"role":"pit_entry","id":"pit_entry","marker":0.83248,"width_m":14.38,"quality":{"source":"indiana-2025","accuracy_m":0.39,"relative_accuracy_m":0.13,"measured":true,"date":"2025"}},"geometry":{"type":"LineString","coordinates":[[-86.2355889,39.7895233],[-86.2355436,39.789648]]}},{"type":"Feature","properties":{"role":"pit_exit","id":"pit_exit","marker":0.10723,"width_m":14.67,"quality":{"source":"indiana-2025","accuracy_m":1.67,"relative_accuracy_m":1.63,"measured":false,"date":"2025"}},"geometry":{"type":"LineString","coordinates":[[-86.2390081,39.7969274],[-86.2388369,39.7969292]]}},{"type":"Feature","properties":{"role":"corner_entry","id":"t1-entry","marker":0.16446,"width_m":15.5,"quality":{"source":"indiana-2025","accuracy_m":1.67,"relative_accuracy_m":1.63,"measured":false,"date":"2025"},"corner":"t1"},"geometry":{"type":"LineString","coordinates":[[-86.2390827,39.798941],[-86.2389023,39.7989306]]}},{"type":"Feature","properties":{"role":"corner_exit","id":"t1-exit","marker":0.17317,"width_m":14.41,"quality":{"source":"indiana-2025","accuracy_m":0.39,"relative_accuracy_m":0.13,"measured":true,"date":"2025"},"corner":"t1"},"geometry":{"type":"LineString","coordinates":[[-86.2387582,39.7992005],[-86.2387575,39.7990707]]}},{"type":"Feature","properties":{"role":"corner_entry","id":"t2-entry","marker":0.18393,"width_m":14.49,"quality":{"source":"indiana-2025","accuracy_m":0.39,"relative_accuracy_m":0.13,"measured":true,"date":"2025"},"corner":"t2"},"geometry":{"type":"LineString","coordinates":[[-86.2382692,39.7991997],[-86.2382682,39.7990692]]}},{"type":"Feature","properties":{"role":"corner_exit","id":"t2-exit","marker":0.20519,"width_m":14.16,"quality":{"source":"indiana-2025","accuracy_m":0.39,"relative_accuracy_m":0.13,"measured":true,"date":"2025"},"corner":"t2"},"geometry":{"type":"LineString","coordinates":[[-86.2377553,39.799596],[-86.23759,39.7995987]]}},{"type":"Feature","properties":{"role":"corner_entry","id":"t3-entry","marker":0.21339,"width_m":14.11,"quality":{"source":"indiana-2025","accuracy_m":0.39,"relative_accuracy_m":0.13,"measured":true,"date":"2025"},"corner":"t3"},"geometry":{"type":"LineString","coordinates":[[-86.2377848,39.7998788],[-86.2376207,39.7998904]]}},{"type":"Feature","properties":{"role":"corner_exit","id":"t3-exit","marker":0.25232,"width_m":14.17,"quality":{"source":"indiana-2025","accuracy_m":0.39,"relative_accuracy_m":0.13,"measured":true,"date":"2025"},"corner":"t3"},"geometry":{"type":"LineString","coordinates":[[-86.2369076,39.8010542],[-86.2368382,39.8009384]]}},{"type":"Feature","properties":{"role":"corner_entry","id":"t4-entry","marker":0.26564,"width_m":14.2,"quality":{"source":"indiana-2025","accuracy_m":0.39,"relative_accuracy_m":0.13,"measured":true,"date":"2025"},"corner":"t4"},"geometry":{"type":"LineString","coordinates":[[-86.2363554,39.8012512],[-86.2362881,39.8011343]]}},{"type":"Feature","properties":{"role":"corner_exit","id":"t4-exit","marker":0.29331,"width_m":14.43,"quality":{"source":"indiana-2025","accuracy_m":0.39,"relative_accuracy_m":0.13,"measured":true,"date":"2025"},"corner":"t4"},"geometry":{"type":"LineString","coordinates":[[-86.2353899,39.8006841],[-86.2355579,39.8006744]]}},{"type":"Feature","properties":{"role":"corner_entry","id":"t5-entry","marker":0.3202,"width_m":14.32,"quality":{"source":"indiana-2025","accuracy_m":0.39,"relative_accuracy_m":0.13,"measured":true,"date":"2025"},"corner":"t5"},"geometry":{"type":"LineString","coordinates":[[-86.2353749,39.7997337],[-86.235542,39.7997338]]}},{"type":"Feature","properties":{"role":"corner_exit","id":"t5-exit","marker":0.33045,"width_m":15.24,"quality":{"source":"indiana-2025","accuracy_m":0.39,"relative_accuracy_m":0.13,"measured":true,"date":"2025"},"corner":"t5"},"geometry":{"type":"LineString","coordinates":[[-86.2352054,39.799486],[-86.2353019,39.7993707]]}},{"type":"Feature","properties":{"role":"corner_entry","id":"t6-entry","marker":0.3325,"width_m":16.25,"quality":{"source":"indiana-2025","accuracy_m":0.39,"relative_accuracy_m":0.13,"measured":true,"date":"2025"},"corner":"t6"},"geometry":{"type":"LineString","coordinates":[[-86.2351235,39.7994541],[-86.2352228,39.7993294]]}},{"type":"Feature","properties":{"role":"corner_exit","id":"t6-exit","marker":0.34249,"width_m":22.5,"quality":{"source":"indiana-2025","accuracy_m":0.39,"relative_accuracy_m":0.13,"measured":true,"date":"2025"},"corner":"t6"},"geometry":{"type":"LineString","coordinates":[[-86.2348434,39.7990974],[-86.235106,39.7990933]]}},{"type":"Feature","properties":{"role":"corner_entry","id":"t7-entry","marker":0.53255,"width_m":18.63,"quality":{"source":"indiana-2025","accuracy_m":0.39,"relative_accuracy_m":0.13,"measured":true,"date":"2025"},"corner":"t7"},"geometry":{"type":"LineString","coordinates":[[-86.2347847,39.7924071],[-86.2350016,39.7924205]]}},{"type":"Feature","properties":{"role":"corner_exit","id":"t7-exit","marker":0.54075,"width_m":17.68,"quality":{"source":"indiana-2025","accuracy_m":0.39,"relative_accuracy_m":0.13,"measured":true,"date":"2025"},"corner":"t7"},"geometry":{"type":"LineString","coordinates":[[-86.2346588,39.7923095],[-86.2346878,39.7921519]]}},{"type":"Feature","properties":{"role":"corner_entry","id":"t8-entry","marker":0.5638,"width_m":14.45,"quality":{"source":"indiana-2025","accuracy_m":0.39,"relative_accuracy_m":0.13,"measured":true,"date":"2025"},"corner":"t8"},"geometry":{"type":"LineString","coordinates":[[-86.233627,39.7923217],[-86.2336207,39.7921917]]}},{"type":"Feature","properties":{"role":"corner_exit","id":"t8-exit","marker":0.58276,"width_m":14.64,"quality":{"source":"indiana-2025","accuracy_m":0.39,"relative_accuracy_m":0.13,"measured":true,"date":"2025"},"corner":"t8"},"geometry":{"type":"LineString","coordinates":[[-86.2328748,39.7919385],[-86.233037,39.7918967]]}},{"type":"Feature","properties":{"role":"corner_entry","id":"t9-entry","marker":0.58506,"width_m":14.54,"quality":{"source":"indiana-2025","accuracy_m":0.39,"relative_accuracy_m":0.13,"measured":true,"date":"2025"},"corner":"t9"},"geometry":{"type":"LineString","coordinates":[[-86.2328446,39.79186],[-86.2330063,39.7918201]]}},{"type":"Feature","properties":{"role":"corner_exit","id":"t9-exit","marker":0.60222,"width_m":14.35,"quality":{"source":"indiana-2025","accuracy_m":0.39,"relative_accuracy_m":0.13,"measured":true,"date":"2025"},"corner":"t9"},"geometry":{"type":"LineString","coordinates":[[-86.2323264,39.7916013],[-86.2323154,39.7914723]]}},{"type":"Feature","properties":{"role":"corner_entry","id":"t10-entry","marker":0.62067,"width_m":14.52,"quality":{"source":"indiana-2025","accuracy_m":0.39,"relative_accuracy_m":0.13,"measured":true,"date":"2025"},"corner":"t10"},"geometry":{"type":"LineString","coordinates":[[-86.2314866,39.79165],[-86.2314786,39.7915194]]}},{"type":"Feature","properties":{"role":"corner_exit","id":"t10-exit","marker":0.63066,"width_m":14.27,"quality":{"source":"indiana-2025","accuracy_m":0.39,"relative_accuracy_m":0.13,"measured":true,"date":"2025"},"corner":"t10"},"geometry":{"type":"LineString","coordinates":[[-86.2310555,39.7914353],[-86.231208,39.7913835]]}},{"type":"Feature","properties":{"role":"corner_entry","id":"t11-entry","marker":0.68983,"width_m":15.87,"quality":{"source":"indiana-2025","accuracy_m":0.39,"relative_accuracy_m":0.13,"measured":true,"date":"2025"},"corner":"t11"},"geometry":{"type":"LineString","coordinates":[[-86.231165,39.7893473],[-86.2313459,39.789378]]}},{"type":"Feature","properties":{"role":"corner_exit","id":"t11-exit","marker":0.70238,"width_m":15.85,"quality":{"source":"indiana-2025","accuracy_m":0.39,"relative_accuracy_m":0.13,"measured":true,"date":"2025"},"corner":"t11"},"geometry":{"type":"LineString","coordinates":[[-86.2314281,39.7889234],[-86.2315697,39.7890154]]}},{"type":"Feature","properties":{"role":"corner_entry","id":"t12-entry","marker":0.78819,"width_m":21.18,"quality":{"source":"indiana-2025","accuracy_m":1.67,"relative_accuracy_m":1.63,"measured":false,"date":"2025"},"corner":"t12"},"geometry":{"type":"LineString","coordinates":[[-86.2351354,39.7881139],[-86.2350568,39.7882948]]}},{"type":"Feature","properties":{"role":"corner_exit","id":"t12-exit","marker":0.79818,"width_m":14.84,"quality":{"source":"indiana-2025","accuracy_m":0.39,"relative_accuracy_m":0.13,"measured":true,"date":"2025"},"corner":"t12"},"geometry":{"type":"LineString","coordinates":[[-86.2354295,39.7884582],[-86.2352563,39.7884553]]}},{"type":"Feature","properties":{"role":"corner_entry","id":"t13-entry","marker":0.82123,"width_m":14.34,"quality":{"source":"indiana-2025","accuracy_m":0.39,"relative_accuracy_m":0.13,"measured":true,"date":"2025"},"corner":"t13"},"geometry":{"type":"LineString","coordinates":[[-86.2353893,39.7892609],[-86.2352224,39.7892719]]}},{"type":"Feature","properties":{"role":"corner_exit","id":"t13-exit","marker":0.83686,"width_m":14.28,"quality":{"source":"indiana-2025","accuracy_m":0.39,"relative_accuracy_m":0.13,"measured":true,"date":"2025"},"corner":"t13"},"geometry":{"type":"LineString","coordinates":[[-86.2357289,39.7895081],[-86.23579,39.7896278]]}},{"type":"Feature","properties":{"role":"corner_entry","id":"t14-entry","marker":0.89987,"width_m":15.03,"quality":{"source":"indiana-2025","accuracy_m":1.67,"relative_accuracy_m":1.63,"measured":false,"date":"2025"},"corner":"t14"},"geometry":{"type":"LineString","coordinates":[[-86.2383956,39.7896657],[-86.238264,39.7897553]]}},{"type":"Feature","properties":{"role":"corner_exit","id":"t14-exit","marker":0.90602,"width_m":17.26,"quality":{"source":"indiana-2025","accuracy_m":1.67,"relative_accuracy_m":1.63,"measured":false,"date":"2025"},"corner":"t14"},"geometry":{"type":"LineString","coordinates":[[-86.238566,39.7898664],[-86.2383783,39.789923]]}},{"type":"Feature","properties":{"role":"brake_point","id":"t1-brake","marker":0.13091,"width_m":14.3,"quality":{"source":"indiana-2025","accuracy_m":1.67,"relative_accuracy_m":1.63,"measured":false,"date":"2025"},"corner":"t1","speed_kmh":270.4},"geometry":{"type":"LineString","coordinates":[[-86.2390262,39.7977544],[-86.2388594,39.797759]]}},{"type":"Feature","properties":{"role":"brake_point","id":"t2-brake","marker":0.1837,"width_m":14.5,"quality":{"source":"indiana-2025","accuracy_m":0.39,"relative_accuracy_m":0.13,"measured":true,"date":"2025"},"corner":"t2","speed_kmh":123.7},"geometry":{"type":"LineString","coordinates":[[-86.2382802,39.7991997],[-86.2382805,39.7990691]]}},{"type":"Feature","properties":{"role":"brake_point","id":"t4-brake","marker":0.26916,"width_m":14.27,"quality":{"source":"indiana-2025","accuracy_m":0.39,"relative_accuracy_m":0.13,"measured":true,"date":"2025"},"corner":"t4","speed_kmh":119.5},"geometry":{"type":"LineString","coordinates":[[-86.236178,39.801295],[-86.2361557,39.8011677]]}},{"type":"Feature","properties":{"role":"brake_point","id":"t7-brake","marker":0.50061,"width_m":21.74,"quality":{"source":"indiana-2025","accuracy_m":0.39,"relative_accuracy_m":0.13,"measured":true,"date":"2025"},"corner":"t7","speed_kmh":259.3},"geometry":{"type":"LineString","coordinates":[[-86.2347615,39.7935401],[-86.2350153,39.7935376]]}},{"type":"Feature","properties":{"role":"brake_point","id":"t8-brake","marker":0.5605,"width_m":14.47,"quality":{"source":"indiana-2025","accuracy_m":0.39,"relative_accuracy_m":0.13,"measured":true,"date":"2025"},"corner":"t8","speed_kmh":146.8},"geometry":{"type":"LineString","coordinates":[[-86.2337796,39.7923165],[-86.2337714,39.7921863]]}},{"type":"Feature","properties":{"role":"brake_point","id":"t9-brake","marker":0.58603,"width_m":14.52,"quality":{"source":"indiana-2025","accuracy_m":0.39,"relative_accuracy_m":0.13,"measured":true,"date":"2025"},"corner":"t9","speed_kmh":137.5},"geometry":{"type":"LineString","coordinates":[[-86.2328309,39.7918304],[-86.2329884,39.7917819]]}},{"type":"Feature","properties":{"role":"brake_point","id":"t10-brake","marker":0.6251,"width_m":15.24,"quality":{"source":"indiana-2025","accuracy_m":0.39,"relative_accuracy_m":0.13,"measured":true,"date":"2025"},"corner":"t10","speed_kmh":118.1},"geometry":{"type":"LineString","coordinates":[[-86.231247,39.7916208],[-86.2313317,39.7915001]]}},{"type":"Feature","properties":{"role":"brake_point","id":"t12-brake","marker":0.75917,"width_m":14.9,"quality":{"source":"indiana-2025","accuracy_m":1.67,"relative_accuracy_m":1.63,"measured":false,"date":"2025"},"corner":"t12","speed_kmh":231.1},"geometry":{"type":"LineString","coordinates":[[-86.2337765,39.7881492],[-86.2338073,39.7882814]]}},{"type":"Feature","properties":{"role":"brake_point","id":"t13-brake","marker":0.83288,"width_m":14.37,"quality":{"source":"indiana-2025","accuracy_m":0.39,"relative_accuracy_m":0.13,"measured":true,"date":"2025"},"corner":"t13","speed_kmh":92.3},"geometry":{"type":"LineString","coordinates":[[-86.2355954,39.7895245],[-86.2355598,39.789651]]}},{"type":"Feature","properties":{"role":"racing_line","model":"gt3","lap_time_s":82.26,"speed_kmh":[241,242,242,242,243,243,243,244,244,244,245,245,245,246,246,246,246,247,247,247,248,248,248,249,249,249,250,250,250,250,251,251,251,251,252,252,252,253,253,253,253,254,254,254,254,255,255,255,255,256,256,256,256,257,257,257,257,258,258,258,258,258,259,259,259,259,260,260,260,260,260,261,261,261,261,261,262,262,262,262,262,263,263,263,263,263,264,264,264,264,264,264,265,265,265,265,265,266,266,266,266,266,266,267,267,267,267,267,267,268,268,268,268,268,268,269,269,269,269,269,269,269,270,270,270,270,270,270,270,265,259,254,249,243,238,233,227,222,216,211,205,200,194,188,182,176,170,164,158,152,145,139,133,127,121,115,109,104,99,96,93,92,91,91,93,95,97,94,94,95,97,100,104,108,111,115,118,121,124,120,114,109,105,100,97,95,94,94,95,97,99,102,105,107,110,113,115,118,121,124,127,129,132,134,136,139,141,143,145,147,148,150,152,154,155,157,158,160,161,163,164,166,167,168,170,171,172,173,175,176,177,178,179,180,181,182,182,180,178,176,174,172,169,166,163,159,155,151,146,142,138,134,130,126,123,120,119,119,119,119,117,114,110,108,107,106,107,108,109,111,112,114,116,119,121,124,126,129,131,133,136,138,140,142,144,146,148,150,151,153,155,156,158,160,161,162,164,165,167,168,169,171,172,173,174,173,173,172,173,173,173,174,175,176,177,178,179,181,182,183,184,185,186,187,188,189,190,191,191,192,193,194,195,196,197,197,198,199,200,201,201,202,203,204,204,205,206,207,207,208,209,209,210,211,211,212,213,213,214,214,215,216,216,217,217,218,219,219,220,220,221,221,222,222,223,223,224,224,225,225,226,226,227,227,228,228,229,229,230,230,231,231,232,232,232,233,233,234,234,235,235,235,236,236,237,237,237,238,238,239,239,239,240,240,240,241,241,241,242,242,242,243,243,244,244,244,245,245,245,245,246,246,246,247,247,247,248,248,248,249,249,249,249,250,250,250,251,251,251,251,252,252,252,253,253,253,253,254,254,254,254,255,255,255,255,256,256,256,256,257,257,257,257,257,258,258,258,258,259,259,259,259,256,251,246,240,235,229,224,219,213,208,202,196,191,185,179,173,167,161,155,149,142,136,130,124,118,113,107,103,99,97,93,90,88,89,91,95,99,101,103,105,107,110,113,116,119,122,124,127,130,132,134,137,139,141,143,145,147,142,138,134,130,126,121,117,114,111,110,109,110,111,113,116,119,122,125,127,130,132,135,137,135,129,124,119,114,110,108,107,107,108,110,113,115,118,120,123,126,128,131,133,136,138,140,142,144,142,136,131,126,122,118,116,115,115,116,117,118,114,111,109,108,109,110,111,113,115,118,120,122,125,127,130,132,134,137,139,141,143,145,147,149,150,152,154,155,157,159,160,162,163,164,166,167,169,170,171,172,174,175,176,177,178,179,180,182,183,184,185,186,187,188,189,190,190,191,192,193,194,195,196,197,197,198,199,200,201,201,202,203,204,204,205,206,207,207,208,209,209,210,210,210,210,209,209,209,209,210,211,211,212,213,213,214,214,215,216,216,217,217,218,219,219,220,220,221,221,222,222,223,223,224,224,225,225,226,226,227,227,228,228,229,229,230,230,231,231,226,220,215,210,204,199,194,189,184,179,174,169,165,160,155,150,145,141,136,132,128,125,122,119,116,113,110,107,105,105,105,107,109,111,111,108,106,106,107,109,112,115,118,121,124,126,129,131,134,136,138,140,141,136,130,125,120,115,111,108,104,101,97,93,90,88,88,89,91,92,90,88,88,88,90,93,96,100,104,108,111,115,118,121,124,126,129,132,134,136,138,140,142,144,146,148,150,152,153,155,157,158,159,159,160,160,160,160,158,157,157,157,158,159,160,161,162,164,165,166,167,168,170,171,172,173,175,176,177,178,179,180,181,182,183,184,185,186,187,188,189,190,191,192,193,194,195,196,196,197,198,199,200,200,201,202,203,203,204,205,206,206,207,208,208,209,210,210,211,212,212,213,214,214,215,215,216,217,217,218,218,219,220,220,221,221,222,222,223,223,224,224,225,225,226,226,227,227,228,228,229,229,230,230,231,231,231,232,232,233,233,234,234,234,235,235,236,236,236,237,237,238,238,238,239,239,240,240,240,241,241],"quality":{"source":"model","measured":false,"note":"minimum-curvature line inside the measured edges; not driven, no elevation"}},"geometry":{"type":"LineString","coordinates":[[-86.2389232,39.7931623],[-86.2389235,39.7931983],[-86.2389237,39.7932344],[-86.2389239,39.7932704],[-86.2389242,39.7933064],[-86.2389244,39.7933424],[-86.2389246,39.7933785],[-86.2389249,39.7934145],[-86.2389251,39.7934505],[-86.2389253,39.7934865],[-86.2389256,39.7935226],[-86.2389258,39.7935586],[-86.238926,39.7935946],[-86.2389262,39.7936306],[-86.2389265,39.7936666],[-86.2389267,39.7937027],[-86.2389269,39.7937387],[-86.2389271,39.7937747],[-86.2389274,39.7938107],[-86.2389276,39.7938468],[-86.2389278,39.7938828],[-86.2389281,39.7939188],[-86.2389283,39.7939548],[-86.2389285,39.7939909],[-86.2389288,39.7940269],[-86.238929,39.7940629],[-86.2389293,39.7940989],[-86.2389295,39.794135],[-86.2389298,39.794171],[-86.23893,39.794207],[-86.2389303,39.794243],[-86.2389305,39.7942791],[-86.2389308,39.7943151],[-86.2389311,39.7943511],[-86.2389314,39.7943871],[-86.2389317,39.7944232],[-86.238932,39.7944592],[-86.2389323,39.7944952],[-86.2389326,39.7945312],[-86.2389329,39.7945673],[-86.2389332,39.7946033],[-86.2389335,39.7946393],[-86.2389339,39.7946753],[-86.2389342,39.7947113],[-86.2389346,39.7947474],[-86.2389349,39.7947834],[-86.2389353,39.7948194],[-86.2389357,39.7948554],[-86.2389361,39.7948915],[-86.2389365,39.7949275],[-86.2389369,39.7949635],[-86.2389373,39.7949995],[-86.2389377,39.7950356],[-86.2389381,39.7950716],[-86.2389386,39.7951076],[-86.238939,39.7951436],[-86.2389395,39.7951797],[-86.23894,39.7952157],[-86.2389405,39.7952517],[-86.238941,39.7952877],[-86.2389415,39.7953237],[-86.238942,39.7953598],[-86.2389426,39.7953958],[-86.2389431,39.7954318],[-86.2389437,39.7954678],[-86.2389442,39.7955039],[-86.2389448,39.7955399],[-86.2389454,39.7955759],[-86.2389461,39.7956119],[-86.2389467,39.7956479],[-86.2389473,39.795684],[-86.238948,39.79572],[-86.2389487,39.795756],[-86.2389493,39.795792],[-86.23895,39.795828],[-86.2389508,39.7958641],[-86.2389515,39.7959001],[-86.2389522,39.7959361],[-86.238953,39.7959721],[-86.2389538,39.7960081],[-86.2389546,39.7960442],[-86.2389554,39.7960802],[-86.2389562,39.7961162],[-86.2389571,39.7961522],[-86.2389579,39.7961882],[-86.2389588,39.7962243],[-86.2389597,39.7962603],[-86.2389606,39.7962963],[-86.2389615,39.7963323],[-86.2389625,39.7963683],[-86.2389635,39.7964043],[-86.2389644,39.7964404],[-86.2389654,39.7964764],[-86.2389665,39.7965124],[-86.2389675,39.7965484],[-86.2389686,39.7965844],[-86.2389696,39.7966204],[-86.2389707,39.7966565],[-86.2389718,39.7966925],[-86.238973,39.7967285],[-86.2389741,39.7967645],[-86.2389753,39.7968005],[-86.2389765,39.7968365],[-86.2389777,39.7968725],[-86.238979,39.7969086],[-86.2389802,39.7969446],[-86.2389815,39.7969806],[-86.2389828,39.7970166],[-86.2389841,39.7970526],[-86.2389854,39.7970886],[-86.2389868,39.7971246],[-86.2389882,39.7971606],[-86.2389896,39.7971966],[-86.238991,39.7972326],[-86.2389925,39.7972687],[-86.2389939,39.7973047],[-86.2389954,39.7973407],[-86.2389969,39.7973767],[-86.2389985,39.7974127],[-86.239,39.7974487],[-86.2390016,39.7974847],[-86.2390032,39.7975207],[-86.2390048,39.7975567],[-86.2390065,39.7975927],[-86.2390081,39.7976287],[-86.2390098,39.7976647],[-86.2390116,39.7977007],[-86.2390133,39.7977367],[-86.2390151,39.7977727],[-86.2390168,39.7978087],[-86.2390187,39.7978447],[-86.2390205,39.7978807],[-86.2390223,39.7979167],[-86.2390242,39.7979527],[-86.239026,39.7979887],[-86.2390279,39.7980247],[-86.2390298,39.7980607],[-86.2390317,39.7980967],[-86.2390336,39.7981327],[-86.2390356,39.7981687],[-86.2390375,39.7982046],[-86.2390394,39.7982406],[-86.2390413,39.7982766],[-86.2390432,39.7983126],[-86.2390452,39.7983486],[-86.2390471,39.7983846],[-86.239049,39.7984206],[-86.2390509,39.7984566],[-86.2390528,39.7984926],[-86.2390547,39.7985286],[-86.2390565,39.7985646],[-86.2390579,39.7986006],[-86.2390587,39.7986366],[-86.2390586,39.7986726],[-86.239057,39.7987086],[-86.2390539,39.7987446],[-86.2390489,39.7987804],[-86.2390414,39.7988159],[-86.2390311,39.7988511],[-86.2390176,39.7988856],[-86.2390004,39.798919],[-86.2389788,39.798951],[-86.2389534,39.7989812],[-86.2389245,39.7990094],[-86.2388917,39.799035],[-86.2388561,39.7990583],[-86.2388188,39.79908],[-86.2387795,39.7990994],[-86.2387379,39.7991157],[-86.2386945,39.7991289],[-86.2386497,39.799139],[-86.238604,39.7991466],[-86.238558,39.7991524],[-86.2385116,39.7991568],[-86.2384651,39.79916],[-86.2384185,39.7991627],[-86.2383719,39.7991651],[-86.2383254,39.7991678],[-86.2382789,39.799171],[-86.2382325,39.7991753],[-86.2381864,39.7991812],[-86.2381407,39.7991886],[-86.2380957,39.7991982],[-86.2380515,39.7992098],[-86.2380086,39.799224],[-86.2379673,39.7992407],[-86.2379284,39.7992606],[-86.2378919,39.7992831],[-86.2378584,39.7993082],[-86.2378279,39.7993354],[-86.2378003,39.7993645],[-86.2377754,39.7993949],[-86.2377531,39.7994265],[-86.2377332,39.7994591],[-86.2377158,39.7994926],[-86.2377007,39.7995266],[-86.2376882,39.7995614],[-86.2376778,39.7995965],[-86.2376693,39.7996319],[-86.2376627,39.7996676],[-86.2376577,39.7997034],[-86.2376538,39.7997393],[-86.2376509,39.7997752],[-86.2376488,39.7998112],[-86.2376471,39.7998472],[-86.2376457,39.7998832],[-86.2376443,39.7999192],[-86.2376427,39.7999552],[-86.2376407,39.7999912],[-86.237638,39.8000272],[-86.2376345,39.8000631],[-86.2376297,39.8000989],[-86.2376238,39.8001347],[-86.2376166,39.8001703],[-86.2376081,39.8002057],[-86.2375983,39.8002409],[-86.2375871,39.8002759],[-86.2375748,39.8003106],[-86.2375612,39.8003451],[-86.2375463,39.8003792],[-86.2375303,39.8004131],[-86.2375131,39.8004465],[-86.2374948,39.8004797],[-86.2374754,39.8005125],[-86.2374549,39.8005448],[-86.2374334,39.8005768],[-86.2374107,39.8006083],[-86.237387,39.8006393],[-86.2373622,39.8006698],[-86.2373362,39.8006998],[-86.2373093,39.8007292],[-86.2372814,39.8007581],[-86.2372524,39.8007863],[-86.2372224,39.800814],[-86.2371914,39.8008409],[-86.2371594,39.8008671],[-86.2371265,39.8008927],[-86.2370926,39.8009175],[-86.2370577,39.8009414],[-86.237022,39.8009646],[-86.2369853,39.8009869],[-86.2369478,39.8010083],[-86.2369093,39.8010288],[-86.2368701,39.8010484],[-86.2368301,39.801067],[-86.2367894,39.8010846],[-86.2367481,39.8011014],[-86.2367061,39.8011171],[-86.2366635,39.8011318],[-86.2366203,39.8011455],[-86.2365765,39.801158],[-86.2365321,39.8011692],[-86.2364872,39.8011791],[-86.2364418,39.8011874],[-86.2363958,39.8011939],[-86.2363495,39.8011986],[-86.236303,39.8012013],[-86.2362563,39.8012016],[-86.2362097,39.8011997],[-86.2361633,39.8011957],[-86.2361173,39.8011895],[-86.2360718,39.8011814],[-86.236027,39.8011712],[-86.2359831,39.8011589],[-86.2359405,39.8011441],[-86.2358995,39.801127],[-86.2358603,39.8011074],[-86.2358229,39.8010858],[-86.2357877,39.8010622],[-86.2357545,39.8010369],[-86.2357237,39.8010098],[-86.2356948,39.8009815],[-86.2356682,39.8009519],[-86.2356436,39.8009213],[-86.235621,39.8008898],[-86.2356003,39.8008575],[-86.2355814,39.8008246],[-86.2355645,39.800791],[-86.2355491,39.800757],[-86.2355355,39.8007225],[-86.2355233,39.8006877],[-86.2355127,39.8006527],[-86.2355035,39.8006173],[-86.2354956,39.8005818],[-86.2354891,39.8005462],[-86.2354837,39.8005104],[-86.2354792,39.8004745],[-86.2354757,39.8004386],[-86.235473,39.8004026],[-86.2354709,39.8003667],[-86.2354693,39.8003306],[-86.2354681,39.8002946],[-86.2354672,39.8002586],[-86.2354665,39.8002226],[-86.2354658,39.8001866],[-86.2354651,39.8001506],[-86.2354641,39.8001145],[-86.2354628,39.8000785],[-86.2354611,39.8000425],[-86.2354587,39.8000065],[-86.2354557,39.7999706],[-86.235452,39.7999347],[-86.2354472,39.7998989],[-86.2354414,39.7998631],[-86.2354345,39.7998275],[-86.2354262,39.799792],[-86.2354164,39.7997568],[-86.2354052,39.7997219],[-86.2353923,39.7996872],[-86.2353782,39.7996529],[-86.2353625,39.799619],[-86.2353455,39.7995854],[-86.235327,39.7995523],[-86.2353074,39.7995196],[-86.2352869,39.7994873],[-86.2352657,39.7994552],[-86.2352438,39.7994234],[-86.2352215,39.7993917],[-86.2351991,39.7993601],[-86.2351768,39.7993284],[-86.2351549,39.7992966],[-86.2351335,39.7992646],[-86.2351127,39.7992323],[-86.2350928,39.7991998],[-86.2350736,39.7991669],[-86.2350549,39.7991339],[-86.2350372,39.7991006],[-86.2350205,39.7990669],[-86.2350048,39.799033],[-86.23499,39.7989988],[-86.2349762,39.7989644],[-86.2349634,39.7989298],[-86.2349513,39.798895],[-86.2349401,39.79886],[-86.2349298,39.7988249],[-86.2349202,39.7987896],[-86.2349112,39.7987543],[-86.2349031,39.7987188],[-86.2348956,39.7986832],[-86.2348887,39.7986476],[-86.2348825,39.7986119],[-86.2348768,39.7985761],[-86.2348716,39.7985403],[-86.2348671,39.7985045],[-86.2348629,39.7984686],[-86.2348593,39.7984327],[-86.234856,39.7983968],[-86.2348532,39.7983608],[-86.2348507,39.7983248],[-86.2348486,39.7982888],[-86.2348467,39.7982528],[-86.2348452,39.7982168],[-86.2348439,39.7981808],[-86.2348428,39.7981448],[-86.2348419,39.7981088],[-86.2348412,39.7980728],[-86.2348406,39.7980368],[-86.2348401,39.7980007],[-86.2348398,39.7979647],[-86.2348394,39.7979287],[-86.2348392,39.7978927],[-86.2348389,39.7978566],[-86.2348388,39.7978206],[-86.2348387,39.7977846],[-86.2348386,39.7977486],[-86.2348386,39.7977125],[-86.2348386,39.7976765],[-86.2348387,39.7976405],[-86.2348389,39.7976045],[-86.2348391,39.7975684],[-86.2348393,39.7975324],[-86.2348396,39.7974964],[-86.2348399,39.7974604],[-86.2348403,39.7974243],[-86.2348407,39.7973883],[-86.2348412,39.7973523],[-86.2348417,39.7973163],[-86.2348422,39.7972803],[-86.2348428,39.7972442],[-86.2348435,39.7972082],[-86.2348441,39.7971722],[-86.2348448,39.7971362],[-86.2348456,39.7971001],[-86.2348464,39.7970641],[-86.2348472,39.7970281],[-86.234848,39.7969921],[-86.2348489,39.7969561],[-86.2348498,39.7969201],[-86.2348508,39.796884],[-86.2348518,39.796848],[-86.2348528,39.796812],[-86.2348539,39.796776],[-86.234855,39.79674],[-86.2348561,39.796704],[-86.2348572,39.7966679],[-86.2348584,39.7966319],[-86.2348596,39.7965959],[-86.2348608,39.7965599],[-86.234862,39.7965239],[-86.2348633,39.7964879],[-86.2348646,39.7964519],[-86.2348659,39.7964159],[-86.2348673,39.7963798],[-86.2348687,39.7963438],[-86.23487,39.7963078],[-86.2348715,39.7962718],[-86.2348729,39.7962358],[-86.2348743,39.7961998],[-86.2348758,39.7961638],[-86.2348773,39.7961278],[-86.2348788,39.7960918],[-86.2348803,39.7960558],[-86.2348819,39.7960198],[-86.2348834,39.7959838],[-86.234885,39.7959478],[-86.2348865,39.7959118],[-86.2348881,39.7958758],[-86.2348897,39.7958398],[-86.2348914,39.7958038],[-86.234893,39.7957678],[-86.2348946,39.7957317],[-86.2348963,39.7956957],[-86.2348979,39.7956597],[-86.2348996,39.7956237],[-86.2349013,39.7955877],[-86.2349029,39.7955517],[-86.2349046,39.7955157],[-86.2349063,39.7954797],[-86.234908,39.7954437],[-86.2349097,39.7954077],[-86.2349114,39.7953717],[-86.2349131,39.7953357],[-86.2349148,39.7952997],[-86.2349165,39.7952637],[-86.2349182,39.7952277],[-86.2349199,39.7951917],[-86.2349216,39.7951557],[-86.2349233,39.7951197],[-86.234925,39.7950837],[-86.2349267,39.7950477],[-86.2349284,39.7950117],[-86.2349301,39.7949757],[-86.2349318,39.7949397],[-86.2349334,39.7949037],[-86.2349351,39.7948677],[-86.2349368,39.7948317],[-86.2349384,39.7947957],[-86.2349401,39.7947597],[-86.2349417,39.7947237],[-86.2349433,39.7946877],[-86.2349449,39.7946517],[-86.2349466,39.7946157],[-86.2349481,39.7945797],[-86.2349497,39.7945437],[-86.2349513,39.7945077],[-86.2349528,39.7944717],[-86.2349544,39.7944357],[-86.2349559,39.7943997],[-86.2349574,39.7943637],[-86.2349589,39.7943277],[-86.2349603,39.7942917],[-86.2349618,39.7942556],[-86.2349632,39.7942196],[-86.2349646,39.7941836],[-86.234966,39.7941476],[-86.2349674,39.7941116],[-86.2349687,39.7940756],[-86.23497,39.7940396],[-86.2349713,39.7940036],[-86.2349726,39.7939676],[-86.2349738,39.7939316],[-86.234975,39.7938955],[-86.2349762,39.7938595],[-86.2349774,39.7938235],[-86.2349785,39.7937875],[-86.2349796,39.7937515],[-86.2349807,39.7937155],[-86.2349818,39.7936795],[-86.2349828,39.7936434],[-86.2349838,39.7936074],[-86.2349847,39.7935714],[-86.2349856,39.7935354],[-86.2349865,39.7934994],[-86.2349873,39.7934633],[-86.2349882,39.7934273],[-86.2349889,39.7933913],[-86.2349897,39.7933553],[-86.2349904,39.7933193],[-86.234991,39.7932832],[-86.2349916,39.7932472],[-86.2349922,39.7932112],[-86.2349927,39.7931752],[-86.2349932,39.7931392],[-86.2349937,39.7931031],[-86.2349941,39.7930671],[-86.2349944,39.7930311],[-86.2349945,39.7929951],[-86.2349946,39.792959],[-86.2349944,39.792923],[-86.2349941,39.792887],[-86.2349935,39.792851],[-86.2349927,39.7928149],[-86.2349915,39.7927789],[-86.2349895,39.7927429],[-86.2349866,39.792707],[-86.2349825,39.7926711],[-86.2349768,39.7926354],[-86.2349695,39.7925998],[-86.2349599,39.7925645],[-86.2349477,39.7925298],[-86.2349326,39.7924957],[-86.2349141,39.7924626],[-86.2348918,39.792431],[-86.2348658,39.7924011],[-86.2348365,39.792373],[-86.2348039,39.7923473],[-86.2347665,39.7923258],[-86.2347289,39.7923044],[-86.2346894,39.7922852],[-86.2346483,39.7922682],[-86.2346056,39.7922536],[-86.2345616,39.7922414],[-86.2345168,39.7922316],[-86.2344711,39.7922239],[-86.234425,39.7922182],[-86.2343786,39.7922143],[-86.234332,39.7922118],[-86.2342853,39.7922108],[-86.2342387,39.7922109],[-86.234192,39.7922118],[-86.2341453,39.7922135],[-86.2340987,39.7922157],[-86.2340521,39.7922182],[-86.2340056,39.7922209],[-86.233959,39.7922236],[-86.2339124,39.792226],[-86.2338658,39.7922281],[-86.2338191,39.7922296],[-86.2337724,39.7922304],[-86.2337257,39.7922302],[-86.2336791,39.7922289],[-86.2336325,39.7922263],[-86.2335861,39.7922221],[-86.23354,39.7922163],[-86.2334943,39.792209],[-86.2334491,39.7922],[-86.2334046,39.7921891],[-86.233361,39.7921761],[-86.2333186,39.792161],[-86.2332778,39.7921436],[-86.2332387,39.7921239],[-86.2332016,39.7921021],[-86.2331661,39.7920786],[-86.2331324,39.7920538],[-86.2331,39.7920278],[-86.233069,39.7920008],[-86.233039,39.7919732],[-86.2330099,39.791945],[-86.2329813,39.7919166],[-86.232953,39.791888],[-86.2329245,39.7918594],[-86.2328957,39.791831],[-86.2328662,39.7918031],[-86.2328356,39.7917759],[-86.232804,39.7917494],[-86.232771,39.7917239],[-86.2327365,39.7916996],[-86.2327003,39.7916769],[-86.2326624,39.7916558],[-86.2326226,39.7916371],[-86.232581,39.7916207],[-86.2325379,39.7916068],[-86.2324938,39.791595],[-86.2324488,39.7915853],[-86.2324033,39.7915774],[-86.2323573,39.7915714],[-86.2323109,39.791567],[-86.2322644,39.7915642],[-86.2322177,39.7915631],[-86.232171,39.791563],[-86.2321243,39.7915639],[-86.2320777,39.7915657],[-86.232031,39.7915679],[-86.2319845,39.7915704],[-86.2319379,39.791573],[-86.2318913,39.7915756],[-86.2318447,39.7915778],[-86.231798,39.7915793],[-86.2317513,39.7915802],[-86.2317047,39.7915801],[-86.231658,39.7915786],[-86.2316115,39.7915757],[-86.2315651,39.7915712],[-86.2315193,39.7915645],[-86.231474,39.7915555],[-86.2314296,39.7915444],[-86.2313864,39.7915309],[-86.2313442,39.7915155],[-86.2313031,39.7914983],[-86.2312634,39.7914794],[-86.2312251,39.7914587],[-86.2311886,39.7914363],[-86.2311542,39.7914119],[-86.2311226,39.7913855],[-86.2310933,39.7913574],[-86.2310664,39.791328],[-86.2310419,39.7912973],[-86.2310198,39.7912656],[-86.231,39.791233],[-86.2309822,39.7911997],[-86.2309668,39.7911657],[-86.2309534,39.7911312],[-86.2309419,39.7910963],[-86.2309322,39.791061],[-86.2309244,39.7910255],[-86.2309182,39.7909898],[-86.2309134,39.790954],[-86.2309104,39.790918],[-86.2309087,39.790882],[-86.2309082,39.790846],[-86.230909,39.79081],[-86.2309109,39.790774],[-86.2309138,39.790738],[-86.2309175,39.7907021],[-86.2309221,39.7906663],[-86.2309274,39.7906305],[-86.2309332,39.7905947],[-86.2309395,39.7905591],[-86.2309463,39.7905234],[-86.2309533,39.7904878],[-86.2309605,39.7904522],[-86.2309678,39.7904166],[-86.2309752,39.790381],[-86.2309827,39.7903455],[-86.2309902,39.7903099],[-86.2309979,39.7902744],[-86.2310058,39.7902389],[-86.2310138,39.7902034],[-86.231022,39.7901679],[-86.2310304,39.7901325],[-86.231039,39.7900971],[-86.2310479,39.7900617],[-86.231057,39.7900264],[-86.2310665,39.7899911],[-86.2310762,39.7899559],[-86.2310863,39.7899207],[-86.2310967,39.7898856],[-86.2311075,39.7898505],[-86.2311187,39.7898156],[-86.2311303,39.7897807],[-86.2311423,39.7897459],[-86.2311548,39.7897111],[-86.2311677,39.7896765],[-86.2311812,39.789642],[-86.2311951,39.7896077],[-86.2312096,39.7895734],[-86.2312247,39.7895393],[-86.2312403,39.7895053],[-86.2312565,39.7894716],[-86.2312733,39.789438],[-86.2312907,39.7894045],[-86.2313088,39.7893713],[-86.2313275,39.7893383],[-86.2313469,39.7893055],[-86.231367,39.789273],[-86.2313876,39.7892407],[-86.2314088,39.7892086],[-86.2314306,39.7891768],[-86.2314531,39.7891452],[-86.2314763,39.7891139],[-86.2315001,39.7890829],[-86.2315246,39.7890523],[-86.2315498,39.7890219],[-86.2315758,39.788992],[-86.2316026,39.7889625],[-86.2316303,39.7889335],[-86.231659,39.7889051],[-86.2316884,39.7888771],[-86.2317186,39.7888496],[-86.2317497,39.7888228],[-86.2317816,39.7887964],[-86.2318142,39.7887707],[-86.2318477,39.7887456],[-86.231882,39.788721],[-86.231917,39.7886973],[-86.2319528,39.7886741],[-86.2319894,39.7886517],[-86.2320266,39.78863],[-86.2320645,39.7886089],[-86.232103,39.7885886],[-86.2321421,39.7885689],[-86.2321818,39.7885498],[-86.232222,39.7885315],[-86.2322626,39.7885138],[-86.2323037,39.7884967],[-86.2323452,39.7884802],[-86.2323871,39.7884642],[-86.2324293,39.7884488],[-86.2324719,39.788434],[-86.2325148,39.7884197],[-86.2325579,39.788406],[-86.2326014,39.7883927],[-86.232645,39.7883799],[-86.2326889,39.7883677],[-86.232733,39.7883558],[-86.2327773,39.7883444],[-86.2328218,39.7883333],[-86.2328664,39.7883227],[-86.2329111,39.7883124],[-86.232956,39.7883025],[-86.2330011,39.7882929],[-86.2330462,39.7882837],[-86.2330914,39.7882747],[-86.2331367,39.788266],[-86.2331821,39.7882575],[-86.2332276,39.7882493],[-86.2332731,39.7882412],[-86.2333187,39.7882334],[-86.2333643,39.7882257],[-86.2334099,39.788218],[-86.2334556,39.7882105],[-86.2335013,39.7882031],[-86.233547,39.7881957],[-86.2335927,39.7881883],[-86.2336384,39.788181],[-86.2336841,39.7881736],[-86.2337299,39.7881662],[-86.2337755,39.7881588],[-86.2338212,39.7881513],[-86.2338669,39.7881437],[-86.2339126,39.7881363],[-86.2339583,39.7881289],[-86.2340041,39.7881218],[-86.2340499,39.7881149],[-86.2340958,39.7881084],[-86.2341419,39.7881023],[-86.234188,39.7880968],[-86.2342343,39.7880919],[-86.2342806,39.7880876],[-86.2343271,39.788084],[-86.2343737,39.7880812],[-86.2344203,39.7880791],[-86.234467,39.788078],[-86.2345137,39.7880777],[-86.2345603,39.7880784],[-86.234607,39.7880803],[-86.2346535,39.7880834],[-86.2346998,39.7880878],[-86.2347459,39.7880936],[-86.2347916,39.7881011],[-86.2348367,39.7881104],[-86.2348811,39.7881216],[-86.2349246,39.7881347],[-86.2349669,39.7881499],[-86.235008,39.788167],[-86.2350476,39.7881861],[-86.2350854,39.7882072],[-86.2351208,39.7882306],[-86.2351538,39.7882561],[-86.2351843,39.7882834],[-86.2352123,39.7883122],[-86.2352383,39.7883421],[-86.235262,39.7883732],[-86.2352835,39.7884051],[-86.235302,39.7884382],[-86.2353172,39.7884722],[-86.2353287,39.7885071],[-86.2353373,39.7885425],[-86.2353433,39.7885783],[-86.2353468,39.7886142],[-86.2353482,39.7886502],[-86.235348,39.7886862],[-86.2353462,39.7887222],[-86.235343,39.7887581],[-86.235339,39.788794],[-86.2353342,39.7888299],[-86.2353291,39.7888657],[-86.2353238,39.7889015],[-86.2353186,39.7889373],[-86.2353139,39.7889731],[-86.2353098,39.789009],[-86.2353068,39.7890449],[-86.2353051,39.7890809],[-86.2353049,39.789117],[-86.2353064,39.789153],[-86.2353101,39.7891889],[-86.2353163,39.7892246],[-86.2353253,39.7892599],[-86.2353376,39.7892946],[-86.2353528,39.7893287],[-86.2353714,39.7893617],[-86.2353932,39.7893936],[-86.2354185,39.7894238],[-86.2354475,39.789452],[-86.2354801,39.7894778],[-86.2355165,39.7895003],[-86.2355554,39.7895202],[-86.2355963,39.7895376],[-86.2356389,39.7895522],[-86.2356834,39.7895632],[-86.235729,39.7895707],[-86.2357754,39.7895743],[-86.2358221,39.7895737],[-86.2358686,39.7895701],[-86.2359146,39.7895641],[-86.2359601,39.789556],[-86.236005,39.7895461],[-86.2360494,39.789535],[-86.2360934,39.7895228],[-86.236137,39.7895099],[-86.2361803,39.7894966],[-86.2362235,39.7894828],[-86.2362665,39.7894687],[-86.2363094,39.7894544],[-86.2363522,39.7894401],[-86.236395,39.7894257],[-86.2364378,39.7894114],[-86.2364808,39.7893972],[-86.2365239,39.7893834],[-86.2365672,39.7893699],[-86.2366108,39.7893569],[-86.2366546,39.7893444],[-86.2366987,39.7893326],[-86.2367431,39.7893215],[-86.2367879,39.7893113],[-86.236833,39.7893018],[-86.2368784,39.7892935],[-86.2369241,39.7892863],[-86.2369702,39.7892803],[-86.2370165,39.7892755],[-86.2370629,39.789272],[-86.2371096,39.7892698],[-86.2371562,39.7892689],[-86.2372029,39.7892694],[-86.2372496,39.7892712],[-86.2372961,39.7892743],[-86.2373424,39.7892788],[-86.2373885,39.7892844],[-86.2374343,39.7892916],[-86.2374797,39.7893001],[-86.2375246,39.7893099],[-86.2375691,39.7893209],[-86.2376131,39.7893329],[-86.2376564,39.7893463],[-86.2376992,39.7893608],[-86.2377414,39.7893762],[-86.2377829,39.7893928],[-86.2378236,39.7894104],[-86.2378636,39.789429],[-86.2379028,39.7894486],[-86.2379413,39.789469],[-86.237979,39.7894902],[-86.238016,39.7895122],[-86.2380521,39.789535],[-86.2380874,39.7895586],[-86.238122,39.7895828],[-86.2381557,39.7896078],[-86.2381886,39.7896333],[-86.2382205,39.7896596],[-86.2382516,39.7896865],[-86.2382817,39.789714],[-86.2383108,39.7897422],[-86.2383392,39.7897708],[-86.2383668,39.7897999],[-86.2383936,39.7898294],[-86.2384197,39.7898592],[-86.238445,39.7898895],[-86.2384695,39.7899202],[-86.2384931,39.7899513],[-86.2385158,39.7899828],[-86.2385376,39.7900146],[-86.2385586,39.7900468],[-86.2385788,39.7900793],[-86.2385982,39.790112],[-86.2386169,39.790145],[-86.2386348,39.7901783],[-86.2386519,39.7902118],[-86.2386683,39.7902456],[-86.238684,39.7902795],[-86.238699,39.7903136],[-86.2387133,39.7903479],[-86.2387269,39.7903824],[-86.2387398,39.790417],[-86.2387521,39.7904517],[-86.2387638,39.7904866],[-86.2387749,39.7905216],[-86.2387854,39.7905567],[-86.2387953,39.7905919],[-86.2388046,39.7906272],[-86.2388134,39.7906626],[-86.2388216,39.7906981],[-86.2388294,39.7907336],[-86.2388366,39.7907692],[-86.2388434,39.7908048],[-86.2388497,39.7908405],[-86.2388555,39.7908763],[-86.238861,39.790912],[-86.238866,39.7909479],[-86.2388706,39.7909837],[-86.2388749,39.7910196],[-86.2388788,39.7910555],[-86.2388823,39.7910914],[-86.2388856,39.7911273],[-86.2388885,39.7911633],[-86.2388912,39.7911992],[-86.2388936,39.7912352],[-86.2388958,39.7912712],[-86.2388977,39.7913072],[-86.2388995,39.7913432],[-86.2389011,39.7913792],[-86.2389025,39.7914152],[-86.2389037,39.7914512],[-86.2389048,39.7914872],[-86.2389058,39.7915233],[-86.2389067,39.7915593],[-86.2389076,39.7915953],[-86.2389083,39.7916313],[-86.2389091,39.7916673],[-86.2389098,39.7917034],[-86.2389104,39.7917394],[-86.2389111,39.7917754],[-86.2389117,39.7918114],[-86.2389123,39.7918474],[-86.2389128,39.7918835],[-86.2389133,39.7919195],[-86.2389139,39.7919555],[-86.2389143,39.7919915],[-86.2389148,39.7920276],[-86.2389153,39.7920636],[-86.2389157,39.7920996],[-86.2389161,39.7921356],[-86.2389165,39.7921716],[-86.2389169,39.7922077],[-86.2389173,39.7922437],[-86.2389177,39.7922797],[-86.238918,39.7923157],[-86.2389183,39.7923518],[-86.2389187,39.7923878],[-86.238919,39.7924238],[-86.2389193,39.7924598],[-86.2389196,39.7924959],[-86.2389199,39.7925319],[-86.2389202,39.7925679],[-86.2389204,39.7926039],[-86.2389207,39.79264],[-86.2389209,39.792676],[-86.2389212,39.792712],[-86.2389214,39.792748],[-86.2389216,39.7927841],[-86.2389218,39.7928201],[-86.2389221,39.7928561],[-86.2389223,39.7928921],[-86.2389225,39.7929282],[-86.2389226,39.7929642],[-86.2389228,39.7930002],[-86.238923,39.7930362],[-86.2389232,39.7930723],[-86.2389233,39.7931083],[-86.2389235,39.7931443]]}},{"type":"Feature","properties":{"role":"apex","id":"t1-apex","corner":"t1","edge":"right","marker":0.16976,"quality":{"source":"indiana-2025","accuracy_m":0.39,"relative_accuracy_m":0.13,"measured":true,"date":"2025"}},"geometry":{"type":"Point","coordinates":[-86.238848,39.7990521]}},{"type":"Feature","properties":{"role":"geometric_apex","id":"t1-geometric-apex","corner":"t1","edge":"right","marker":0.16959,"quality":{"source":"indiana-2025","accuracy_m":0.39,"relative_accuracy_m":0.13,"measured":true,"date":"2025"}},"geometry":{"type":"Point","coordinates":[-86.2388516,39.7990496]}},{"type":"Feature","properties":{"role":"apex","id":"t2-apex","corner":"t2","edge":"left","marker":0.19225,"quality":{"source":"indiana-2025","accuracy_m":0.39,"relative_accuracy_m":0.13,"measured":true,"date":"2025"}},"geometry":{"type":"Point","coordinates":[-86.2379582,39.7992558]}},{"type":"Feature","properties":{"role":"geometric_apex","id":"t2-geometric-apex","corner":"t2","edge":"left","marker":0.19879,"quality":{"source":"indiana-2025","accuracy_m":0.39,"relative_accuracy_m":0.13,"measured":true,"date":"2025"}},"geometry":{"type":"Point","coordinates":[-86.2377925,39.7994035]}},{"type":"Feature","properties":{"role":"apex","id":"t3-apex","corner":"t3","edge":"right","marker":0.21912,"quality":{"source":"indiana-2025","accuracy_m":0.39,"relative_accuracy_m":0.13,"measured":true,"date":"2025"}},"geometry":{"type":"Point","coordinates":[-86.2376207,39.800077]}},{"type":"Feature","properties":{"role":"geometric_apex","id":"t3-geometric-apex","corner":"t3","edge":"right","marker":0.23311,"quality":{"source":"indiana-2025","accuracy_m":0.39,"relative_accuracy_m":0.13,"measured":true,"date":"2025"}},"geometry":{"type":"Point","coordinates":[-86.2374428,39.8005184]}},{"type":"Feature","properties":{"role":"apex","id":"t4-apex","corner":"t4","edge":"right","marker":0.27564,"quality":{"source":"indiana-2025","accuracy_m":0.39,"relative_accuracy_m":0.13,"measured":true,"date":"2025"}},"geometry":{"type":"Point","coordinates":[-86.2359256,39.8011281]}},{"type":"Feature","properties":{"role":"geometric_apex","id":"t4-geometric-apex","corner":"t4","edge":"right","marker":0.26923,"quality":{"source":"indiana-2025","accuracy_m":0.39,"relative_accuracy_m":0.13,"measured":true,"date":"2025"}},"geometry":{"type":"Point","coordinates":[-86.2361557,39.8011677]}},{"type":"Feature","properties":{"role":"apex","id":"t5-apex","corner":"t5","edge":"left","marker":0.32466,"quality":{"source":"indiana-2025","accuracy_m":0.39,"relative_accuracy_m":0.13,"measured":true,"date":"2025"}},"geometry":{"type":"Point","coordinates":[-86.2353446,39.7996084]}},{"type":"Feature","properties":{"role":"geometric_apex","id":"t5-geometric-apex","corner":"t5","edge":"left","marker":0.32712,"quality":{"source":"indiana-2025","accuracy_m":0.39,"relative_accuracy_m":0.13,"measured":true,"date":"2025"}},"geometry":{"type":"Point","coordinates":[-86.2352976,39.7995458]}},{"type":"Feature","properties":{"role":"apex","id":"t6-apex","corner":"t6","edge":"right","marker":0.33617,"quality":{"source":"indiana-2025","accuracy_m":0.39,"relative_accuracy_m":0.13,"measured":true,"date":"2025"}},"geometry":{"type":"Point","coordinates":[-86.2351452,39.7992622]}},{"type":"Feature","properties":{"role":"geometric_apex","id":"t6-geometric-apex","corner":"t6","edge":"right","marker":0.33916,"quality":{"source":"indiana-2025","accuracy_m":0.39,"relative_accuracy_m":0.13,"measured":true,"date":"2025"}},"geometry":{"type":"Point","coordinates":[-86.2351063,39.79918]}},{"type":"Feature","properties":{"role":"apex","id":"t7-apex","corner":"t7","edge":"left","marker":0.53659,"quality":{"source":"indiana-2025","accuracy_m":0.39,"relative_accuracy_m":0.13,"measured":true,"date":"2025"}},"geometry":{"type":"Point","coordinates":[-86.2347763,39.7923435]}},{"type":"Feature","properties":{"role":"geometric_apex","id":"t7-geometric-apex","corner":"t7","edge":"left","marker":0.53588,"quality":{"source":"indiana-2025","accuracy_m":0.39,"relative_accuracy_m":0.13,"measured":true,"date":"2025"}},"geometry":{"type":"Point","coordinates":[-86.234783,39.7923492]}},{"type":"Feature","properties":{"role":"apex","id":"t8-apex","corner":"t8","edge":"right","marker":0.57483,"quality":{"source":"indiana-2025","accuracy_m":0.39,"relative_accuracy_m":0.13,"measured":true,"date":"2025"}},"geometry":{"type":"Point","coordinates":[-86.2332102,39.7920951]}},{"type":"Feature","properties":{"role":"geometric_apex","id":"t8-geometric-apex","corner":"t8","edge":"right","marker":0.57686,"quality":{"source":"indiana-2025","accuracy_m":0.39,"relative_accuracy_m":0.13,"measured":true,"date":"2025"}},"geometry":{"type":"Point","coordinates":[-86.2331509,39.7920536]}},{"type":"Feature","properties":{"role":"apex","id":"t9-apex","corner":"t9","edge":"left","marker":0.59458,"quality":{"source":"indiana-2025","accuracy_m":0.39,"relative_accuracy_m":0.13,"measured":true,"date":"2025"}},"geometry":{"type":"Point","coordinates":[-86.2326185,39.7916459]}},{"type":"Feature","properties":{"role":"geometric_apex","id":"t9-geometric-apex","corner":"t9","edge":"left","marker":0.58711,"quality":{"source":"indiana-2025","accuracy_m":0.39,"relative_accuracy_m":0.13,"measured":true,"date":"2025"}},"geometry":{"type":"Point","coordinates":[-86.2328153,39.7918026]}},{"type":"Feature","properties":{"role":"apex","id":"t10-apex","corner":"t10","edge":"right","marker":0.6251,"quality":{"source":"indiana-2025","accuracy_m":0.39,"relative_accuracy_m":0.13,"measured":true,"date":"2025"}},"geometry":{"type":"Point","coordinates":[-86.2313317,39.7915001]}},{"type":"Feature","properties":{"role":"geometric_apex","id":"t10-geometric-apex","corner":"t10","edge":"right","marker":0.62425,"quality":{"source":"indiana-2025","accuracy_m":0.39,"relative_accuracy_m":0.13,"measured":true,"date":"2025"}},"geometry":{"type":"Point","coordinates":[-86.2313507,39.7915078]}},{"type":"Feature","properties":{"role":"apex","id":"t11-apex","corner":"t11","edge":"right","marker":0.70086,"quality":{"source":"indiana-2025","accuracy_m":0.39,"relative_accuracy_m":0.13,"measured":true,"date":"2025"}},"geometry":{"type":"Point","coordinates":[-86.2315336,39.7890589]}},{"type":"Feature","properties":{"role":"geometric_apex","id":"t11-geometric-apex","corner":"t11","edge":"right","marker":0.69239,"quality":{"source":"indiana-2025","accuracy_m":0.39,"relative_accuracy_m":0.13,"measured":true,"date":"2025"}},"geometry":{"type":"Point","coordinates":[-86.2313814,39.7892951]}},{"type":"Feature","properties":{"role":"apex","id":"t12-apex","corner":"t12","edge":"right","marker":0.79453,"quality":{"source":"indiana-2025","accuracy_m":0.39,"relative_accuracy_m":0.13,"measured":true,"date":"2025"}},"geometry":{"type":"Point","coordinates":[-86.2352404,39.7883626]}},{"type":"Feature","properties":{"role":"geometric_apex","id":"t12-geometric-apex","corner":"t12","edge":"right","marker":0.79152,"quality":{"source":"indiana-2025","accuracy_m":0.39,"relative_accuracy_m":0.13,"measured":true,"date":"2025"}},"geometry":{"type":"Point","coordinates":[-86.235176,39.7883123]}},{"type":"Feature","properties":{"role":"apex","id":"t13-apex","corner":"t13","edge":"left","marker":0.83212,"quality":{"source":"indiana-2025","accuracy_m":0.39,"relative_accuracy_m":0.13,"measured":true,"date":"2025"}},"geometry":{"type":"Point","coordinates":[-86.2355828,39.7895214]}},{"type":"Feature","properties":{"role":"geometric_apex","id":"t13-geometric-apex","corner":"t13","edge":"left","marker":0.8325,"quality":{"source":"indiana-2025","accuracy_m":0.39,"relative_accuracy_m":0.13,"measured":true,"date":"2025"}},"geometry":{"type":"Point","coordinates":[-86.2355889,39.7895233]}},{"type":"Feature","properties":{"role":"apex","id":"t14-apex","corner":"t14","edge":"right","marker":0.9008,"quality":{"source":"indiana-2025","accuracy_m":1.67,"relative_accuracy_m":1.63,"measured":false,"date":"2025"}},"geometry":{"type":"Point","coordinates":[-86.2382906,39.7897823]}},{"type":"Feature","properties":{"role":"geometric_apex","id":"t14-geometric-apex","corner":"t14","edge":"right","marker":0.90166,"quality":{"source":"indiana-2025","accuracy_m":1.67,"relative_accuracy_m":1.63,"measured":false,"date":"2025"}},"geometry":{"type":"Point","coordinates":[-86.2383071,39.7898013]}},{"type":"Feature","properties":{"role":"sector_boundary","id":"s1-start","marker":0.0,"width_m":15.45,"quality":{"source":"indiana-2025","accuracy_m":0.39,"relative_accuracy_m":0.13,"measured":true,"date":"2025"},"range":"s1"},"geometry":{"type":"LineString","coordinates":[[-86.2389549,39.7931522],[-86.2387747,39.7931592]]}},{"type":"Feature","properties":{"role":"sector_boundary","id":"s2-start","marker":0.26261,"width_m":14.48,"quality":{"source":"indiana-2025","accuracy_m":0.39,"relative_accuracy_m":0.13,"measured":true,"date":"2025"},"range":"s2"},"geometry":{"type":"LineString","coordinates":[[-86.2364846,39.8012069],[-86.2364137,39.8010885]]}},{"type":"Feature","properties":{"role":"sector_boundary","id":"s3-start","marker":0.66326,"width_m":14.26,"quality":{"source":"indiana-2025","accuracy_m":0.39,"relative_accuracy_m":0.13,"measured":true,"date":"2025"},"range":"s3"},"geometry":{"type":"LineString","coordinates":[[-86.2309817,39.7902772],[-86.231146,39.7902976]]}},{"type":"Feature","properties":{"role":"complex_entry","id":"t1-t2-entry","marker":0.16446,"width_m":15.5,"quality":{"source":"indiana-2025","accuracy_m":1.67,"relative_accuracy_m":1.63,"measured":false,"date":"2025"},"complex":"t1-t2"},"geometry":{"type":"LineString","coordinates":[[-86.2390827,39.798941],[-86.2389023,39.7989306]]}},{"type":"Feature","properties":{"role":"complex_exit","id":"t1-t2-exit","marker":0.20519,"width_m":14.16,"quality":{"source":"indiana-2025","accuracy_m":0.39,"relative_accuracy_m":0.13,"measured":true,"date":"2025"},"complex":"t1-t2"},"geometry":{"type":"LineString","coordinates":[[-86.2377553,39.799596],[-86.23759,39.7995987]]}},{"type":"Feature","properties":{"role":"complex_entry","id":"t8-t9-entry","marker":0.5638,"width_m":14.45,"quality":{"source":"indiana-2025","accuracy_m":0.39,"relative_accuracy_m":0.13,"measured":true,"date":"2025"},"complex":"t8-t9"},"geometry":{"type":"LineString","coordinates":[[-86.233627,39.7923217],[-86.2336207,39.7921917]]}},{"type":"Feature","properties":{"role":"complex_exit","id":"t8-t9-exit","marker":0.60222,"width_m":14.35,"quality":{"source":"indiana-2025","accuracy_m":0.39,"relative_accuracy_m":0.13,"measured":true,"date":"2025"},"complex":"t8-t9"},"geometry":{"type":"LineString","coordinates":[[-86.2323264,39.7916013],[-86.2323154,39.7914723]]}}]}