{"type":"FeatureCollection","features":[{"type":"Feature","properties":{"role":"edge_left","orientation":"driving direction, from the lap origin","unseen_spans":[[0.11216,0.1133],[0.11368,0.11482],[0.11501,0.11596],[0.11672,0.11862],[0.11938,0.12033],[0.1209,0.12204],[0.12299,0.12413],[0.13079,0.1422],[0.14524,0.14619],[0.17604,0.17794],[0.18117,0.18364],[0.30855,0.31159],[0.37775,0.37965],[0.40151,0.40322],[0.52547,0.52813],[0.56577,0.56729],[0.57128,0.57223],[0.5863,0.58725],[0.60683,0.60778],[0.6152,0.61672],[0.65284,0.65398],[0.66501,0.66767],[0.66881,0.67794],[0.71824,0.7228],[0.72299,0.72432],[0.72642,0.72737],[0.72832,0.73022],[0.73193,0.73402],[0.73421,0.73839],[0.73953,0.74067],[0.74182,0.74448],[0.74581,0.74999],[0.75094,0.75265],[0.75322,0.75455],[0.94448,0.94543]],"quality":{"source":"naip","accuracy_m":1.28,"relative_accuracy_m":0.25,"measured":true,"date":"2023-10-13","measured_fraction":0.884}},"geometry":{"type":"LineString","coordinates":[[-79.2063153,36.5688887],[-79.2060703,36.5689024],[-79.2058345,36.5689128],[-79.2056645,36.568918],[-79.2055732,36.5689193],[-79.2054147,36.5689178],[-79.2053032,36.5689179],[-79.2052366,36.568917],[-79.2051234,36.5689173],[-79.2049428,36.5689142],[-79.2048311,36.5689134],[-79.2047753,36.5689116],[-79.2046969,36.5689078],[-79.2045959,36.5689046],[-79.204394,36.5688958],[-79.2040256,36.5688775],[-79.2038026,36.5688645],[-79.2035471,36.5688511],[-79.2033796,36.5688435],[-79.2032903,36.5688408],[-79.2031893,36.5688342],[-79.2028547,36.5688157],[-79.2027658,36.5688085],[-79.2026643,36.5688017],[-79.2025481,36.5687922],[-79.2025111,36.5687864],[-79.2024502,36.5687722],[-79.202414,36.5687617],[-79.2023787,36.5687486],[-79.202345,36.5687328],[-79.2023134,36.5687145],[-79.2022744,36.5686874],[-79.2022469,36.5686654],[-79.2022214,36.5686418],[-79.2021982,36.5686167],[-79.2021774,36.5685898],[-79.2021595,36.5685611],[-79.2021451,36.5685315],[-79.202134,36.5685016],[-79.2021282,36.5684816],[-79.2021235,36.5684612],[-79.202119,36.5684298],[-79.202118,36.5684083],[-79.2021191,36.5683867],[-79.2021221,36.5683655],[-79.2021268,36.5683448],[-79.2021358,36.5683145],[-79.2021431,36.5682947],[-79.2021561,36.5682656],[-79.2021664,36.5682468],[-79.202184,36.5682199],[-79.2022035,36.5681945],[-79.2022298,36.5681626],[-79.2022627,36.5681259],[-79.2022747,36.568111],[-79.2023001,36.5680692],[-79.2023251,36.5680357],[-79.2023391,36.5680193],[-79.2023542,36.5680032],[-79.2023873,36.5679712],[-79.202406,36.5679558],[-79.2024272,36.5679423],[-79.2024498,36.5679304],[-79.2024731,36.5679203],[-79.202497,36.5679127],[-79.2025322,36.5679037],[-79.2025965,36.5678853],[-79.2026171,36.5678778],[-79.2026698,36.5678569],[-79.2027148,36.5678417],[-79.2027609,36.5678296],[-79.2028072,36.5678199],[-79.202842,36.5678138],[-79.2028885,36.5678069],[-79.2029239,36.5678028],[-79.2029596,36.5677997],[-79.2029954,36.5677976],[-79.2030309,36.5677966],[-79.2031232,36.5677967],[-79.2031812,36.5677994],[-79.2032843,36.5678074],[-79.2033411,36.5678125],[-79.2034322,36.5678231],[-79.2035227,36.5678369],[-79.2035564,36.5678431],[-79.20359,36.5678501],[-79.2036784,36.5678709],[-79.2037118,36.5678796],[-79.2037968,36.5679067],[-79.2040087,36.5679623],[-79.2041676,36.568007],[-79.2042314,36.5680259],[-79.204315,36.568052],[-79.2045759,36.5681298],[-79.2046793,36.5681598],[-79.2047618,36.5681819],[-79.2047928,36.5681884],[-79.2048659,36.5682011],[-79.204919,36.5682081],[-79.2050137,36.5682184],[-79.2050448,36.5682209],[-79.2050759,36.568222],[-79.2051175,36.5682218],[-79.2051592,36.5682204],[-79.2052008,36.5682174],[-79.2052527,36.5682117],[-79.2052943,36.5682056],[-79.2053461,36.5681962],[-79.2053977,36.5681851],[-79.2054496,36.5681725],[-79.2055014,36.5681588],[-79.2055634,36.5681413],[-79.2056464,36.5681166],[-79.2057079,36.5680974],[-79.2057789,36.568074],[-79.205828,36.5680564],[-79.2058567,36.5680451],[-79.2059338,36.5680127],[-79.2060404,36.5679633],[-79.2060676,36.5679495],[-79.2061361,36.5679121],[-79.2061609,36.5678976],[-79.2061844,36.5678827],[-79.2062137,36.5678623],[-79.2062345,36.5678464],[-79.2062545,36.5678291],[-79.2062805,36.5678039],[-79.2062988,36.5677847],[-79.2063095,36.5677718],[-79.2063184,36.5677586],[-79.2063258,36.567745],[-79.2063349,36.5677237],[-79.2063425,36.5677009],[-79.2063508,36.5676683],[-79.2063559,36.5676431],[-79.2063607,36.567602],[-79.206361,36.5675705],[-79.2063579,36.5675395],[-79.2063509,36.5675002],[-79.2063256,36.5673972],[-79.2062774,36.5672447],[-79.2062711,36.5672203],[-79.2062651,36.5671878],[-79.2062583,36.5671646],[-79.2062522,36.5671496],[-79.2062378,36.5671184],[-79.2062277,36.5670932],[-79.2062052,36.5670249],[-79.2061423,36.5668598],[-79.2061237,36.5668071],[-79.2061092,36.5667618],[-79.206087,36.5667011],[-79.206067,36.5666504],[-79.2060383,36.566583],[-79.2059733,36.5664404],[-79.2059372,36.5663666],[-79.2059022,36.5663031],[-79.2058752,36.5662571],[-79.2058508,36.5662217],[-79.2058345,36.5662023],[-79.2058224,36.5661905],[-79.2058031,36.5661744],[-79.2057695,36.5661509],[-79.205749,36.5661388],[-79.2057346,36.5661324],[-79.2057118,36.5661256],[-79.2056877,36.5661213],[-79.2056622,36.5661194],[-79.2056442,36.5661195],[-79.2056256,36.5661208],[-79.2055569,36.566128],[-79.2055271,36.5661321],[-79.2055072,36.566136],[-79.2054364,36.5661535],[-79.2052777,36.5661993],[-79.2052005,36.5662195],[-79.2051549,36.5662306],[-79.2051311,36.5662356],[-79.2051063,36.5662398],[-79.2050805,36.5662428],[-79.2050539,36.566244],[-79.205027,36.566243],[-79.2050004,36.5662399],[-79.2049619,36.5662322],[-79.2049372,36.5662257],[-79.2049019,36.5662142],[-79.2048684,36.5662007],[-79.2048369,36.5661853],[-79.2047971,36.5661634],[-79.2047592,36.5661401],[-79.2047326,36.5661216],[-79.2046819,36.5660844],[-79.2046288,36.5660493],[-79.2046113,36.5660368],[-79.2045865,36.5660168],[-79.2045093,36.5659513],[-79.2044925,36.565939],[-79.204455,36.5659151],[-79.2044368,36.5659016],[-79.204413,36.5658792],[-79.2043786,36.5658401],[-79.2043468,36.5657994],[-79.2043349,36.5657825],[-79.2043241,36.5657651],[-79.204315,36.5657473],[-79.2042985,36.5657027],[-79.2042871,36.5656779],[-79.2042483,36.5656142],[-79.2042157,36.565566],[-79.2041998,36.5655409],[-79.2041852,36.565515],[-79.2041628,36.5654712],[-79.2041422,36.5654266],[-79.2041291,36.5653894],[-79.2041164,36.5653409],[-79.2041126,36.5653209],[-79.2041102,36.5653004],[-79.2041099,36.5652692],[-79.2041118,36.5652484],[-79.2041152,36.565228],[-79.2041199,36.5652081],[-79.2041288,36.5651789],[-79.204136,36.5651598],[-79.2041445,36.565141],[-79.2041597,36.5651139],[-79.2042034,36.5650477],[-79.2042492,36.564974],[-79.2043413,36.564842],[-79.2043559,36.5648196],[-79.2043686,36.5647968],[-79.2043834,36.5647653],[-79.2043962,36.5647331],[-79.2044069,36.5647007],[-79.2044152,36.564668],[-79.2044215,36.5646343],[-79.2044333,36.5645563],[-79.2044356,36.5645302],[-79.2044369,36.5644257],[-79.2044322,36.5643349],[-79.2044317,36.5642245],[-79.2044327,36.5641958],[-79.2044342,36.5641767],[-79.20444,36.5641387],[-79.2044478,36.5641016],[-79.2044594,36.5640563],[-79.2044678,36.5640292],[-79.204481,36.5639929],[-79.2044923,36.5639657],[-79.2045128,36.5639212],[-79.2045681,36.5638128],[-79.2045782,36.5637887],[-79.2045962,36.5637397],[-79.2046053,36.5637065],[-79.20461,36.5636817],[-79.2046213,36.5635729],[-79.2046209,36.5635033],[-79.204618,36.5634499],[-79.2046071,36.5633064],[-79.2045976,36.5632262],[-79.2045919,36.5631451],[-79.2045843,36.5630717],[-79.2045785,36.5629716],[-79.2045599,36.5627115],[-79.2045577,36.5626488],[-79.2045551,36.5626035],[-79.2045545,36.5625491],[-79.2045508,36.5624852],[-79.2045501,36.5624485],[-79.2045526,36.5623675],[-79.2045517,36.5622767],[-79.2045587,36.5620408],[-79.2045637,36.5619759],[-79.2045783,36.561849],[-79.2046386,36.5614275],[-79.2046462,36.5613648],[-79.2046579,36.5612934],[-79.2046705,36.5611946],[-79.2046844,36.5610969],[-79.2046919,36.5610348],[-79.2047007,36.5609452],[-79.2047086,36.5608825],[-79.2047274,36.5607033],[-79.2047556,36.5604083],[-79.2047614,36.5603272],[-79.2047689,36.5602633],[-79.2047943,36.5600209],[-79.2048062,36.5599229],[-79.2048152,36.5598338],[-79.2048188,36.5597813],[-79.2048194,36.5597459],[-79.2048174,36.5596931],[-79.2048046,36.5595814],[-79.2047856,36.5594669],[-79.2047771,36.5594235],[-79.2047701,36.5593978],[-79.2047267,36.5592595],[-79.2046521,36.5590325],[-79.2046366,36.558979],[-79.204613,36.5588903],[-79.2045998,36.5588359],[-79.2045911,36.5587889],[-79.2045803,36.558716],[-79.2045718,36.5586328],[-79.2045697,36.5585853],[-79.2045703,36.5585476],[-79.2045793,36.5584652],[-79.2045832,36.5584362],[-79.204587,36.5584166],[-79.2045944,36.5583882],[-79.2046317,36.5582664],[-79.2046572,36.5581872],[-79.204664,36.5581611],[-79.2046732,36.5581175],[-79.2046879,36.5580398],[-79.2046904,36.5580227],[-79.204691,36.5579969],[-79.2046882,36.5579531],[-79.2046895,36.5579179],[-79.2046929,36.5578908],[-79.2047019,36.5578553],[-79.2047034,36.5578466],[-79.2047043,36.5578292],[-79.2047006,36.5577591],[-79.2046947,36.5576826],[-79.2046922,36.5576583],[-79.2046895,36.5576423],[-79.2046604,36.5575219],[-79.2046238,36.5573978],[-79.2045963,36.5572904],[-79.2045865,36.5572438],[-79.2045713,36.5571524],[-79.2045641,36.5570902],[-79.204562,36.5570518],[-79.2045615,36.5570228],[-79.2045645,36.556957],[-79.2045716,36.5568834],[-79.2045757,36.5568556],[-79.2045831,36.5568189],[-79.2046051,36.5567288],[-79.2046148,36.5566932],[-79.2046338,36.55663],[-79.204646,36.5565939],[-79.2046789,36.5565057],[-79.2046931,36.5564707],[-79.2047824,36.5562759],[-79.2047991,36.5562417],[-79.2048216,36.5562002],[-79.2048382,36.5561673],[-79.2049161,36.5559975],[-79.2050529,36.5557216],[-79.205104,36.5556214],[-79.2051409,36.5555466],[-79.2052416,36.555337],[-79.2052853,36.5552394],[-79.2052908,36.5552235],[-79.2052944,36.5552074],[-79.2052954,36.5551908],[-79.2052943,36.5551566],[-79.2052952,36.5551391],[-79.2053085,36.5550268],[-79.2053087,36.5550022],[-79.2053068,36.554986],[-79.2053037,36.5549698],[-79.2052976,36.5549453],[-79.2052762,36.5548702],[-79.2052672,36.5548453],[-79.2052535,36.5548115],[-79.2051945,36.5546783],[-79.2051827,36.5546554],[-79.2051511,36.5546007],[-79.2051242,36.5545495],[-79.2050964,36.5544999],[-79.2050729,36.5544593],[-79.205038,36.5544023],[-79.2050148,36.5543612],[-79.2049665,36.5542702],[-79.2049192,36.5541869],[-79.2048231,36.5540056],[-79.2047506,36.5538733],[-79.2047177,36.5538158],[-79.2047,36.5537815],[-79.2046587,36.5536963],[-79.2046361,36.5536455],[-79.2045916,36.5535309],[-79.204543,36.5533914],[-79.2045205,36.55333],[-79.2044721,36.5531716],[-79.2044211,36.552986],[-79.2043885,36.5528628],[-79.2043439,36.552705],[-79.2043128,36.5525793],[-79.2043077,36.5525512],[-79.2042977,36.552485],[-79.2042953,36.5524558],[-79.2042951,36.5524359],[-79.2042962,36.5524159],[-79.2042988,36.5523959],[-79.204305,36.5523663],[-79.2043219,36.5522975],[-79.2043323,36.5522676],[-79.2043369,36.5522579],[-79.2043477,36.5522394],[-79.204377,36.5521976],[-79.2044053,36.5521472],[-79.2044491,36.5520865],[-79.2044712,36.5520594],[-79.2044883,36.5520427],[-79.2045069,36.5520279],[-79.204526,36.5520149],[-79.2045706,36.5519865],[-79.2046309,36.551943],[-79.2046615,36.5519244],[-79.204705,36.5519022],[-79.2047273,36.5518923],[-79.2047506,36.5518834],[-79.2047751,36.5518761],[-79.2048006,36.5518699],[-79.2048267,36.5518647],[-79.2048531,36.5518607],[-79.2048795,36.551858],[-79.2049056,36.5518562],[-79.2049568,36.551855],[-79.205007,36.5518574],[-79.2050595,36.5518579],[-79.2050876,36.5518604],[-79.2051019,36.5518627],[-79.2051303,36.5518695],[-79.2051441,36.5518739],[-79.2051704,36.5518846],[-79.2051948,36.5518969],[-79.2052175,36.5519103],[-79.2052387,36.551925],[-79.2052581,36.5519409],[-79.205267,36.5519493],[-79.2052831,36.5519668],[-79.2053032,36.5519936],[-79.2053769,36.5521084],[-79.2054419,36.5522036],[-79.2055918,36.5524149],[-79.2056072,36.5524392],[-79.2056403,36.5524962],[-79.2056861,36.5525671],[-79.2057729,36.5526917],[-79.2057959,36.5527224],[-79.2058381,36.5527755],[-79.2059368,36.552906],[-79.2060743,36.5530913],[-79.2061047,36.5531268],[-79.2061615,36.5531837],[-79.2061756,36.5531994],[-79.2061818,36.5532078],[-79.2062084,36.5532507],[-79.2062231,36.5532762],[-79.2062719,36.5533771],[-79.2062861,36.5534003],[-79.2063021,36.5534229],[-79.2065163,36.5537074],[-79.2065758,36.5537842],[-79.2066677,36.5539073],[-79.2067122,36.55397],[-79.2067473,36.5540156],[-79.2069985,36.5543576],[-79.2070511,36.5544266],[-79.2071058,36.5545045],[-79.2071921,36.5546203],[-79.2072796,36.5547349],[-79.2074585,36.5549643],[-79.207517,36.5550412],[-79.2076178,36.5551831],[-79.207687,36.5552867],[-79.2077032,36.5553094],[-79.2077271,36.5553386],[-79.207793,36.5554126],[-79.2078054,36.5554284],[-79.2078466,36.5554858],[-79.207852,36.5554944],[-79.2078608,36.5555124],[-79.207887,36.555583],[-79.207894,36.5555992],[-79.2079023,36.5556149],[-79.2079269,36.5556539],[-79.2079609,36.5557108],[-79.2081266,36.5559768],[-79.2082155,36.5561224],[-79.2083556,36.5563481],[-79.2085769,36.5567128],[-79.208755,36.5570143],[-79.2089089,36.5572845],[-79.2089287,36.5573161],[-79.2089518,36.5573474],[-79.2089622,36.5573638],[-79.2089798,36.5573976],[-79.209037,36.5574963],[-79.2090896,36.5575957],[-79.2091301,36.5576697],[-79.20921,36.5578083],[-79.2092915,36.5579465],[-79.209351,36.5580641],[-79.2093747,36.5581061],[-79.2093817,36.5581239],[-79.2093968,36.5581674],[-79.2094041,36.5581838],[-79.2094165,36.5582081],[-79.2095117,36.5583812],[-79.2095539,36.5584546],[-79.209621,36.5585777],[-79.2096513,36.5586361],[-79.2098421,36.5589928],[-79.2098635,36.5590343],[-79.209888,36.5590846],[-79.2099059,36.559118],[-79.2099272,36.5591607],[-79.209959,36.5592194],[-79.2100172,36.5593329],[-79.2100543,36.5593984],[-79.2100972,36.559482],[-79.2102912,36.5598366],[-79.21042,36.5600764],[-79.2106048,36.5604144],[-79.2108465,36.5608605],[-79.2109524,36.5610596],[-79.2110692,36.561284],[-79.211211,36.5615484],[-79.2112293,36.5615802],[-79.2112441,36.5616026],[-79.2112548,36.5616168],[-79.2112956,36.5616655],[-79.211359,36.561745],[-79.211377,36.5617653],[-79.2113965,36.5617857],[-79.2114537,36.56184],[-79.2114848,36.5618664],[-79.2115166,36.5618919],[-79.2116176,36.5619673],[-79.211694,36.5620174],[-79.2117491,36.5620505],[-79.2118083,36.5620928],[-79.2118851,36.5621418],[-79.211912,36.5621611],[-79.2119381,36.5621834],[-79.2119547,36.5621994],[-79.2119704,36.5622162],[-79.2119919,36.5622427],[-79.2120108,36.5622709],[-79.2120215,36.5622904],[-79.2120304,36.5623102],[-79.2120414,36.5623399],[-79.2120475,36.5623596],[-79.2120524,36.5623795],[-79.2120561,36.5623996],[-79.2120583,36.5624201],[-79.212059,36.5624408],[-79.2120578,36.5624616],[-79.212055,36.5624822],[-79.2120509,36.5625026],[-79.2120435,36.5625326],[-79.2120374,36.5625523],[-79.2120299,36.5625716],[-79.2120209,36.5625904],[-79.2120105,36.5626086],[-79.2119815,36.5626515],[-79.2119388,36.5627085],[-79.2119171,36.5627448],[-79.2119106,36.5627539],[-79.2119032,36.5627625],[-79.2118865,36.5627784],[-79.2118682,36.5627927],[-79.2118403,36.5628119],[-79.2117398,36.5628751],[-79.2117207,36.562885],[-79.2116728,36.562905],[-79.2116561,36.5629142],[-79.2116341,36.5629304],[-79.2116081,36.5629546],[-79.2115959,36.5629676],[-79.2115845,36.5629813],[-79.2115216,36.5630684],[-79.2115131,36.5630832],[-79.2115058,36.5630984],[-79.2114889,36.563137],[-79.2114797,36.5631604],[-79.2114748,36.5631764],[-79.2114689,36.5632008],[-79.211458,36.5632679],[-79.211455,36.5633016],[-79.2114554,36.5633446],[-79.2114611,36.5634053],[-79.2114781,36.5635192],[-79.2114913,36.5635889],[-79.21151,36.5636668],[-79.2115242,36.5637188],[-79.2115396,36.5637706],[-79.2115533,36.5638133],[-79.2115682,36.5638555],[-79.2116019,36.5639397],[-79.2116679,36.5640919],[-79.2117468,36.564259],[-79.2117976,36.5643694],[-79.2118625,36.5645021],[-79.2118753,36.5645268],[-79.2119166,36.5645987],[-79.2119312,36.5646215],[-79.2119823,36.564687],[-79.2120064,36.5647151],[-79.2120638,36.5647758],[-79.2120845,36.5647945],[-79.2121068,36.5648119],[-79.2121868,36.5648667],[-79.212248,36.5649031],[-79.212291,36.5649304],[-79.212317,36.5649459],[-79.2123438,36.5649604],[-79.2123715,36.5649741],[-79.2125264,36.5650476],[-79.2125562,36.5650632],[-79.2125854,36.5650801],[-79.2126679,36.5651334],[-79.2126955,36.5651523],[-79.2127222,36.5651729],[-79.2127469,36.5651952],[-79.2127619,36.5652109],[-79.2127761,36.5652273],[-79.2127893,36.5652444],[-79.2128016,36.5652621],[-79.2128126,36.5652804],[-79.212822,36.5652991],[-79.2128371,36.5653368],[-79.2128516,36.5653839],[-79.2128601,36.5654219],[-79.2128644,36.5654505],[-79.2128687,36.5654977],[-79.2128754,36.565553],[-79.2128777,36.56559],[-79.2128782,36.5656273],[-79.2128774,36.5656646],[-79.2128754,36.5657015],[-79.2128707,36.5657566],[-79.2128601,36.5658557],[-79.2128561,36.5659111],[-79.2128534,36.5659301],[-79.2128489,36.5659488],[-79.2128036,36.5660908],[-79.2127821,36.5661732],[-79.2127727,36.5662004],[-79.2127654,36.5662181],[-79.2127323,36.5662883],[-79.2127124,36.5663236],[-79.2126625,36.5663981],[-79.2126436,36.5664224],[-79.2126296,36.5664383],[-79.2125989,36.5664685],[-79.2125668,36.566497],[-79.2125421,36.5665169],[-79.2125001,36.5665487],[-79.2124657,36.5665734],[-79.2124213,36.5666035],[-79.212341,36.5666541],[-79.2122927,36.5666915],[-79.2122497,36.5667208],[-79.2122133,36.566743],[-79.2121577,36.5667748],[-79.212085,36.5668176],[-79.2120413,36.5668455],[-79.2119895,36.5668812],[-79.2119715,36.5668928],[-79.2118162,36.5669855],[-79.2117457,36.5670243],[-79.2116601,36.5670729],[-79.2113615,36.5672541],[-79.2113156,36.5672807],[-79.2112668,36.5673067],[-79.2111886,36.5673452],[-79.2110791,36.5673942],[-79.2109371,36.5674499],[-79.2108586,36.5674833],[-79.2107989,36.567507],[-79.2106002,36.5675912],[-79.2104799,36.5676377],[-79.2103813,36.5676801],[-79.210291,36.5677151],[-79.2101718,36.5677648],[-79.2100021,36.5678337],[-79.2099223,36.5678675],[-79.209832,36.5679023],[-79.2096924,36.5679593],[-79.2096133,36.5679933],[-79.2095825,36.5680051],[-79.2095415,36.5680189],[-79.2095217,36.5680263],[-79.2093159,36.5681165],[-79.2090949,36.5682045],[-79.2088853,36.5682897],[-79.2085823,36.568407],[-79.2084699,36.5684491],[-79.2083172,36.5685048],[-79.2082344,36.5685332],[-79.2081525,36.5685635],[-79.2079441,36.568634],[-79.2077402,36.568691],[-79.2076207,36.568719],[-79.207523,36.5687427],[-79.2074024,36.5687683],[-79.2072923,36.568787],[-79.2071375,36.5688147],[-79.207104,36.5688195],[-79.2069359,36.5688402],[-79.2068242,36.5688513],[-79.2067297,36.5688581],[-79.2066548,36.5688649],[-79.2065755,36.5688697],[-79.2065037,36.5688751],[-79.2063948,36.5688844],[-79.2063153,36.5688887]]}},{"type":"Feature","properties":{"role":"edge_right","orientation":"driving direction, from the lap origin","unseen_spans":[[0.14334,0.14467],[0.26596,0.26843],[0.30836,0.31159],[0.3306,0.33174],[0.33782,0.34086],[0.34809,0.3498],[0.39162,0.39467],[0.49695,0.49923],[0.50379,0.50893],[0.50912,0.51121],[0.519,0.52052],[0.60094,0.60208],[0.70855,0.71102],[0.75778,0.76178],[0.77394,0.77528],[0.89942,0.90398],[0.92413,0.93212],[0.97642,0.98174],[0.98706,0.99277],[0.99315,0.996],[0.99866,0.00018]],"quality":{"source":"naip","accuracy_m":1.28,"relative_accuracy_m":0.25,"measured":true,"date":"2023-10-13","measured_fraction":0.904}},"geometry":{"type":"LineString","coordinates":[[-79.2062939,36.5687152],[-79.2062255,36.5687208],[-79.2061698,36.5687311],[-79.2061483,36.5687342],[-79.2059074,36.5687608],[-79.2058303,36.56877],[-79.2057315,36.5687784],[-79.2056552,36.5687858],[-79.205535,36.568792],[-79.205447,36.5687954],[-79.2053018,36.5687967],[-79.2052121,36.5687996],[-79.2051679,36.5687999],[-79.2050252,36.5687966],[-79.2048804,36.568795],[-79.2047242,36.5687912],[-79.2046243,36.5687882],[-79.2045361,36.5687835],[-79.2044246,36.5687799],[-79.204035,36.5687606],[-79.2038011,36.568747],[-79.2034882,36.5687314],[-79.2034108,36.568726],[-79.2033429,36.5687237],[-79.2032771,36.56872],[-79.2031993,36.5687172],[-79.2029539,36.5687039],[-79.2028651,36.5687001],[-79.2027761,36.5686937],[-79.2026879,36.56869],[-79.2026012,36.5686847],[-79.2025611,36.5686807],[-79.2025325,36.5686758],[-79.2025048,36.5686691],[-79.202478,36.5686606],[-79.2024358,36.5686442],[-79.2024114,36.5686331],[-79.2023806,36.5686155],[-79.202352,36.5685957],[-79.2023328,36.568579],[-79.20231,36.568555],[-79.2022938,36.5685368],[-79.2022804,36.5685176],[-79.2022708,36.5684967],[-79.2022634,36.5684745],[-79.2022537,36.5684368],[-79.2022503,36.5684148],[-79.20225,36.5684002],[-79.2022515,36.5683857],[-79.2022575,36.5683561],[-79.2022648,36.5683258],[-79.20227,36.5683109],[-79.2022767,36.5682962],[-79.202285,36.568282],[-79.2022946,36.5682681],[-79.2023164,36.5682407],[-79.2023345,36.5682198],[-79.2023752,36.5681768],[-79.2024031,36.5681487],[-79.2024237,36.5681291],[-79.2024513,36.5681049],[-79.202485,36.5680764],[-79.2025054,36.5680613],[-79.2025626,36.5680257],[-79.202596,36.568007],[-79.2026239,36.5679932],[-79.2026817,36.5679664],[-79.2027006,36.5679584],[-79.2027195,36.5679516],[-79.2027482,36.5679433],[-79.2027874,36.5679343],[-79.2028993,36.5679141],[-79.2029508,36.567907],[-79.2030024,36.5679035],[-79.203034,36.5679031],[-79.2030878,36.567904],[-79.2031741,36.5679043],[-79.2032279,36.5679072],[-79.2032929,36.5679123],[-79.2033684,36.56792],[-79.2034325,36.5679283],[-79.2035389,36.5679443],[-79.203602,36.5679565],[-79.2036946,36.5679781],[-79.2037466,36.5679919],[-79.2038416,36.5680209],[-79.2039783,36.5680595],[-79.2040509,36.5680822],[-79.2041656,36.5681159],[-79.2043849,36.5681831],[-79.204532,36.5682269],[-79.2046175,36.5682514],[-79.2046936,36.5682714],[-79.2047493,36.5682845],[-79.2048061,36.5682959],[-79.2048967,36.5683119],[-79.2049542,36.56832],[-79.2050128,36.5683253],[-79.2050725,36.568328],[-79.2051323,36.5683278],[-79.2051916,36.5683249],[-79.2052389,36.5683206],[-79.2052856,36.5683142],[-79.205366,36.5683006],[-79.2054112,36.5682907],[-79.2055321,36.5682606],[-79.2055646,36.5682518],[-79.2057132,36.5682076],[-79.2058722,36.5681558],[-79.2059148,36.5681402],[-79.2059561,36.5681233],[-79.2060062,36.5681016],[-79.2060543,36.5680789],[-79.2060738,36.5680707],[-79.2061273,36.568054],[-79.2061489,36.5680459],[-79.2061699,36.5680365],[-79.2062005,36.5680211],[-79.20625,36.5679929],[-79.2062792,36.5679745],[-79.2063078,36.5679546],[-79.2063262,36.5679401],[-79.2063429,36.5679244],[-79.2063574,36.5679076],[-79.2063838,36.5678741],[-79.2064183,36.5678328],[-79.2064375,36.5678055],[-79.206453,36.5677762],[-79.2064641,36.5677463],[-79.2064807,36.5676792],[-79.2064937,36.5676322],[-79.2065,36.5676027],[-79.2065037,36.5675723],[-79.2065046,36.5675517],[-79.2065039,36.5675312],[-79.2065005,36.5675009],[-79.2064949,36.5674715],[-79.2064878,36.5674431],[-79.2064629,36.5673646],[-79.2064563,36.56734],[-79.2064549,36.5673232],[-79.2064579,36.5672421],[-79.2064568,36.5672228],[-79.2064519,36.567194],[-79.206445,36.5671652],[-79.2064365,36.567136],[-79.2064296,36.5671165],[-79.2064214,36.5670976],[-79.2063632,36.5669762],[-79.2063476,36.5669505],[-79.2063176,36.5669126],[-79.2063082,36.5668973],[-79.2063005,36.5668812],[-79.2062789,36.5668302],[-79.2062404,36.5667565],[-79.2062298,36.566732],[-79.2061939,36.5666367],[-79.2061587,36.5665501],[-79.20608,36.5663699],[-79.2060677,36.566344],[-79.2060237,36.5662579],[-79.2059881,36.5661973],[-79.2059765,36.5661799],[-79.2059637,36.5661627],[-79.2059497,36.5661457],[-79.2059268,36.5661207],[-79.2059013,36.5660965],[-79.2058724,36.5660741],[-79.2058398,36.5660541],[-79.2058161,36.5660423],[-79.2058037,36.566037],[-79.2057778,36.5660275],[-79.2057644,36.5660235],[-79.2057371,36.566017],[-79.2057094,36.5660126],[-79.2056956,36.5660112],[-79.2056682,36.56601],[-79.2056284,36.5660111],[-79.2055904,36.5660146],[-79.2055417,36.5660221],[-79.205506,36.5660294],[-79.2054713,36.5660388],[-79.2053943,36.5660625],[-79.2053627,36.5660732],[-79.2053019,36.5660955],[-79.205261,36.5661081],[-79.2051998,36.5661258],[-79.2051694,36.5661339],[-79.2051491,36.5661384],[-79.205119,36.5661437],[-79.2050902,36.5661477],[-79.2050628,36.56615],[-79.2050451,36.5661505],[-79.2050274,36.5661497],[-79.2050099,36.5661471],[-79.2049837,36.5661405],[-79.204939,36.5661269],[-79.2049119,36.5661169],[-79.2048854,36.5661048],[-79.2048426,36.5660814],[-79.2047929,36.5660495],[-79.2047107,36.5659912],[-79.2046797,36.5659674],[-79.2046572,36.5659488],[-79.204613,36.5659084],[-79.2045579,36.5658533],[-79.204528,36.5658202],[-79.2044758,36.5657573],[-79.2044426,36.5657151],[-79.2044154,36.5656779],[-79.2043554,36.5655894],[-79.2043275,36.5655504],[-79.2043124,36.565527],[-79.2042986,36.5655036],[-79.2042865,36.56548],[-79.2042718,36.5654479],[-79.2042578,36.5654156],[-79.2042484,36.5653914],[-79.2042403,36.5653674],[-79.2042338,36.5653434],[-79.2042293,36.5653197],[-79.2042274,36.5653042],[-79.2042266,36.5652889],[-79.2042271,36.5652737],[-79.2042304,36.565251],[-79.2042345,36.5652357],[-79.2042521,36.5651816],[-79.2042616,36.5651586],[-79.2042831,36.5651204],[-79.2043386,36.5650336],[-79.2043703,36.5649876],[-79.204423,36.5649173],[-79.2044396,36.5648926],[-79.2044554,36.564867],[-79.20447,36.5648405],[-79.2044827,36.5648134],[-79.2045082,36.5647497],[-79.204518,36.5647218],[-79.2045255,36.5646934],[-79.2045319,36.5646555],[-79.2045406,36.5645814],[-79.2045459,36.564507],[-79.2045467,36.5644696],[-79.2045437,36.5644142],[-79.2045431,36.5643873],[-79.2045463,36.5642453],[-79.20455,36.5641863],[-79.2045549,36.5641527],[-79.2045726,36.5640847],[-79.2045856,36.5640161],[-79.2045901,36.5639995],[-79.2045957,36.5639831],[-79.2046025,36.563967],[-79.2046145,36.5639432],[-79.2046696,36.5638443],[-79.2046787,36.5638266],[-79.2046902,36.5637995],[-79.2047137,36.5637358],[-79.2047248,36.5636982],[-79.2047315,36.5636696],[-79.2047357,36.5636408],[-79.2047389,36.5636026],[-79.2047386,36.5635644],[-79.2047243,36.5633727],[-79.2047173,36.5632551],[-79.2047133,36.5632099],[-79.2047038,36.5631294],[-79.2046987,36.5630416],[-79.2046989,36.5630152],[-79.2047034,36.5629698],[-79.2047035,36.562942],[-79.2046937,36.5627704],[-79.2046917,36.5626987],[-79.2046864,36.5626175],[-79.2046827,36.5625191],[-79.2046834,36.5624573],[-79.2046814,36.5623853],[-79.2046811,36.5622866],[-79.2046848,36.5621071],[-79.204687,36.5620452],[-79.2046907,36.5619753],[-79.2046939,36.5619398],[-79.2047047,36.5618597],[-79.2047332,36.5616267],[-79.2047416,36.5615732],[-79.2047485,36.5615197],[-79.2047635,36.5614216],[-79.204774,36.5613588],[-79.2047871,36.5612694],[-79.2048005,36.5611891],[-79.2048122,36.5611078],[-79.2048309,36.5609544],[-79.2048404,36.5608554],[-79.2048491,36.5607838],[-79.2048631,36.5606305],[-79.2048696,36.5605686],[-79.2048749,36.5605336],[-79.2048833,36.5604978],[-79.2048863,36.5604792],[-79.2048914,36.5603959],[-79.2048936,36.5603243],[-79.2048955,36.560289],[-79.2049074,36.5601546],[-79.2049192,36.5600467],[-79.2049233,36.5599921],[-79.2049279,36.5598472],[-79.2049272,36.5597916],[-79.2049291,36.5597366],[-79.2049292,36.5596716],[-79.2049274,36.5596337],[-79.2049209,36.5595872],[-79.2048983,36.5594881],[-79.204889,36.5594429],[-79.2048823,36.5594157],[-79.2048622,36.5593438],[-79.2048379,36.5592644],[-79.2047688,36.5590551],[-79.20475,36.5589948],[-79.2047354,36.558943],[-79.2047032,36.5588213],[-79.2046975,36.5587961],[-79.2046952,36.5587792],[-79.2046924,36.5587264],[-79.204685,36.5586472],[-79.2046834,36.5586129],[-79.204685,36.5585874],[-79.2046937,36.5585176],[-79.2046951,36.5584487],[-79.204698,36.5584327],[-79.2047005,36.5584248],[-79.2047148,36.5583921],[-79.2047215,36.5583743],[-79.2047255,36.5583558],[-79.204729,36.5583099],[-79.2047337,36.558284],[-79.2047498,36.5582325],[-79.2047666,36.5581701],[-79.2047917,36.5580895],[-79.2047987,36.5580621],[-79.2048044,36.5580341],[-79.2048109,36.5579968],[-79.204815,36.5579597],[-79.2048199,36.5578873],[-79.2048275,36.5577952],[-79.2048293,36.5577487],[-79.2048284,36.5577204],[-79.2048228,36.5576528],[-79.2048192,36.5576331],[-79.2048093,36.5576044],[-79.2047613,36.5574913],[-79.2047453,36.5574488],[-79.2047349,36.5574143],[-79.2047063,36.5573096],[-79.2046976,36.557275],[-79.2046906,36.5572411],[-79.2046881,36.5572242],[-79.2046868,36.5572072],[-79.2046888,36.5571536],[-79.204688,36.557135],[-79.2046851,36.5571166],[-79.2046735,36.5570731],[-79.2046709,36.5570564],[-79.2046701,36.5570398],[-79.204671,36.5570061],[-79.2046785,36.5569453],[-79.2046806,36.5569013],[-79.2046822,36.5568839],[-79.2046975,36.5567973],[-79.2047242,36.5566752],[-79.2047314,36.5566498],[-79.2047426,36.5566164],[-79.2047686,36.5565491],[-79.2047796,36.5565242],[-79.2048158,36.5564495],[-79.2049522,36.5561539],[-79.2049927,36.5560708],[-79.2050392,36.5559795],[-79.2050705,36.5559118],[-79.205091,36.5558698],[-79.205143,36.5557701],[-79.2051828,36.5556865],[-79.2052578,36.555535],[-79.205288,36.5554767],[-79.2053187,36.5554091],[-79.2053566,36.5553327],[-79.2053824,36.5552702],[-79.2053924,36.555242],[-79.2053982,36.5552228],[-79.2054054,36.5551941],[-79.2054112,36.555166],[-79.2054141,36.5551475],[-79.2054165,36.5551199],[-79.205419,36.5550549],[-79.2054184,36.555026],[-79.2054166,36.5549966],[-79.2054141,36.554977],[-79.2054105,36.5549576],[-79.2053974,36.5549011],[-79.20539,36.5548734],[-79.2053778,36.554837],[-79.2053668,36.5548104],[-79.2053474,36.5547682],[-79.2053411,36.5547514],[-79.205337,36.5547339],[-79.205334,36.5547157],[-79.205329,36.5546975],[-79.2052989,36.5546247],[-79.2052897,36.5546066],[-79.2052841,36.5545981],[-79.2052463,36.5545516],[-79.2052255,36.5545209],[-79.2051744,36.5544312],[-79.2051393,36.5543653],[-79.2051074,36.5543078],[-79.2050636,36.5542347],[-79.2050408,36.5541941],[-79.2050243,36.5541615],[-79.2050026,36.5541103],[-79.2049942,36.5540932],[-79.2049707,36.554052],[-79.2049452,36.5540021],[-79.2049071,36.5539361],[-79.20488,36.553887],[-79.2048471,36.5538204],[-79.2048131,36.5537549],[-79.2047938,36.5537142],[-79.2047558,36.5536296],[-79.204732,36.5535799],[-79.2047217,36.5535551],[-79.2046532,36.5533575],[-79.2046364,36.553306],[-79.2046177,36.5532363],[-79.2045963,36.5531663],[-79.2045791,36.5531055],[-79.2045197,36.5528861],[-79.2045036,36.5528329],[-79.2044841,36.5527621],[-79.2044303,36.5525794],[-79.2044199,36.5525372],[-79.2044125,36.552495],[-79.2044099,36.55247],[-79.2044085,36.5524454],[-79.2044082,36.5524293],[-79.204409,36.5524134],[-79.2044117,36.5523976],[-79.2044193,36.552366],[-79.2044239,36.5523504],[-79.20443,36.5523352],[-79.2044374,36.5523208],[-79.2044458,36.552307],[-79.2044656,36.5522799],[-79.2044838,36.5522592],[-79.204524,36.5522167],[-79.2045524,36.5521818],[-79.204565,36.5521699],[-79.2045784,36.5521593],[-79.2045993,36.5521453],[-79.2046734,36.5521026],[-79.204756,36.552049],[-79.2047795,36.5520362],[-79.2048134,36.552022],[-79.2048693,36.5519956],[-79.2048936,36.5519862],[-79.2049106,36.5519807],[-79.2049374,36.551974],[-79.2049562,36.5519708],[-79.2049853,36.5519678],[-79.2050144,36.5519659],[-79.2050417,36.5519654],[-79.2050582,36.5519665],[-79.2050734,36.5519695],[-79.2050805,36.5519719],[-79.2050939,36.551978],[-79.2051129,36.5519901],[-79.2051367,36.5520094],[-79.2051585,36.552031],[-79.2051735,36.5520497],[-79.2052358,36.5521402],[-79.2052808,36.552203],[-79.2053165,36.5522583],[-79.205449,36.5524567],[-79.2055557,36.5526057],[-79.2056143,36.5526838],[-79.2056621,36.5527451],[-79.2057235,36.5528312],[-79.2058966,36.5530622],[-79.2059641,36.5531573],[-79.2060302,36.5532425],[-79.2061288,36.5533754],[-79.2061871,36.5534558],[-79.2062592,36.5535485],[-79.2063149,36.5536267],[-79.2064134,36.5537575],[-79.2064819,36.5538502],[-79.2065295,36.5539114],[-79.2065742,36.553974],[-79.2066957,36.5541357],[-79.2067809,36.5542518],[-79.2068463,36.5543359],[-79.2069706,36.5545068],[-79.2070744,36.5546461],[-79.2071681,36.5547696],[-79.2072257,36.5548473],[-79.207414,36.555091],[-79.2074882,36.555191],[-79.2075206,36.5552372],[-79.2075457,36.5552765],[-79.2076264,36.555398],[-79.2077352,36.5555679],[-79.207786,36.5556492],[-79.2078613,36.5557618],[-79.2080217,36.5560191],[-79.2081105,36.5561646],[-79.2082356,36.5563659],[-79.2084518,36.5567215],[-79.2085725,36.5569244],[-79.2086582,36.5570706],[-79.208779,36.5572833],[-79.2088202,36.5573585],[-79.2088574,36.5574229],[-79.2089672,36.5576289],[-79.2090348,36.557753],[-79.2090735,36.557828],[-79.2091241,36.5579191],[-79.2091548,36.5579769],[-79.2091974,36.5580494],[-79.2092292,36.5581069],[-79.2093365,36.5582958],[-79.2093544,36.5583288],[-79.2093967,36.5584113],[-79.2094817,36.5585687],[-79.2095049,36.5586102],[-79.2095438,36.558675],[-79.2095798,36.5587404],[-79.2097692,36.5590961],[-79.2098145,36.5591776],[-79.2098264,36.5592021],[-79.2098335,36.5592187],[-79.2098505,36.5592715],[-79.2098946,36.559357],[-79.2099088,36.5593822],[-79.2099527,36.5594547],[-79.210026,36.5595862],[-79.2101838,36.5598746],[-79.2103125,36.5601144],[-79.2104974,36.5604525],[-79.2107211,36.5608652],[-79.2108313,36.5610717],[-79.2109791,36.5613541],[-79.2110768,36.561536],[-79.2111026,36.561586],[-79.2111371,36.5616562],[-79.2111526,36.5616828],[-79.2111643,36.5616998],[-79.2111831,36.5617239],[-79.2112571,36.5618085],[-79.2112732,36.5618231],[-79.2113074,36.5618494],[-79.2113855,36.5619149],[-79.2114065,36.5619355],[-79.2114472,36.5619799],[-79.2114706,36.5620015],[-79.2115049,36.5620282],[-79.2115758,36.5620765],[-79.211651,36.5621295],[-79.2117165,36.5621768],[-79.2117692,36.5622135],[-79.2117867,36.5622249],[-79.2118215,36.5622441],[-79.2118439,36.5622591],[-79.2118917,36.5622957],[-79.2119029,36.5623076],[-79.2119163,36.5623271],[-79.2119201,36.562334],[-79.2119257,36.5623486],[-79.2119313,36.5623716],[-79.211939,36.5624106],[-79.2119416,36.562426],[-79.211943,36.5624413],[-79.2119421,36.5624642],[-79.2119386,36.5624871],[-79.2119351,36.5625025],[-79.2119305,36.5625178],[-79.2119247,36.5625329],[-79.2119096,36.5625625],[-79.2118869,36.5625991],[-79.2118708,36.5626209],[-79.2118526,36.562642],[-79.2118325,36.5626615],[-79.2117999,36.5626905],[-79.2117722,36.5627116],[-79.2116677,36.5627841],[-79.2115811,36.5628466],[-79.2115466,36.5628754],[-79.2115066,36.5629133],[-79.2114848,36.5629366],[-79.2114582,36.5629681],[-79.2114391,36.5629923],[-79.2114212,36.5630177],[-79.2114103,36.5630353],[-79.2113956,36.5630625],[-79.2113828,36.5630902],[-79.2113719,36.5631184],[-79.211366,36.5631375],[-79.2113594,36.5631665],[-79.211348,36.5632427],[-79.2113459,36.5632618],[-79.2113454,36.5632906],[-79.2113481,36.5633379],[-79.2113502,36.5634032],[-79.2113529,36.563431],[-79.2113589,36.5634769],[-79.2113767,36.563586],[-79.2113825,36.5636133],[-79.2114129,36.5637395],[-79.211437,36.5638196],[-79.2114461,36.5638463],[-79.2114564,36.5638728],[-79.2114961,36.5639686],[-79.2115329,36.5640543],[-79.2115749,36.5641482],[-79.2116145,36.564233],[-79.2116352,36.5642753],[-79.2116745,36.5643498],[-79.211718,36.5644428],[-79.2117885,36.564577],[-79.2118168,36.5646274],[-79.211847,36.5646785],[-79.2118688,36.5647119],[-79.2118924,36.5647445],[-79.2119117,36.5647683],[-79.2119455,36.5648073],[-79.2119672,36.5648301],[-79.2119826,36.5648449],[-79.2120073,36.5648662],[-79.2120329,36.5648866],[-79.2120591,36.5649062],[-79.2120863,36.5649246],[-79.2121145,36.5649418],[-79.2121799,36.5649794],[-79.2122666,36.5650251],[-79.2123062,36.5650442],[-79.2123657,36.5650708],[-79.2124708,36.5651195],[-79.2124976,36.5651327],[-79.2125226,36.5651476],[-79.2125468,36.5651639],[-79.2125948,36.5651977],[-79.2126169,36.5652151],[-79.2126361,36.565234],[-79.2126876,36.5652933],[-79.212698,36.5653066],[-79.2127108,36.5653279],[-79.2127366,36.565381],[-79.2127488,36.565413],[-79.2127625,36.5654622],[-79.2127659,36.5654789],[-79.2127691,36.5655047],[-79.2127738,36.5656097],[-79.2127732,36.5656357],[-79.2127689,36.5656968],[-79.212764,36.5657407],[-79.212758,36.5658121],[-79.2127458,36.5659088],[-79.212726,36.5660121],[-79.2127198,36.5660387],[-79.2127053,36.5660909],[-79.2126937,36.5661244],[-79.212643,36.5662385],[-79.2126344,36.5662539],[-79.2126248,36.5662687],[-79.2125924,36.5663122],[-79.2125626,36.5663584],[-79.2125517,36.5663728],[-79.2125399,36.5663865],[-79.2125207,36.5664059],[-79.2124862,36.5664373],[-79.212397,36.566513],[-79.2123734,36.5665307],[-79.212307,36.5665763],[-79.2122809,36.5665933],[-79.2120948,36.5667057],[-79.2120409,36.5667371],[-79.2120038,36.5667572],[-79.2119186,36.5667996],[-79.2117661,36.56687],[-79.2116758,36.5669093],[-79.2116555,36.5669199],[-79.2115911,36.5669628],[-79.2115734,36.5669754],[-79.2115486,36.5669955],[-79.2115034,36.5670364],[-79.2114806,36.5670551],[-79.2114564,36.5670727],[-79.2114047,36.5671063],[-79.2113654,36.5671365],[-79.2113482,36.5671467],[-79.2113095,36.5671637],[-79.2112903,36.5671734],[-79.2112726,36.5671846],[-79.211248,36.567202],[-79.2112306,36.5672118],[-79.2111815,36.5672306],[-79.2111631,36.5672404],[-79.2111373,36.5672566],[-79.2111193,36.5672656],[-79.2110999,36.5672729],[-79.211059,36.5672865],[-79.2110396,36.5672954],[-79.211012,36.5673102],[-79.2109933,36.5673189],[-79.2109323,36.5673396],[-79.2108719,36.5673637],[-79.2108308,36.5673784],[-79.2108104,36.5673864],[-79.2107615,36.5674089],[-79.2107,36.5674326],[-79.2106804,36.5674421],[-79.2106528,36.5674574],[-79.2106342,36.5674664],[-79.2106146,36.5674736],[-79.2105741,36.5674871],[-79.2105335,36.5675026],[-79.2101155,36.5676759],[-79.210026,36.5677117],[-79.209976,36.5677327],[-79.2098858,36.5677675],[-79.2097554,36.5678199],[-79.209616,36.5678769],[-79.2095378,36.5679106],[-79.2093363,36.5679915],[-79.209099,36.5680899],[-79.2089405,36.5681573],[-79.2087511,36.5682321],[-79.2085095,36.5683251],[-79.2084191,36.5683589],[-79.2082158,36.5684331],[-79.2081144,36.5684689],[-79.2079919,36.5685106],[-79.207869,36.5685496],[-79.207765,36.5685792],[-79.2076925,36.5685984],[-79.2075866,36.5686235],[-79.2075121,36.5686395],[-79.2073729,36.5686665],[-79.2072325,36.5686925],[-79.2070703,36.5687176],[-79.2069289,36.5687365],[-79.2068977,36.5687389],[-79.2068876,36.5687388],[-79.206868,36.5687369],[-79.20684,36.5687309],[-79.2067487,36.5687045],[-79.2067143,36.568696],[-79.2067026,36.5686939],[-79.206679,36.5686911],[-79.2066426,36.5686893],[-79.2065796,36.5686893],[-79.2064828,36.5686933],[-79.2064033,36.5687038],[-79.2063483,36.5687091],[-79.2062939,36.5687152]]}},{"type":"Feature","properties":{"role":"midline","derived_from":["edge_left","edge_right"],"quality":{"source":"derived","accuracy_m":1.28,"relative_accuracy_m":0.25,"measured":true,"date":"2023-10-13"}},"geometry":{"type":"LineString","coordinates":[[-79.2063046,36.5688019],[-79.2062378,36.5688064],[-79.2061826,36.5688132],[-79.2061383,36.5688174],[-79.2058381,36.5688412],[-79.2056487,36.5688523],[-79.2055594,36.5688551],[-79.2054812,36.5688565],[-79.2051796,36.5688586],[-79.2048669,36.5688544],[-79.2047888,36.5688525],[-79.2046102,36.5688464],[-79.2043982,36.5688373],[-79.2040637,36.5688208],[-79.2037963,36.5688054],[-79.2035622,36.5687933],[-79.203473,36.5687893],[-79.203395,36.5687847],[-79.2033058,36.5687816],[-79.202871,36.5687585],[-79.2027709,36.5687511],[-79.2026818,36.5687463],[-79.2025705,36.5687382],[-79.2025374,36.5687339],[-79.2024942,36.5687249],[-79.202452,36.568713],[-79.2024114,36.5686981],[-79.2023822,36.5686849],[-79.2023546,36.5686696],[-79.2023202,36.5686466],[-79.2022961,36.5686279],[-79.2022742,36.5686075],[-79.2022478,36.5685784],[-79.20223,36.5685555],[-79.2022199,36.5685394],[-79.2022079,36.5685141],[-79.2021961,36.5684793],[-79.2021877,36.5684438],[-79.2021843,36.5684169],[-79.2021842,36.5683988],[-79.2021859,36.5683809],[-79.2021913,36.5683542],[-79.2021984,36.5683277],[-79.2022072,36.5683016],[-79.2022146,36.5682846],[-79.2022235,36.568268],[-79.2022338,36.5682519],[-79.202251,36.5682286],[-79.2022694,36.568206],[-79.2022887,36.5681839],[-79.2023221,36.5681477],[-79.2023584,36.5681024],[-79.202378,36.5680804],[-79.2023986,36.5680592],[-79.2024203,36.5680386],[-79.2024429,36.5680187],[-79.2024592,36.5680063],[-79.2024859,36.56799],[-79.2025045,36.56798],[-79.2025238,36.567971],[-79.2026247,36.5679324],[-79.2026845,36.567908],[-79.2027258,36.5678942],[-79.202747,36.5678885],[-79.2027792,36.567881],[-79.2028225,36.5678724],[-79.2028662,36.5678648],[-79.2028991,36.5678597],[-79.2029322,36.5678555],[-79.2029878,36.5678511],[-79.2030436,36.5678498],[-79.2031553,36.5678509],[-79.2031999,36.5678532],[-79.2032778,36.5678589],[-79.2033554,36.5678663],[-79.2034327,36.5678758],[-79.2035314,36.567891],[-79.2035858,36.5679013],[-79.203661,36.5679184],[-79.2037036,36.5679292],[-79.2038507,36.5679721],[-79.2039989,36.5680124],[-79.2041879,36.5680677],[-79.2043445,36.5681158],[-79.2045435,36.5681753],[-79.2046593,36.5682085],[-79.2047229,36.5682255],[-79.2047551,36.5682331],[-79.204842,36.5682497],[-79.2049188,36.5682615],[-79.2049852,36.5682693],[-79.2050407,36.5682738],[-79.2050966,36.5682752],[-79.2051635,36.5682734],[-79.2052192,36.5682692],[-79.2052744,36.5682623],[-79.2053509,36.5682494],[-79.2053834,36.5682427],[-79.2054262,36.5682325],[-79.2055009,36.5682139],[-79.2055433,36.5682025],[-79.2056901,36.5681589],[-79.205835,36.5681115],[-79.2058757,36.5680966],[-79.2059057,36.5680845],[-79.205965,36.5680593],[-79.2060328,36.5680278],[-79.2061029,36.5679998],[-79.2061505,36.5679762],[-79.2061965,36.5679507],[-79.2062231,36.5679342],[-79.2062489,36.567917],[-79.2062735,36.5678986],[-79.2062887,36.5678854],[-79.2063026,36.5678713],[-79.2063486,36.5678204],[-79.2063613,36.5678055],[-79.2063728,36.5677901],[-79.2063871,36.5677656],[-79.2063946,36.5677486],[-79.2064008,36.5677313],[-79.2064082,36.5677049],[-79.2064188,36.5676607],[-79.2064281,36.5676163],[-79.2064314,36.5675894],[-79.2064324,36.5675624],[-79.2064309,36.5675354],[-79.2064272,36.5675085],[-79.206422,36.5674818],[-79.2064156,36.5674553],[-79.2063832,36.5673411],[-79.2063671,36.5672338],[-79.2063537,36.5671717],[-79.2063457,36.5671454],[-79.2063389,36.5671283],[-79.2063156,36.5670776],[-79.2062803,36.5669921],[-79.2062717,36.5669755],[-79.2062483,36.5669345],[-79.2062402,36.5669178],[-79.2062159,36.5668578],[-79.2061826,36.5667813],[-79.2061406,36.5666692],[-79.2061093,36.5665921],[-79.2060799,36.5665241],[-79.2060148,36.5663801],[-79.2059675,36.5662887],[-79.2059393,36.5662397],[-79.2059131,36.5661999],[-79.2058949,36.5661771],[-79.2058816,36.5661626],[-79.2058599,36.566142],[-79.2058361,36.566123],[-79.2058103,36.5661057],[-79.2057826,36.5660906],[-79.2057627,36.5660822],[-79.2057313,36.5660728],[-79.2056986,36.5660669],[-79.2056652,36.5660647],[-79.2056317,36.5660656],[-79.2055984,36.5660687],[-79.2055433,36.5660762],[-79.2055107,36.5660822],[-79.2054787,36.5660902],[-79.2054153,36.566108],[-79.2053011,36.5661444],[-79.2052062,36.5661713],[-79.2051742,36.5661793],[-79.2051419,36.5661863],[-79.2051092,36.5661922],[-79.2050872,36.5661951],[-79.2050539,36.5661972],[-79.2050316,36.5661966],[-79.2050095,36.5661943],[-79.2049878,36.5661902],[-79.2049561,36.5661818],[-79.2049249,36.5661721],[-79.2048946,36.5661606],[-79.2048655,36.5661472],[-79.2048192,36.566122],[-79.2047839,36.5661],[-79.2046658,36.5660173],[-79.2046413,36.5659988],[-79.2046026,36.5659663],[-79.2045428,36.5659127],[-79.2045033,36.5658809],[-79.2044883,36.5658676],[-79.2044676,36.5658463],[-79.2044359,36.5658092],[-79.2044056,36.5657713],[-79.2043833,36.5657401],[-79.2043687,36.5657157],[-79.2043515,36.5656825],[-79.2043374,36.5656579],[-79.2043016,36.5656018],[-79.204264,36.5655465],[-79.2042401,36.5655058],[-79.2042077,36.5654386],[-79.2041904,36.5653958],[-79.2041774,36.565352],[-79.2041718,36.5653254],[-79.2041693,36.5653074],[-79.2041681,36.5652895],[-79.2041685,36.5652714],[-79.2041703,36.5652535],[-79.2041737,36.5652357],[-79.2041784,36.5652181],[-79.2041897,36.5651832],[-79.2041961,36.565166],[-79.2042037,36.565149],[-79.2042224,36.5651163],[-79.2042938,36.565004],[-79.2043099,36.5649804],[-79.2043771,36.5648868],[-79.2043931,36.5648631],[-79.2044082,36.5648389],[-79.2044216,36.5648141],[-79.2044332,36.5647888],[-79.2044504,36.564746],[-79.2044624,36.5647113],[-79.2044694,36.5646848],[-79.204476,36.5646492],[-79.2044857,36.5645775],[-79.2044898,36.5645326],[-79.2044915,36.5644696],[-79.2044884,36.5643525],[-79.2044891,36.5642354],[-79.2044913,36.5641904],[-79.2044944,36.5641636],[-79.2044974,36.5641457],[-79.2045257,36.5640309],[-79.2045333,36.5640045],[-79.2045425,36.5639785],[-79.2045535,36.563953],[-79.2045658,36.5639278],[-79.204623,36.5638201],[-79.204634,36.5637946],[-79.2046531,36.5637428],[-79.2046633,36.5637077],[-79.2046691,36.5636811],[-79.2046732,36.5636543],[-79.2046796,36.5635914],[-79.20468,36.5635644],[-79.2046766,36.5634924],[-79.2046644,36.5633124],[-79.2046449,36.5631058],[-79.2046416,36.5630608],[-79.20464,36.5630248],[-79.2046409,36.5629707],[-79.2046405,36.5629527],[-79.2046282,36.5627547],[-79.2046203,36.5626016],[-79.2046169,36.5624845],[-79.2046163,36.5622862],[-79.2046208,36.562097],[-79.2046228,36.562043],[-79.2046269,36.56198],[-79.2046323,36.5619261],[-79.2046723,36.5616214],[-79.2047073,36.5613797],[-79.2047172,36.5613172],[-79.204742,36.5611471],[-79.2047506,36.5610844],[-79.2047855,36.5607703],[-79.2048064,36.5605547],[-79.2048097,36.5605278],[-79.2048169,36.5604831],[-79.2048236,36.5604022],[-79.2048268,36.5603392],[-79.2048295,36.5603032],[-79.2048625,36.5599708],[-79.2048716,36.5598359],[-79.2048741,36.5597278],[-79.2048718,36.5596648],[-79.2048651,36.559602],[-79.2048593,36.5595662],[-79.2048327,36.5594328],[-79.2048213,36.5593887],[-79.2047864,36.5592749],[-79.2047037,36.5590223],[-79.2046859,36.5589609],[-79.2046627,36.5588727],[-79.2046495,36.5588197],[-79.2046444,36.558793],[-79.2046293,36.5586494],[-79.204627,36.5586134],[-79.2046273,36.5585863],[-79.2046291,36.5585593],[-79.2046348,36.5585054],[-79.2046373,36.5584604],[-79.2046392,36.5584425],[-79.2046449,36.5584158],[-79.2046604,36.5583726],[-79.2046658,36.5583551],[-79.2046803,36.558284],[-79.2047071,36.5581965],[-79.2047301,36.5581083],[-79.2047443,36.5580463],[-79.2047495,36.5580105],[-79.2047525,36.5579384],[-79.2047551,36.5579025],[-79.2047621,36.5578577],[-79.204764,36.5578397],[-79.2047651,36.5577766],[-79.2047632,36.5577225],[-79.204758,36.5576596],[-79.2047551,36.5576417],[-79.2047476,36.5576153],[-79.2046977,36.5574675],[-79.2046844,36.5574237],[-79.2046491,36.5572915],[-79.2046411,36.5572561],[-79.2046364,36.5572293],[-79.2046333,36.5572024],[-79.204629,36.5571394],[-79.2046185,36.5570769],[-79.2046162,36.5570499],[-79.2046159,36.5570229],[-79.204617,36.5569959],[-79.2046264,36.556888],[-79.2046319,36.5568522],[-79.2046427,36.5567988],[-79.2046613,36.5567191],[-79.2046749,36.5566662],[-79.2046826,36.5566399],[-79.2046943,36.5566052],[-79.2047309,36.5565106],[-79.204832,36.5562909],[-79.2048734,36.5562072],[-79.2049527,36.5560387],[-79.2049943,36.5559551],[-79.205043,36.5558544],[-79.2050896,36.5557626],[-79.2052386,36.5554614],[-79.2052702,36.5553939],[-79.2053028,36.5553268],[-79.2053322,36.5552587],[-79.2053416,36.5552328],[-79.205348,36.5552062],[-79.2053574,36.5551164],[-79.2053624,36.5550534],[-79.2053635,36.5550174],[-79.2053626,36.5549994],[-79.2053604,36.5549815],[-79.205353,36.554946],[-79.2053369,36.5548843],[-79.2053223,36.5548408],[-79.2052897,36.5547641],[-79.2052723,36.5547119],[-79.2052581,36.5546777],[-79.2052428,36.5546438],[-79.2052291,36.5546191],[-79.2052016,36.5545799],[-79.2051818,36.5545476],[-79.205084,36.5543756],[-79.2049784,36.5541867],[-79.2049417,36.5541112],[-79.204919,36.55407],[-79.2048884,36.554012],[-79.2048288,36.5539052],[-79.2047986,36.553847],[-79.2047587,36.5537726],[-79.2047033,36.5536546],[-79.2046846,36.5536121],[-79.2046669,36.5535694],[-79.2046386,36.5534916],[-79.2045813,36.5533267],[-79.2045342,36.553169],[-79.204512,36.5530899],[-79.2044574,36.5528874],[-79.2044074,36.5527118],[-79.2043736,36.5525886],[-79.2043638,36.5525442],[-79.2043553,36.5524906],[-79.2043526,36.5524637],[-79.2043517,36.5524366],[-79.2043523,36.5524186],[-79.2043545,36.5524007],[-79.2043602,36.5523741],[-79.2043693,36.5523389],[-79.2043778,36.5523127],[-79.2043849,36.5522956],[-79.2043936,36.552279],[-79.204404,36.5522631],[-79.2044396,36.5522173],[-79.2044789,36.5521628],[-79.2044972,36.5521401],[-79.2045243,36.5521114],[-79.2045394,36.5520981],[-79.2045644,36.55208],[-79.2046265,36.5520418],[-79.2046946,36.5519952],[-79.2047218,36.5519794],[-79.2047409,36.55197],[-79.2048002,36.551945],[-79.204831,36.5519345],[-79.204852,36.5519285],[-79.2048734,36.5519234],[-79.204895,36.5519193],[-79.204928,36.5519148],[-79.2049502,36.5519129],[-79.2049725,36.551912],[-79.2050506,36.5519117],[-79.2050729,36.5519134],[-79.205084,36.5519152],[-79.2051054,36.5519207],[-79.2051157,36.5519243],[-79.2051354,36.5519332],[-79.2051538,36.5519435],[-79.2051713,36.5519549],[-79.2051877,36.5519672],[-79.205203,36.5519804],[-79.205217,36.5519945],[-79.2052295,36.5520094],[-79.2052462,36.5520329],[-79.205304,36.5521203],[-79.2053422,36.5521754],[-79.2053846,36.5522389],[-79.2054337,36.5523096],[-79.2054818,36.5523808],[-79.2055312,36.5524515],[-79.2055729,36.5525152],[-79.2056104,36.5525706],[-79.2056605,36.5526409],[-79.205746,36.5527571],[-79.20592,36.5529882],[-79.2060162,36.5531203],[-79.2060468,36.553158],[-79.2060986,36.5532167],[-79.2061109,36.5532318],[-79.2061539,36.553295],[-79.2062176,36.5534002],[-79.2062392,36.5534318],[-79.2063094,36.553524],[-79.2063777,36.553617],[-79.2065813,36.5538863],[-79.2066604,36.5539951],[-79.2067529,36.5541185],[-79.2068383,36.5542348],[-79.2068967,36.5543116],[-79.2069994,36.5544511],[-79.2070555,36.554529],[-79.207142,36.5546448],[-79.2072704,36.5548138],[-79.2074713,36.5550738],[-79.2075611,36.5551984],[-79.2076511,36.5553333],[-79.2077328,36.5554409],[-79.2077812,36.555512],[-79.2077956,36.5555364],[-79.2078285,36.5556034],[-79.2078469,36.5556363],[-79.2078985,36.5557162],[-79.2080792,36.556006],[-79.208163,36.5561435],[-79.2083229,36.5564014],[-79.2084998,36.5566927],[-79.2086206,36.5568959],[-79.2087019,36.5570343],[-79.2088647,36.5573211],[-79.2089053,36.5573853],[-79.2089779,36.5575171],[-79.2090396,36.557633],[-79.2091301,36.5577978],[-79.2092416,36.5579945],[-79.2092901,36.5580855],[-79.2093135,36.5581265],[-79.2093364,36.5581772],[-79.209349,36.5582023],[-79.2094081,36.5583093],[-79.2094564,36.5584004],[-79.2096246,36.558705],[-79.2097794,36.5589946],[-79.209831,36.5590945],[-79.2098536,36.5591356],[-79.2098707,36.5591689],[-79.2098911,36.5592109],[-79.2099129,36.559262],[-79.2099561,36.5593451],[-79.2100034,36.5594267],[-79.2100342,36.5594847],[-79.2102195,36.5598226],[-79.2103663,36.5600954],[-79.2105511,36.5604335],[-79.2107793,36.5608546],[-79.2108897,36.5610615],[-79.2110329,36.5613355],[-79.2111219,36.5615008],[-79.2111699,36.5615921],[-79.2111932,36.561633],[-79.2112093,36.5616567],[-79.2112271,36.5616796],[-79.2112953,36.561762],[-79.2113148,36.5617839],[-79.2113818,36.5618444],[-79.2114348,36.5618907],[-79.2114939,36.5619449],[-79.2115333,36.5619767],[-79.2115747,36.562007],[-79.2116519,36.5620589],[-79.2117041,36.5620928],[-79.2117709,36.5621407],[-79.2118227,36.5621749],[-79.2118581,36.5621968],[-79.2118751,36.5622086],[-79.2119061,36.5622345],[-79.2119351,36.562262],[-79.2119481,36.5622767],[-79.2119642,36.5623005],[-79.2119768,36.5623257],[-79.2119829,36.5623431],[-79.2119902,36.5623695],[-79.211996,36.5623962],[-79.2119989,36.562414],[-79.2120006,36.562432],[-79.2120008,36.5624501],[-79.2119993,36.5624681],[-79.2119965,36.5624859],[-79.2119906,36.5625126],[-79.2119855,36.5625301],[-79.2119793,36.5625475],[-79.2119716,36.5625645],[-79.2119627,36.562581],[-79.2119479,36.5626053],[-79.2119201,36.5626444],[-79.2118649,36.5627121],[-79.2118515,36.5627265],[-79.2118365,36.5627398],[-79.2118033,36.5627639],[-79.2116997,36.5628325],[-79.2116819,36.5628434],[-79.211636,36.5628691],[-79.2116186,36.5628804],[-79.2115945,36.5628992],[-79.2115581,36.5629333],[-79.2115446,36.5629476],[-79.2115259,36.5629701],[-79.2114848,36.5630237],[-79.2114686,36.5630474],[-79.2114591,36.5630638],[-79.2114467,36.5630889],[-79.2114356,36.5631144],[-79.2114257,36.5631403],[-79.2114203,36.5631578],[-79.2114142,36.5631844],[-79.211402,36.5632649],[-79.2114004,36.5633009],[-79.2114037,36.5633819],[-79.2114071,36.5634179],[-79.2114131,36.5634627],[-79.2114305,36.5635699],[-79.2114398,36.5636143],[-79.2114661,36.5637203],[-79.2114924,36.563808],[-79.2115043,36.5638427],[-79.2115176,36.5638771],[-79.2115455,36.5639456],[-79.2115782,36.5640223],[-79.2116194,36.5641157],[-79.2116468,36.5641748],[-79.2116788,36.5642421],[-79.2117161,36.5643174],[-79.2117637,36.5644185],[-79.2118229,36.5645352],[-79.2118788,36.5646335],[-79.2118946,36.5646574],[-79.2119284,36.564704],[-79.2119464,36.5647269],[-79.2119721,36.5647563],[-79.2120053,36.5647926],[-79.2120266,36.5648135],[-79.2120417,36.5648269],[-79.2120655,36.5648459],[-79.2120905,36.564864],[-79.2121331,36.5648931],[-79.2121596,36.5649096],[-79.2122411,36.5649572],[-79.2122962,36.5649879],[-79.2123342,36.5650069],[-79.2124986,36.5650836],[-79.2125361,36.5651031],[-79.2125715,36.5651251],[-79.2126314,36.5651655],[-79.2126562,36.5651837],[-79.2126791,36.5652034],[-79.2126933,36.5652174],[-79.2127133,36.565239],[-79.2127324,36.5652612],[-79.2127443,36.5652765],[-79.2127597,36.5653005],[-79.2127683,36.5653172],[-79.2127797,36.5653426],[-79.2127961,36.5653856],[-79.2128038,36.565412],[-79.21281,36.5654385],[-79.2128162,36.5654742],[-79.2128221,36.5655371],[-79.2128257,36.5656001],[-79.2128256,36.5656362],[-79.2128221,36.5656992],[-79.2128129,36.565798],[-79.2127989,36.5659236],[-79.2127952,36.5659414],[-79.2127723,36.5660296],[-79.2127444,36.5661262],[-79.2127359,36.5661523],[-79.2127189,36.5661952],[-79.2126919,36.5662545],[-79.2126787,36.5662793],[-79.2126634,36.5663033],[-79.2126095,36.5663823],[-79.2125976,36.5663976],[-79.2125847,36.5664124],[-79.2125565,36.5664404],[-79.2125189,36.5664737],[-79.2124875,36.5664993],[-79.2124313,36.5665432],[-79.2123891,36.5665727],[-79.212311,36.5666237],[-79.2122424,36.56667],[-79.2121714,36.5667138],[-79.2119541,36.5668404],[-79.211786,36.5669294],[-79.2117192,36.5669622],[-79.2116916,36.5669774],[-79.2116211,36.5670216],[-79.2115957,36.5670393],[-79.2115465,36.567076],[-79.2115213,36.5670939],[-79.2114425,36.5671442],[-79.2113997,36.5671732],[-79.2113818,36.567184],[-79.2113259,36.5672138],[-79.2112818,36.5672414],[-79.2112634,36.5672516],[-79.2112145,36.5672735],[-79.211168,36.5672985],[-79.2111489,36.5673078],[-79.2110888,36.5673317],[-79.2110307,36.5673586],[-79.2110106,36.5673666],[-79.2109596,36.5673849],[-79.2108493,36.5674287],[-79.2107901,36.5674539],[-79.2107301,36.5674781],[-79.2106624,36.5675095],[-79.2106019,36.5675329],[-79.2104518,36.5675929],[-79.2103528,36.5676346],[-79.2102726,36.5676666],[-79.2101337,36.5677244],[-79.2098941,36.5678214],[-79.2098037,36.567857],[-79.2096642,36.567914],[-79.2095753,36.567952],[-79.2094944,36.5679825],[-79.2092867,36.5680704],[-79.209137,36.5681311],[-79.208978,36.5681971],[-79.208858,36.5682452],[-79.2085256,36.5683738],[-79.2083122,36.5684523],[-79.2081078,36.5685251],[-79.2080358,36.5685496],[-79.207922,36.568587],[-79.20788,36.5685995],[-79.2077215,36.5686434],[-79.2075177,36.5686909],[-79.2073659,36.5687214],[-79.2072459,36.5687427],[-79.2071475,36.5687593],[-79.2070816,36.5687692],[-79.2069382,36.5687877],[-79.2068938,36.5687914],[-79.2068605,36.5687914],[-79.2068275,36.5687898],[-79.2067057,36.5687785],[-79.2066721,36.5687776],[-79.206616,36.5687781],[-79.2065713,36.5687797],[-79.2064933,36.5687842],[-79.2064047,36.5687938],[-79.2063046,36.5688019]]}},{"type":"Feature","properties":{"role":"surface","rings":["outer","inner"],"area_m2":null},"geometry":{"type":"Polygon","coordinates":[[[-79.2063153,36.5688887],[-79.2060703,36.5689024],[-79.2058345,36.5689128],[-79.2056645,36.568918],[-79.2055732,36.5689193],[-79.2054147,36.5689178],[-79.2053032,36.5689179],[-79.2052366,36.568917],[-79.2051234,36.5689173],[-79.2049428,36.5689142],[-79.2048311,36.5689134],[-79.2047753,36.5689116],[-79.2046969,36.5689078],[-79.2045959,36.5689046],[-79.204394,36.5688958],[-79.2040256,36.5688775],[-79.2038026,36.5688645],[-79.2035471,36.5688511],[-79.2033796,36.5688435],[-79.2032903,36.5688408],[-79.2031893,36.5688342],[-79.2028547,36.5688157],[-79.2027658,36.5688085],[-79.2026643,36.5688017],[-79.2025481,36.5687922],[-79.2025111,36.5687864],[-79.2024502,36.5687722],[-79.202414,36.5687617],[-79.2023787,36.5687486],[-79.202345,36.5687328],[-79.2023134,36.5687145],[-79.2022744,36.5686874],[-79.2022469,36.5686654],[-79.2022214,36.5686418],[-79.2021982,36.5686167],[-79.2021774,36.5685898],[-79.2021595,36.5685611],[-79.2021451,36.5685315],[-79.202134,36.5685016],[-79.2021282,36.5684816],[-79.2021235,36.5684612],[-79.202119,36.5684298],[-79.202118,36.5684083],[-79.2021191,36.5683867],[-79.2021221,36.5683655],[-79.2021268,36.5683448],[-79.2021358,36.5683145],[-79.2021431,36.5682947],[-79.2021561,36.5682656],[-79.2021664,36.5682468],[-79.202184,36.5682199],[-79.2022035,36.5681945],[-79.2022298,36.5681626],[-79.2022627,36.5681259],[-79.2022747,36.568111],[-79.2023001,36.5680692],[-79.2023251,36.5680357],[-79.2023391,36.5680193],[-79.2023542,36.5680032],[-79.2023873,36.5679712],[-79.202406,36.5679558],[-79.2024272,36.5679423],[-79.2024498,36.5679304],[-79.2024731,36.5679203],[-79.202497,36.5679127],[-79.2025322,36.5679037],[-79.2025965,36.5678853],[-79.2026171,36.5678778],[-79.2026698,36.5678569],[-79.2027148,36.5678417],[-79.2027609,36.5678296],[-79.2028072,36.5678199],[-79.202842,36.5678138],[-79.2028885,36.5678069],[-79.2029239,36.5678028],[-79.2029596,36.5677997],[-79.2029954,36.5677976],[-79.2030309,36.5677966],[-79.2031232,36.5677967],[-79.2031812,36.5677994],[-79.2032843,36.5678074],[-79.2033411,36.5678125],[-79.2034322,36.5678231],[-79.2035227,36.5678369],[-79.2035564,36.5678431],[-79.20359,36.5678501],[-79.2036784,36.5678709],[-79.2037118,36.5678796],[-79.2037968,36.5679067],[-79.2040087,36.5679623],[-79.2041676,36.568007],[-79.2042314,36.5680259],[-79.204315,36.568052],[-79.2045759,36.5681298],[-79.2046793,36.5681598],[-79.2047618,36.5681819],[-79.2047928,36.5681884],[-79.2048659,36.5682011],[-79.204919,36.5682081],[-79.2050137,36.5682184],[-79.2050448,36.5682209],[-79.2050759,36.568222],[-79.2051175,36.5682218],[-79.2051592,36.5682204],[-79.2052008,36.5682174],[-79.2052527,36.5682117],[-79.2052943,36.5682056],[-79.2053461,36.5681962],[-79.2053977,36.5681851],[-79.2054496,36.5681725],[-79.2055014,36.5681588],[-79.2055634,36.5681413],[-79.2056464,36.5681166],[-79.2057079,36.5680974],[-79.2057789,36.568074],[-79.205828,36.5680564],[-79.2058567,36.5680451],[-79.2059338,36.5680127],[-79.2060404,36.5679633],[-79.2060676,36.5679495],[-79.2061361,36.5679121],[-79.2061609,36.5678976],[-79.2061844,36.5678827],[-79.2062137,36.5678623],[-79.2062345,36.5678464],[-79.2062545,36.5678291],[-79.2062805,36.5678039],[-79.2062988,36.5677847],[-79.2063095,36.5677718],[-79.2063184,36.5677586],[-79.2063258,36.567745],[-79.2063349,36.5677237],[-79.2063425,36.5677009],[-79.2063508,36.5676683],[-79.2063559,36.5676431],[-79.2063607,36.567602],[-79.206361,36.5675705],[-79.2063579,36.5675395],[-79.2063509,36.5675002],[-79.2063256,36.5673972],[-79.2062774,36.5672447],[-79.2062711,36.5672203],[-79.2062651,36.5671878],[-79.2062583,36.5671646],[-79.2062522,36.5671496],[-79.2062378,36.5671184],[-79.2062277,36.5670932],[-79.2062052,36.5670249],[-79.2061423,36.5668598],[-79.2061237,36.5668071],[-79.2061092,36.5667618],[-79.206087,36.5667011],[-79.206067,36.5666504],[-79.2060383,36.566583],[-79.2059733,36.5664404],[-79.2059372,36.5663666],[-79.2059022,36.5663031],[-79.2058752,36.5662571],[-79.2058508,36.5662217],[-79.2058345,36.5662023],[-79.2058224,36.5661905],[-79.2058031,36.5661744],[-79.2057695,36.5661509],[-79.205749,36.5661388],[-79.2057346,36.5661324],[-79.2057118,36.5661256],[-79.2056877,36.5661213],[-79.2056622,36.5661194],[-79.2056442,36.5661195],[-79.2056256,36.5661208],[-79.2055569,36.566128],[-79.2055271,36.5661321],[-79.2055072,36.566136],[-79.2054364,36.5661535],[-79.2052777,36.5661993],[-79.2052005,36.5662195],[-79.2051549,36.5662306],[-79.2051311,36.5662356],[-79.2051063,36.5662398],[-79.2050805,36.5662428],[-79.2050539,36.566244],[-79.205027,36.566243],[-79.2050004,36.5662399],[-79.2049619,36.5662322],[-79.2049372,36.5662257],[-79.2049019,36.5662142],[-79.2048684,36.5662007],[-79.2048369,36.5661853],[-79.2047971,36.5661634],[-79.2047592,36.5661401],[-79.2047326,36.5661216],[-79.2046819,36.5660844],[-79.2046288,36.5660493],[-79.2046113,36.5660368],[-79.2045865,36.5660168],[-79.2045093,36.5659513],[-79.2044925,36.565939],[-79.204455,36.5659151],[-79.2044368,36.5659016],[-79.204413,36.5658792],[-79.2043786,36.5658401],[-79.2043468,36.5657994],[-79.2043349,36.5657825],[-79.2043241,36.5657651],[-79.204315,36.5657473],[-79.2042985,36.5657027],[-79.2042871,36.5656779],[-79.2042483,36.5656142],[-79.2042157,36.565566],[-79.2041998,36.5655409],[-79.2041852,36.565515],[-79.2041628,36.5654712],[-79.2041422,36.5654266],[-79.2041291,36.5653894],[-79.2041164,36.5653409],[-79.2041126,36.5653209],[-79.2041102,36.5653004],[-79.2041099,36.5652692],[-79.2041118,36.5652484],[-79.2041152,36.565228],[-79.2041199,36.5652081],[-79.2041288,36.5651789],[-79.204136,36.5651598],[-79.2041445,36.565141],[-79.2041597,36.5651139],[-79.2042034,36.5650477],[-79.2042492,36.564974],[-79.2043413,36.564842],[-79.2043559,36.5648196],[-79.2043686,36.5647968],[-79.2043834,36.5647653],[-79.2043962,36.5647331],[-79.2044069,36.5647007],[-79.2044152,36.564668],[-79.2044215,36.5646343],[-79.2044333,36.5645563],[-79.2044356,36.5645302],[-79.2044369,36.5644257],[-79.2044322,36.5643349],[-79.2044317,36.5642245],[-79.2044327,36.5641958],[-79.2044342,36.5641767],[-79.20444,36.5641387],[-79.2044478,36.5641016],[-79.2044594,36.5640563],[-79.2044678,36.5640292],[-79.204481,36.5639929],[-79.2044923,36.5639657],[-79.2045128,36.5639212],[-79.2045681,36.5638128],[-79.2045782,36.5637887],[-79.2045962,36.5637397],[-79.2046053,36.5637065],[-79.20461,36.5636817],[-79.2046213,36.5635729],[-79.2046209,36.5635033],[-79.204618,36.5634499],[-79.2046071,36.5633064],[-79.2045976,36.5632262],[-79.2045919,36.5631451],[-79.2045843,36.5630717],[-79.2045785,36.5629716],[-79.2045599,36.5627115],[-79.2045577,36.5626488],[-79.2045551,36.5626035],[-79.2045545,36.5625491],[-79.2045508,36.5624852],[-79.2045501,36.5624485],[-79.2045526,36.5623675],[-79.2045517,36.5622767],[-79.2045587,36.5620408],[-79.2045637,36.5619759],[-79.2045783,36.561849],[-79.2046386,36.5614275],[-79.2046462,36.5613648],[-79.2046579,36.5612934],[-79.2046705,36.5611946],[-79.2046844,36.5610969],[-79.2046919,36.5610348],[-79.2047007,36.5609452],[-79.2047086,36.5608825],[-79.2047274,36.5607033],[-79.2047556,36.5604083],[-79.2047614,36.5603272],[-79.2047689,36.5602633],[-79.2047943,36.5600209],[-79.2048062,36.5599229],[-79.2048152,36.5598338],[-79.2048188,36.5597813],[-79.2048194,36.5597459],[-79.2048174,36.5596931],[-79.2048046,36.5595814],[-79.2047856,36.5594669],[-79.2047771,36.5594235],[-79.2047701,36.5593978],[-79.2047267,36.5592595],[-79.2046521,36.5590325],[-79.2046366,36.558979],[-79.204613,36.5588903],[-79.2045998,36.5588359],[-79.2045911,36.5587889],[-79.2045803,36.558716],[-79.2045718,36.5586328],[-79.2045697,36.5585853],[-79.2045703,36.5585476],[-79.2045793,36.5584652],[-79.2045832,36.5584362],[-79.204587,36.5584166],[-79.2045944,36.5583882],[-79.2046317,36.5582664],[-79.2046572,36.5581872],[-79.204664,36.5581611],[-79.2046732,36.5581175],[-79.2046879,36.5580398],[-79.2046904,36.5580227],[-79.204691,36.5579969],[-79.2046882,36.5579531],[-79.2046895,36.5579179],[-79.2046929,36.5578908],[-79.2047019,36.5578553],[-79.2047034,36.5578466],[-79.2047043,36.5578292],[-79.2047006,36.5577591],[-79.2046947,36.5576826],[-79.2046922,36.5576583],[-79.2046895,36.5576423],[-79.2046604,36.5575219],[-79.2046238,36.5573978],[-79.2045963,36.5572904],[-79.2045865,36.5572438],[-79.2045713,36.5571524],[-79.2045641,36.5570902],[-79.204562,36.5570518],[-79.2045615,36.5570228],[-79.2045645,36.556957],[-79.2045716,36.5568834],[-79.2045757,36.5568556],[-79.2045831,36.5568189],[-79.2046051,36.5567288],[-79.2046148,36.5566932],[-79.2046338,36.55663],[-79.204646,36.5565939],[-79.2046789,36.5565057],[-79.2046931,36.5564707],[-79.2047824,36.5562759],[-79.2047991,36.5562417],[-79.2048216,36.5562002],[-79.2048382,36.5561673],[-79.2049161,36.5559975],[-79.2050529,36.5557216],[-79.205104,36.5556214],[-79.2051409,36.5555466],[-79.2052416,36.555337],[-79.2052853,36.5552394],[-79.2052908,36.5552235],[-79.2052944,36.5552074],[-79.2052954,36.5551908],[-79.2052943,36.5551566],[-79.2052952,36.5551391],[-79.2053085,36.5550268],[-79.2053087,36.5550022],[-79.2053068,36.554986],[-79.2053037,36.5549698],[-79.2052976,36.5549453],[-79.2052762,36.5548702],[-79.2052672,36.5548453],[-79.2052535,36.5548115],[-79.2051945,36.5546783],[-79.2051827,36.5546554],[-79.2051511,36.5546007],[-79.2051242,36.5545495],[-79.2050964,36.5544999],[-79.2050729,36.5544593],[-79.205038,36.5544023],[-79.2050148,36.5543612],[-79.2049665,36.5542702],[-79.2049192,36.5541869],[-79.2048231,36.5540056],[-79.2047506,36.5538733],[-79.2047177,36.5538158],[-79.2047,36.5537815],[-79.2046587,36.5536963],[-79.2046361,36.5536455],[-79.2045916,36.5535309],[-79.204543,36.5533914],[-79.2045205,36.55333],[-79.2044721,36.5531716],[-79.2044211,36.552986],[-79.2043885,36.5528628],[-79.2043439,36.552705],[-79.2043128,36.5525793],[-79.2043077,36.5525512],[-79.2042977,36.552485],[-79.2042953,36.5524558],[-79.2042951,36.5524359],[-79.2042962,36.5524159],[-79.2042988,36.5523959],[-79.204305,36.5523663],[-79.2043219,36.5522975],[-79.2043323,36.5522676],[-79.2043369,36.5522579],[-79.2043477,36.5522394],[-79.204377,36.5521976],[-79.2044053,36.5521472],[-79.2044491,36.5520865],[-79.2044712,36.5520594],[-79.2044883,36.5520427],[-79.2045069,36.5520279],[-79.204526,36.5520149],[-79.2045706,36.5519865],[-79.2046309,36.551943],[-79.2046615,36.5519244],[-79.204705,36.5519022],[-79.2047273,36.5518923],[-79.2047506,36.5518834],[-79.2047751,36.5518761],[-79.2048006,36.5518699],[-79.2048267,36.5518647],[-79.2048531,36.5518607],[-79.2048795,36.551858],[-79.2049056,36.5518562],[-79.2049568,36.551855],[-79.205007,36.5518574],[-79.2050595,36.5518579],[-79.2050876,36.5518604],[-79.2051019,36.5518627],[-79.2051303,36.5518695],[-79.2051441,36.5518739],[-79.2051704,36.5518846],[-79.2051948,36.5518969],[-79.2052175,36.5519103],[-79.2052387,36.551925],[-79.2052581,36.5519409],[-79.205267,36.5519493],[-79.2052831,36.5519668],[-79.2053032,36.5519936],[-79.2053769,36.5521084],[-79.2054419,36.5522036],[-79.2055918,36.5524149],[-79.2056072,36.5524392],[-79.2056403,36.5524962],[-79.2056861,36.5525671],[-79.2057729,36.5526917],[-79.2057959,36.5527224],[-79.2058381,36.5527755],[-79.2059368,36.552906],[-79.2060743,36.5530913],[-79.2061047,36.5531268],[-79.2061615,36.5531837],[-79.2061756,36.5531994],[-79.2061818,36.5532078],[-79.2062084,36.5532507],[-79.2062231,36.5532762],[-79.2062719,36.5533771],[-79.2062861,36.5534003],[-79.2063021,36.5534229],[-79.2065163,36.5537074],[-79.2065758,36.5537842],[-79.2066677,36.5539073],[-79.2067122,36.55397],[-79.2067473,36.5540156],[-79.2069985,36.5543576],[-79.2070511,36.5544266],[-79.2071058,36.5545045],[-79.2071921,36.5546203],[-79.2072796,36.5547349],[-79.2074585,36.5549643],[-79.207517,36.5550412],[-79.2076178,36.5551831],[-79.207687,36.5552867],[-79.2077032,36.5553094],[-79.2077271,36.5553386],[-79.207793,36.5554126],[-79.2078054,36.5554284],[-79.2078466,36.5554858],[-79.207852,36.5554944],[-79.2078608,36.5555124],[-79.207887,36.555583],[-79.207894,36.5555992],[-79.2079023,36.5556149],[-79.2079269,36.5556539],[-79.2079609,36.5557108],[-79.2081266,36.5559768],[-79.2082155,36.5561224],[-79.2083556,36.5563481],[-79.2085769,36.5567128],[-79.208755,36.5570143],[-79.2089089,36.5572845],[-79.2089287,36.5573161],[-79.2089518,36.5573474],[-79.2089622,36.5573638],[-79.2089798,36.5573976],[-79.209037,36.5574963],[-79.2090896,36.5575957],[-79.2091301,36.5576697],[-79.20921,36.5578083],[-79.2092915,36.5579465],[-79.209351,36.5580641],[-79.2093747,36.5581061],[-79.2093817,36.5581239],[-79.2093968,36.5581674],[-79.2094041,36.5581838],[-79.2094165,36.5582081],[-79.2095117,36.5583812],[-79.2095539,36.5584546],[-79.209621,36.5585777],[-79.2096513,36.5586361],[-79.2098421,36.5589928],[-79.2098635,36.5590343],[-79.209888,36.5590846],[-79.2099059,36.559118],[-79.2099272,36.5591607],[-79.209959,36.5592194],[-79.2100172,36.5593329],[-79.2100543,36.5593984],[-79.2100972,36.559482],[-79.2102912,36.5598366],[-79.21042,36.5600764],[-79.2106048,36.5604144],[-79.2108465,36.5608605],[-79.2109524,36.5610596],[-79.2110692,36.561284],[-79.211211,36.5615484],[-79.2112293,36.5615802],[-79.2112441,36.5616026],[-79.2112548,36.5616168],[-79.2112956,36.5616655],[-79.211359,36.561745],[-79.211377,36.5617653],[-79.2113965,36.5617857],[-79.2114537,36.56184],[-79.2114848,36.5618664],[-79.2115166,36.5618919],[-79.2116176,36.5619673],[-79.211694,36.5620174],[-79.2117491,36.5620505],[-79.2118083,36.5620928],[-79.2118851,36.5621418],[-79.211912,36.5621611],[-79.2119381,36.5621834],[-79.2119547,36.5621994],[-79.2119704,36.5622162],[-79.2119919,36.5622427],[-79.2120108,36.5622709],[-79.2120215,36.5622904],[-79.2120304,36.5623102],[-79.2120414,36.5623399],[-79.2120475,36.5623596],[-79.2120524,36.5623795],[-79.2120561,36.5623996],[-79.2120583,36.5624201],[-79.212059,36.5624408],[-79.2120578,36.5624616],[-79.212055,36.5624822],[-79.2120509,36.5625026],[-79.2120435,36.5625326],[-79.2120374,36.5625523],[-79.2120299,36.5625716],[-79.2120209,36.5625904],[-79.2120105,36.5626086],[-79.2119815,36.5626515],[-79.2119388,36.5627085],[-79.2119171,36.5627448],[-79.2119106,36.5627539],[-79.2119032,36.5627625],[-79.2118865,36.5627784],[-79.2118682,36.5627927],[-79.2118403,36.5628119],[-79.2117398,36.5628751],[-79.2117207,36.562885],[-79.2116728,36.562905],[-79.2116561,36.5629142],[-79.2116341,36.5629304],[-79.2116081,36.5629546],[-79.2115959,36.5629676],[-79.2115845,36.5629813],[-79.2115216,36.5630684],[-79.2115131,36.5630832],[-79.2115058,36.5630984],[-79.2114889,36.563137],[-79.2114797,36.5631604],[-79.2114748,36.5631764],[-79.2114689,36.5632008],[-79.211458,36.5632679],[-79.211455,36.5633016],[-79.2114554,36.5633446],[-79.2114611,36.5634053],[-79.2114781,36.5635192],[-79.2114913,36.5635889],[-79.21151,36.5636668],[-79.2115242,36.5637188],[-79.2115396,36.5637706],[-79.2115533,36.5638133],[-79.2115682,36.5638555],[-79.2116019,36.5639397],[-79.2116679,36.5640919],[-79.2117468,36.564259],[-79.2117976,36.5643694],[-79.2118625,36.5645021],[-79.2118753,36.5645268],[-79.2119166,36.5645987],[-79.2119312,36.5646215],[-79.2119823,36.564687],[-79.2120064,36.5647151],[-79.2120638,36.5647758],[-79.2120845,36.5647945],[-79.2121068,36.5648119],[-79.2121868,36.5648667],[-79.212248,36.5649031],[-79.212291,36.5649304],[-79.212317,36.5649459],[-79.2123438,36.5649604],[-79.2123715,36.5649741],[-79.2125264,36.5650476],[-79.2125562,36.5650632],[-79.2125854,36.5650801],[-79.2126679,36.5651334],[-79.2126955,36.5651523],[-79.2127222,36.5651729],[-79.2127469,36.5651952],[-79.2127619,36.5652109],[-79.2127761,36.5652273],[-79.2127893,36.5652444],[-79.2128016,36.5652621],[-79.2128126,36.5652804],[-79.212822,36.5652991],[-79.2128371,36.5653368],[-79.2128516,36.5653839],[-79.2128601,36.5654219],[-79.2128644,36.5654505],[-79.2128687,36.5654977],[-79.2128754,36.565553],[-79.2128777,36.56559],[-79.2128782,36.5656273],[-79.2128774,36.5656646],[-79.2128754,36.5657015],[-79.2128707,36.5657566],[-79.2128601,36.5658557],[-79.2128561,36.5659111],[-79.2128534,36.5659301],[-79.2128489,36.5659488],[-79.2128036,36.5660908],[-79.2127821,36.5661732],[-79.2127727,36.5662004],[-79.2127654,36.5662181],[-79.2127323,36.5662883],[-79.2127124,36.5663236],[-79.2126625,36.5663981],[-79.2126436,36.5664224],[-79.2126296,36.5664383],[-79.2125989,36.5664685],[-79.2125668,36.566497],[-79.2125421,36.5665169],[-79.2125001,36.5665487],[-79.2124657,36.5665734],[-79.2124213,36.5666035],[-79.212341,36.5666541],[-79.2122927,36.5666915],[-79.2122497,36.5667208],[-79.2122133,36.566743],[-79.2121577,36.5667748],[-79.212085,36.5668176],[-79.2120413,36.5668455],[-79.2119895,36.5668812],[-79.2119715,36.5668928],[-79.2118162,36.5669855],[-79.2117457,36.5670243],[-79.2116601,36.5670729],[-79.2113615,36.5672541],[-79.2113156,36.5672807],[-79.2112668,36.5673067],[-79.2111886,36.5673452],[-79.2110791,36.5673942],[-79.2109371,36.5674499],[-79.2108586,36.5674833],[-79.2107989,36.567507],[-79.2106002,36.5675912],[-79.2104799,36.5676377],[-79.2103813,36.5676801],[-79.210291,36.5677151],[-79.2101718,36.5677648],[-79.2100021,36.5678337],[-79.2099223,36.5678675],[-79.209832,36.5679023],[-79.2096924,36.5679593],[-79.2096133,36.5679933],[-79.2095825,36.5680051],[-79.2095415,36.5680189],[-79.2095217,36.5680263],[-79.2093159,36.5681165],[-79.2090949,36.5682045],[-79.2088853,36.5682897],[-79.2085823,36.568407],[-79.2084699,36.5684491],[-79.2083172,36.5685048],[-79.2082344,36.5685332],[-79.2081525,36.5685635],[-79.2079441,36.568634],[-79.2077402,36.568691],[-79.2076207,36.568719],[-79.207523,36.5687427],[-79.2074024,36.5687683],[-79.2072923,36.568787],[-79.2071375,36.5688147],[-79.207104,36.5688195],[-79.2069359,36.5688402],[-79.2068242,36.5688513],[-79.2067297,36.5688581],[-79.2066548,36.5688649],[-79.2065755,36.5688697],[-79.2065037,36.5688751],[-79.2063948,36.5688844],[-79.2063153,36.5688887]],[[-79.2062939,36.5687152],[-79.2062255,36.5687208],[-79.2061698,36.5687311],[-79.2061483,36.5687342],[-79.2059074,36.5687608],[-79.2058303,36.56877],[-79.2057315,36.5687784],[-79.2056552,36.5687858],[-79.205535,36.568792],[-79.205447,36.5687954],[-79.2053018,36.5687967],[-79.2052121,36.5687996],[-79.2051679,36.5687999],[-79.2050252,36.5687966],[-79.2048804,36.568795],[-79.2047242,36.5687912],[-79.2046243,36.5687882],[-79.2045361,36.5687835],[-79.2044246,36.5687799],[-79.204035,36.5687606],[-79.2038011,36.568747],[-79.2034882,36.5687314],[-79.2034108,36.568726],[-79.2033429,36.5687237],[-79.2032771,36.56872],[-79.2031993,36.5687172],[-79.2029539,36.5687039],[-79.2028651,36.5687001],[-79.2027761,36.5686937],[-79.2026879,36.56869],[-79.2026012,36.5686847],[-79.2025611,36.5686807],[-79.2025325,36.5686758],[-79.2025048,36.5686691],[-79.202478,36.5686606],[-79.2024358,36.5686442],[-79.2024114,36.5686331],[-79.2023806,36.5686155],[-79.202352,36.5685957],[-79.2023328,36.568579],[-79.20231,36.568555],[-79.2022938,36.5685368],[-79.2022804,36.5685176],[-79.2022708,36.5684967],[-79.2022634,36.5684745],[-79.2022537,36.5684368],[-79.2022503,36.5684148],[-79.20225,36.5684002],[-79.2022515,36.5683857],[-79.2022575,36.5683561],[-79.2022648,36.5683258],[-79.20227,36.5683109],[-79.2022767,36.5682962],[-79.202285,36.568282],[-79.2022946,36.5682681],[-79.2023164,36.5682407],[-79.2023345,36.5682198],[-79.2023752,36.5681768],[-79.2024031,36.5681487],[-79.2024237,36.5681291],[-79.2024513,36.5681049],[-79.202485,36.5680764],[-79.2025054,36.5680613],[-79.2025626,36.5680257],[-79.202596,36.568007],[-79.2026239,36.5679932],[-79.2026817,36.5679664],[-79.2027006,36.5679584],[-79.2027195,36.5679516],[-79.2027482,36.5679433],[-79.2027874,36.5679343],[-79.2028993,36.5679141],[-79.2029508,36.567907],[-79.2030024,36.5679035],[-79.203034,36.5679031],[-79.2030878,36.567904],[-79.2031741,36.5679043],[-79.2032279,36.5679072],[-79.2032929,36.5679123],[-79.2033684,36.56792],[-79.2034325,36.5679283],[-79.2035389,36.5679443],[-79.203602,36.5679565],[-79.2036946,36.5679781],[-79.2037466,36.5679919],[-79.2038416,36.5680209],[-79.2039783,36.5680595],[-79.2040509,36.5680822],[-79.2041656,36.5681159],[-79.2043849,36.5681831],[-79.204532,36.5682269],[-79.2046175,36.5682514],[-79.2046936,36.5682714],[-79.2047493,36.5682845],[-79.2048061,36.5682959],[-79.2048967,36.5683119],[-79.2049542,36.56832],[-79.2050128,36.5683253],[-79.2050725,36.568328],[-79.2051323,36.5683278],[-79.2051916,36.5683249],[-79.2052389,36.5683206],[-79.2052856,36.5683142],[-79.205366,36.5683006],[-79.2054112,36.5682907],[-79.2055321,36.5682606],[-79.2055646,36.5682518],[-79.2057132,36.5682076],[-79.2058722,36.5681558],[-79.2059148,36.5681402],[-79.2059561,36.5681233],[-79.2060062,36.5681016],[-79.2060543,36.5680789],[-79.2060738,36.5680707],[-79.2061273,36.568054],[-79.2061489,36.5680459],[-79.2061699,36.5680365],[-79.2062005,36.5680211],[-79.20625,36.5679929],[-79.2062792,36.5679745],[-79.2063078,36.5679546],[-79.2063262,36.5679401],[-79.2063429,36.5679244],[-79.2063574,36.5679076],[-79.2063838,36.5678741],[-79.2064183,36.5678328],[-79.2064375,36.5678055],[-79.206453,36.5677762],[-79.2064641,36.5677463],[-79.2064807,36.5676792],[-79.2064937,36.5676322],[-79.2065,36.5676027],[-79.2065037,36.5675723],[-79.2065046,36.5675517],[-79.2065039,36.5675312],[-79.2065005,36.5675009],[-79.2064949,36.5674715],[-79.2064878,36.5674431],[-79.2064629,36.5673646],[-79.2064563,36.56734],[-79.2064549,36.5673232],[-79.2064579,36.5672421],[-79.2064568,36.5672228],[-79.2064519,36.567194],[-79.206445,36.5671652],[-79.2064365,36.567136],[-79.2064296,36.5671165],[-79.2064214,36.5670976],[-79.2063632,36.5669762],[-79.2063476,36.5669505],[-79.2063176,36.5669126],[-79.2063082,36.5668973],[-79.2063005,36.5668812],[-79.2062789,36.5668302],[-79.2062404,36.5667565],[-79.2062298,36.566732],[-79.2061939,36.5666367],[-79.2061587,36.5665501],[-79.20608,36.5663699],[-79.2060677,36.566344],[-79.2060237,36.5662579],[-79.2059881,36.5661973],[-79.2059765,36.5661799],[-79.2059637,36.5661627],[-79.2059497,36.5661457],[-79.2059268,36.5661207],[-79.2059013,36.5660965],[-79.2058724,36.5660741],[-79.2058398,36.5660541],[-79.2058161,36.5660423],[-79.2058037,36.566037],[-79.2057778,36.5660275],[-79.2057644,36.5660235],[-79.2057371,36.566017],[-79.2057094,36.5660126],[-79.2056956,36.5660112],[-79.2056682,36.56601],[-79.2056284,36.5660111],[-79.2055904,36.5660146],[-79.2055417,36.5660221],[-79.205506,36.5660294],[-79.2054713,36.5660388],[-79.2053943,36.5660625],[-79.2053627,36.5660732],[-79.2053019,36.5660955],[-79.205261,36.5661081],[-79.2051998,36.5661258],[-79.2051694,36.5661339],[-79.2051491,36.5661384],[-79.205119,36.5661437],[-79.2050902,36.5661477],[-79.2050628,36.56615],[-79.2050451,36.5661505],[-79.2050274,36.5661497],[-79.2050099,36.5661471],[-79.2049837,36.5661405],[-79.204939,36.5661269],[-79.2049119,36.5661169],[-79.2048854,36.5661048],[-79.2048426,36.5660814],[-79.2047929,36.5660495],[-79.2047107,36.5659912],[-79.2046797,36.5659674],[-79.2046572,36.5659488],[-79.204613,36.5659084],[-79.2045579,36.5658533],[-79.204528,36.5658202],[-79.2044758,36.5657573],[-79.2044426,36.5657151],[-79.2044154,36.5656779],[-79.2043554,36.5655894],[-79.2043275,36.5655504],[-79.2043124,36.565527],[-79.2042986,36.5655036],[-79.2042865,36.56548],[-79.2042718,36.5654479],[-79.2042578,36.5654156],[-79.2042484,36.5653914],[-79.2042403,36.5653674],[-79.2042338,36.5653434],[-79.2042293,36.5653197],[-79.2042274,36.5653042],[-79.2042266,36.5652889],[-79.2042271,36.5652737],[-79.2042304,36.565251],[-79.2042345,36.5652357],[-79.2042521,36.5651816],[-79.2042616,36.5651586],[-79.2042831,36.5651204],[-79.2043386,36.5650336],[-79.2043703,36.5649876],[-79.204423,36.5649173],[-79.2044396,36.5648926],[-79.2044554,36.564867],[-79.20447,36.5648405],[-79.2044827,36.5648134],[-79.2045082,36.5647497],[-79.204518,36.5647218],[-79.2045255,36.5646934],[-79.2045319,36.5646555],[-79.2045406,36.5645814],[-79.2045459,36.564507],[-79.2045467,36.5644696],[-79.2045437,36.5644142],[-79.2045431,36.5643873],[-79.2045463,36.5642453],[-79.20455,36.5641863],[-79.2045549,36.5641527],[-79.2045726,36.5640847],[-79.2045856,36.5640161],[-79.2045901,36.5639995],[-79.2045957,36.5639831],[-79.2046025,36.563967],[-79.2046145,36.5639432],[-79.2046696,36.5638443],[-79.2046787,36.5638266],[-79.2046902,36.5637995],[-79.2047137,36.5637358],[-79.2047248,36.5636982],[-79.2047315,36.5636696],[-79.2047357,36.5636408],[-79.2047389,36.5636026],[-79.2047386,36.5635644],[-79.2047243,36.5633727],[-79.2047173,36.5632551],[-79.2047133,36.5632099],[-79.2047038,36.5631294],[-79.2046987,36.5630416],[-79.2046989,36.5630152],[-79.2047034,36.5629698],[-79.2047035,36.562942],[-79.2046937,36.5627704],[-79.2046917,36.5626987],[-79.2046864,36.5626175],[-79.2046827,36.5625191],[-79.2046834,36.5624573],[-79.2046814,36.5623853],[-79.2046811,36.5622866],[-79.2046848,36.5621071],[-79.204687,36.5620452],[-79.2046907,36.5619753],[-79.2046939,36.5619398],[-79.2047047,36.5618597],[-79.2047332,36.5616267],[-79.2047416,36.5615732],[-79.2047485,36.5615197],[-79.2047635,36.5614216],[-79.204774,36.5613588],[-79.2047871,36.5612694],[-79.2048005,36.5611891],[-79.2048122,36.5611078],[-79.2048309,36.5609544],[-79.2048404,36.5608554],[-79.2048491,36.5607838],[-79.2048631,36.5606305],[-79.2048696,36.5605686],[-79.2048749,36.5605336],[-79.2048833,36.5604978],[-79.2048863,36.5604792],[-79.2048914,36.5603959],[-79.2048936,36.5603243],[-79.2048955,36.560289],[-79.2049074,36.5601546],[-79.2049192,36.5600467],[-79.2049233,36.5599921],[-79.2049279,36.5598472],[-79.2049272,36.5597916],[-79.2049291,36.5597366],[-79.2049292,36.5596716],[-79.2049274,36.5596337],[-79.2049209,36.5595872],[-79.2048983,36.5594881],[-79.204889,36.5594429],[-79.2048823,36.5594157],[-79.2048622,36.5593438],[-79.2048379,36.5592644],[-79.2047688,36.5590551],[-79.20475,36.5589948],[-79.2047354,36.558943],[-79.2047032,36.5588213],[-79.2046975,36.5587961],[-79.2046952,36.5587792],[-79.2046924,36.5587264],[-79.204685,36.5586472],[-79.2046834,36.5586129],[-79.204685,36.5585874],[-79.2046937,36.5585176],[-79.2046951,36.5584487],[-79.204698,36.5584327],[-79.2047005,36.5584248],[-79.2047148,36.5583921],[-79.2047215,36.5583743],[-79.2047255,36.5583558],[-79.204729,36.5583099],[-79.2047337,36.558284],[-79.2047498,36.5582325],[-79.2047666,36.5581701],[-79.2047917,36.5580895],[-79.2047987,36.5580621],[-79.2048044,36.5580341],[-79.2048109,36.5579968],[-79.204815,36.5579597],[-79.2048199,36.5578873],[-79.2048275,36.5577952],[-79.2048293,36.5577487],[-79.2048284,36.5577204],[-79.2048228,36.5576528],[-79.2048192,36.5576331],[-79.2048093,36.5576044],[-79.2047613,36.5574913],[-79.2047453,36.5574488],[-79.2047349,36.5574143],[-79.2047063,36.5573096],[-79.2046976,36.557275],[-79.2046906,36.5572411],[-79.2046881,36.5572242],[-79.2046868,36.5572072],[-79.2046888,36.5571536],[-79.204688,36.557135],[-79.2046851,36.5571166],[-79.2046735,36.5570731],[-79.2046709,36.5570564],[-79.2046701,36.5570398],[-79.204671,36.5570061],[-79.2046785,36.5569453],[-79.2046806,36.5569013],[-79.2046822,36.5568839],[-79.2046975,36.5567973],[-79.2047242,36.5566752],[-79.2047314,36.5566498],[-79.2047426,36.5566164],[-79.2047686,36.5565491],[-79.2047796,36.5565242],[-79.2048158,36.5564495],[-79.2049522,36.5561539],[-79.2049927,36.5560708],[-79.2050392,36.5559795],[-79.2050705,36.5559118],[-79.205091,36.5558698],[-79.205143,36.5557701],[-79.2051828,36.5556865],[-79.2052578,36.555535],[-79.205288,36.5554767],[-79.2053187,36.5554091],[-79.2053566,36.5553327],[-79.2053824,36.5552702],[-79.2053924,36.555242],[-79.2053982,36.5552228],[-79.2054054,36.5551941],[-79.2054112,36.555166],[-79.2054141,36.5551475],[-79.2054165,36.5551199],[-79.205419,36.5550549],[-79.2054184,36.555026],[-79.2054166,36.5549966],[-79.2054141,36.554977],[-79.2054105,36.5549576],[-79.2053974,36.5549011],[-79.20539,36.5548734],[-79.2053778,36.554837],[-79.2053668,36.5548104],[-79.2053474,36.5547682],[-79.2053411,36.5547514],[-79.205337,36.5547339],[-79.205334,36.5547157],[-79.205329,36.5546975],[-79.2052989,36.5546247],[-79.2052897,36.5546066],[-79.2052841,36.5545981],[-79.2052463,36.5545516],[-79.2052255,36.5545209],[-79.2051744,36.5544312],[-79.2051393,36.5543653],[-79.2051074,36.5543078],[-79.2050636,36.5542347],[-79.2050408,36.5541941],[-79.2050243,36.5541615],[-79.2050026,36.5541103],[-79.2049942,36.5540932],[-79.2049707,36.554052],[-79.2049452,36.5540021],[-79.2049071,36.5539361],[-79.20488,36.553887],[-79.2048471,36.5538204],[-79.2048131,36.5537549],[-79.2047938,36.5537142],[-79.2047558,36.5536296],[-79.204732,36.5535799],[-79.2047217,36.5535551],[-79.2046532,36.5533575],[-79.2046364,36.553306],[-79.2046177,36.5532363],[-79.2045963,36.5531663],[-79.2045791,36.5531055],[-79.2045197,36.5528861],[-79.2045036,36.5528329],[-79.2044841,36.5527621],[-79.2044303,36.5525794],[-79.2044199,36.5525372],[-79.2044125,36.552495],[-79.2044099,36.55247],[-79.2044085,36.5524454],[-79.2044082,36.5524293],[-79.204409,36.5524134],[-79.2044117,36.5523976],[-79.2044193,36.552366],[-79.2044239,36.5523504],[-79.20443,36.5523352],[-79.2044374,36.5523208],[-79.2044458,36.552307],[-79.2044656,36.5522799],[-79.2044838,36.5522592],[-79.204524,36.5522167],[-79.2045524,36.5521818],[-79.204565,36.5521699],[-79.2045784,36.5521593],[-79.2045993,36.5521453],[-79.2046734,36.5521026],[-79.204756,36.552049],[-79.2047795,36.5520362],[-79.2048134,36.552022],[-79.2048693,36.5519956],[-79.2048936,36.5519862],[-79.2049106,36.5519807],[-79.2049374,36.551974],[-79.2049562,36.5519708],[-79.2049853,36.5519678],[-79.2050144,36.5519659],[-79.2050417,36.5519654],[-79.2050582,36.5519665],[-79.2050734,36.5519695],[-79.2050805,36.5519719],[-79.2050939,36.551978],[-79.2051129,36.5519901],[-79.2051367,36.5520094],[-79.2051585,36.552031],[-79.2051735,36.5520497],[-79.2052358,36.5521402],[-79.2052808,36.552203],[-79.2053165,36.5522583],[-79.205449,36.5524567],[-79.2055557,36.5526057],[-79.2056143,36.5526838],[-79.2056621,36.5527451],[-79.2057235,36.5528312],[-79.2058966,36.5530622],[-79.2059641,36.5531573],[-79.2060302,36.5532425],[-79.2061288,36.5533754],[-79.2061871,36.5534558],[-79.2062592,36.5535485],[-79.2063149,36.5536267],[-79.2064134,36.5537575],[-79.2064819,36.5538502],[-79.2065295,36.5539114],[-79.2065742,36.553974],[-79.2066957,36.5541357],[-79.2067809,36.5542518],[-79.2068463,36.5543359],[-79.2069706,36.5545068],[-79.2070744,36.5546461],[-79.2071681,36.5547696],[-79.2072257,36.5548473],[-79.207414,36.555091],[-79.2074882,36.555191],[-79.2075206,36.5552372],[-79.2075457,36.5552765],[-79.2076264,36.555398],[-79.2077352,36.5555679],[-79.207786,36.5556492],[-79.2078613,36.5557618],[-79.2080217,36.5560191],[-79.2081105,36.5561646],[-79.2082356,36.5563659],[-79.2084518,36.5567215],[-79.2085725,36.5569244],[-79.2086582,36.5570706],[-79.208779,36.5572833],[-79.2088202,36.5573585],[-79.2088574,36.5574229],[-79.2089672,36.5576289],[-79.2090348,36.557753],[-79.2090735,36.557828],[-79.2091241,36.5579191],[-79.2091548,36.5579769],[-79.2091974,36.5580494],[-79.2092292,36.5581069],[-79.2093365,36.5582958],[-79.2093544,36.5583288],[-79.2093967,36.5584113],[-79.2094817,36.5585687],[-79.2095049,36.5586102],[-79.2095438,36.558675],[-79.2095798,36.5587404],[-79.2097692,36.5590961],[-79.2098145,36.5591776],[-79.2098264,36.5592021],[-79.2098335,36.5592187],[-79.2098505,36.5592715],[-79.2098946,36.559357],[-79.2099088,36.5593822],[-79.2099527,36.5594547],[-79.210026,36.5595862],[-79.2101838,36.5598746],[-79.2103125,36.5601144],[-79.2104974,36.5604525],[-79.2107211,36.5608652],[-79.2108313,36.5610717],[-79.2109791,36.5613541],[-79.2110768,36.561536],[-79.2111026,36.561586],[-79.2111371,36.5616562],[-79.2111526,36.5616828],[-79.2111643,36.5616998],[-79.2111831,36.5617239],[-79.2112571,36.5618085],[-79.2112732,36.5618231],[-79.2113074,36.5618494],[-79.2113855,36.5619149],[-79.2114065,36.5619355],[-79.2114472,36.5619799],[-79.2114706,36.5620015],[-79.2115049,36.5620282],[-79.2115758,36.5620765],[-79.211651,36.5621295],[-79.2117165,36.5621768],[-79.2117692,36.5622135],[-79.2117867,36.5622249],[-79.2118215,36.5622441],[-79.2118439,36.5622591],[-79.2118917,36.5622957],[-79.2119029,36.5623076],[-79.2119163,36.5623271],[-79.2119201,36.562334],[-79.2119257,36.5623486],[-79.2119313,36.5623716],[-79.211939,36.5624106],[-79.2119416,36.562426],[-79.211943,36.5624413],[-79.2119421,36.5624642],[-79.2119386,36.5624871],[-79.2119351,36.5625025],[-79.2119305,36.5625178],[-79.2119247,36.5625329],[-79.2119096,36.5625625],[-79.2118869,36.5625991],[-79.2118708,36.5626209],[-79.2118526,36.562642],[-79.2118325,36.5626615],[-79.2117999,36.5626905],[-79.2117722,36.5627116],[-79.2116677,36.5627841],[-79.2115811,36.5628466],[-79.2115466,36.5628754],[-79.2115066,36.5629133],[-79.2114848,36.5629366],[-79.2114582,36.5629681],[-79.2114391,36.5629923],[-79.2114212,36.5630177],[-79.2114103,36.5630353],[-79.2113956,36.5630625],[-79.2113828,36.5630902],[-79.2113719,36.5631184],[-79.211366,36.5631375],[-79.2113594,36.5631665],[-79.211348,36.5632427],[-79.2113459,36.5632618],[-79.2113454,36.5632906],[-79.2113481,36.5633379],[-79.2113502,36.5634032],[-79.2113529,36.563431],[-79.2113589,36.5634769],[-79.2113767,36.563586],[-79.2113825,36.5636133],[-79.2114129,36.5637395],[-79.211437,36.5638196],[-79.2114461,36.5638463],[-79.2114564,36.5638728],[-79.2114961,36.5639686],[-79.2115329,36.5640543],[-79.2115749,36.5641482],[-79.2116145,36.564233],[-79.2116352,36.5642753],[-79.2116745,36.5643498],[-79.211718,36.5644428],[-79.2117885,36.564577],[-79.2118168,36.5646274],[-79.211847,36.5646785],[-79.2118688,36.5647119],[-79.2118924,36.5647445],[-79.2119117,36.5647683],[-79.2119455,36.5648073],[-79.2119672,36.5648301],[-79.2119826,36.5648449],[-79.2120073,36.5648662],[-79.2120329,36.5648866],[-79.2120591,36.5649062],[-79.2120863,36.5649246],[-79.2121145,36.5649418],[-79.2121799,36.5649794],[-79.2122666,36.5650251],[-79.2123062,36.5650442],[-79.2123657,36.5650708],[-79.2124708,36.5651195],[-79.2124976,36.5651327],[-79.2125226,36.5651476],[-79.2125468,36.5651639],[-79.2125948,36.5651977],[-79.2126169,36.5652151],[-79.2126361,36.565234],[-79.2126876,36.5652933],[-79.212698,36.5653066],[-79.2127108,36.5653279],[-79.2127366,36.565381],[-79.2127488,36.565413],[-79.2127625,36.5654622],[-79.2127659,36.5654789],[-79.2127691,36.5655047],[-79.2127738,36.5656097],[-79.2127732,36.5656357],[-79.2127689,36.5656968],[-79.212764,36.5657407],[-79.212758,36.5658121],[-79.2127458,36.5659088],[-79.212726,36.5660121],[-79.2127198,36.5660387],[-79.2127053,36.5660909],[-79.2126937,36.5661244],[-79.212643,36.5662385],[-79.2126344,36.5662539],[-79.2126248,36.5662687],[-79.2125924,36.5663122],[-79.2125626,36.5663584],[-79.2125517,36.5663728],[-79.2125399,36.5663865],[-79.2125207,36.5664059],[-79.2124862,36.5664373],[-79.212397,36.566513],[-79.2123734,36.5665307],[-79.212307,36.5665763],[-79.2122809,36.5665933],[-79.2120948,36.5667057],[-79.2120409,36.5667371],[-79.2120038,36.5667572],[-79.2119186,36.5667996],[-79.2117661,36.56687],[-79.2116758,36.5669093],[-79.2116555,36.5669199],[-79.2115911,36.5669628],[-79.2115734,36.5669754],[-79.2115486,36.5669955],[-79.2115034,36.5670364],[-79.2114806,36.5670551],[-79.2114564,36.5670727],[-79.2114047,36.5671063],[-79.2113654,36.5671365],[-79.2113482,36.5671467],[-79.2113095,36.5671637],[-79.2112903,36.5671734],[-79.2112726,36.5671846],[-79.211248,36.567202],[-79.2112306,36.5672118],[-79.2111815,36.5672306],[-79.2111631,36.5672404],[-79.2111373,36.5672566],[-79.2111193,36.5672656],[-79.2110999,36.5672729],[-79.211059,36.5672865],[-79.2110396,36.5672954],[-79.211012,36.5673102],[-79.2109933,36.5673189],[-79.2109323,36.5673396],[-79.2108719,36.5673637],[-79.2108308,36.5673784],[-79.2108104,36.5673864],[-79.2107615,36.5674089],[-79.2107,36.5674326],[-79.2106804,36.5674421],[-79.2106528,36.5674574],[-79.2106342,36.5674664],[-79.2106146,36.5674736],[-79.2105741,36.5674871],[-79.2105335,36.5675026],[-79.2101155,36.5676759],[-79.210026,36.5677117],[-79.209976,36.5677327],[-79.2098858,36.5677675],[-79.2097554,36.5678199],[-79.209616,36.5678769],[-79.2095378,36.5679106],[-79.2093363,36.5679915],[-79.209099,36.5680899],[-79.2089405,36.5681573],[-79.2087511,36.5682321],[-79.2085095,36.5683251],[-79.2084191,36.5683589],[-79.2082158,36.5684331],[-79.2081144,36.5684689],[-79.2079919,36.5685106],[-79.207869,36.5685496],[-79.207765,36.5685792],[-79.2076925,36.5685984],[-79.2075866,36.5686235],[-79.2075121,36.5686395],[-79.2073729,36.5686665],[-79.2072325,36.5686925],[-79.2070703,36.5687176],[-79.2069289,36.5687365],[-79.2068977,36.5687389],[-79.2068876,36.5687388],[-79.206868,36.5687369],[-79.20684,36.5687309],[-79.2067487,36.5687045],[-79.2067143,36.568696],[-79.2067026,36.5686939],[-79.206679,36.5686911],[-79.2066426,36.5686893],[-79.2065796,36.5686893],[-79.2064828,36.5686933],[-79.2064033,36.5687038],[-79.2063483,36.5687091],[-79.2062939,36.5687152]]]}},{"type":"Feature","properties":{"role":"pit_lane","name":"Pit Lane","osm_way":20265833,"quality":{"source":"osm","accuracy_m":5.0,"measured":false,"note":"OSM-traced pit-lane centerline; not measured"}},"geometry":{"type":"LineString","coordinates":[[-79.2121158,36.5667524],[-79.2116694,36.5669387],[-79.2114022,36.5670494],[-79.2113094,36.5670888],[-79.2111963,36.5671412],[-79.210926,36.5672694],[-79.2107839,36.5673214],[-79.2106024,36.5673965],[-79.2100101,36.5676173],[-79.2094069,36.5678365],[-79.2084272,36.5681988],[-79.2080097,36.568354],[-79.207844,36.5684071],[-79.2076327,36.5684748],[-79.2074037,36.5685356],[-79.2068914,36.5686528],[-79.206819,36.5686676],[-79.2066522,36.5686926],[-79.2064426,36.5687196],[-79.2062655,36.5687422],[-79.2060989,36.5687599],[-79.2059525,36.568776],[-79.2057814,36.5687925],[-79.2056163,36.5688093],[-79.2052405,36.5688769]]}},{"type":"Feature","properties":{"role":"edge_unseen","side":"left","note":"bridged: the edge was not seen in the imagery here"},"geometry":{"type":"MultiLineString","coordinates":[[[-79.2040726,36.5679803],[-79.2040832,36.5679833],[-79.2040937,36.5679862],[-79.2041043,36.5679892],[-79.2041148,36.5679922],[-79.2041254,36.5679951]],[[-79.204157,36.568004],[-79.2041676,36.568007],[-79.2041781,36.5680101],[-79.2041887,36.5680133],[-79.2041993,36.5680164],[-79.20421,36.5680196]],[[-79.2042313,36.5680259],[-79.2042418,36.5680291],[-79.2042523,36.5680324],[-79.2042627,36.5680357],[-79.2042731,36.5680389]],[[-79.2043148,36.5680519],[-79.2043253,36.5680551],[-79.2043357,36.5680582],[-79.2043461,36.5680613],[-79.2043565,36.5680644],[-79.2043669,36.5680675],[-79.2043773,36.5680706],[-79.2043877,36.5680737],[-79.2043981,36.5680768],[-79.2044086,36.5680799]],[[-79.2044609,36.5680955],[-79.2044714,36.5680986],[-79.2044819,36.5681018],[-79.2044924,36.5681049],[-79.2045029,36.568108]],[[-79.2045446,36.5681205],[-79.204555,36.5681236],[-79.2045653,36.5681266],[-79.2045756,36.5681297],[-79.204586,36.5681327],[-79.2045965,36.5681358]],[[-79.2046593,36.568154],[-79.2046696,36.568157],[-79.2046799,36.5681599],[-79.2046902,36.5681627],[-79.2047006,36.5681655],[-79.204711,36.5681683]],[[-79.2050964,36.5682219],[-79.2051068,36.5682219],[-79.2051172,36.5682218],[-79.2051278,36.5682215],[-79.2051384,36.5682211],[-79.2051489,36.5682207],[-79.2051593,36.5682204],[-79.2051696,36.5682197],[-79.20518,36.5682189],[-79.2051903,36.5682182],[-79.2052007,36.5682174],[-79.2052109,36.5682163],[-79.2052212,36.5682152],[-79.2052315,36.568214],[-79.2052419,36.5682129],[-79.2052523,36.5682117],[-79.2052626,36.5682103],[-79.2052729,36.5682087],[-79.2052834,36.5682072],[-79.205294,36.5682056],[-79.2053046,36.5682037],[-79.2053152,36.5682018],[-79.2053256,36.5681999],[-79.2053359,36.5681981],[-79.205346,36.5681962],[-79.205356,36.5681941],[-79.2053661,36.5681919],[-79.2053763,36.5681897],[-79.2053866,36.5681875],[-79.2053971,36.5681852],[-79.2054075,36.5681827],[-79.2054181,36.5681802],[-79.2054286,36.5681776],[-79.2054392,36.568175],[-79.2054498,36.5681724],[-79.2054603,36.5681697],[-79.2054707,36.5681669],[-79.205481,36.5681642],[-79.2054913,36.5681615],[-79.2055015,36.5681588],[-79.2055116,36.5681559],[-79.2055218,36.5681531],[-79.2055319,36.5681502],[-79.2055422,36.5681473],[-79.2055525,36.5681444],[-79.205563,36.5681414],[-79.2055735,36.5681383],[-79.2055839,36.5681352],[-79.2055944,36.5681321],[-79.2056049,36.568129],[-79.2056153,36.5681258],[-79.2056258,36.5681227],[-79.2056362,36.5681196],[-79.2056465,36.5681166],[-79.2056566,36.5681134],[-79.2056667,36.5681103],[-79.2056767,36.5681071],[-79.2056868,36.568104],[-79.2056971,36.5681008],[-79.2057074,36.5680976]],[[-79.2058756,36.5680372],[-79.2058852,36.5680331],[-79.2058948,36.5680291],[-79.2059045,36.568025],[-79.2059141,36.568021]],[[-79.2061454,36.5668678],[-79.2061422,36.5668594],[-79.2061391,36.5668508],[-79.2061361,36.5668422],[-79.206133,36.5668335],[-79.2061299,36.5668247],[-79.2061268,36.5668158],[-79.2061236,36.5668068],[-79.2061207,36.5667976],[-79.2061177,36.5667884]],[[-79.2060599,36.5666337],[-79.2060563,36.5666252],[-79.2060527,36.5666168],[-79.2060492,36.5666085],[-79.2060456,36.5666001],[-79.206042,36.5665918],[-79.2060384,36.5665833],[-79.2060346,36.5665749],[-79.2060308,36.5665665],[-79.206027,36.5665581],[-79.2060231,36.5665498],[-79.2060194,36.5665414]],[[-79.2045912,36.5617586],[-79.2045925,36.5617496],[-79.2045938,36.5617407],[-79.2045951,36.5617317],[-79.2045964,36.5617228],[-79.2045976,36.5617138],[-79.2045989,36.5617049],[-79.2046002,36.5616959],[-79.2046015,36.5616869],[-79.2046028,36.561678],[-79.204604,36.561669],[-79.2046053,36.5616601],[-79.2046066,36.5616511],[-79.2046079,36.5616421],[-79.2046092,36.5616331],[-79.2046105,36.5616241]],[[-79.2045744,36.55851],[-79.2045754,36.5585014],[-79.2045763,36.5584927],[-79.2045773,36.5584838],[-79.2045783,36.5584748],[-79.2045793,36.5584654],[-79.2045806,36.5584557],[-79.2045819,36.5584457],[-79.2045833,36.5584355],[-79.2045853,36.5584252]],[[-79.2046313,36.5574233],[-79.2046287,36.5574143],[-79.2046261,36.5574055],[-79.2046235,36.5573966],[-79.2046212,36.5573878],[-79.204619,36.557379],[-79.2046167,36.5573701],[-79.2046145,36.5573613],[-79.2046122,36.5573525]],[[-79.2047891,36.5518727],[-79.204802,36.5518696],[-79.204815,36.551867],[-79.2048281,36.5518645],[-79.2048414,36.5518625],[-79.2048546,36.5518605],[-79.2048679,36.5518592],[-79.2048811,36.5518579],[-79.2048942,36.551857],[-79.2049072,36.5518562],[-79.2049203,36.5518559],[-79.2049334,36.5518555],[-79.2049463,36.5518552],[-79.2049591,36.5518551]],[[-79.2062444,36.5533201],[-79.2062484,36.5533286],[-79.2062525,36.553337],[-79.2062565,36.5533453],[-79.2062606,36.5533537],[-79.2062645,36.5533618],[-79.2062684,36.5533699]],[[-79.2063893,36.5535388],[-79.2063951,36.5535465],[-79.2064009,36.5535542],[-79.2064067,36.5535619],[-79.2064125,36.5535695]],[[-79.2068449,36.5541484],[-79.2068506,36.5541562],[-79.2068563,36.5541639],[-79.206862,36.5541717],[-79.2068676,36.5541794]],[[-79.20747,36.5549794],[-79.2074759,36.5549871],[-79.2074817,36.5549948],[-79.2074875,36.5550025],[-79.2074934,36.5550102]],[[-79.2077211,36.5553312],[-79.2077272,36.5553387],[-79.2077337,36.555346],[-79.2077402,36.5553533],[-79.2077467,36.5553606],[-79.2077533,36.555368],[-79.2077598,36.5553753]],[[-79.2087022,36.556925],[-79.208707,36.5569331],[-79.2087118,36.5569412],[-79.2087166,36.5569494],[-79.2087214,36.5569575],[-79.2087263,36.5569656]],[[-79.2090133,36.5574555],[-79.2090181,36.5574637],[-79.2090228,36.5574718],[-79.2090276,36.5574801],[-79.2090324,36.5574883],[-79.2090372,36.5574966],[-79.2090416,36.557505],[-79.209046,36.5575134],[-79.2090504,36.5575217],[-79.2090548,36.55753],[-79.2090592,36.5575383],[-79.2090636,36.5575466],[-79.209068,36.5575549]],[[-79.2090988,36.5576126],[-79.2091033,36.5576207],[-79.2091077,36.5576289],[-79.2091122,36.5576371],[-79.2091167,36.5576453],[-79.2091212,36.5576535],[-79.2091257,36.5576618],[-79.2091303,36.55767],[-79.209135,36.5576782],[-79.2091397,36.5576863],[-79.2091444,36.5576945],[-79.2091491,36.5577027],[-79.2091538,36.5577109],[-79.2091585,36.557719],[-79.2091632,36.5577272],[-79.209168,36.5577354],[-79.2091727,36.5577435],[-79.2091774,36.5577517],[-79.209182,36.5577598],[-79.2091867,36.5577679],[-79.2091913,36.5577759],[-79.209196,36.557784],[-79.2092007,36.5577921],[-79.2092053,36.5578002],[-79.20921,36.5578083],[-79.2092148,36.5578165],[-79.2092196,36.5578246],[-79.2092244,36.5578327],[-79.2092292,36.5578409],[-79.209234,36.557849],[-79.2092388,36.5578572],[-79.2092436,36.5578653],[-79.2092484,36.5578734],[-79.2092532,36.5578816],[-79.209258,36.5578897],[-79.2092628,36.5578979],[-79.2092676,36.557906],[-79.2092724,36.5579141],[-79.2092772,36.5579223],[-79.209282,36.5579304],[-79.2092868,36.5579386],[-79.2092916,36.5579468],[-79.2092959,36.5579552],[-79.2093002,36.5579638],[-79.2093046,36.5579723],[-79.2093089,36.5579809],[-79.2093132,36.5579894],[-79.2093175,36.5579979],[-79.2093217,36.5580063]],[[-79.2102507,36.5597626],[-79.2102552,36.5597708],[-79.2102597,36.5597791],[-79.2102643,36.5597873],[-79.2102688,36.5597956],[-79.2102733,36.5598039],[-79.2102779,36.5598122],[-79.2102824,36.5598205],[-79.2102869,36.5598288],[-79.2102914,36.5598371],[-79.2102959,36.5598453],[-79.2103003,36.5598536],[-79.2103048,36.5598619],[-79.2103092,36.5598701],[-79.2103137,36.5598784],[-79.2103181,36.5598867],[-79.2103225,36.5598949],[-79.210327,36.5599032],[-79.2103314,36.5599115],[-79.2103359,36.5599197],[-79.2103403,36.559928],[-79.2103447,36.5599363],[-79.2103492,36.5599445],[-79.2103536,36.5599528]],[[-79.2103625,36.5599694],[-79.2103669,36.5599776],[-79.2103714,36.5599859],[-79.2103758,36.5599942],[-79.2103803,36.5600024],[-79.2103847,36.5600107],[-79.2103892,36.560019]],[[-79.2104472,36.5601261],[-79.2104517,36.5601343],[-79.2104562,36.5601426],[-79.2104607,36.5601508],[-79.2104652,36.560159]],[[-79.2104922,36.5602085],[-79.2104967,36.5602168],[-79.2105012,36.560225],[-79.2105058,36.5602332],[-79.2105103,36.5602415],[-79.2105148,36.5602497],[-79.2105193,36.560258],[-79.2105238,36.5602662],[-79.2105283,36.5602745],[-79.2105328,36.5602827]],[[-79.2105779,36.5603652],[-79.2105824,36.5603734],[-79.2105869,36.5603817],[-79.2105914,36.5603899],[-79.2105959,36.5603982],[-79.2106004,36.5604064],[-79.210605,36.5604147],[-79.2106094,36.560423],[-79.2106139,36.5604313],[-79.2106184,36.5604395]],[[-79.2106274,36.5604561],[-79.2106318,36.5604643],[-79.2106363,36.5604726],[-79.2106408,36.5604808],[-79.2106453,36.5604891],[-79.2106497,36.5604973],[-79.2106542,36.5605056],[-79.2106587,36.5605138],[-79.2106632,36.5605221],[-79.2106676,36.5605304],[-79.2106721,36.5605386],[-79.2106766,36.5605469],[-79.2106811,36.5605551],[-79.2106855,36.5605634],[-79.21069,36.5605716],[-79.2106945,36.5605799],[-79.2106989,36.5605882],[-79.2107034,36.5605964],[-79.2107079,36.5606047],[-79.2107124,36.5606129],[-79.2107168,36.5606212],[-79.2107213,36.5606294]],[[-79.2107526,36.5606872],[-79.2107571,36.5606955],[-79.2107616,36.5607038],[-79.210766,36.560712],[-79.2107705,36.5607203],[-79.210775,36.5607285]],[[-79.2108108,36.5607946],[-79.2108153,36.5608028],[-79.2108197,36.5608111],[-79.2108242,36.5608194],[-79.2108287,36.5608277],[-79.2108332,36.560836],[-79.2108377,36.5608443],[-79.2108422,36.5608526],[-79.2108467,36.5608609],[-79.2108511,36.5608692],[-79.2108555,36.5608774],[-79.2108599,36.5608857],[-79.2108643,36.560894],[-79.2108687,36.5609023]],[[-79.210904,36.5609685],[-79.2109084,36.5609768],[-79.2109128,36.5609851],[-79.2109172,36.5609934],[-79.2109216,36.5610017],[-79.210926,36.56101],[-79.2109304,36.5610182],[-79.2109348,36.5610266],[-79.2109393,36.5610349],[-79.2109437,36.5610432],[-79.2109481,36.5610516],[-79.2109526,36.5610599],[-79.2109569,36.5610682],[-79.2109612,36.5610766],[-79.2109656,36.5610849],[-79.2109699,36.5610932],[-79.2109742,36.5611015],[-79.2109785,36.5611098],[-79.2109829,36.5611181],[-79.2109872,36.5611264],[-79.2109915,36.5611347]],[[-79.2110175,36.5611846],[-79.2110218,36.5611929],[-79.2110261,36.5612012],[-79.2110304,36.5612095],[-79.2110348,36.5612178],[-79.2110391,36.5612261],[-79.2110434,36.5612344],[-79.2110477,36.5612427],[-79.211052,36.5612511]],[[-79.2110693,36.5612843],[-79.2110738,36.5612925],[-79.2110782,36.5613007],[-79.2110826,36.5613089],[-79.211087,36.5613171],[-79.2110914,36.5613253],[-79.2110958,36.5613335]],[[-79.2093954,36.5680817],[-79.2093855,36.568086],[-79.2093757,36.5680903],[-79.2093659,36.5680946],[-79.2093561,36.5680989]]]}},{"type":"Feature","properties":{"role":"edge_unseen","side":"right","note":"bridged: the edge was not seen in the imagery here"},"geometry":{"type":"MultiLineString","coordinates":[[[-79.2058284,36.5681701],[-79.205839,36.5681666],[-79.2058497,36.5681631],[-79.2058606,36.5681596],[-79.2058715,36.568156],[-79.2058822,36.5681521],[-79.205893,36.5681482]],[[-79.2046939,36.5637895],[-79.2046972,36.5637806],[-79.2047005,36.5637716],[-79.2047038,36.5637625],[-79.2047072,36.5637533],[-79.2047106,36.5637441],[-79.204714,36.5637348],[-79.2047168,36.5637254],[-79.2047196,36.5637159],[-79.2047224,36.5637064],[-79.2047251,36.5636968],[-79.2047274,36.5636872]],[[-79.2047147,36.5617782],[-79.2047158,36.5617692],[-79.2047169,36.5617602],[-79.204718,36.5617513],[-79.2047191,36.5617423],[-79.2047202,36.5617333],[-79.2047213,36.5617244],[-79.2047224,36.5617154],[-79.2047234,36.5617064],[-79.2047245,36.5616975],[-79.2047256,36.5616885],[-79.2047267,36.5616795],[-79.2047278,36.5616706],[-79.2047289,36.5616616],[-79.20473,36.5616527],[-79.2047311,36.5616437],[-79.2047322,36.5616349]],[[-79.2048541,36.5607286],[-79.204855,36.5607196],[-79.2048558,36.5607106],[-79.2048566,36.5607016],[-79.2048574,36.5606926],[-79.2048582,36.5606836]],[[-79.2048914,36.560395],[-79.2048917,36.5603857],[-79.204892,36.5603766],[-79.2048923,36.5603676],[-79.2048925,36.5603587],[-79.2048928,36.5603498],[-79.2048931,36.560341],[-79.2048934,36.5603323],[-79.2048936,36.5603235],[-79.2048941,36.5603148],[-79.2048946,36.560306],[-79.2048951,36.5602972],[-79.2048956,36.5602883],[-79.2048963,36.5602794],[-79.2048971,36.5602705],[-79.2048979,36.5602615]],[[-79.2049262,36.5599006],[-79.2049265,36.5598915],[-79.2049268,36.5598825],[-79.2049271,36.5598735],[-79.2049274,36.5598644],[-79.2049276,36.5598552],[-79.2049279,36.5598459],[-79.2049278,36.5598366],[-79.2049276,36.5598273]],[[-79.2048205,36.5578801],[-79.2048213,36.5578708],[-79.2048221,36.5578611],[-79.2048229,36.5578513],[-79.2048237,36.5578414],[-79.2048245,36.5578316],[-79.2048253,36.557822],[-79.2048261,36.5578126],[-79.2048268,36.5578033],[-79.2048275,36.5577941],[-79.2048279,36.5577847],[-79.2048283,36.5577753],[-79.2048286,36.5577659],[-79.204829,36.5577565],[-79.2048293,36.5577472],[-79.204829,36.5577379],[-79.2048287,36.5577285]],[[-79.2045789,36.5531046],[-79.2045765,36.5530958],[-79.2045741,36.5530871],[-79.2045718,36.5530784],[-79.2045694,36.5530696],[-79.204567,36.5530609],[-79.2045647,36.5530521],[-79.2045623,36.5530433],[-79.2045599,36.5530345],[-79.2045575,36.5530257],[-79.2045551,36.5530169],[-79.2045527,36.5530081]],[[-79.2044936,36.5527966],[-79.2044912,36.5527878],[-79.2044888,36.552779],[-79.2044863,36.5527702],[-79.2044839,36.5527614],[-79.2044813,36.5527527],[-79.2044787,36.5527439],[-79.2044762,36.5527351],[-79.2044736,36.5527264],[-79.204471,36.5527177],[-79.2044684,36.552709],[-79.2044659,36.5527003],[-79.2044633,36.5526916],[-79.2044608,36.5526828],[-79.2044582,36.5526741],[-79.2044556,36.5526654],[-79.204453,36.5526566],[-79.2044504,36.5526478],[-79.2044479,36.5526391],[-79.2044453,36.5526303],[-79.2044427,36.5526215],[-79.2044401,36.5526128],[-79.2044376,36.5526041],[-79.2044351,36.5525956],[-79.2044326,36.5525871],[-79.2044301,36.5525787],[-79.204428,36.5525702],[-79.204426,36.5525618]],[[-79.2044218,36.5525449],[-79.2044198,36.5525365],[-79.2044183,36.552528],[-79.2044168,36.5525194],[-79.2044153,36.5525108],[-79.2044138,36.5525022],[-79.2044124,36.5524937],[-79.2044115,36.5524852],[-79.2044106,36.5524769],[-79.2044098,36.5524687],[-79.2044094,36.5524605]],[[-79.2045731,36.5521635],[-79.2045798,36.5521583],[-79.2045866,36.5521538],[-79.2045931,36.5521494],[-79.2045995,36.5521452],[-79.2046063,36.5521413],[-79.2046134,36.5521372],[-79.2046207,36.5521329]],[[-79.2071854,36.554793],[-79.2071912,36.5548007],[-79.2071969,36.5548084],[-79.2072026,36.5548162],[-79.2072084,36.5548239],[-79.2072142,36.5548317]],[[-79.2099141,36.559391],[-79.2099191,36.5593992],[-79.209924,36.5594073],[-79.2099289,36.5594154],[-79.2099338,36.5594234],[-79.2099386,36.5594314],[-79.2099434,36.5594393],[-79.2099481,36.5594471],[-79.2099528,36.5594549],[-79.2099573,36.5594629],[-79.2099618,36.559471],[-79.2099664,36.5594792],[-79.209971,36.5594875]],[[-79.2110681,36.5615197],[-79.2110725,36.5615279],[-79.2110769,36.5615362],[-79.2110812,36.5615444],[-79.2110854,36.5615527],[-79.2110897,36.5615611],[-79.211094,36.5615694],[-79.2110983,36.5615777],[-79.2111027,36.5615861],[-79.2111068,36.5615946],[-79.211111,36.5616032],[-79.2111153,36.5616118],[-79.2111196,36.5616205],[-79.2111239,36.5616293],[-79.2111282,36.5616381],[-79.2111326,36.5616471],[-79.2111372,36.5616563],[-79.2111424,36.5616653],[-79.2111477,36.5616744],[-79.2111531,36.5616835],[-79.211159,36.5616922],[-79.211165,36.5617007]],[[-79.2116597,36.5621358],[-79.2116675,36.5621414],[-79.2116755,36.5621472],[-79.2116836,36.562153],[-79.2116919,36.562159],[-79.2117002,36.5621651],[-79.2117087,36.5621712],[-79.2117174,36.5621774]],[[-79.2116184,36.5669446],[-79.2116096,36.5669505],[-79.2116007,36.5669564],[-79.2115918,36.5669623],[-79.2115829,36.5669686],[-79.2115739,36.566975],[-79.2115653,36.566982],[-79.2115567,36.5669889],[-79.2115483,36.5669958],[-79.2115404,36.5670029],[-79.2115327,36.5670099],[-79.2115251,36.5670168],[-79.2115177,36.5670235],[-79.2115104,36.5670301],[-79.2115032,36.5670366],[-79.2114957,36.5670427],[-79.2114884,36.5670487],[-79.2114811,36.5670547],[-79.2114733,36.5670604],[-79.2114654,36.5670662],[-79.2114573,36.567072],[-79.2114488,36.5670777],[-79.2114401,36.5670833]],[[-79.2104138,36.5675522],[-79.2104036,36.5675564],[-79.2103936,36.5675606],[-79.2103836,36.5675647],[-79.2103737,36.5675689],[-79.2103637,36.567573],[-79.2103539,36.5675771],[-79.210344,36.5675812],[-79.2103343,36.5675852],[-79.2103246,36.5675892],[-79.2103149,36.5675932],[-79.2103051,36.5675973],[-79.2102953,36.5676014],[-79.2102854,36.5676055],[-79.2102754,36.5676096],[-79.2102654,36.5676137],[-79.2102553,36.5676179],[-79.2102452,36.5676221],[-79.2102351,36.5676263],[-79.2102251,36.5676305],[-79.210215,36.5676346],[-79.2102051,36.5676388],[-79.2101951,36.5676429],[-79.2101852,36.567647],[-79.2101752,36.5676511],[-79.2101653,36.5676553],[-79.2101554,36.5676594],[-79.2101454,36.5676635],[-79.2101355,36.5676676],[-79.2101256,36.5676717],[-79.2101158,36.5676758],[-79.2101059,36.5676797],[-79.210096,36.5676837],[-79.2100861,36.5676877],[-79.2100762,36.5676916],[-79.2100662,36.5676956],[-79.2100562,36.5676996],[-79.2100462,36.5677036],[-79.2100362,36.5677076],[-79.2100262,36.5677116],[-79.2100162,36.5677158],[-79.2100063,36.56772],[-79.2099964,36.5677241]],[[-79.2076405,36.5686107],[-79.2076298,36.5686133],[-79.2076191,36.5686158],[-79.2076084,36.5686183],[-79.2075977,36.5686209],[-79.207587,36.5686234],[-79.2075762,36.5686257],[-79.2075654,36.5686281],[-79.2075546,36.5686304],[-79.2075438,36.5686327],[-79.2075331,36.568635],[-79.2075225,36.5686373],[-79.2075121,36.5686395],[-79.2075016,36.5686415],[-79.2074912,36.5686436],[-79.2074807,36.5686456],[-79.20747,36.5686477],[-79.2074593,36.5686497],[-79.2074485,36.5686518],[-79.2074376,36.5686539],[-79.2074268,36.5686561],[-79.2074159,36.5686582],[-79.207405,36.5686603],[-79.2073942,36.5686624],[-79.2073834,36.5686645],[-79.2073727,36.5686665],[-79.2073621,36.5686685],[-79.2073515,36.5686705]],[[-79.2070495,36.5687204],[-79.2070386,36.5687218],[-79.2070277,36.5687233],[-79.2070167,36.5687248],[-79.2070057,36.5687262],[-79.2069946,36.5687277],[-79.2069836,36.5687292],[-79.2069727,36.5687306],[-79.2069618,36.5687321],[-79.2069511,36.5687335],[-79.2069407,36.5687349],[-79.2069304,36.5687363],[-79.2069203,36.5687372],[-79.2069103,36.5687379],[-79.2069006,36.5687387],[-79.206891,36.5687388],[-79.2068815,36.5687382],[-79.206872,36.5687373],[-79.2068625,36.5687357],[-79.2068529,36.5687337],[-79.2068432,36.5687316],[-79.2068335,36.568729],[-79.2068236,36.5687262],[-79.2068135,36.5687232],[-79.2068031,36.5687202],[-79.2067925,36.5687172],[-79.2067818,36.5687141],[-79.206771,36.5687109],[-79.20676,36.5687078],[-79.2067488,36.5687045],[-79.2067372,36.5687017]],[[-79.2066993,36.5686935],[-79.2066862,36.568692],[-79.2066734,36.5686908],[-79.2066609,36.5686902],[-79.2066487,36.5686896],[-79.2066367,36.5686893],[-79.2066247,36.5686893],[-79.2066127,36.5686893],[-79.2066007,36.5686893],[-79.2065887,36.5686893],[-79.2065767,36.5686894],[-79.2065648,36.5686899],[-79.206553,36.5686904],[-79.2065414,36.5686909],[-79.2065298,36.5686914]],[[-79.20636,36.568708],[-79.2063491,36.568709],[-79.2063381,36.5687102],[-79.2063272,36.5687115],[-79.2063163,36.5687127],[-79.2063054,36.5687139],[-79.2062947,36.5687151]]]}},{"type":"Feature","properties":{"role":"start_finish","id":"start_finish","marker":0.0,"width_m":19.35,"quality":{"source":"naip","accuracy_m":2.16,"relative_accuracy_m":1.75,"measured":false,"date":"2023-10-13"}},"geometry":{"type":"LineString","coordinates":[[-79.2063145,36.5688887],[-79.2062947,36.5687151]]}},{"type":"Feature","properties":{"role":"pit_entry","id":"pit_entry","marker":0.89998,"width_m":13.65,"quality":{"source":"naip","accuracy_m":2.16,"relative_accuracy_m":1.75,"measured":false,"date":"2023-10-13"}},"geometry":{"type":"LineString","coordinates":[[-79.2116947,36.5670533],[-79.2116007,36.5669564]]}},{"type":"Feature","properties":{"role":"pit_exit","id":"pit_exit","marker":0.01497,"width_m":13.57,"quality":{"source":"naip","accuracy_m":1.28,"relative_accuracy_m":0.25,"measured":true,"date":"2023-10-13"}},"geometry":{"type":"LineString","coordinates":[[-79.205426,36.5689179],[-79.2054247,36.5687956]]}},{"type":"Feature","properties":{"role":"corner_entry","id":"t1-entry","marker":0.06311,"width_m":12.37,"quality":{"source":"naip","accuracy_m":1.28,"relative_accuracy_m":0.25,"measured":true,"date":"2023-10-13"},"corner":"t1"},"geometry":{"type":"LineString","coordinates":[[-79.2025973,36.5687962],[-79.2026104,36.5686853]]}},{"type":"Feature","properties":{"role":"corner_exit","id":"t1-exit","marker":0.07889,"width_m":11.3,"quality":{"source":"naip","accuracy_m":1.28,"relative_accuracy_m":0.25,"measured":true,"date":"2023-10-13"},"corner":"t1"},"geometry":{"type":"LineString","coordinates":[[-79.2022237,36.5681699],[-79.2023274,36.5682279]]}},{"type":"Feature","properties":{"role":"corner_entry","id":"t2-entry","marker":0.12319,"width_m":11.41,"quality":{"source":"naip","accuracy_m":2.16,"relative_accuracy_m":1.75,"measured":false,"date":"2023-10-13"},"corner":"t2"},"geometry":{"type":"LineString","coordinates":[[-79.2046696,36.568157],[-79.2046277,36.5682541]]}},{"type":"Feature","properties":{"role":"corner_exit","id":"t2-exit","marker":0.1384,"width_m":11.58,"quality":{"source":"naip","accuracy_m":2.16,"relative_accuracy_m":1.75,"measured":false,"date":"2023-10-13"},"corner":"t2"},"geometry":{"type":"LineString","coordinates":[[-79.2055015,36.5681588],[-79.2055426,36.5682578]]}},{"type":"Feature","properties":{"role":"corner_entry","id":"t3-entry","marker":0.14943,"width_m":12.97,"quality":{"source":"naip","accuracy_m":1.28,"relative_accuracy_m":0.25,"measured":true,"date":"2023-10-13"},"corner":"t3"},"geometry":{"type":"LineString","coordinates":[[-79.2060762,36.5679448],[-79.2061486,36.568046]]}},{"type":"Feature","properties":{"role":"corner_exit","id":"t3-exit","marker":0.16274,"width_m":13.26,"quality":{"source":"naip","accuracy_m":1.28,"relative_accuracy_m":0.25,"measured":true,"date":"2023-10-13"},"corner":"t3"},"geometry":{"type":"LineString","coordinates":[[-79.2063449,36.5674759],[-79.2064902,36.5674526]]}},{"type":"Feature","properties":{"role":"corner_entry","id":"t4-entry","marker":0.18992,"width_m":11.98,"quality":{"source":"naip","accuracy_m":1.28,"relative_accuracy_m":0.25,"measured":true,"date":"2023-10-13"},"corner":"t4"},"geometry":{"type":"LineString","coordinates":[[-79.2058791,36.5662638],[-79.2059989,36.5662156]]}},{"type":"Feature","properties":{"role":"corner_exit","id":"t4-exit","marker":0.19905,"width_m":11.34,"quality":{"source":"naip","accuracy_m":1.28,"relative_accuracy_m":0.25,"measured":true,"date":"2023-10-13"},"corner":"t4"},"geometry":{"type":"LineString","coordinates":[[-79.2055176,36.566134],[-79.2054825,36.5660358]]}},{"type":"Feature","properties":{"role":"corner_entry","id":"t5-entry","marker":0.20437,"width_m":9.9,"quality":{"source":"naip","accuracy_m":1.28,"relative_accuracy_m":0.25,"measured":true,"date":"2023-10-13"},"corner":"t5"},"geometry":{"type":"LineString","coordinates":[[-79.2052234,36.5662135],[-79.205189,36.5661287]]}},{"type":"Feature","properties":{"role":"corner_exit","id":"t5-exit","marker":0.21198,"width_m":9.74,"quality":{"source":"naip","accuracy_m":1.28,"relative_accuracy_m":0.25,"measured":true,"date":"2023-10-13"},"corner":"t5"},"geometry":{"type":"LineString","coordinates":[[-79.2047584,36.5661395],[-79.2048261,36.5660708]]}},{"type":"Feature","properties":{"role":"corner_entry","id":"t6-entry","marker":0.22795,"width_m":9.83,"quality":{"source":"naip","accuracy_m":1.28,"relative_accuracy_m":0.25,"measured":true,"date":"2023-10-13"},"corner":"t6"},"geometry":{"type":"LineString","coordinates":[[-79.2041896,36.5655229],[-79.2042905,36.5654878]]}},{"type":"Feature","properties":{"role":"corner_exit","id":"t6-exit","marker":0.23707,"width_m":10.08,"quality":{"source":"naip","accuracy_m":1.28,"relative_accuracy_m":0.25,"measured":true,"date":"2023-10-13"},"corner":"t6"},"geometry":{"type":"LineString","coordinates":[[-79.2041879,36.5650712],[-79.2042882,36.5651124]]}},{"type":"Feature","properties":{"role":"corner_entry","id":"t7-entry","marker":0.26464,"width_m":9.67,"quality":{"source":"naip","accuracy_m":1.28,"relative_accuracy_m":0.25,"measured":true,"date":"2023-10-13"},"corner":"t7"},"geometry":{"type":"LineString","coordinates":[[-79.2045607,36.5638273],[-79.2046602,36.5638612]]}},{"type":"Feature","properties":{"role":"corner_exit","id":"t7-exit","marker":0.27206,"width_m":10.11,"quality":{"source":"naip","accuracy_m":1.28,"relative_accuracy_m":0.25,"measured":true,"date":"2023-10-13"},"corner":"t7"},"geometry":{"type":"LineString","coordinates":[[-79.2046209,36.5635024],[-79.2047337,36.5634984]]}},{"type":"Feature","properties":{"role":"corner_entry","id":"t8-entry","marker":0.34867,"width_m":10.4,"quality":{"source":"naip","accuracy_m":2.16,"relative_accuracy_m":1.75,"measured":false,"date":"2023-10-13"},"corner":"t8"},"geometry":{"type":"LineString","coordinates":[[-79.2048108,36.5598775],[-79.2049268,36.5598825]]}},{"type":"Feature","properties":{"role":"corner_exit","id":"t8-exit","marker":0.36065,"width_m":9.49,"quality":{"source":"naip","accuracy_m":1.28,"relative_accuracy_m":0.25,"measured":true,"date":"2023-10-13"},"corner":"t8"},"geometry":{"type":"LineString","coordinates":[[-79.2047482,36.559328],[-79.2048511,36.5593074]]}},{"type":"Feature","properties":{"role":"corner_entry","id":"t9-entry","marker":0.36902,"width_m":9.49,"quality":{"source":"naip","accuracy_m":1.28,"relative_accuracy_m":0.25,"measured":true,"date":"2023-10-13"},"corner":"t9"},"geometry":{"type":"LineString","coordinates":[[-79.2046269,36.5589424],[-79.2047305,36.5589245]]}},{"type":"Feature","properties":{"role":"corner_exit","id":"t9-exit","marker":0.38119,"width_m":10.67,"quality":{"source":"naip","accuracy_m":1.28,"relative_accuracy_m":0.25,"measured":true,"date":"2023-10-13"},"corner":"t9"},"geometry":{"type":"LineString","coordinates":[[-79.2046055,36.558352],[-79.2047216,36.5583737]]}},{"type":"Feature","properties":{"role":"corner_entry","id":"t10-entry","marker":0.39202,"width_m":10.76,"quality":{"source":"naip","accuracy_m":2.16,"relative_accuracy_m":1.75,"measured":false,"date":"2023-10-13"},"corner":"t10"},"geometry":{"type":"LineString","coordinates":[[-79.2047024,36.5578523],[-79.2048221,36.5578611]]}},{"type":"Feature","properties":{"role":"corner_exit","id":"t10-exit","marker":0.3983,"width_m":10.49,"quality":{"source":"naip","accuracy_m":1.28,"relative_accuracy_m":0.25,"measured":true,"date":"2023-10-13"},"corner":"t10"},"geometry":{"type":"LineString","coordinates":[[-79.2046732,36.5575748],[-79.2047862,36.55755]]}},{"type":"Feature","properties":{"role":"corner_entry","id":"t11-entry","marker":0.40704,"width_m":10.43,"quality":{"source":"naip","accuracy_m":1.28,"relative_accuracy_m":0.25,"measured":true,"date":"2023-10-13"},"corner":"t11"},"geometry":{"type":"LineString","coordinates":[[-79.2045725,36.5571599],[-79.2046888,36.5571534]]}},{"type":"Feature","properties":{"role":"corner_exit","id":"t11-exit","marker":0.4213,"width_m":9.32,"quality":{"source":"naip","accuracy_m":1.28,"relative_accuracy_m":0.25,"measured":true,"date":"2023-10-13"},"corner":"t11"},"geometry":{"type":"LineString","coordinates":[[-79.2046899,36.5564786],[-79.2047878,36.5565072]]}},{"type":"Feature","properties":{"role":"corner_entry","id":"t12-entry","marker":0.44754,"width_m":9.45,"quality":{"source":"naip","accuracy_m":1.28,"relative_accuracy_m":0.25,"measured":true,"date":"2023-10-13"},"corner":"t12"},"geometry":{"type":"LineString","coordinates":[[-79.2052495,36.5553194],[-79.2053483,36.5553494]]}},{"type":"Feature","properties":{"role":"corner_exit","id":"t12-exit","marker":0.45837,"width_m":9.68,"quality":{"source":"naip","accuracy_m":1.28,"relative_accuracy_m":0.25,"measured":true,"date":"2023-10-13"},"corner":"t12"},"geometry":{"type":"LineString","coordinates":[[-79.205267,36.5548448],[-79.20537,36.5548181]]}},{"type":"Feature","properties":{"role":"corner_entry","id":"t13-entry","marker":0.52359,"width_m":16.19,"quality":{"source":"naip","accuracy_m":1.28,"relative_accuracy_m":0.25,"measured":true,"date":"2023-10-13"},"corner":"t13"},"geometry":{"type":"LineString","coordinates":[[-79.2046622,36.551924],[-79.2047652,36.552044]]}},{"type":"Feature","properties":{"role":"corner_exit","id":"t13-exit","marker":0.53423,"width_m":13.1,"quality":{"source":"naip","accuracy_m":1.28,"relative_accuracy_m":0.25,"measured":true,"date":"2023-10-13"},"corner":"t13"},"geometry":{"type":"LineString","coordinates":[[-79.2053157,36.5520131],[-79.2051874,36.5520699]]}},{"type":"Feature","properties":{"role":"corner_entry","id":"t14-entry","marker":0.77721,"width_m":12.5,"quality":{"source":"naip","accuracy_m":1.28,"relative_accuracy_m":0.25,"measured":true,"date":"2023-10-13"},"corner":"t14"},"geometry":{"type":"LineString","coordinates":[[-79.2118937,36.562148],[-79.2118058,36.5622354]]}},{"type":"Feature","properties":{"role":"corner_exit","id":"t14-exit","marker":0.79147,"width_m":12.36,"quality":{"source":"naip","accuracy_m":1.28,"relative_accuracy_m":0.25,"measured":true,"date":"2023-10-13"},"corner":"t14"},"geometry":{"type":"LineString","coordinates":[[-79.2118303,36.5628182],[-79.2117419,36.5627326]]}},{"type":"Feature","properties":{"role":"corner_entry","id":"t15-entry","marker":0.79413,"width_m":11.03,"quality":{"source":"naip","accuracy_m":1.28,"relative_accuracy_m":0.25,"measured":true,"date":"2023-10-13"},"corner":"t15"},"geometry":{"type":"LineString","coordinates":[[-79.2116992,36.562894],[-79.2116276,36.562813]]}},{"type":"Feature","properties":{"role":"corner_exit","id":"t15-exit","marker":0.80744,"width_m":9.92,"quality":{"source":"naip","accuracy_m":1.28,"relative_accuracy_m":0.25,"measured":true,"date":"2023-10-13"},"corner":"t15"},"geometry":{"type":"LineString","coordinates":[[-79.2114624,36.5634137],[-79.211352,36.5634218]]}},{"type":"Feature","properties":{"role":"corner_entry","id":"t16-entry","marker":0.83291,"width_m":9.4,"quality":{"source":"naip","accuracy_m":1.28,"relative_accuracy_m":0.25,"measured":true,"date":"2023-10-13"},"corner":"t16"},"geometry":{"type":"LineString","coordinates":[[-79.2118888,36.5645504],[-79.2117933,36.5645856]]}},{"type":"Feature","properties":{"role":"corner_exit","id":"t16-exit","marker":0.84527,"width_m":9.71,"quality":{"source":"naip","accuracy_m":1.28,"relative_accuracy_m":0.25,"measured":true,"date":"2023-10-13"},"corner":"t16"},"geometry":{"type":"LineString","coordinates":[[-79.2123435,36.5649603],[-79.2122861,36.5650345]]}},{"type":"Feature","properties":{"role":"corner_entry","id":"t17-entry","marker":0.84888,"width_m":9.4,"quality":{"source":"naip","accuracy_m":1.28,"relative_accuracy_m":0.25,"measured":true,"date":"2023-10-13"},"corner":"t17"},"geometry":{"type":"LineString","coordinates":[[-79.2125257,36.5650473],[-79.2124708,36.5651195]]}},{"type":"Feature","properties":{"role":"corner_exit","id":"t17-exit","marker":0.86124,"width_m":9.34,"quality":{"source":"naip","accuracy_m":1.28,"relative_accuracy_m":0.25,"measured":true,"date":"2023-10-13"},"corner":"t17"},"geometry":{"type":"LineString","coordinates":[[-79.2128765,36.5655711],[-79.2127722,36.5655747]]}},{"type":"Feature","properties":{"role":"brake_point","id":"t1-brake","marker":0.04174,"width_m":13.0,"quality":{"source":"naip","accuracy_m":1.28,"relative_accuracy_m":0.25,"measured":true,"date":"2023-10-13"},"corner":"t1","speed_kmh":267.3},"geometry":{"type":"LineString","coordinates":[[-79.2038469,36.5688671],[-79.2038572,36.5687503]]}},{"type":"Feature","properties":{"role":"brake_point","id":"t2-brake","marker":0.13037,"width_m":11.75,"quality":{"source":"naip","accuracy_m":1.28,"relative_accuracy_m":0.25,"measured":true,"date":"2023-10-13"},"corner":"t2","speed_kmh":199.6},"geometry":{"type":"LineString","coordinates":[[-79.2050655,36.5682216],[-79.2050605,36.5683275]]}},{"type":"Feature","properties":{"role":"brake_point","id":"t4-brake","marker":0.17953,"width_m":11.25,"quality":{"source":"naip","accuracy_m":1.28,"relative_accuracy_m":0.25,"measured":true,"date":"2023-10-13"},"corner":"t4","speed_kmh":173.8},"geometry":{"type":"LineString","coordinates":[[-79.2060933,36.5667184],[-79.2062136,36.566689]]}},{"type":"Feature","properties":{"role":"brake_point","id":"t5-brake","marker":0.20407,"width_m":9.94,"quality":{"source":"naip","accuracy_m":1.28,"relative_accuracy_m":0.25,"measured":true,"date":"2023-10-13"},"corner":"t5","speed_kmh":124.5},"geometry":{"type":"LineString","coordinates":[[-79.2052454,36.5662077],[-79.2052093,36.5661231]]}},{"type":"Feature","properties":{"role":"brake_point","id":"t6-brake","marker":0.22513,"width_m":9.91,"quality":{"source":"naip","accuracy_m":1.28,"relative_accuracy_m":0.25,"measured":true,"date":"2023-10-13"},"corner":"t6","speed_kmh":147.7},"geometry":{"type":"LineString","coordinates":[[-79.2042676,36.5656459],[-79.204366,36.565605]]}},{"type":"Feature","properties":{"role":"brake_point","id":"t11-brake","marker":0.40654,"width_m":9.94,"quality":{"source":"naip","accuracy_m":1.28,"relative_accuracy_m":0.25,"measured":true,"date":"2023-10-13"},"corner":"t11","speed_kmh":266.2},"geometry":{"type":"LineString","coordinates":[[-79.204577,36.5571864],[-79.2046878,36.5571809]]}},{"type":"Feature","properties":{"role":"brake_point","id":"t12-brake","marker":0.43839,"width_m":9.46,"quality":{"source":"naip","accuracy_m":1.28,"relative_accuracy_m":0.25,"measured":true,"date":"2023-10-13"},"corner":"t12","speed_kmh":259.3},"geometry":{"type":"LineString","coordinates":[[-79.2050532,36.555721],[-79.2051513,36.5557526]]}},{"type":"Feature","properties":{"role":"brake_point","id":"t13-brake","marker":0.49568,"width_m":10.94,"quality":{"source":"naip","accuracy_m":1.28,"relative_accuracy_m":0.25,"measured":true,"date":"2023-10-13"},"corner":"t13","speed_kmh":227.5},"geometry":{"type":"LineString","coordinates":[[-79.2044799,36.5531971],[-79.2045987,36.5531743]]}},{"type":"Feature","properties":{"role":"brake_point","id":"t14-brake","marker":0.75158,"width_m":10.47,"quality":{"source":"naip","accuracy_m":2.16,"relative_accuracy_m":1.75,"measured":false,"date":"2023-10-13"},"corner":"t14","speed_kmh":272.4},"geometry":{"type":"LineString","coordinates":[[-79.2110304,36.5612095],[-79.2109226,36.5612462]]}},{"type":"Feature","properties":{"role":"brake_point","id":"t16-brake","marker":0.84295,"width_m":10.45,"quality":{"source":"naip","accuracy_m":1.28,"relative_accuracy_m":0.25,"measured":true,"date":"2023-10-13"},"corner":"t16","speed_kmh":202.8},"geometry":{"type":"LineString","coordinates":[[-79.2122388,36.5648977],[-79.2121704,36.5649739]]}},{"type":"Feature","properties":{"role":"brake_point","id":"t17-brake","marker":0.84295,"width_m":10.45,"quality":{"source":"naip","accuracy_m":1.28,"relative_accuracy_m":0.25,"measured":true,"date":"2023-10-13"},"corner":"t17","speed_kmh":202.8},"geometry":{"type":"LineString","coordinates":[[-79.2122388,36.5648977],[-79.2121704,36.5649739]]}},{"type":"Feature","properties":{"role":"racing_line","model":"gt3","lap_time_s":101.11,"speed_kmh":[256,257,257,257,257,258,258,258,258,259,259,259,259,259,260,260,260,260,260,261,261,261,261,262,262,262,262,262,263,263,263,263,263,263,264,264,264,264,264,265,265,265,265,265,265,266,266,266,266,266,267,267,267,267,267,267,263,258,253,247,242,237,231,226,220,215,209,204,198,192,187,181,175,169,163,157,151,145,140,134,129,124,120,116,113,110,107,104,101,97,94,91,89,88,88,88,89,91,93,95,96,98,99,100,101,103,105,107,109,112,115,117,120,122,124,126,128,130,133,135,137,139,141,143,145,147,149,151,153,154,156,158,159,161,162,163,165,166,168,169,170,171,173,174,175,176,177,179,180,181,182,183,184,185,186,187,188,189,190,191,192,192,193,194,195,196,197,198,198,199,199,196,193,189,186,184,181,178,176,173,171,169,166,164,161,159,156,154,152,149,147,145,143,140,139,137,137,136,136,135,133,133,133,133,132,132,131,132,134,135,137,139,140,142,144,146,148,150,152,153,155,157,158,160,161,163,164,165,167,168,169,171,172,173,172,166,160,154,148,142,136,130,125,119,114,110,105,102,99,97,96,96,96,96,97,98,98,100,102,105,109,112,116,119,122,124,122,117,114,111,109,108,108,109,109,111,113,115,117,119,122,125,127,130,132,135,137,139,141,142,144,145,147,147,144,143,142,141,141,140,141,141,142,143,145,146,148,150,152,153,155,157,158,160,161,163,164,166,167,168,170,171,172,173,174,176,177,178,179,180,181,182,183,184,185,186,187,188,189,190,191,192,193,194,195,196,196,197,198,199,200,200,201,202,203,203,204,205,206,206,207,208,208,209,210,210,211,212,212,213,214,214,215,215,216,217,217,218,218,219,220,220,221,221,222,222,223,223,224,224,225,225,226,226,227,227,228,228,229,229,230,230,231,231,231,232,232,233,233,234,234,234,235,235,236,236,236,237,237,238,238,238,239,239,239,240,240,241,241,241,242,242,242,243,243,243,244,244,244,245,245,245,246,246,246,247,247,247,248,248,248,248,249,249,249,250,250,250,250,251,251,251,252,252,252,252,253,253,253,253,254,254,254,254,255,255,255,255,256,256,256,256,257,257,257,257,258,258,258,258,259,259,259,259,259,260,260,260,260,260,261,261,261,261,262,262,262,262,262,262,263,263,263,263,263,264,264,264,264,264,265,265,265,265,265,265,266,266,266,266,264,261,258,255,254,252,252,252,252,252,252,252,253,253,253,253,254,254,254,254,255,255,255,255,256,256,256,256,257,257,257,257,257,258,258,258,258,259,259,259,259,257,252,248,243,239,235,231,227,223,219,216,213,210,207,204,201,198,196,195,194,194,194,195,195,196,196,197,198,199,200,200,201,202,203,204,204,205,206,206,207,208,208,209,210,210,211,212,212,213,214,214,215,216,216,217,217,218,218,219,220,220,221,221,222,222,223,223,224,224,225,225,226,226,227,227,226,221,217,212,207,202,197,192,187,182,178,173,169,165,161,157,154,151,148,145,142,139,136,132,129,125,122,120,119,116,112,108,105,104,103,102,100,98,96,93,90,88,88,89,90,92,91,91,92,94,97,100,104,108,111,115,118,121,124,126,129,132,134,136,138,140,143,144,146,148,150,152,153,155,157,158,160,161,163,164,166,167,168,170,171,172,173,175,176,177,178,179,180,181,182,183,184,185,186,187,188,189,190,191,192,193,194,195,196,196,197,198,199,200,200,201,202,203,203,204,205,206,206,207,208,208,209,210,210,211,212,212,213,214,214,215,215,216,217,217,218,218,219,220,220,221,221,222,222,223,223,224,224,225,225,226,226,227,227,228,228,229,229,230,230,231,231,231,232,232,233,233,234,234,234,235,235,236,236,236,237,237,238,238,238,239,239,240,240,240,241,241,241,242,242,242,243,243,243,244,244,244,245,245,245,246,246,246,247,247,247,248,248,248,248,249,249,249,250,250,250,250,251,251,251,252,252,252,252,253,253,253,253,254,254,254,254,255,255,255,255,256,256,256,256,257,257,257,257,258,258,258,258,259,259,259,259,259,260,260,260,260,260,261,261,261,261,262,262,262,262,262,263,263,263,263,263,263,264,264,264,264,264,265,265,265,265,265,265,266,266,266,266,266,267,267,267,267,267,267,267,268,268,268,268,268,268,269,269,269,269,269,269,270,270,270,270,270,270,270,271,271,271,271,271,271,271,272,272,272,272,272,272,272,272,268,263,259,254,250,245,241,237,232,228,224,220,216,211,207,203,199,195,191,186,182,177,172,166,160,154,147,141,136,130,125,120,116,113,109,106,101,97,94,91,90,90,91,93,96,98,101,105,108,112,115,118,121,124,127,129,132,134,136,138,139,140,141,142,143,144,145,147,148,150,151,153,155,156,158,159,161,162,164,165,166,168,169,170,172,173,174,175,176,178,179,180,181,182,183,184,185,186,187,188,189,190,191,192,193,194,194,195,196,197,198,198,199,200,201,201,202,203,200,194,188,182,177,171,166,161,157,152,149,145,142,139,137,135,135,134,135,135,136,136,137,138,140,141,143,144,146,147,149,151,153,154,156,157,159,161,162,163,165,166,168,169,170,171,173,174,175,176,177,179,180,181,182,183,184,185,186,187,188,189,190,191,192,192,193,194,195,196,197,198,198,199,200,201,202,202,203,204,205,205,206,207,207,208,209,209,210,211,211,212,213,213,214,215,215,216,216,217,218,218,219,219,220,220,221,221,222,222,223,224,224,225,225,226,226,227,227,228,228,228,229,229,230,230,231,231,232,232,233,233,233,234,234,235,235,235,236,236,237,237,237,238,238,239,239,239,240,240,240,241,241,241,242,242,243,243,243,244,244,244,245,245,245,246,246,246,246,247,247,247,248,248,248,249,249,249,249,250,250,250,251,251,251,251,252,252,252,253,253,253,253,254,254,254,254,255,255,255,255,256,256,256,256],"quality":{"source":"model","measured":false,"note":"minimum-curvature line inside the measured edges; not driven, no elevation"}},"geometry":{"type":"LineString","coordinates":[[-79.2063071,36.5688238],[-79.2062627,36.5688276],[-79.2062182,36.5688313],[-79.2061738,36.5688349],[-79.2061293,36.5688383],[-79.2060848,36.5688415],[-79.2060403,36.5688446],[-79.2059957,36.5688476],[-79.2059512,36.5688503],[-79.2059066,36.568853],[-79.2058621,36.5688555],[-79.2058175,36.5688579],[-79.2057729,36.5688601],[-79.2057283,36.5688622],[-79.2056837,36.5688641],[-79.2056391,36.568866],[-79.2055944,36.5688676],[-79.2055498,36.5688692],[-79.2055051,36.5688706],[-79.2054605,36.568872],[-79.2054158,36.5688731],[-79.2053712,36.5688742],[-79.2053265,36.5688752],[-79.2052818,36.568876],[-79.2052372,36.5688767],[-79.2051925,36.5688773],[-79.2051478,36.5688778],[-79.2051032,36.5688782],[-79.2050585,36.5688785],[-79.2050138,36.5688787],[-79.2049691,36.5688788],[-79.2049244,36.5688788],[-79.2048798,36.5688787],[-79.2048351,36.5688785],[-79.2047904,36.5688782],[-79.2047457,36.5688778],[-79.204701,36.5688774],[-79.2046564,36.5688768],[-79.2046117,36.5688762],[-79.204567,36.5688755],[-79.2045224,36.5688747],[-79.2044777,36.5688738],[-79.204433,36.5688728],[-79.2043884,36.5688718],[-79.2043437,36.5688707],[-79.2042991,36.5688696],[-79.2042544,36.5688684],[-79.2042098,36.5688671],[-79.2041651,36.5688657],[-79.2041205,36.5688643],[-79.2040758,36.5688628],[-79.2040312,36.5688613],[-79.2039865,36.5688597],[-79.2039419,36.5688581],[-79.2038973,36.5688564],[-79.2038526,36.5688547],[-79.203808,36.568853],[-79.2037634,36.5688511],[-79.2037188,36.5688493],[-79.2036742,36.5688474],[-79.2036295,36.5688455],[-79.2035849,36.5688435],[-79.2035403,36.5688415],[-79.2034957,36.5688395],[-79.2034511,36.5688375],[-79.2034065,36.5688354],[-79.2033619,36.5688333],[-79.2033173,36.5688311],[-79.2032727,36.5688289],[-79.2032281,36.5688267],[-79.2031835,36.5688244],[-79.2031389,36.5688221],[-79.2030944,36.5688197],[-79.2030498,36.5688172],[-79.2030052,36.5688147],[-79.2029607,36.5688119],[-79.2029162,36.5688087],[-79.2028717,36.5688049],[-79.2028274,36.5688003],[-79.2027833,36.5687948],[-79.2027394,36.5687882],[-79.2026958,36.5687803],[-79.2026526,36.5687709],[-79.2026102,36.5687597],[-79.2025685,36.5687467],[-79.2025279,36.5687316],[-79.2024888,36.5687143],[-79.2024512,36.5686948],[-79.2024154,36.5686733],[-79.2023819,36.5686494],[-79.2023507,36.5686237],[-79.2023226,36.5685957],[-79.2022977,36.5685658],[-79.202277,36.5685339],[-79.2022602,36.5685005],[-79.2022485,36.5684657],[-79.202241,36.5684302],[-79.2022382,36.5683942],[-79.2022391,36.5683582],[-79.2022443,36.5683224],[-79.202253,36.5682871],[-79.2022655,36.5682525],[-79.2022813,36.5682188],[-79.2023005,36.5681863],[-79.2023231,36.5681552],[-79.2023485,36.5681256],[-79.2023766,36.5680976],[-79.2024071,36.5680712],[-79.2024395,36.5680464],[-79.2024736,36.5680232],[-79.2025091,36.5680013],[-79.2025459,36.5679808],[-79.2025839,36.5679619],[-79.2026231,36.5679446],[-79.2026633,36.567929],[-79.2027045,36.567915],[-79.2027464,36.5679024],[-79.2027888,36.5678912],[-79.2028318,36.5678815],[-79.2028753,36.567873],[-79.2029191,36.567866],[-79.2029632,36.5678603],[-79.2030075,36.5678557],[-79.203052,36.5678525],[-79.2030966,36.5678504],[-79.2031413,36.5678493],[-79.203186,36.5678495],[-79.2032306,36.5678507],[-79.2032752,36.5678528],[-79.2033197,36.567856],[-79.2033641,36.56786],[-79.2034084,36.5678649],[-79.2034525,36.5678706],[-79.2034964,36.567877],[-79.2035402,36.5678841],[-79.2035839,36.5678919],[-79.2036273,36.5679004],[-79.2036706,36.5679093],[-79.2037137,36.5679188],[-79.2037566,36.5679288],[-79.2037994,36.5679392],[-79.203842,36.56795],[-79.2038845,36.5679611],[-79.2039269,36.5679725],[-79.2039692,36.5679842],[-79.2040114,36.567996],[-79.2040535,36.568008],[-79.2040956,36.5680202],[-79.2041376,36.5680324],[-79.2041796,36.5680446],[-79.2042217,36.5680568],[-79.2042637,36.568069],[-79.2043058,36.5680811],[-79.204348,36.568093],[-79.2043902,36.5681048],[-79.2044325,36.5681163],[-79.204475,36.5681276],[-79.2045176,36.5681385],[-79.2045603,36.5681491],[-79.2046031,36.5681593],[-79.2046461,36.5681691],[-79.2046893,36.5681784],[-79.2047326,36.5681871],[-79.2047761,36.5681953],[-79.2048198,36.568203],[-79.2048636,36.5682099],[-79.2049076,36.5682162],[-79.2049518,36.5682218],[-79.2049961,36.5682266],[-79.2050404,36.5682307],[-79.2050849,36.5682341],[-79.2051295,36.5682367],[-79.2051741,36.5682385],[-79.2052188,36.5682395],[-79.2052634,36.5682396],[-79.2053081,36.5682388],[-79.2053527,36.5682369],[-79.2053973,36.5682342],[-79.2054417,36.5682303],[-79.2054859,36.5682254],[-79.20553,36.5682194],[-79.2055738,36.5682123],[-79.2056173,36.568204],[-79.2056604,36.5681947],[-79.2057032,36.5681842],[-79.2057454,36.5681724],[-79.2057871,36.5681596],[-79.2058283,36.5681456],[-79.2058687,36.5681302],[-79.2059084,36.5681137],[-79.2059473,36.5680959],[-79.2059852,36.5680768],[-79.2060221,36.5680565],[-79.2060579,36.568035],[-79.2060925,36.5680122],[-79.2061257,36.5679881],[-79.2061576,36.5679628],[-79.2061878,36.5679363],[-79.2062164,36.5679086],[-79.2062433,36.5678798],[-79.2062685,36.5678501],[-79.2062919,36.5678194],[-79.2063133,36.5677877],[-79.2063326,36.5677552],[-79.20635,36.5677221],[-79.2063654,36.5676882],[-79.2063787,36.5676538],[-79.2063895,36.5676188],[-79.2063984,36.5675835],[-79.2064053,36.5675479],[-79.2064104,36.5675121],[-79.2064137,36.5674762],[-79.206415,36.5674402],[-79.2064146,36.5674041],[-79.2064126,36.5673681],[-79.2064092,36.5673322],[-79.2064044,36.5672964],[-79.2063985,36.5672606],[-79.2063913,36.5672251],[-79.2063831,36.5671896],[-79.2063739,36.5671544],[-79.2063638,36.5671193],[-79.2063528,36.5670843],[-79.2063412,36.5670495],[-79.206329,36.5670148],[-79.2063162,36.5669803],[-79.2063031,36.5669459],[-79.2062896,36.5669115],[-79.206276,36.5668772],[-79.2062622,36.5668429],[-79.2062484,36.5668086],[-79.2062346,36.5667743],[-79.2062209,36.56674],[-79.2062075,36.5667056],[-79.2061942,36.5666712],[-79.2061809,36.5666368],[-79.2061674,36.5666024],[-79.2061536,36.5665682],[-79.2061394,36.566534],[-79.2061246,36.5665],[-79.206109,36.5664662],[-79.2060925,36.5664327],[-79.2060747,36.5663997],[-79.2060553,36.5663672],[-79.2060342,36.5663354],[-79.2060113,36.5663045],[-79.205986,36.5662748],[-79.2059584,36.5662465],[-79.2059283,36.5662199],[-79.2058956,36.5661954],[-79.2058601,36.5661734],[-79.2058226,36.5661539],[-79.2057829,36.5661374],[-79.2057416,36.5661238],[-79.2056989,36.5661133],[-79.2056552,36.5661057],[-79.2056109,36.5661012],[-79.2055662,36.5660999],[-79.2055216,36.5661014],[-79.2054772,36.566105],[-79.205433,36.5661106],[-79.2053892,36.5661173],[-79.2053455,36.5661249],[-79.2053018,36.5661327],[-79.2052582,36.5661403],[-79.2052143,36.5661473],[-79.2051702,36.566153],[-79.2051258,36.5661571],[-79.2050813,36.5661593],[-79.2050366,36.5661591],[-79.204992,36.5661567],[-79.2049478,36.5661517],[-79.2049041,36.5661442],[-79.2048613,36.5661339],[-79.2048194,36.5661214],[-79.2047787,36.5661066],[-79.2047393,36.5660896],[-79.2047012,36.5660708],[-79.2046643,36.5660505],[-79.2046288,36.5660286],[-79.2045947,36.5660053],[-79.2045618,36.565981],[-79.2045301,36.5659555],[-79.2044996,36.5659292],[-79.2044703,36.565902],[-79.2044422,36.565874],[-79.2044157,36.565845],[-79.2043905,36.5658152],[-79.2043667,36.5657847],[-79.2043445,36.5657534],[-79.204324,36.5657214],[-79.204305,36.5656888],[-79.2042875,36.5656557],[-79.2042716,36.565622],[-79.2042573,36.5655878],[-79.2042447,36.5655533],[-79.2042342,36.5655182],[-79.2042257,36.5654829],[-79.204219,36.5654472],[-79.2042145,36.5654114],[-79.2042121,36.5653754],[-79.2042116,36.5653393],[-79.2042132,36.5653033],[-79.2042166,36.5652674],[-79.2042218,36.5652316],[-79.2042287,36.565196],[-79.2042373,36.5651606],[-79.2042472,36.5651255],[-79.2042585,36.5650906],[-79.204271,36.565056],[-79.2042844,36.5650216],[-79.2042986,36.5649874],[-79.2043133,36.5649534],[-79.2043283,36.5649195],[-79.2043435,36.5648856],[-79.2043586,36.5648517],[-79.2043735,36.5648177],[-79.204388,36.5647836],[-79.2044018,36.5647493],[-79.2044149,36.5647148],[-79.2044271,36.5646802],[-79.2044385,36.5646453],[-79.2044491,36.5646103],[-79.204459,36.5645752],[-79.2044683,36.5645399],[-79.204477,36.5645045],[-79.204485,36.5644691],[-79.2044927,36.5644336],[-79.2044999,36.564398],[-79.2045067,36.5643624],[-79.2045133,36.5643267],[-79.2045197,36.5642911],[-79.2045259,36.5642554],[-79.204532,36.5642197],[-79.2045381,36.564184],[-79.2045443,36.5641483],[-79.2045506,36.5641126],[-79.2045569,36.5640769],[-79.2045633,36.5640412],[-79.2045697,36.5640056],[-79.204576,36.5639699],[-79.2045822,36.5639342],[-79.2045884,36.5638985],[-79.2045944,36.5638628],[-79.2046002,36.563827],[-79.2046058,36.5637913],[-79.2046112,36.5637555],[-79.2046163,36.5637197],[-79.2046212,36.5636839],[-79.2046257,36.563648],[-79.20463,36.5636121],[-79.2046339,36.5635762],[-79.2046376,36.5635403],[-79.204641,36.5635044],[-79.2046441,36.5634684],[-79.204647,36.5634325],[-79.2046496,36.5633965],[-79.2046519,36.5633605],[-79.204654,36.5633245],[-79.2046559,36.5632885],[-79.2046576,36.5632525],[-79.204659,36.5632164],[-79.2046603,36.5631804],[-79.2046614,36.5631444],[-79.2046624,36.5631083],[-79.2046632,36.5630723],[-79.2046639,36.5630363],[-79.2046644,36.5630002],[-79.2046649,36.5629642],[-79.2046652,36.5629281],[-79.2046655,36.5628921],[-79.2046656,36.5628561],[-79.2046658,36.56282],[-79.2046658,36.562784],[-79.2046658,36.5627479],[-79.2046658,36.5627119],[-79.2046658,36.5626758],[-79.2046658,36.5626398],[-79.2046658,36.5626038],[-79.2046658,36.5625677],[-79.2046658,36.5625317],[-79.2046659,36.5624956],[-79.204666,36.5624596],[-79.2046662,36.5624235],[-79.2046665,36.5623875],[-79.2046669,36.5623515],[-79.2046674,36.5623154],[-79.204668,36.5622794],[-79.2046687,36.5622433],[-79.2046696,36.5622073],[-79.2046706,36.5621713],[-79.2046718,36.5621352],[-79.2046731,36.5620992],[-79.2046747,36.5620632],[-79.2046765,36.5620272],[-79.2046784,36.5619912],[-79.2046806,36.5619552],[-79.2046829,36.5619192],[-79.2046854,36.5618832],[-79.2046881,36.5618472],[-79.204691,36.5618112],[-79.2046941,36.5617753],[-79.2046973,36.5617393],[-79.2047006,36.5617034],[-79.204704,36.5616675],[-79.2047076,36.5616315],[-79.2047114,36.5615956],[-79.2047152,36.5615597],[-79.2047191,36.5615238],[-79.2047231,36.5614879],[-79.2047271,36.561452],[-79.2047313,36.5614161],[-79.2047355,36.5613802],[-79.2047397,36.5613444],[-79.204744,36.5613085],[-79.2047483,36.5612726],[-79.2047527,36.5612367],[-79.204757,36.5612009],[-79.2047614,36.561165],[-79.2047658,36.5611291],[-79.2047701,36.5610933],[-79.2047744,36.5610574],[-79.2047787,36.5610215],[-79.2047829,36.5609856],[-79.2047871,36.5609497],[-79.2047913,36.5609138],[-79.2047953,36.560878],[-79.2047993,36.5608421],[-79.2048032,36.5608061],[-79.204807,36.5607702],[-79.2048106,36.5607343],[-79.2048142,36.5606984],[-79.2048176,36.5606625],[-79.204821,36.5606265],[-79.2048241,36.5605906],[-79.2048271,36.5605546],[-79.20483,36.5605186],[-79.2048327,36.5604826],[-79.2048351,36.5604467],[-79.2048374,36.5604107],[-79.2048395,36.5603747],[-79.2048414,36.5603387],[-79.2048431,36.5603026],[-79.2048445,36.5602666],[-79.2048457,36.5602306],[-79.2048467,36.5601945],[-79.2048474,36.5601585],[-79.2048478,36.5601225],[-79.2048479,36.5600864],[-79.2048478,36.5600504],[-79.2048474,36.5600143],[-79.2048466,36.5599783],[-79.2048456,36.5599423],[-79.2048442,36.5599062],[-79.2048425,36.5598702],[-79.2048405,36.5598342],[-79.204838,36.5597982],[-79.2048353,36.5597623],[-79.2048322,36.5597263],[-79.2048287,36.5596904],[-79.2048248,36.5596545],[-79.2048206,36.5596186],[-79.204816,36.5595827],[-79.204811,36.5595469],[-79.2048056,36.5595111],[-79.2047999,36.5594754],[-79.2047939,36.5594397],[-79.2047876,36.559404],[-79.2047811,36.5593683],[-79.2047745,36.5593327],[-79.2047677,36.5592971],[-79.2047608,36.5592614],[-79.204754,36.5592258],[-79.2047471,36.5591902],[-79.2047402,36.5591546],[-79.2047335,36.559119],[-79.2047269,36.5590833],[-79.2047204,36.5590477],[-79.2047142,36.559012],[-79.2047083,36.5589762],[-79.2047026,36.5589405],[-79.2046973,36.5589047],[-79.2046924,36.5588689],[-79.2046879,36.558833],[-79.2046838,36.5587971],[-79.2046803,36.5587612],[-79.2046773,36.5587252],[-79.2046749,36.5586892],[-79.2046732,36.5586532],[-79.2046722,36.5586172],[-79.2046718,36.5585812],[-79.2046721,36.5585451],[-79.2046729,36.5585091],[-79.2046744,36.5584731],[-79.2046762,36.558437],[-79.2046785,36.5584011],[-79.2046811,36.5583651],[-79.204684,36.5583291],[-79.2046871,36.5582931],[-79.2046903,36.5582572],[-79.2046936,36.5582213],[-79.2046969,36.5581853],[-79.2047001,36.5581494],[-79.2047032,36.5581134],[-79.2047061,36.5580774],[-79.2047088,36.5580415],[-79.2047111,36.5580055],[-79.204713,36.5579695],[-79.2047145,36.5579334],[-79.2047153,36.5578974],[-79.2047156,36.5578614],[-79.2047151,36.5578253],[-79.2047141,36.5577893],[-79.2047124,36.5577533],[-79.2047101,36.5577173],[-79.2047075,36.5576813],[-79.2047044,36.5576453],[-79.2047011,36.5576094],[-79.2046975,36.5575735],[-79.2046937,36.5575376],[-79.2046897,36.5575016],[-79.2046858,36.5574658],[-79.2046818,36.5574299],[-79.2046779,36.5573939],[-79.2046741,36.557358],[-79.2046706,36.5573221],[-79.2046674,36.5572862],[-79.2046645,36.5572502],[-79.204662,36.5572142],[-79.20466,36.5571782],[-79.2046586,36.5571422],[-79.2046579,36.5571061],[-79.2046579,36.5570701],[-79.2046586,36.557034],[-79.2046602,36.556998],[-79.2046625,36.556962],[-79.2046657,36.5569261],[-79.2046698,36.5568902],[-79.2046747,36.5568544],[-79.2046806,36.5568186],[-79.2046871,36.556783],[-79.2046946,36.5567475],[-79.204703,36.556712],[-79.2047121,36.5566768],[-79.2047221,36.5566416],[-79.2047328,36.5566066],[-79.2047442,36.5565718],[-79.2047564,36.5565371],[-79.2047691,36.5565026],[-79.2047825,36.5564682],[-79.2047964,36.5564339],[-79.2048109,36.5563998],[-79.2048258,36.5563659],[-79.2048412,36.556332],[-79.2048569,36.5562983],[-79.204873,36.5562647],[-79.2048894,36.5562311],[-79.204906,36.5561977],[-79.2049229,36.5561643],[-79.2049399,36.556131],[-79.2049571,36.5560977],[-79.2049743,36.5560645],[-79.2049917,36.5560312],[-79.205009,36.555998],[-79.2050263,36.5559648],[-79.2050434,36.5559315],[-79.2050605,36.5558982],[-79.2050775,36.5558648],[-79.2050942,36.5558314],[-79.2051107,36.5557979],[-79.2051269,36.5557643],[-79.2051427,36.5557306],[-79.2051582,36.5556968],[-79.2051733,36.5556629],[-79.2051879,36.5556288],[-79.205202,36.5555947],[-79.2052156,36.5555603],[-79.2052286,36.5555258],[-79.2052409,36.5554912],[-79.2052525,36.5554564],[-79.2052634,36.5554214],[-79.2052734,36.5553863],[-79.2052827,36.555351],[-79.2052909,36.5553156],[-79.2052983,36.5552801],[-79.2053047,36.5552444],[-79.2053101,36.5552086],[-79.2053145,36.5551728],[-79.2053179,36.5551368],[-79.2053201,36.5551008],[-79.205321,36.5550648],[-79.2053207,36.5550287],[-79.2053192,36.5549927],[-79.2053165,36.5549567],[-79.2053125,36.5549208],[-79.2053074,36.554885],[-79.2053011,36.5548494],[-79.2052937,36.5548138],[-79.2052853,36.5547784],[-79.2052758,36.5547432],[-79.2052654,36.5547082],[-79.2052541,36.5546733],[-79.205242,36.5546386],[-79.205229,36.5546041],[-79.2052154,36.5545698],[-79.2052011,36.5545356],[-79.2051861,36.5545017],[-79.2051707,36.5544679],[-79.2051547,36.5544342],[-79.2051382,36.5544007],[-79.2051214,36.5543673],[-79.2051042,36.554334],[-79.2050866,36.5543009],[-79.2050689,36.5542678],[-79.2050509,36.5542348],[-79.2050327,36.5542019],[-79.2050144,36.554169],[-79.204996,36.5541362],[-79.2049775,36.5541034],[-79.204959,36.5540706],[-79.2049404,36.5540378],[-79.2049217,36.554005],[-79.2049031,36.5539723],[-79.2048844,36.5539396],[-79.2048658,36.5539068],[-79.2048472,36.553874],[-79.2048286,36.5538412],[-79.2048101,36.5538084],[-79.2047917,36.5537756],[-79.2047734,36.5537427],[-79.2047553,36.5537098],[-79.2047373,36.5536768],[-79.2047194,36.5536437],[-79.2047018,36.5536106],[-79.2046843,36.5535775],[-79.2046671,36.5535442],[-79.2046501,36.5535109],[-79.2046333,36.5534775],[-79.2046169,36.5534439],[-79.2046007,36.5534103],[-79.2045849,36.5533766],[-79.2045694,36.5533428],[-79.2045543,36.5533089],[-79.2045395,36.5532749],[-79.2045252,36.5532407],[-79.2045113,36.5532065],[-79.2044978,36.5531721],[-79.2044848,36.5531377],[-79.2044723,36.5531031],[-79.2044603,36.5530683],[-79.2044487,36.5530335],[-79.2044378,36.5529986],[-79.2044274,36.5529635],[-79.2044176,36.5529284],[-79.2044084,36.5528931],[-79.2043998,36.5528577],[-79.2043921,36.5528222],[-79.2043852,36.5527866],[-79.2043793,36.5527509],[-79.2043745,36.552715],[-79.204371,36.5526791],[-79.2043687,36.5526431],[-79.2043677,36.5526071],[-79.2043685,36.5525711],[-79.2043708,36.5525351],[-79.2043748,36.5524992],[-79.2043808,36.5524635],[-79.2043885,36.552428],[-79.204398,36.5523927],[-79.2044094,36.5523579],[-79.2044227,36.5523235],[-79.2044379,36.5522896],[-79.204455,36.5522563],[-79.2044745,36.5522239],[-79.2044964,36.5521925],[-79.2045205,36.5521622],[-79.204547,36.5521331],[-79.2045753,36.5521053],[-79.2046059,36.552079],[-79.2046387,36.5520545],[-79.2046737,36.5520321],[-79.204711,36.5520123],[-79.20475,36.5519948],[-79.2047906,36.5519798],[-79.2048327,36.5519678],[-79.2048759,36.5519586],[-79.2049199,36.5519527],[-79.2049645,36.5519499],[-79.2050091,36.5519513],[-79.2050532,36.5519566],[-79.2050966,36.5519654],[-79.2051388,36.5519771],[-79.2051794,36.551992],[-79.2052179,36.5520103],[-79.2052539,36.5520316],[-79.2052873,36.5520555],[-79.2053183,36.5520814],[-79.205347,36.552109],[-79.2053739,36.5521378],[-79.2053993,36.5521675],[-79.2054233,36.5521979],[-79.2054463,36.5522288],[-79.2054687,36.55226],[-79.2054907,36.5522913],[-79.2055123,36.5523229],[-79.2055338,36.5523545],[-79.205555,36.5523862],[-79.205576,36.552418],[-79.2055969,36.5524499],[-79.2056177,36.5524818],[-79.2056385,36.5525137],[-79.2056592,36.5525456],[-79.20568,36.5525775],[-79.2057008,36.5526094],[-79.2057217,36.5526413],[-79.2057427,36.5526731],[-79.2057637,36.5527049],[-79.2057847,36.5527367],[-79.2058059,36.5527684],[-79.2058271,36.5528002],[-79.2058483,36.5528319],[-79.2058696,36.5528636],[-79.205891,36.5528952],[-79.2059123,36.5529269],[-79.2059338,36.5529585],[-79.2059553,36.5529901],[-79.2059768,36.5530217],[-79.2059984,36.5530532],[-79.2060201,36.5530847],[-79.2060418,36.5531163],[-79.2060635,36.5531478],[-79.2060852,36.5531792],[-79.206107,36.5532107],[-79.2061289,36.5532421],[-79.2061507,36.5532736],[-79.2061726,36.553305],[-79.2061946,36.5533364],[-79.2062165,36.5533678],[-79.2062385,36.5533991],[-79.2062606,36.5534305],[-79.2062826,36.5534618],[-79.2063047,36.5534932],[-79.2063268,36.5535245],[-79.2063489,36.5535558],[-79.2063711,36.5535871],[-79.2063933,36.5536184],[-79.2064155,36.5536497],[-79.2064377,36.553681],[-79.2064599,36.5537122],[-79.2064821,36.5537435],[-79.2065044,36.5537747],[-79.2065267,36.553806],[-79.2065489,36.5538372],[-79.2065712,36.5538685],[-79.2065935,36.5538997],[-79.2066158,36.5539309],[-79.2066381,36.5539622],[-79.2066604,36.5539934],[-79.2066828,36.5540246],[-79.2067051,36.5540558],[-79.2067274,36.5540871],[-79.2067497,36.5541183],[-79.206772,36.5541495],[-79.2067943,36.5541807],[-79.2068166,36.554212],[-79.2068389,36.5542432],[-79.2068612,36.5542744],[-79.2068835,36.5543057],[-79.2069058,36.5543369],[-79.2069281,36.5543682],[-79.2069503,36.5543994],[-79.2069725,36.5544307],[-79.2069947,36.554462],[-79.2070169,36.5544932],[-79.2070391,36.5545245],[-79.2070613,36.5545558],[-79.2070834,36.5545871],[-79.2071055,36.5546185],[-79.2071276,36.5546498],[-79.2071497,36.5546811],[-79.2071717,36.5547125],[-79.2071937,36.5547438],[-79.2072157,36.5547752],[-79.2072377,36.5548066],[-79.2072596,36.554838],[-79.2072815,36.5548695],[-79.2073033,36.5549009],[-79.2073251,36.5549324],[-79.2073469,36.5549638],[-79.2073686,36.5549953],[-79.2073903,36.5550268],[-79.207412,36.5550584],[-79.2074336,36.5550899],[-79.2074551,36.5551215],[-79.2074766,36.5551531],[-79.2074981,36.5551847],[-79.2075195,36.5552163],[-79.2075409,36.555248],[-79.2075622,36.5552796],[-79.2075835,36.5553113],[-79.2076047,36.5553431],[-79.2076259,36.5553748],[-79.207647,36.5554066],[-79.207668,36.5554383],[-79.207689,36.5554702],[-79.20771,36.555502],[-79.2077309,36.5555338],[-79.2077518,36.5555657],[-79.2077726,36.5555976],[-79.2077934,36.5556295],[-79.2078141,36.5556614],[-79.2078348,36.5556934],[-79.2078555,36.5557253],[-79.207876,36.5557573],[-79.2078966,36.5557893],[-79.2079171,36.5558214],[-79.2079375,36.5558534],[-79.2079579,36.5558855],[-79.2079783,36.5559176],[-79.2079986,36.5559497],[-79.2080188,36.5559818],[-79.2080391,36.5560139],[-79.2080592,36.5560461],[-79.2080794,36.5560783],[-79.2080994,36.5561105],[-79.2081195,36.5561427],[-79.2081395,36.5561749],[-79.2081594,36.5562072],[-79.2081794,36.5562394],[-79.2081992,36.5562717],[-79.2082191,36.556304],[-79.2082389,36.5563363],[-79.2082586,36.5563686],[-79.2082783,36.556401],[-79.208298,36.5564334],[-79.2083176,36.5564657],[-79.2083372,36.5564981],[-79.2083567,36.5565305],[-79.2083762,36.556563],[-79.2083957,36.5565954],[-79.2084151,36.5566279],[-79.2084345,36.5566603],[-79.2084539,36.5566928],[-79.2084732,36.5567253],[-79.2084925,36.5567578],[-79.2085117,36.5567904],[-79.2085309,36.5568229],[-79.2085501,36.5568555],[-79.2085692,36.556888],[-79.2085883,36.5569206],[-79.2086074,36.5569532],[-79.2086264,36.5569858],[-79.2086454,36.5570185],[-79.2086644,36.5570511],[-79.2086833,36.5570837],[-79.2087022,36.5571164],[-79.208721,36.5571491],[-79.2087399,36.5571818],[-79.2087587,36.5572145],[-79.2087774,36.5572472],[-79.2087962,36.5572799],[-79.2088149,36.5573126],[-79.2088335,36.5573454],[-79.2088522,36.5573781],[-79.2088708,36.5574109],[-79.2088894,36.5574437],[-79.2089079,36.5574765],[-79.2089264,36.5575093],[-79.2089449,36.5575421],[-79.2089634,36.5575749],[-79.2089818,36.5576077],[-79.2090003,36.5576406],[-79.2090186,36.5576734],[-79.209037,36.5577063],[-79.2090553,36.5577391],[-79.2090736,36.557772],[-79.2090919,36.5578049],[-79.2091102,36.5578378],[-79.2091284,36.5578707],[-79.2091466,36.5579036],[-79.2091648,36.5579365],[-79.209183,36.5579695],[-79.2092011,36.5580024],[-79.2092192,36.5580354],[-79.2092373,36.5580683],[-79.2092554,36.5581013],[-79.2092734,36.5581342],[-79.2092915,36.5581672],[-79.2093095,36.5582002],[-79.2093275,36.5582332],[-79.2093454,36.5582662],[-79.2093634,36.5582992],[-79.2093813,36.5583322],[-79.2093992,36.5583652],[-79.2094171,36.5583983],[-79.209435,36.5584313],[-79.2094529,36.5584643],[-79.2094707,36.5584974],[-79.2094886,36.5585304],[-79.2095064,36.5585635],[-79.2095242,36.5585965],[-79.209542,36.5586296],[-79.2095597,36.5586627],[-79.2095775,36.5586957],[-79.2095952,36.5587288],[-79.209613,36.5587619],[-79.2096307,36.558795],[-79.2096484,36.5588281],[-79.2096661,36.5588612],[-79.2096838,36.5588943],[-79.2097015,36.5589274],[-79.2097191,36.5589605],[-79.2097368,36.5589936],[-79.2097544,36.5590267],[-79.2097721,36.5590598],[-79.2097897,36.5590929],[-79.2098073,36.5591261],[-79.2098249,36.5591592],[-79.2098425,36.5591923],[-79.2098601,36.5592254],[-79.2098777,36.5592586],[-79.2098953,36.5592917],[-79.2099129,36.5593248],[-79.2099305,36.559358],[-79.209948,36.5593911],[-79.2099656,36.5594242],[-79.2099832,36.5594574],[-79.2100007,36.5594905],[-79.2100183,36.5595237],[-79.2100359,36.5595568],[-79.2100534,36.55959],[-79.210071,36.5596231],[-79.2100885,36.5596562],[-79.2101061,36.5596894],[-79.2101236,36.5597225],[-79.2101412,36.5597557],[-79.2101588,36.5597888],[-79.2101763,36.559822],[-79.2101939,36.5598551],[-79.2102114,36.5598882],[-79.210229,36.5599214],[-79.2102466,36.5599545],[-79.2102642,36.5599877],[-79.2102818,36.5600208],[-79.2102993,36.5600539],[-79.2103169,36.5600871],[-79.2103345,36.5601202],[-79.2103521,36.5601533],[-79.2103698,36.5601864],[-79.2103874,36.5602196],[-79.210405,36.5602527],[-79.2104227,36.5602858],[-79.2104403,36.5603189],[-79.210458,36.560352],[-79.2104756,36.5603851],[-79.2104933,36.5604182],[-79.210511,36.5604513],[-79.2105287,36.5604844],[-79.2105464,36.5605175],[-79.2105641,36.5605506],[-79.2105819,36.5605837],[-79.2105996,36.5606167],[-79.2106174,36.5606498],[-79.2106352,36.5606829],[-79.210653,36.5607159],[-79.2106708,36.560749],[-79.2106886,36.560782],[-79.2107065,36.5608151],[-79.2107243,36.5608481],[-79.2107422,36.5608811],[-79.2107601,36.5609141],[-79.2107781,36.5609471],[-79.2107962,36.5609801],[-79.2108144,36.561013],[-79.2108327,36.5610459],[-79.2108513,36.5610787],[-79.21087,36.5611114],[-79.2108889,36.5611441],[-79.2109081,36.5611766],[-79.2109275,36.5612091],[-79.2109472,36.5612414],[-79.2109673,36.5612736],[-79.2109877,36.5613057],[-79.2110085,36.5613376],[-79.2110296,36.5613693],[-79.2110512,36.5614009],[-79.2110733,36.5614322],[-79.2110957,36.5614634],[-79.2111188,36.5614943],[-79.2111423,36.5615249],[-79.2111663,36.5615553],[-79.2111909,36.5615854],[-79.2112161,36.5616152],[-79.2112417,36.5616447],[-79.211268,36.5616738],[-79.2112949,36.5617026],[-79.2113224,36.561731],[-79.2113505,36.561759],[-79.2113792,36.5617867],[-79.2114086,36.5618138],[-79.2114386,36.5618405],[-79.2114693,36.5618667],[-79.2115009,36.5618922],[-79.2115329,36.5619173],[-79.2115654,36.5619421],[-79.2115979,36.5619668],[-79.2116305,36.5619914],[-79.2116629,36.5620163],[-79.2116948,36.5620415],[-79.2117261,36.5620672],[-79.2117565,36.5620936],[-79.2117858,36.5621208],[-79.2118138,36.5621489],[-79.2118401,36.562178],[-79.2118642,36.5622084],[-79.211886,36.5622398],[-79.2119053,36.5622723],[-79.2119215,36.5623059],[-79.2119352,36.5623402],[-79.2119455,36.5623753],[-79.211952,36.5624109],[-79.2119538,36.5624469],[-79.2119514,36.5624829],[-79.2119439,36.5625184],[-79.2119328,36.5625533],[-79.2119179,36.5625872],[-79.2119,36.5626203],[-79.2118792,36.5626521],[-79.211856,36.5626829],[-79.2118311,36.5627128],[-79.2118047,36.5627419],[-79.2117772,36.5627703],[-79.211749,36.5627983],[-79.2117204,36.5628259],[-79.2116917,36.5628536],[-79.2116632,36.5628813],[-79.2116353,36.5629095],[-79.2116082,36.5629381],[-79.2115822,36.5629675],[-79.2115578,36.5629976],[-79.2115349,36.5630286],[-79.2115141,36.5630605],[-79.2114948,36.563093],[-79.2114776,36.5631262],[-79.211462,36.56316],[-79.2114482,36.5631943],[-79.2114362,36.563229],[-79.2114259,36.5632641],[-79.2114175,36.5632995],[-79.2114107,36.5633351],[-79.2114054,36.5633709],[-79.211402,36.5634068],[-79.2114,36.5634428],[-79.2113994,36.5634788],[-79.2114004,36.5635149],[-79.2114026,36.5635509],[-79.2114061,36.5635868],[-79.2114108,36.5636226],[-79.2114168,36.5636584],[-79.2114237,36.563694],[-79.2114317,36.5637294],[-79.2114407,36.5637647],[-79.2114505,36.5637999],[-79.2114611,36.5638349],[-79.2114727,36.5638697],[-79.2114849,36.5639044],[-79.2114977,36.5639389],[-79.2115112,36.5639733],[-79.2115252,36.5640075],[-79.2115397,36.5640416],[-79.2115546,36.5640756],[-79.2115699,36.5641094],[-79.2115856,36.5641432],[-79.2116018,36.5641768],[-79.2116184,36.5642102],[-79.2116355,36.5642435],[-79.2116532,36.5642766],[-79.2116715,36.5643095],[-79.2116903,36.5643422],[-79.2117098,36.5643746],[-79.2117299,36.5644068],[-79.2117507,36.5644387],[-79.2117722,36.5644703],[-79.2117945,36.5645015],[-79.2118175,36.5645324],[-79.2118414,36.5645629],[-79.211866,36.564593],[-79.2118915,36.5646226],[-79.2119178,36.5646517],[-79.211945,36.5646803],[-79.211973,36.5647084],[-79.2120019,36.5647359],[-79.2120316,36.5647628],[-79.2120622,36.5647891],[-79.2120937,36.5648146],[-79.2121258,36.5648397],[-79.2121587,36.564864],[-79.2121922,36.564888],[-79.212226,36.5649115],[-79.2122602,36.5649347],[-79.2122945,36.5649578],[-79.2123289,36.5649808],[-79.2123633,36.5650038],[-79.2123975,36.565027],[-79.2124313,36.5650505],[-79.2124647,36.5650745],[-79.2124976,36.5650989],[-79.2125297,36.5651239],[-79.2125609,36.5651497],[-79.2125912,36.5651762],[-79.2126203,36.5652035],[-79.2126481,36.5652318],[-79.2126745,36.5652608],[-79.2126992,36.5652909],[-79.2127223,36.5653217],[-79.2127433,36.5653535],[-79.2127624,36.5653861],[-79.2127795,36.5654194],[-79.2127944,36.5654534],[-79.2128075,36.5654878],[-79.2128184,36.5655228],[-79.2128272,36.5655581],[-79.2128342,36.5655937],[-79.2128392,36.5656295],[-79.2128422,36.5656655],[-79.2128434,36.5657015],[-79.2128429,36.5657375],[-79.2128406,36.5657735],[-79.2128367,36.5658094],[-79.2128313,36.5658452],[-79.2128241,36.5658808],[-79.2128156,36.5659161],[-79.2128056,36.5659513],[-79.212794,36.5659861],[-79.2127811,36.5660206],[-79.212767,36.5660548],[-79.2127514,36.5660886],[-79.2127347,36.566122],[-79.2127169,36.566155],[-79.2126979,36.5661877],[-79.2126779,36.5662199],[-79.2126569,36.5662517],[-79.2126349,36.5662831],[-79.212612,36.566314],[-79.2125883,36.5663446],[-79.2125637,36.5663747],[-79.2125385,36.5664044],[-79.2125125,36.5664337],[-79.2124858,36.5664627],[-79.2124585,36.5664912],[-79.2124304,36.5665192],[-79.2124017,36.5665468],[-79.2123724,36.566574],[-79.2123425,36.5666008],[-79.212312,36.5666271],[-79.212281,36.5666531],[-79.2122494,36.5666786],[-79.2122174,36.5667037],[-79.212185,36.5667285],[-79.212152,36.5667529],[-79.2121187,36.5667769],[-79.212085,36.5668006],[-79.212051,36.5668239],[-79.2120166,36.5668469],[-79.2119819,36.5668696],[-79.2119469,36.566892],[-79.2119116,36.5669141],[-79.211876,36.5669359],[-79.2118403,36.5669575],[-79.2118043,36.5669789],[-79.2117681,36.567],[-79.2117317,36.5670209],[-79.2116952,36.5670417],[-79.2116585,36.5670623],[-79.2116217,36.5670827],[-79.2115848,36.567103],[-79.2115477,36.5671232],[-79.2115105,36.5671431],[-79.2114731,36.5671629],[-79.2114357,36.5671825],[-79.211398,36.5672019],[-79.2113603,36.5672212],[-79.2113225,36.5672404],[-79.2112845,36.5672594],[-79.2112464,36.5672782],[-79.2112082,36.5672969],[-79.2111699,36.5673155],[-79.2111315,36.5673339],[-79.2110931,36.5673523],[-79.2110545,36.5673704],[-79.2110158,36.5673885],[-79.2109771,36.5674065],[-79.2109383,36.5674243],[-79.2108993,36.567442],[-79.2108604,36.5674596],[-79.2108213,36.5674772],[-79.2107822,36.5674946],[-79.210743,36.5675119],[-79.2107038,36.5675292],[-79.2106645,36.5675463],[-79.2106252,36.5675634],[-79.2105858,36.5675804],[-79.2105463,36.5675973],[-79.2105068,36.5676141],[-79.2104673,36.5676309],[-79.2104277,36.5676476],[-79.210388,36.5676643],[-79.2103484,36.5676809],[-79.2103087,36.5676974],[-79.210269,36.5677139],[-79.2102292,36.5677303],[-79.2101894,36.5677468],[-79.2101496,36.5677631],[-79.2101098,36.5677795],[-79.2100699,36.5677957],[-79.2100301,36.567812],[-79.2099901,36.5678282],[-79.2099502,36.5678444],[-79.2099103,36.5678605],[-79.2098703,36.5678766],[-79.2098303,36.5678927],[-79.2097903,36.5679088],[-79.2097503,36.5679248],[-79.2097102,36.5679408],[-79.2096702,36.5679567],[-79.2096301,36.5679726],[-79.20959,36.5679885],[-79.2095498,36.5680043],[-79.2095096,36.56802],[-79.2094694,36.5680357],[-79.2094292,36.5680514],[-79.2093889,36.568067],[-79.2093485,36.5680825],[-79.2093082,36.568098],[-79.2092678,36.5681133],[-79.2092273,36.5681286],[-79.2091868,36.5681439],[-79.2091463,36.568159],[-79.2091057,36.5681741],[-79.209065,36.568189],[-79.2090244,36.5682039],[-79.2089836,36.5682187],[-79.2089428,36.5682334],[-79.2089019,36.568248],[-79.208861,36.5682624],[-79.2088201,36.5682768],[-79.208779,36.5682911],[-79.2087379,36.5683052],[-79.2086968,36.5683192],[-79.2086555,36.5683331],[-79.2086142,36.5683469],[-79.2085729,36.5683605],[-79.2085314,36.568374],[-79.20849,36.5683874],[-79.2084484,36.5684006],[-79.2084068,36.5684137],[-79.208365,36.5684266],[-79.2083233,36.5684394],[-79.2082814,36.568452],[-79.2082395,36.5684645],[-79.2081975,36.5684768],[-79.2081554,36.5684889],[-79.2081133,36.5685008],[-79.208071,36.5685126],[-79.2080287,36.5685242],[-79.2079864,36.5685356],[-79.2079439,36.5685469],[-79.2079014,36.5685579],[-79.2078588,36.5685688],[-79.2078161,36.5685795],[-79.2077734,36.5685899],[-79.2077305,36.5686002],[-79.2076876,36.5686103],[-79.2076446,36.5686201],[-79.2076016,36.5686297],[-79.2075585,36.5686392],[-79.2075153,36.5686484],[-79.207472,36.5686573],[-79.2074287,36.5686661],[-79.2073853,36.5686747],[-79.2073418,36.568683],[-79.2072983,36.5686912],[-79.2072547,36.5686991],[-79.207211,36.5687068],[-79.2071674,36.5687144],[-79.2071236,36.5687217],[-79.2070798,36.5687288],[-79.207036,36.5687357],[-79.2069921,36.5687425],[-79.2069481,36.568749],[-79.2069042,36.5687554],[-79.2068601,36.5687616],[-79.2068161,36.5687676],[-79.206772,36.5687734],[-79.2067279,36.5687791],[-79.2066837,36.5687846],[-79.2066395,36.5687898],[-79.2065953,36.5687949],[-79.206551,36.5687998],[-79.2065067,36.5688046],[-79.2064624,36.5688091],[-79.2064181,36.5688135],[-79.2063737,36.5688178],[-79.2063293,36.5688218]]}},{"type":"Feature","properties":{"role":"apex","id":"t1-apex","corner":"t1","edge":"right","marker":0.07312,"quality":{"source":"naip","accuracy_m":1.28,"relative_accuracy_m":0.25,"measured":true,"date":"2023-10-13"}},"geometry":{"type":"Point","coordinates":[-79.2022555,36.5684438]}},{"type":"Feature","properties":{"role":"geometric_apex","id":"t1-geometric-apex","corner":"t1","edge":"right","marker":0.07129,"quality":{"source":"naip","accuracy_m":1.28,"relative_accuracy_m":0.25,"measured":true,"date":"2023-10-13"}},"geometry":{"type":"Point","coordinates":[-79.2022802,36.5685172]}},{"type":"Feature","properties":{"role":"apex","id":"t2-apex","corner":"t2","edge":"left","marker":0.12758,"quality":{"source":"naip","accuracy_m":1.28,"relative_accuracy_m":0.25,"measured":true,"date":"2023-10-13"}},"geometry":{"type":"Point","coordinates":[-79.2049085,36.5682067]}},{"type":"Feature","properties":{"role":"geometric_apex","id":"t2-geometric-apex","corner":"t2","edge":"left","marker":0.13041,"quality":{"source":"naip","accuracy_m":1.28,"relative_accuracy_m":0.25,"measured":true,"date":"2023-10-13"}},"geometry":{"type":"Point","coordinates":[-79.2050655,36.5682216]}},{"type":"Feature","properties":{"role":"apex","id":"t3-apex","corner":"t3","edge":"left","marker":0.15609,"quality":{"source":"naip","accuracy_m":1.28,"relative_accuracy_m":0.25,"measured":true,"date":"2023-10-13"}},"geometry":{"type":"Point","coordinates":[-79.206322,36.567752]}},{"type":"Feature","properties":{"role":"geometric_apex","id":"t3-geometric-apex","corner":"t3","edge":"left","marker":0.15589,"quality":{"source":"naip","accuracy_m":1.28,"relative_accuracy_m":0.25,"measured":true,"date":"2023-10-13"}},"geometry":{"type":"Point","coordinates":[-79.2063185,36.5677585]}},{"type":"Feature","properties":{"role":"apex","id":"t4-apex","corner":"t4","edge":"left","marker":0.19493,"quality":{"source":"naip","accuracy_m":1.28,"relative_accuracy_m":0.25,"measured":true,"date":"2023-10-13"}},"geometry":{"type":"Point","coordinates":[-79.2057195,36.5661279]}},{"type":"Feature","properties":{"role":"geometric_apex","id":"t4-geometric-apex","corner":"t4","edge":"left","marker":0.19468,"quality":{"source":"naip","accuracy_m":1.28,"relative_accuracy_m":0.25,"measured":true,"date":"2023-10-13"}},"geometry":{"type":"Point","coordinates":[-79.205727,36.5661301]}},{"type":"Feature","properties":{"role":"apex","id":"t5-apex","corner":"t5","edge":"right","marker":0.20738,"quality":{"source":"naip","accuracy_m":1.28,"relative_accuracy_m":0.25,"measured":true,"date":"2023-10-13"}},"geometry":{"type":"Point","coordinates":[-79.2050361,36.5661501]}},{"type":"Feature","properties":{"role":"geometric_apex","id":"t5-geometric-apex","corner":"t5","edge":"right","marker":0.2076,"quality":{"source":"naip","accuracy_m":1.28,"relative_accuracy_m":0.25,"measured":true,"date":"2023-10-13"}},"geometry":{"type":"Point","coordinates":[-79.2050277,36.5661497]}},{"type":"Feature","properties":{"role":"apex","id":"t6-apex","corner":"t6","edge":"right","marker":0.23321,"quality":{"source":"naip","accuracy_m":1.28,"relative_accuracy_m":0.25,"measured":true,"date":"2023-10-13"}},"geometry":{"type":"Point","coordinates":[-79.2042282,36.565266]}},{"type":"Feature","properties":{"role":"geometric_apex","id":"t6-geometric-apex","corner":"t6","edge":"right","marker":0.23289,"quality":{"source":"naip","accuracy_m":1.28,"relative_accuracy_m":0.25,"measured":true,"date":"2023-10-13"}},"geometry":{"type":"Point","coordinates":[-79.2042269,36.5652808]}},{"type":"Feature","properties":{"role":"apex","id":"t7-apex","corner":"t7","edge":"left","marker":0.26923,"quality":{"source":"naip","accuracy_m":1.28,"relative_accuracy_m":0.25,"measured":true,"date":"2023-10-13"}},"geometry":{"type":"Point","coordinates":[-79.2046153,36.5636311]}},{"type":"Feature","properties":{"role":"geometric_apex","id":"t7-geometric-apex","corner":"t7","edge":"left","marker":0.2673,"quality":{"source":"naip","accuracy_m":1.28,"relative_accuracy_m":0.25,"measured":true,"date":"2023-10-13"}},"geometry":{"type":"Point","coordinates":[-79.2046032,36.563714]}},{"type":"Feature","properties":{"role":"apex","id":"t8-apex","corner":"t8","edge":"left","marker":0.35505,"quality":{"source":"naip","accuracy_m":1.28,"relative_accuracy_m":0.25,"measured":true,"date":"2023-10-13"}},"geometry":{"type":"Point","coordinates":[-79.2048044,36.5595804]}},{"type":"Feature","properties":{"role":"geometric_apex","id":"t8-geometric-apex","corner":"t8","edge":"left","marker":0.35172,"quality":{"source":"naip","accuracy_m":1.28,"relative_accuracy_m":0.25,"measured":true,"date":"2023-10-13"}},"geometry":{"type":"Point","coordinates":[-79.204819,36.5597358]}},{"type":"Feature","properties":{"role":"apex","id":"t9-apex","corner":"t9","edge":"right","marker":0.37572,"quality":{"source":"naip","accuracy_m":1.28,"relative_accuracy_m":0.25,"measured":true,"date":"2023-10-13"}},"geometry":{"type":"Point","coordinates":[-79.2046837,36.5586199]}},{"type":"Feature","properties":{"role":"geometric_apex","id":"t9-geometric-apex","corner":"t9","edge":"right","marker":0.37966,"quality":{"source":"naip","accuracy_m":1.28,"relative_accuracy_m":0.25,"measured":true,"date":"2023-10-13"}},"geometry":{"type":"Point","coordinates":[-79.2046967,36.55844]}},{"type":"Feature","properties":{"role":"apex","id":"t10-apex","corner":"t10","edge":"left","marker":0.39343,"quality":{"source":"naip","accuracy_m":1.28,"relative_accuracy_m":0.25,"measured":true,"date":"2023-10-13"}},"geometry":{"type":"Point","coordinates":[-79.2047024,36.5577934]}},{"type":"Feature","properties":{"role":"geometric_apex","id":"t10-geometric-apex","corner":"t10","edge":"left","marker":0.39316,"quality":{"source":"naip","accuracy_m":1.28,"relative_accuracy_m":0.25,"measured":true,"date":"2023-10-13"}},"geometry":{"type":"Point","coordinates":[-79.2047029,36.5578021]}},{"type":"Feature","properties":{"role":"apex","id":"t11-apex","corner":"t11","edge":"right","marker":0.41817,"quality":{"source":"naip","accuracy_m":1.28,"relative_accuracy_m":0.25,"measured":true,"date":"2023-10-13"}},"geometry":{"type":"Point","coordinates":[-79.2047344,36.5566409]}},{"type":"Feature","properties":{"role":"geometric_apex","id":"t11-geometric-apex","corner":"t11","edge":"right","marker":0.40932,"quality":{"source":"naip","accuracy_m":1.28,"relative_accuracy_m":0.25,"measured":true,"date":"2023-10-13"}},"geometry":{"type":"Point","coordinates":[-79.2046705,36.5570475]}},{"type":"Feature","properties":{"role":"apex","id":"t12-apex","corner":"t12","edge":"left","marker":0.45452,"quality":{"source":"naip","accuracy_m":1.28,"relative_accuracy_m":0.25,"measured":true,"date":"2023-10-13"}},"geometry":{"type":"Point","coordinates":[-79.2053086,36.5550097]}},{"type":"Feature","properties":{"role":"geometric_apex","id":"t12-geometric-apex","corner":"t12","edge":"left","marker":0.45476,"quality":{"source":"naip","accuracy_m":1.28,"relative_accuracy_m":0.25,"measured":true,"date":"2023-10-13"}},"geometry":{"type":"Point","coordinates":[-79.2053087,36.5550018]}},{"type":"Feature","properties":{"role":"apex","id":"t13-apex","corner":"t13","edge":"right","marker":0.53031,"quality":{"source":"naip","accuracy_m":1.28,"relative_accuracy_m":0.25,"measured":true,"date":"2023-10-13"}},"geometry":{"type":"Point","coordinates":[-79.2050689,36.5519686]}},{"type":"Feature","properties":{"role":"geometric_apex","id":"t13-geometric-apex","corner":"t13","edge":"right","marker":0.53043,"quality":{"source":"naip","accuracy_m":1.28,"relative_accuracy_m":0.25,"measured":true,"date":"2023-10-13"}},"geometry":{"type":"Point","coordinates":[-79.2050753,36.5519701]}},{"type":"Feature","properties":{"role":"apex","id":"t14-apex","corner":"t14","edge":"right","marker":0.78383,"quality":{"source":"naip","accuracy_m":1.28,"relative_accuracy_m":0.25,"measured":true,"date":"2023-10-13"}},"geometry":{"type":"Point","coordinates":[-79.2119421,36.5624639]}},{"type":"Feature","properties":{"role":"geometric_apex","id":"t14-geometric-apex","corner":"t14","edge":"right","marker":0.78025,"quality":{"source":"naip","accuracy_m":1.28,"relative_accuracy_m":0.25,"measured":true,"date":"2023-10-13"}},"geometry":{"type":"Point","coordinates":[-79.211912,36.5623208]}},{"type":"Feature","properties":{"role":"apex","id":"t15-apex","corner":"t15","edge":"left","marker":0.79973,"quality":{"source":"naip","accuracy_m":1.28,"relative_accuracy_m":0.25,"measured":true,"date":"2023-10-13"}},"geometry":{"type":"Point","coordinates":[-79.2115132,36.563083]}},{"type":"Feature","properties":{"role":"geometric_apex","id":"t15-geometric-apex","corner":"t15","edge":"left","marker":0.79983,"quality":{"source":"naip","accuracy_m":1.28,"relative_accuracy_m":0.25,"measured":true,"date":"2023-10-13"}},"geometry":{"type":"Point","coordinates":[-79.2115132,36.563083]}},{"type":"Feature","properties":{"role":"apex","id":"t16-apex","corner":"t16","edge":"left","marker":0.83981,"quality":{"source":"naip","accuracy_m":1.28,"relative_accuracy_m":0.25,"measured":true,"date":"2023-10-13"}},"geometry":{"type":"Point","coordinates":[-79.2120985,36.5648054]}},{"type":"Feature","properties":{"role":"geometric_apex","id":"t16-geometric-apex","corner":"t16","edge":"left","marker":0.83938,"quality":{"source":"naip","accuracy_m":1.28,"relative_accuracy_m":0.25,"measured":true,"date":"2023-10-13"}},"geometry":{"type":"Point","coordinates":[-79.2120841,36.5647941]}},{"type":"Feature","properties":{"role":"apex","id":"t17-apex","corner":"t17","edge":"right","marker":0.85378,"quality":{"source":"naip","accuracy_m":1.28,"relative_accuracy_m":0.25,"measured":true,"date":"2023-10-13"}},"geometry":{"type":"Point","coordinates":[-79.2126648,36.565267]}},{"type":"Feature","properties":{"role":"geometric_apex","id":"t17-geometric-apex","corner":"t17","edge":"right","marker":0.85516,"quality":{"source":"naip","accuracy_m":1.28,"relative_accuracy_m":0.25,"measured":true,"date":"2023-10-13"}},"geometry":{"type":"Point","coordinates":[-79.2127021,36.5653134]}},{"type":"Feature","properties":{"role":"sector_boundary","id":"s1-start","marker":0.0,"width_m":19.35,"quality":{"source":"naip","accuracy_m":2.16,"relative_accuracy_m":1.75,"measured":false,"date":"2023-10-13"},"range":"s1"},"geometry":{"type":"LineString","coordinates":[[-79.2063145,36.5688887],[-79.2062947,36.5687151]]}},{"type":"Feature","properties":{"role":"sector_boundary","id":"s2-start","marker":0.33713,"width_m":12.13,"quality":{"source":"naip","accuracy_m":1.28,"relative_accuracy_m":0.25,"measured":true,"date":"2023-10-13"},"range":"s2"},"geometry":{"type":"LineString","coordinates":[[-79.204754,36.5604248],[-79.2048892,36.5604318]]}},{"type":"Feature","properties":{"role":"sector_boundary","id":"s3-start","marker":0.73512,"width_m":10.5,"quality":{"source":"naip","accuracy_m":2.16,"relative_accuracy_m":1.75,"measured":false,"date":"2023-10-13"},"range":"s3"},"geometry":{"type":"LineString","coordinates":[[-79.2106497,36.5604973],[-79.2105422,36.5605352]]}},{"type":"Feature","properties":{"role":"complex_entry","id":"t4-t5-entry","marker":0.18992,"width_m":11.98,"quality":{"source":"naip","accuracy_m":1.28,"relative_accuracy_m":0.25,"measured":true,"date":"2023-10-13"},"complex":"t4-t5"},"geometry":{"type":"LineString","coordinates":[[-79.2058791,36.5662638],[-79.2059989,36.5662156]]}},{"type":"Feature","properties":{"role":"complex_exit","id":"t4-t5-exit","marker":0.21198,"width_m":9.74,"quality":{"source":"naip","accuracy_m":1.28,"relative_accuracy_m":0.25,"measured":true,"date":"2023-10-13"},"complex":"t4-t5"},"geometry":{"type":"LineString","coordinates":[[-79.2047584,36.5661395],[-79.2048261,36.5660708]]}}]}