{"type":"FeatureCollection","features":[{"type":"Feature","properties":{"role":"edge_left","orientation":"driving direction, from the lap origin","unseen_spans":[[0.05453,0.05627],[0.13153,0.13275],[0.2,0.20174],[0.28432,0.28519],[0.28693,0.2878],[0.28798,0.28972],[0.45226,0.45418],[0.51463,0.51707],[0.55976,0.5615],[0.70801,0.71899],[0.81516,0.81707],[0.88833,0.8899]],"quality":{"source":"fdep-2021","accuracy_m":0.81,"relative_accuracy_m":0.14,"measured":true,"date":"2021","measured_fraction":0.963}},"geometry":{"type":"LineString","coordinates":[[-81.0726139,29.1878365],[-81.0727213,29.1877153],[-81.0727864,29.1876373],[-81.0729027,29.1874903],[-81.0729297,29.1874535],[-81.0729835,29.1873772],[-81.0731096,29.1871936],[-81.073144,29.1871387],[-81.0732109,29.1870272],[-81.0732703,29.1869234],[-81.0732967,29.1868756],[-81.0733307,29.1868108],[-81.0733548,29.1867622],[-81.0734173,29.1866292],[-81.0734853,29.1864793],[-81.0734957,29.1864541],[-81.0735382,29.1863446],[-81.0735994,29.1861826],[-81.0736144,29.1861398],[-81.0736338,29.1860792],[-81.0736693,29.1859763],[-81.0737235,29.1858122],[-81.0737494,29.1857246],[-81.0738009,29.1855605],[-81.0738344,29.1854401],[-81.0738367,29.1854272],[-81.073837,29.1854207],[-81.0738364,29.1854142],[-81.0738347,29.1854077],[-81.073832,29.1854011],[-81.0738156,29.185374],[-81.0738118,29.1853664],[-81.0738011,29.185342],[-81.073784,29.1853064],[-81.0737759,29.1852869],[-81.073769,29.185266],[-81.0737662,29.185255],[-81.0737622,29.1852324],[-81.0737602,29.1852091],[-81.0737605,29.1851859],[-81.073762,29.1851746],[-81.0737677,29.1851535],[-81.0737843,29.1851077],[-81.0737918,29.1850825],[-81.073799,29.185049],[-81.0738065,29.1849974],[-81.07381,29.1849532],[-81.0738174,29.1847689],[-81.0738237,29.1846893],[-81.0738256,29.1846477],[-81.0738251,29.1846074],[-81.0738221,29.1845599],[-81.0738173,29.184536],[-81.07381,29.1845113],[-81.0738058,29.1844938],[-81.0737996,29.1844302],[-81.0737962,29.1843868],[-81.073787,29.1843426],[-81.0737859,29.1843238],[-81.0737857,29.1842694],[-81.0737846,29.1842527],[-81.0737832,29.1842446],[-81.073779,29.1842288],[-81.0737701,29.1842054],[-81.0737375,29.1841321],[-81.0737028,29.1840598],[-81.0736903,29.1840368],[-81.0736812,29.1840222],[-81.0736714,29.1840081],[-81.0736557,29.1839879],[-81.0736343,29.183962],[-81.0736174,29.1839434],[-81.0736053,29.1839319],[-81.0735859,29.1839158],[-81.0735654,29.1839011],[-81.0735509,29.1838923],[-81.0735277,29.1838807],[-81.0735033,29.1838703],[-81.0734778,29.183861],[-81.0734516,29.1838535],[-81.0733984,29.1838416],[-81.0733718,29.183837],[-81.0733452,29.1838344],[-81.0733183,29.183834],[-81.0732906,29.1838357],[-81.0732438,29.1838407],[-81.0732161,29.1838446],[-81.0731888,29.1838501],[-81.0731251,29.1838669],[-81.0730887,29.1838781],[-81.0730443,29.1838947],[-81.073009,29.1839099],[-81.0729211,29.1839527],[-81.0728958,29.1839661],[-81.0728558,29.1839886],[-81.072743,29.1840579],[-81.0727115,29.184079],[-81.0726736,29.1841063],[-81.0726592,29.1841184],[-81.0726525,29.184125],[-81.0726286,29.1841551],[-81.0726156,29.1841693],[-81.0726011,29.184182],[-81.0725336,29.1842353],[-81.0724759,29.1842855],[-81.0723921,29.1843647],[-81.072309,29.1844473],[-81.0722863,29.1844685],[-81.0722625,29.1844893],[-81.0722375,29.1845095],[-81.0722111,29.1845292],[-81.0721827,29.1845484],[-81.0721627,29.1845601],[-81.0721419,29.1845696],[-81.072121,29.1845771],[-81.0720712,29.1845905],[-81.0720528,29.1845968],[-81.0720167,29.1846117],[-81.0719606,29.1846369],[-81.0719306,29.1846489],[-81.0719099,29.1846559],[-81.0718788,29.184665],[-81.0718187,29.1846788],[-81.0717909,29.1846864],[-81.0717554,29.1846982],[-81.0717208,29.1847115],[-81.0716956,29.1847224],[-81.0716716,29.184734],[-81.0716109,29.1847672],[-81.0715633,29.1847953],[-81.0715325,29.1848166],[-81.0715035,29.1848401],[-81.0714897,29.1848526],[-81.0714698,29.1848723],[-81.0714389,29.1849068],[-81.0713871,29.1849695],[-81.071378,29.1849846],[-81.0713745,29.1849927],[-81.0713592,29.1850357],[-81.0713296,29.1851081],[-81.0713202,29.1851265],[-81.0713082,29.1851432],[-81.0712066,29.1852601],[-81.0710109,29.1854815],[-81.0709186,29.185589],[-81.0708741,29.1856387],[-81.070629,29.1859179],[-81.0705435,29.1860121],[-81.0705086,29.1860525],[-81.0704651,29.1861003],[-81.0704285,29.1861435],[-81.070359,29.1862231],[-81.0702741,29.1863183],[-81.0702594,29.1863329],[-81.0702436,29.1863472],[-81.0702266,29.1863609],[-81.0702087,29.186374],[-81.0701714,29.1863981],[-81.0701228,29.1864255],[-81.0700923,29.1864405],[-81.0700606,29.1864539],[-81.0700283,29.1864658],[-81.0699844,29.1864801],[-81.06995,29.1864892],[-81.0699263,29.1864938],[-81.069902,29.1864969],[-81.0698778,29.1864986],[-81.0698416,29.1864995],[-81.0698056,29.1864987],[-81.0697693,29.1864953],[-81.069745,29.1864916],[-81.0697088,29.1864831],[-81.0696849,29.1864754],[-81.0696615,29.1864661],[-81.0696501,29.1864608],[-81.0696279,29.1864488],[-81.0696069,29.1864355],[-81.0695777,29.1864133],[-81.0695599,29.1863972],[-81.0695356,29.1863715],[-81.069521,29.1863533],[-81.0695078,29.1863342],[-81.0694963,29.1863145],[-81.0694821,29.1862837],[-81.0694671,29.1862417],[-81.0694587,29.1862098],[-81.069453,29.1861779],[-81.0694499,29.1861458],[-81.0694496,29.186113],[-81.0694519,29.186091],[-81.0694562,29.1860694],[-81.069465,29.186038],[-81.0694767,29.1860085],[-81.0694998,29.1859644],[-81.0695156,29.1859311],[-81.0695752,29.1857914],[-81.0696018,29.1857398],[-81.0696557,29.1856438],[-81.0696619,29.185628],[-81.0696708,29.1855914],[-81.0696774,29.1855724],[-81.0697058,29.1855065],[-81.0697105,29.1854973],[-81.069722,29.1854797],[-81.0697414,29.1854554],[-81.0697983,29.1853875],[-81.0698185,29.1853659],[-81.0698534,29.1853321],[-81.0698709,29.1853109],[-81.069902,29.1852668],[-81.0699222,29.1852365],[-81.0699314,29.1852205],[-81.0699485,29.1851863],[-81.0699535,29.1851778],[-81.0699653,29.1851616],[-81.0700038,29.185116],[-81.0700679,29.185045],[-81.0701285,29.1849721],[-81.0701703,29.18492],[-81.0702144,29.1848691],[-81.070306,29.1847603],[-81.0703479,29.1847088],[-81.0704583,29.1845787],[-81.0705732,29.1844398],[-81.0706716,29.1843239],[-81.070815,29.1841473],[-81.0708519,29.1841037],[-81.0708961,29.1840547],[-81.0709555,29.183981],[-81.0709926,29.1839374],[-81.07104,29.1838788],[-81.0710821,29.183829],[-81.0711552,29.1837399],[-81.0711986,29.1836887],[-81.07124,29.1836382],[-81.0713436,29.1835152],[-81.0715619,29.1832516],[-81.0715971,29.1832077],[-81.0716518,29.1831421],[-81.0716934,29.1830903],[-81.0717542,29.1830182],[-81.0717655,29.1830035],[-81.0717812,29.1829809],[-81.07182,29.1829203],[-81.0718922,29.1827957],[-81.0719244,29.182744],[-81.0719319,29.1827294],[-81.071942,29.182707],[-81.071951,29.182684],[-81.0719585,29.1826606],[-81.0719665,29.1826287],[-81.0719715,29.1826036],[-81.0719805,29.1825244],[-81.0719916,29.1824538],[-81.0720001,29.1823928],[-81.0720055,29.1823404],[-81.0720094,29.1822597],[-81.0720098,29.1822058],[-81.0720058,29.1820087],[-81.071999,29.1818745],[-81.0719893,29.1817585],[-81.0719841,29.1817139],[-81.0719711,29.181625],[-81.071947,29.1814809],[-81.0719359,29.1814375],[-81.0719307,29.181412],[-81.071926,29.1813954],[-81.0719196,29.1813792],[-81.0719121,29.1813632],[-81.0718717,29.181286],[-81.071868,29.1812763],[-81.0718636,29.1812561],[-81.0718589,29.1812056],[-81.0718579,29.1811761],[-81.0718595,29.1811377],[-81.0718672,29.1810572],[-81.0718673,29.1810406],[-81.0718641,29.1809871],[-81.0718618,29.1809722],[-81.0718501,29.1809151],[-81.0718328,29.1808224],[-81.071797,29.1806177],[-81.0717931,29.1805894],[-81.0717914,29.1805702],[-81.0717906,29.1805315],[-81.0717918,29.180512],[-81.0717955,29.1804831],[-81.0718044,29.1804353],[-81.0718113,29.1804067],[-81.0718224,29.1803694],[-81.0718374,29.1803242],[-81.0718533,29.1802797],[-81.0718674,29.180244],[-81.071879,29.1802173],[-81.071892,29.1801911],[-81.0719109,29.1801573],[-81.0719367,29.1801147],[-81.0719539,29.1800883],[-81.0719668,29.1800708],[-81.0719813,29.180054],[-81.0719973,29.1800383],[-81.0720146,29.1800237],[-81.0720419,29.1800034],[-81.0720704,29.1799846],[-81.0720904,29.1799729],[-81.0721116,29.1799625],[-81.0721339,29.1799536],[-81.0721572,29.1799463],[-81.072169,29.1799434],[-81.072193,29.1799388],[-81.0722288,29.1799346],[-81.0722643,29.1799324],[-81.0722877,29.1799324],[-81.0723109,29.1799341],[-81.0723337,29.1799371],[-81.0724,29.1799488],[-81.0724323,29.1799565],[-81.0724748,29.1799682],[-81.0725062,29.1799784],[-81.0725266,29.1799862],[-81.0725661,29.1800032],[-81.0726046,29.1800216],[-81.072633,29.1800367],[-81.0726607,29.1800533],[-81.0726877,29.1800712],[-81.0727137,29.1800904],[-81.0727384,29.1801111],[-81.0727618,29.1801331],[-81.0727842,29.1801562],[-81.0728051,29.1801807],[-81.0728234,29.1802068],[-81.0728337,29.1802249],[-81.0728422,29.1802434],[-81.0728566,29.18028],[-81.0728756,29.1803244],[-81.0728881,29.1803606],[-81.0729102,29.1804431],[-81.0729381,29.1805698],[-81.0729455,29.180615],[-81.0729551,29.1806869],[-81.0729681,29.180759],[-81.0729769,29.1808241],[-81.0730164,29.1810833],[-81.0730679,29.1814005],[-81.0730786,29.1814721],[-81.0730881,29.1815431],[-81.0731349,29.1818292],[-81.0731461,29.1818917],[-81.0731533,29.1819546],[-81.0731573,29.1819813],[-81.0731809,29.1821155],[-81.0731997,29.1822518],[-81.0732046,29.1822789],[-81.0732321,29.1824064],[-81.0732709,29.1826305],[-81.0732878,29.1827197],[-81.0733045,29.1827891],[-81.0733376,29.1829099],[-81.0733432,29.1829269],[-81.0733527,29.1829518],[-81.0733804,29.1830159],[-81.0733928,29.1830367],[-81.0734027,29.1830486],[-81.0734133,29.1830589],[-81.0734244,29.1830674],[-81.0734355,29.1830745],[-81.0734523,29.1830828],[-81.0734697,29.1830899],[-81.0734891,29.1830963],[-81.0735495,29.1831107],[-81.0735727,29.1831155],[-81.0735967,29.183119],[-81.0736221,29.1831214],[-81.07364,29.183122],[-81.0736675,29.1831212],[-81.0736952,29.1831185],[-81.0737228,29.1831141],[-81.0737415,29.1831098],[-81.0737695,29.1831019],[-81.073806,29.1830899],[-81.0738417,29.1830769],[-81.0738776,29.1830623],[-81.0739136,29.1830468],[-81.07394,29.1830342],[-81.0739828,29.1830115],[-81.0740769,29.1829583],[-81.0742886,29.1828308],[-81.0743403,29.1827977],[-81.0744072,29.1827527],[-81.0744307,29.1827359],[-81.0744667,29.1827077],[-81.0744806,29.1826955],[-81.0745007,29.182676],[-81.0745585,29.1826163],[-81.0745884,29.1825807],[-81.0746009,29.1825669],[-81.0746283,29.1825438],[-81.0746455,29.182527],[-81.0746762,29.1824926],[-81.0746861,29.1824796],[-81.0746932,29.182465],[-81.0746981,29.1824494],[-81.0747193,29.1823651],[-81.0747359,29.1823051],[-81.0747505,29.182242],[-81.0747896,29.1820603],[-81.0748073,29.1819621],[-81.0748266,29.1818369],[-81.0748336,29.1817852],[-81.0748437,29.1816958],[-81.074853,29.1816513],[-81.0748559,29.1816342],[-81.0748569,29.1816084],[-81.0748559,29.1815289],[-81.0748595,29.1813333],[-81.0748593,29.1813067],[-81.0748562,29.1812351],[-81.074853,29.1811821],[-81.0748485,29.1811295],[-81.0748425,29.1810768],[-81.0748339,29.1810152],[-81.0748164,29.1809011],[-81.0748037,29.1808407],[-81.0747887,29.1807797],[-81.0747529,29.18066],[-81.0747277,29.1805836],[-81.0747094,29.1805332],[-81.0746713,29.1804348],[-81.0746651,29.1804199],[-81.0746578,29.180406],[-81.0746478,29.1803934],[-81.0746282,29.1803765],[-81.0746066,29.1803598],[-81.0745573,29.1803251],[-81.0745402,29.1803115],[-81.0745142,29.1802885],[-81.0744985,29.1802715],[-81.0744863,29.1802535],[-81.074451,29.1801891],[-81.0744177,29.1801339],[-81.0743782,29.1800728],[-81.0743154,29.1799821],[-81.0742677,29.1799154],[-81.074211,29.1798441],[-81.0741761,29.1798019],[-81.0741275,29.1797473],[-81.07407,29.1796867],[-81.07401,29.1796275],[-81.073963,29.1795822],[-81.0738882,29.1795125],[-81.0738598,29.1794885],[-81.0737999,29.1794422],[-81.0737377,29.1793927],[-81.0736987,29.1793633],[-81.0736691,29.1793423],[-81.0736094,29.1793019],[-81.0735468,29.1792612],[-81.0734641,29.1792099],[-81.0734387,29.1791949],[-81.073357,29.1791497],[-81.0732886,29.1791142],[-81.0732275,29.1790839],[-81.0731602,29.1790528],[-81.073031,29.1789968],[-81.0729134,29.1789514],[-81.0727546,29.1789011],[-81.0726208,29.1788646],[-81.0724665,29.1788288],[-81.0724282,29.1788213],[-81.0723897,29.1788149],[-81.0722719,29.178798],[-81.072182,29.1787867],[-81.0721225,29.1787805],[-81.0720134,29.1787712],[-81.0719748,29.1787685],[-81.0719457,29.1787673],[-81.071825,29.1787657],[-81.0717355,29.1787662],[-81.0716156,29.1787697],[-81.071477,29.1787794],[-81.0714376,29.178784],[-81.0713787,29.1787919],[-81.0712111,29.1788163],[-81.0711796,29.1788218],[-81.071063,29.1788452],[-81.0710378,29.1788512],[-81.0709927,29.1788639],[-81.0708991,29.1788883],[-81.0708145,29.1789146],[-81.0707265,29.1789432],[-81.0706344,29.178976],[-81.070572,29.1790004],[-81.0704729,29.1790424],[-81.0703847,29.1790837],[-81.0703155,29.1791177],[-81.070162,29.1791987],[-81.0700085,29.1792977],[-81.0699533,29.1793349],[-81.0699138,29.1793627],[-81.0698075,29.1794428],[-81.0697021,29.1795238],[-81.0695869,29.179622],[-81.0695233,29.1796793],[-81.0695076,29.1796925],[-81.0694906,29.1797055],[-81.0694618,29.1797237],[-81.0694307,29.1797398],[-81.0694095,29.1797487],[-81.0693501,29.179771],[-81.0693061,29.1797913],[-81.0692903,29.1798003],[-81.0692766,29.1798109],[-81.0692592,29.1798283],[-81.0691259,29.1799723],[-81.0690698,29.180034],[-81.0689628,29.1801544],[-81.0688017,29.1803417],[-81.0687633,29.1803838],[-81.068711,29.1804488],[-81.0686388,29.180536],[-81.068596,29.1805863],[-81.0685375,29.1806529],[-81.0685144,29.1806818],[-81.0684812,29.1807266],[-81.0684574,29.180756],[-81.0683719,29.1808578],[-81.0683222,29.1809148],[-81.068281,29.1809665],[-81.0682315,29.1810236],[-81.0680799,29.1812066],[-81.067982,29.181322],[-81.0679288,29.1813886],[-81.0678318,29.1815053],[-81.0677668,29.1815869],[-81.0677299,29.1816306],[-81.0676732,29.1816937],[-81.0676487,29.1817221],[-81.0675775,29.1818121],[-81.067493,29.1819136],[-81.0674214,29.1820019],[-81.0673167,29.1821251],[-81.0672719,29.1821839],[-81.0672354,29.1822293],[-81.0671849,29.1822877],[-81.0671284,29.1823509],[-81.0670797,29.1824087],[-81.0669291,29.1825915],[-81.0668943,29.1826354],[-81.0668503,29.1826854],[-81.0668092,29.1827378],[-81.066785,29.1827673],[-81.0666995,29.1828689],[-81.0666211,29.1829641],[-81.0665415,29.183058],[-81.0664151,29.1832117],[-81.0663224,29.1833201],[-81.0662646,29.1833943],[-81.0661963,29.1834741],[-81.0661512,29.1835317],[-81.0657429,29.1840216],[-81.0657011,29.1840731],[-81.0656356,29.1841507],[-81.0656195,29.1841713],[-81.0656105,29.1841859],[-81.0656068,29.1841937],[-81.0655973,29.1842188],[-81.0655897,29.1842359],[-81.0655563,29.1842946],[-81.0655428,29.1843198],[-81.0655328,29.184335],[-81.0655085,29.184365],[-81.0655018,29.184376],[-81.0654967,29.1843877],[-81.065491,29.184407],[-81.065484,29.1844415],[-81.0654809,29.1844627],[-81.06548,29.1844852],[-81.0654819,29.1845261],[-81.0654847,29.1845515],[-81.0654882,29.1845682],[-81.0654954,29.1845928],[-81.0655065,29.1846251],[-81.0655436,29.184719],[-81.0655538,29.1847467],[-81.0655624,29.1847758],[-81.0655667,29.184796],[-81.0655706,29.1848276],[-81.0655708,29.1848494],[-81.065569,29.1848714],[-81.0655673,29.1848824],[-81.0655618,29.1849042],[-81.0655581,29.1849149],[-81.065549,29.1849354],[-81.0655322,29.1849639],[-81.0654731,29.1850457],[-81.0654461,29.1850844],[-81.0652761,29.1853398],[-81.0651886,29.1854763],[-81.0651694,29.1855031],[-81.0651538,29.1855206],[-81.0651449,29.1855288],[-81.065125,29.1855436],[-81.0651029,29.1855559],[-81.0650913,29.1855612],[-81.0650678,29.1855702],[-81.0650443,29.1855776],[-81.0650212,29.1855837],[-81.064947,29.1855999],[-81.0648707,29.1856156],[-81.0647614,29.1856428],[-81.0647426,29.1856482],[-81.0647162,29.1856573],[-81.0646707,29.1856764],[-81.0646204,29.1857018],[-81.064608,29.1857092],[-81.0645893,29.1857234],[-81.0645381,29.1857683],[-81.0645105,29.1857897],[-81.0644808,29.1858094],[-81.0644266,29.1858415],[-81.064396,29.1858608],[-81.0643675,29.1858806],[-81.0643407,29.1859013],[-81.0643092,29.1859291],[-81.0642783,29.1859598],[-81.0642226,29.1860195],[-81.0641508,29.1860946],[-81.0641198,29.1861311],[-81.0641057,29.1861456],[-81.0640825,29.1861667],[-81.0640502,29.1861944],[-81.0639792,29.1862513],[-81.0638741,29.1863391],[-81.0638545,29.1863567],[-81.0638426,29.1863694],[-81.0638028,29.1864208],[-81.0637487,29.1864869],[-81.0637152,29.1865307],[-81.0636219,29.1866489],[-81.063503,29.186806],[-81.0634321,29.1869039],[-81.0633931,29.1869554],[-81.0633771,29.1869779],[-81.0633303,29.1870483],[-81.0632472,29.1871711],[-81.0631564,29.1873102],[-81.063101,29.1874042],[-81.0630157,29.1875555],[-81.0629755,29.1876374],[-81.0629373,29.1877098],[-81.0628737,29.1878487],[-81.0628332,29.1879479],[-81.0628149,29.1879982],[-81.0627854,29.1880831],[-81.0627613,29.1881583],[-81.0627516,29.1881915],[-81.0627203,29.1883217],[-81.062712,29.1883644],[-81.0626851,29.1885295],[-81.0626753,29.1886595],[-81.0626714,29.1888003],[-81.062676,29.1889424],[-81.0626775,29.1889597],[-81.0626831,29.1890032],[-81.0626892,29.1890641],[-81.0626968,29.1891166],[-81.0627033,29.18917],[-81.0627111,29.1892224],[-81.0627292,29.1893067],[-81.0627689,29.1894533],[-81.0627792,29.1894859],[-81.0627963,29.1895358],[-81.0628123,29.189579],[-81.0628484,29.1896707],[-81.0629094,29.1898089],[-81.062938,29.1898654],[-81.0629857,29.1899562],[-81.0630027,29.1899854],[-81.06304,29.1900448],[-81.0630745,29.1900986],[-81.0631094,29.190151],[-81.0631303,29.1901799],[-81.0631803,29.1902458],[-81.0632206,29.1902961],[-81.0632618,29.1903456],[-81.0632862,29.1903735],[-81.0633478,29.1904412],[-81.0634335,29.1905277],[-81.0634675,29.1905594],[-81.0635005,29.1905925],[-81.0635353,29.1906236],[-81.0636,29.190679],[-81.0636572,29.190726],[-81.0637481,29.1907952],[-81.0638021,29.1908333],[-81.0638982,29.1908967],[-81.0639964,29.1909574],[-81.0640375,29.1909814],[-81.0640964,29.1910131],[-81.0641833,29.1910571],[-81.0643154,29.191119],[-81.0644331,29.1911676],[-81.0645338,29.1912057],[-81.0645888,29.1912248],[-81.0647494,29.1912731],[-81.0648931,29.1913094],[-81.0650193,29.1913365],[-81.0651467,29.1913566],[-81.0652257,29.1913675],[-81.0652951,29.1913759],[-81.0654637,29.1913905],[-81.0655829,29.1913943],[-81.0657233,29.1913928],[-81.0658027,29.1913905],[-81.0658616,29.1913872],[-81.065921,29.1913824],[-81.065961,29.1913783],[-81.0660225,29.1913707],[-81.0660842,29.1913644],[-81.0661591,29.1913542],[-81.0662066,29.1913463],[-81.0662668,29.1913351],[-81.0663725,29.1913133],[-81.0664278,29.1912998],[-81.0666595,29.1912379],[-81.0667456,29.1912113],[-81.0668688,29.1911721],[-81.0669064,29.1911593],[-81.066981,29.1911321],[-81.067055,29.191104],[-81.0671,29.1910859],[-81.0671667,29.1910572],[-81.0671891,29.1910506],[-81.0672127,29.1910464],[-81.0672476,29.191042],[-81.0673234,29.1910371],[-81.0673732,29.1910321],[-81.0673915,29.1910297],[-81.0674087,29.1910252],[-81.067433,29.1910145],[-81.067501,29.1909776],[-81.0675448,29.1909556],[-81.0676056,29.1909237],[-81.067739,29.1908566],[-81.0678788,29.1907839],[-81.0679319,29.1907576],[-81.0680268,29.190703],[-81.068332,29.1905355],[-81.068392,29.1905018],[-81.0684609,29.1904619],[-81.0685492,29.1904142],[-81.0686617,29.1903514],[-81.0687936,29.1902806],[-81.0689332,29.1902042],[-81.0690122,29.1901628],[-81.0690632,29.1901329],[-81.0690983,29.1901132],[-81.0691703,29.1900767],[-81.0692132,29.1900537],[-81.0692471,29.1900345],[-81.0693243,29.1899883],[-81.0695044,29.1898865],[-81.0696273,29.1898181],[-81.0697066,29.1897749],[-81.0698557,29.1896952],[-81.0699589,29.1896378],[-81.0700386,29.1895952],[-81.0701163,29.1895507],[-81.0702113,29.1894977],[-81.0708637,29.189137],[-81.0710547,29.1890296],[-81.0711986,29.1889458],[-81.0712913,29.1888905],[-81.0714339,29.188803],[-81.0716064,29.1886929],[-81.0717273,29.1886101],[-81.0718913,29.1884911],[-81.0719452,29.1884495],[-81.071992,29.1884146],[-81.0720219,29.188391],[-81.0721399,29.1882924],[-81.0722915,29.1881595],[-81.0723126,29.1881402],[-81.0724025,29.1880541],[-81.0724701,29.1879872],[-81.0725628,29.1878917],[-81.0726139,29.1878365]]}},{"type":"Feature","properties":{"role":"edge_right","orientation":"driving direction, from the lap origin","unseen_spans":[[0.05279,0.05523],[0.06551,0.07003],[0.15714,0.15906],[0.18449,0.18711],[0.2554,0.25645],[0.25697,0.25819],[0.29233,0.29425],[0.33554,0.33763],[0.36777,0.36951],[0.39686,0.40261],[0.40523,0.40645],[0.6108,0.61167],[0.67491,0.67648],[0.677,0.6784],[0.70226,0.70383],[0.70401,0.70767],[0.71254,0.71463],[0.73293,0.74129],[0.74146,0.78328],[0.78397,0.78484]],"quality":{"source":"fdep-2021","accuracy_m":0.81,"relative_accuracy_m":0.14,"measured":true,"date":"2021","measured_fraction":0.888}},"geometry":{"type":"LineString","coordinates":[[-81.0726905,29.1878899],[-81.0727547,29.1878185],[-81.0727778,29.1877891],[-81.0727901,29.1877751],[-81.0728104,29.1877548],[-81.0728336,29.1877354],[-81.072848,29.1877214],[-81.0728602,29.187706],[-81.0728759,29.1876821],[-81.072887,29.1876672],[-81.072932,29.1876181],[-81.0729947,29.1875442],[-81.0730066,29.1875286],[-81.0730431,29.187473],[-81.0731303,29.1873498],[-81.0731868,29.1872624],[-81.0732465,29.1871664],[-81.0732784,29.1871092],[-81.0733369,29.1870143],[-81.0733732,29.1869477],[-81.0733985,29.1869076],[-81.0734125,29.1868832],[-81.0734683,29.1867743],[-81.0734974,29.186707],[-81.0735596,29.1865725],[-81.073597,29.1864876],[-81.0736221,29.1864276],[-81.0736446,29.1863762],[-81.0736713,29.1863076],[-81.073693,29.1862569],[-81.0737101,29.1862139],[-81.0737649,29.1860579],[-81.073803,29.1859446],[-81.0738251,29.1858848],[-81.073834,29.1858586],[-81.0738545,29.1857885],[-81.0738728,29.1857367],[-81.0738925,29.1856664],[-81.0739331,29.1855434],[-81.0739468,29.1854976],[-81.0739546,29.1854674],[-81.0739584,29.1854452],[-81.073959,29.1854336],[-81.0739586,29.1854219],[-81.073957,29.1854102],[-81.0739519,29.1853875],[-81.0739454,29.185366],[-81.0739379,29.1853461],[-81.0739297,29.1853276],[-81.0739095,29.1852861],[-81.0738999,29.1852637],[-81.0738894,29.1852297],[-81.0738876,29.1852169],[-81.0738879,29.1852105],[-81.0738907,29.1851977],[-81.0739194,29.18511],[-81.0739393,29.1850362],[-81.0739837,29.1848822],[-81.0739885,29.1848631],[-81.0739901,29.1848535],[-81.0739935,29.1848076],[-81.0740028,29.1847453],[-81.0740074,29.1847084],[-81.0740094,29.1846797],[-81.0740098,29.1846602],[-81.0740086,29.1846304],[-81.0740049,29.1845903],[-81.0739899,29.184482],[-81.0739827,29.1844555],[-81.0739509,29.1843583],[-81.0739257,29.1842898],[-81.0738943,29.1842083],[-81.0738822,29.1841805],[-81.0738614,29.1841368],[-81.0737785,29.1839744],[-81.073768,29.1839571],[-81.0737499,29.183932],[-81.0737297,29.1839078],[-81.0737151,29.1838923],[-81.0736915,29.18387],[-81.0736579,29.1838417],[-81.0736309,29.1838218],[-81.0736117,29.1838098],[-81.0735816,29.1837941],[-81.0735504,29.1837811],[-81.0734975,29.1837626],[-81.0734652,29.1837528],[-81.0734321,29.1837453],[-81.0733982,29.1837397],[-81.0733636,29.183736],[-81.0733288,29.1837345],[-81.0732945,29.1837353],[-81.07325,29.1837383],[-81.0732058,29.1837436],[-81.0731617,29.1837513],[-81.0731189,29.1837616],[-81.0730773,29.1837738],[-81.0730262,29.1837909],[-81.0729864,29.1838063],[-81.0728911,29.1838466],[-81.0728055,29.1838861],[-81.0727772,29.1839018],[-81.0727594,29.1839135],[-81.0727425,29.1839257],[-81.0726872,29.1839691],[-81.0726227,29.1840181],[-81.0725756,29.1840562],[-81.0725293,29.1840921],[-81.0725069,29.1841108],[-81.0724852,29.1841305],[-81.0724495,29.1841647],[-81.0723821,29.1842343],[-81.0722438,29.1843668],[-81.0722233,29.1843849],[-81.0722092,29.1843961],[-81.0721945,29.1844064],[-81.0721716,29.1844207],[-81.0721332,29.1844416],[-81.07211,29.1844519],[-81.0720487,29.1844708],[-81.0719811,29.1844968],[-81.0718972,29.184528],[-81.0718525,29.1845424],[-81.0717451,29.184574],[-81.071714,29.1845841],[-81.0716832,29.1845953],[-81.0716428,29.1846119],[-81.0716127,29.1846259],[-81.071583,29.1846417],[-81.0715547,29.1846599],[-81.0715374,29.1846735],[-81.0715216,29.1846881],[-81.0714522,29.1847632],[-81.0714074,29.1848158],[-81.0713153,29.184919],[-81.0712159,29.1850358],[-81.071169,29.1850879],[-81.071076,29.1851943],[-81.0710176,29.1852574],[-81.0708216,29.1854779],[-81.0707467,29.1855641],[-81.0706706,29.1856491],[-81.0704773,29.1858696],[-81.0704519,29.1858958],[-81.070407,29.1859344],[-81.0703926,29.185949],[-81.0703361,29.1860173],[-81.0702487,29.1861282],[-81.0702053,29.1861774],[-81.0701639,29.1862263],[-81.070129,29.186265],[-81.0701059,29.1862893],[-81.0700869,29.1863063],[-81.0700529,29.1863325],[-81.0700312,29.1863463],[-81.0700159,29.1863541],[-81.0699919,29.186364],[-81.0699669,29.1863724],[-81.0699501,29.186377],[-81.0699333,29.1863805],[-81.0699166,29.1863828],[-81.0698999,29.1863838],[-81.0698832,29.1863838],[-81.0698578,29.1863822],[-81.0698324,29.1863789],[-81.0698075,29.186374],[-81.0697915,29.1863698],[-81.0697686,29.1863624],[-81.0697398,29.186351],[-81.0697197,29.1863414],[-81.0697073,29.1863338],[-81.06969,29.1863206],[-81.0696737,29.1863059],[-81.0696635,29.1862954],[-81.0696494,29.1862788],[-81.0696368,29.1862612],[-81.0696256,29.1862427],[-81.0696195,29.1862298],[-81.0696146,29.1862164],[-81.0696111,29.1862025],[-81.0696091,29.1861882],[-81.0696079,29.186159],[-81.0696081,29.1861301],[-81.0696092,29.186116],[-81.0696114,29.1861021],[-81.0696145,29.186088],[-81.0696207,29.1860665],[-81.0696315,29.1860363],[-81.0696448,29.1860038],[-81.0696969,29.1858879],[-81.0697183,29.1858502],[-81.0697841,29.1857475],[-81.0697944,29.1857291],[-81.069802,29.1857093],[-81.0698153,29.1856616],[-81.0698237,29.185637],[-81.0698383,29.1856073],[-81.0698781,29.1855354],[-81.0699475,29.1854191],[-81.069993,29.1853453],[-81.0700586,29.1852419],[-81.0701469,29.1851146],[-81.0702023,29.1850382],[-81.0702697,29.1849488],[-81.0703901,29.1848027],[-81.0704429,29.1847363],[-81.0705698,29.1845829],[-81.0706618,29.1844745],[-81.0707155,29.1844085],[-81.0708087,29.1842994],[-81.0708612,29.1842336],[-81.0709233,29.1841622],[-81.0710252,29.1840368],[-81.0711418,29.1838984],[-81.0711595,29.1838757],[-81.0711919,29.1838299],[-81.0712151,29.183801],[-81.0712398,29.1837732],[-81.0712802,29.1837324],[-81.0713058,29.1837033],[-81.0713966,29.183593],[-81.0714488,29.1835262],[-81.0715576,29.1833955],[-81.0716791,29.183261],[-81.0717472,29.1831819],[-81.0719362,29.1829726],[-81.0719481,29.1829563],[-81.0719687,29.1829229],[-81.0720057,29.1828681],[-81.072021,29.1828439],[-81.0720399,29.1828093],[-81.0720523,29.1827815],[-81.0720596,29.1827623],[-81.0720691,29.1827334],[-81.0720849,29.1826753],[-81.0720881,29.1826557],[-81.072098,29.1825714],[-81.0721022,29.1825258],[-81.0721064,29.182434],[-81.072107,29.1823874],[-81.0721063,29.1823687],[-81.0721013,29.1823045],[-81.0720998,29.182241],[-81.0720972,29.1821867],[-81.0720947,29.182096],[-81.072093,29.1820597],[-81.0720862,29.181978],[-81.0720662,29.1817696],[-81.0720532,29.1816702],[-81.0720336,29.1815454],[-81.0720304,29.181519],[-81.0720292,29.1814275],[-81.0720168,29.18127],[-81.0720121,29.1811487],[-81.0720137,29.1810187],[-81.0720126,29.1809873],[-81.0720086,29.1809663],[-81.0720014,29.180946],[-81.071993,29.1809266],[-81.0719792,29.1808995],[-81.0719456,29.1808425],[-81.0719293,29.1808109],[-81.0719224,29.1807951],[-81.0719183,29.1807788],[-81.0719158,29.1807537],[-81.0719143,29.1807192],[-81.0719137,29.180666],[-81.0719147,29.1806305],[-81.0719176,29.1805788],[-81.0719249,29.1804954],[-81.0719293,29.1804623],[-81.0719349,29.1804295],[-81.0719451,29.1803883],[-81.0719636,29.1803297],[-81.071982,29.1802805],[-81.0720352,29.1801615],[-81.0720431,29.1801472],[-81.0720524,29.180134],[-81.0720628,29.180122],[-81.0720797,29.1801051],[-81.0720981,29.1800893],[-81.0721181,29.1800749],[-81.0721393,29.1800622],[-81.072154,29.1800547],[-81.0721765,29.1800455],[-81.0721918,29.1800405],[-81.0722157,29.180035],[-81.0722407,29.1800312],[-81.0722667,29.1800289],[-81.0722844,29.1800284],[-81.0723023,29.180029],[-81.0723295,29.1800316],[-81.0723569,29.1800358],[-81.0723844,29.1800414],[-81.0724206,29.1800507],[-81.0724472,29.180059],[-81.0724734,29.1800684],[-81.0724993,29.1800792],[-81.0725246,29.1800914],[-81.0725573,29.1801089],[-81.0725888,29.1801271],[-81.0726113,29.1801416],[-81.0726328,29.180157],[-81.072653,29.1801734],[-81.072672,29.1801907],[-81.0726895,29.1802089],[-81.0727003,29.1802216],[-81.0727147,29.1802414],[-81.072728,29.1802619],[-81.0727404,29.1802834],[-81.0727561,29.180314],[-81.0727672,29.1803379],[-81.0727769,29.1803622],[-81.0727878,29.1803952],[-81.0728038,29.180454],[-81.0728097,29.1804796],[-81.0728223,29.1805494],[-81.0728341,29.1806289],[-81.0728554,29.1807621],[-81.07286,29.1808055],[-81.0728617,29.1808402],[-81.0728613,29.1808666],[-81.0728574,29.1809308],[-81.0728579,29.1809592],[-81.0728595,29.1809781],[-81.0728692,29.181054],[-81.0728715,29.1810636],[-81.0728777,29.1810823],[-81.0729059,29.1811524],[-81.0729378,29.181237],[-81.0729469,29.1812712],[-81.0729587,29.1813321],[-81.0729741,29.1814298],[-81.0729856,29.1814923],[-81.07301,29.1816354],[-81.0730521,29.1818944],[-81.0730616,29.1819569],[-81.0730752,29.1820278],[-81.0730812,29.1820905],[-81.0730989,29.1821976],[-81.0731032,29.1822326],[-81.073105,29.1822677],[-81.0731035,29.1823043],[-81.0731038,29.1823233],[-81.0731067,29.1823424],[-81.07312,29.1824072],[-81.0731296,29.1824429],[-81.0731549,29.1825213],[-81.0731662,29.1825647],[-81.0731741,29.1825997],[-81.0731901,29.1826793],[-81.0732056,29.182769],[-81.0732268,29.1828683],[-81.0732526,29.1829765],[-81.0732753,29.1830605],[-81.0732851,29.1830909],[-81.0732986,29.1831226],[-81.0733104,29.1831439],[-81.0733251,29.1831649],[-81.0733432,29.1831844],[-81.0733643,29.1832016],[-81.0733875,29.183216],[-81.0734118,29.1832275],[-81.0734363,29.1832367],[-81.0734607,29.183244],[-81.0734851,29.1832499],[-81.0735098,29.1832543],[-81.0735349,29.1832569],[-81.0735602,29.1832577],[-81.0735855,29.1832566],[-81.0736102,29.1832541],[-81.0736341,29.18325],[-81.07369,29.1832356],[-81.0737342,29.1832271],[-81.0737757,29.1832137],[-81.073838,29.1831984],[-81.0738691,29.1831895],[-81.0741483,29.1831008],[-81.0741983,29.1830835],[-81.0742284,29.1830711],[-81.0742657,29.1830504],[-81.0743299,29.1830177],[-81.074358,29.1830024],[-81.0743865,29.1829849],[-81.0744138,29.1829643],[-81.0744223,29.1829567],[-81.0744377,29.1829407],[-81.0744706,29.1829018],[-81.07449,29.1828813],[-81.0745252,29.1828494],[-81.0745721,29.1828103],[-81.0745795,29.1828032],[-81.0746063,29.1827739],[-81.0746433,29.1827409],[-81.0746791,29.1827062],[-81.0747133,29.1826712],[-81.0747623,29.182619],[-81.0747765,29.1826016],[-81.0747886,29.1825824],[-81.0747988,29.1825623],[-81.0748071,29.1825419],[-81.0748137,29.1825216],[-81.0748212,29.1824915],[-81.0748318,29.1824341],[-81.0748495,29.1823617],[-81.0748694,29.1822736],[-81.0748786,29.1822395],[-81.0748934,29.1821959],[-81.0749014,29.1821684],[-81.0749072,29.1821402],[-81.0749112,29.1821121],[-81.0749135,29.1820843],[-81.0749159,29.182029],[-81.0749227,29.1819762],[-81.0749259,29.1819592],[-81.0749301,29.1819423],[-81.0749452,29.1818991],[-81.0749502,29.1818809],[-81.0749537,29.1818622],[-81.0749562,29.1818435],[-81.0749598,29.1818062],[-81.0749608,29.1817783],[-81.07496,29.1817597],[-81.0749565,29.1817233],[-81.0749568,29.1816966],[-81.07496,29.1816605],[-81.0749659,29.181614],[-81.0749688,29.1815955],[-81.0749781,29.18155],[-81.0749832,29.1815135],[-81.0749853,29.1814773],[-81.0749867,29.1814047],[-81.0749855,29.1813583],[-81.0749793,29.1812759],[-81.0749778,29.1812029],[-81.0749753,29.1811568],[-81.0749708,29.1811107],[-81.0749589,29.1810193],[-81.0749445,29.1809285],[-81.0749304,29.1808555],[-81.0749022,29.1807389],[-81.0748878,29.180685],[-81.0748691,29.1806226],[-81.0748542,29.1805785],[-81.074775,29.1803742],[-81.0747524,29.1803254],[-81.0747237,29.18027],[-81.0746964,29.1802217],[-81.0746776,29.180197],[-81.0746696,29.1801846],[-81.0746627,29.1801707],[-81.0746527,29.1801464],[-81.0746433,29.1801296],[-81.0746082,29.1800825],[-81.0745408,29.1799785],[-81.0745031,29.1799233],[-81.0744644,29.1798684],[-81.074424,29.1798137],[-81.0743817,29.1797596],[-81.0743567,29.1797294],[-81.0742792,29.1796398],[-81.074218,29.1795758],[-81.0741695,29.1795269],[-81.0741129,29.179472],[-81.0740613,29.1794246],[-81.0740085,29.1793785],[-81.0739392,29.1793206],[-81.0739235,29.1793086],[-81.0738612,29.179264],[-81.0738147,29.1792266],[-81.0737895,29.1792074],[-81.0737459,29.1791775],[-81.0735992,29.1790843],[-81.0735753,29.1790671],[-81.0735363,29.1790359],[-81.0735196,29.1790238],[-81.0735018,29.1790125],[-81.0734738,29.1789967],[-81.0733908,29.1789541],[-81.0733635,29.1789412],[-81.0732859,29.1789065],[-81.0732655,29.1788986],[-81.0732149,29.1788824],[-81.0731959,29.1788756],[-81.0730649,29.1788231],[-81.0729956,29.1787969],[-81.0728665,29.1787533],[-81.0728262,29.178741],[-81.0726643,29.1786982],[-81.0725728,29.1786762],[-81.0725211,29.1786653],[-81.0723633,29.1786375],[-81.0722181,29.1786178],[-81.0720711,29.1786036],[-81.0720285,29.1786004],[-81.071985,29.1785982],[-81.0718687,29.178595],[-81.0718159,29.1785942],[-81.0717416,29.1785948],[-81.0716679,29.1785967],[-81.0716043,29.1785993],[-81.0715614,29.178602],[-81.0714879,29.1786091],[-81.0714243,29.1786139],[-81.0713714,29.1786187],[-81.0713399,29.1786227],[-81.071246,29.1786382],[-81.0711452,29.1786572],[-81.0711261,29.1786602],[-81.0711066,29.1786619],[-81.0710533,29.1786641],[-81.0710302,29.1786667],[-81.0710068,29.1786704],[-81.0709838,29.1786748],[-81.070951,29.1786826],[-81.0708491,29.1787116],[-81.0708282,29.1787185],[-81.0708078,29.1787267],[-81.0707699,29.1787446],[-81.0707516,29.1787522],[-81.0706075,29.1788003],[-81.0705483,29.1788218],[-81.0704888,29.1788445],[-81.0704598,29.1788568],[-81.0702813,29.1789365],[-81.0702533,29.1789501],[-81.0701903,29.1789844],[-81.0701179,29.1790217],[-81.0700818,29.1790418],[-81.0700179,29.179079],[-81.0700005,29.1790899],[-81.0699597,29.1791175],[-81.0699081,29.1791479],[-81.0698831,29.1791656],[-81.0698525,29.179192],[-81.0698365,29.1792039],[-81.0698193,29.1792142],[-81.0697832,29.1792335],[-81.0697574,29.1792501],[-81.0697175,29.1792806],[-81.069653,29.1793275],[-81.0695741,29.1793892],[-81.0694977,29.1794522],[-81.0694225,29.1795183],[-81.0693797,29.1795573],[-81.0693122,29.1796207],[-81.0692705,29.1796576],[-81.0692335,29.1796928],[-81.0692175,29.1797065],[-81.0691919,29.1797268],[-81.0691754,29.1797417],[-81.0691605,29.179758],[-81.0690836,29.1798485],[-81.069032,29.1799017],[-81.0689925,29.1799448],[-81.0689455,29.1799945],[-81.0688881,29.180058],[-81.0688376,29.1801157],[-81.0687985,29.1801585],[-81.0687674,29.180195],[-81.0687081,29.180267],[-81.0686632,29.1803165],[-81.0686085,29.1803839],[-81.0685397,29.180463],[-81.0685281,29.1804785],[-81.0685045,29.1805195],[-81.0684721,29.1805628],[-81.0684595,29.1805764],[-81.0684233,29.1806094],[-81.0684032,29.1806308],[-81.0682067,29.1808633],[-81.0681709,29.1809074],[-81.0681272,29.1809582],[-81.0680489,29.1810526],[-81.0679953,29.1811187],[-81.0678969,29.1812346],[-81.0678499,29.1812943],[-81.0678194,29.1813303],[-81.0677354,29.1814328],[-81.0677046,29.1814688],[-81.0676691,29.1815129],[-81.0676131,29.1815773],[-81.0675413,29.1816669],[-81.0674678,29.1817522],[-81.0673888,29.1818477],[-81.0673588,29.181885],[-81.067325,29.1819297],[-81.0672937,29.1819644],[-81.0672461,29.1820226],[-81.0671883,29.1820886],[-81.0671296,29.1821614],[-81.0670809,29.1822182],[-81.0670385,29.1822703],[-81.0670012,29.1823135],[-81.0669656,29.1823582],[-81.0669235,29.1824094],[-81.0668734,29.182467],[-81.0667997,29.1825537],[-81.0667528,29.1826136],[-81.0667233,29.18265],[-81.0665896,29.1828098],[-81.0664941,29.1829266],[-81.0664498,29.1829765],[-81.066399,29.183037],[-81.0663869,29.1830521],[-81.0663759,29.1830674],[-81.0663665,29.183083],[-81.0663538,29.183107],[-81.0663441,29.1831223],[-81.0663213,29.1831512],[-81.0662912,29.1831859],[-81.0662778,29.183199],[-81.066249,29.1832252],[-81.0662281,29.1832467],[-81.0662026,29.1832769],[-81.0661621,29.1833283],[-81.0661069,29.1833922],[-81.0660934,29.1834064],[-81.0660636,29.1834338],[-81.0660499,29.1834482],[-81.0660386,29.1834636],[-81.066014,29.1835026],[-81.0659855,29.1835394],[-81.0657851,29.1837797],[-81.065744,29.1838314],[-81.0656825,29.1839033],[-81.0656385,29.1839525],[-81.0655904,29.1840111],[-81.0655206,29.1840931],[-81.0654586,29.1841709],[-81.0654171,29.1842201],[-81.0653791,29.1842637],[-81.0653587,29.1842905],[-81.065346,29.1843112],[-81.065336,29.1843335],[-81.0653289,29.1843563],[-81.0653205,29.1843898],[-81.0653172,29.184412],[-81.0653167,29.1844233],[-81.0653178,29.184457],[-81.0653202,29.184479],[-81.0653266,29.1845103],[-81.065339,29.1845489],[-81.0653634,29.1846134],[-81.0653793,29.1846596],[-81.0654011,29.1847027],[-81.0654082,29.1847194],[-81.0654367,29.1847992],[-81.0654414,29.1848142],[-81.0654457,29.1848364],[-81.0654474,29.1848648],[-81.0654466,29.1848926],[-81.0654432,29.1849138],[-81.0654387,29.1849284],[-81.0654326,29.1849432],[-81.0654248,29.1849582],[-81.0654156,29.184973],[-81.0653947,29.1850024],[-81.0653485,29.1850625],[-81.0653265,29.1850939],[-81.0652332,29.1852344],[-81.0651797,29.1853122],[-81.0651646,29.1853362],[-81.065128,29.1854001],[-81.0651183,29.1854146],[-81.0651081,29.185428],[-81.0650919,29.1854453],[-81.0650807,29.1854552],[-81.0650691,29.1854638],[-81.0650569,29.1854713],[-81.0650437,29.1854775],[-81.0650292,29.1854824],[-81.0650215,29.1854842],[-81.0650134,29.1854856],[-81.0649964,29.1854872],[-81.0649173,29.1854877],[-81.0648847,29.1854894],[-81.0648631,29.1854917],[-81.0648525,29.1854935],[-81.0648122,29.1855029],[-81.0647923,29.1855061],[-81.064731,29.185513],[-81.0646526,29.1855199],[-81.0646284,29.1855232],[-81.0646037,29.1855284],[-81.0645914,29.1855318],[-81.064567,29.1855405],[-81.0645434,29.1855512],[-81.0645209,29.1855637],[-81.0644999,29.1855775],[-81.0644524,29.1856117],[-81.0644366,29.1856248],[-81.0644238,29.1856382],[-81.0643972,29.1856683],[-81.0643856,29.1856782],[-81.0643789,29.1856825],[-81.0643471,29.1856991],[-81.064292,29.1857297],[-81.0642122,29.1857714],[-81.0641835,29.1857897],[-81.0641573,29.1858099],[-81.0641023,29.1858581],[-81.0640743,29.1858872],[-81.0640422,29.185924],[-81.0639944,29.1859839],[-81.063919,29.1860735],[-81.0639015,29.1860933],[-81.0638884,29.1861059],[-81.0638811,29.1861117],[-81.0638474,29.1861326],[-81.0638307,29.1861447],[-81.0638155,29.1861587],[-81.0638013,29.1861737],[-81.0637814,29.1861967],[-81.0637363,29.1862514],[-81.0637176,29.1862762],[-81.0636889,29.1863166],[-81.0636775,29.1863312],[-81.0636259,29.1863864],[-81.0635646,29.1864614],[-81.0635201,29.1865109],[-81.0634866,29.1865569],[-81.0633882,29.1866846],[-81.0632915,29.1868141],[-81.0632469,29.1868765],[-81.0631296,29.1870468],[-81.0630922,29.1871025],[-81.0630256,29.187205],[-81.0629999,29.1872458],[-81.0629753,29.1872869],[-81.06291,29.1874005],[-81.0628776,29.1874584],[-81.0628424,29.1875252],[-81.0628,29.1876087],[-81.0627315,29.187752],[-81.0627159,29.1877872],[-81.0626978,29.1878315],[-81.062668,29.1879098],[-81.0626431,29.1879802],[-81.0626166,29.1880595],[-81.0625976,29.188123],[-81.0625835,29.1881781],[-81.062561,29.1882764],[-81.0625514,29.1883223],[-81.062543,29.1883683],[-81.06253,29.1884499],[-81.0625222,29.1885056],[-81.0625167,29.1885619],[-81.0625123,29.1886267],[-81.0625105,29.1886833],[-81.0625107,29.1887842],[-81.0625119,29.1888306],[-81.0625168,29.1889493],[-81.0625205,29.1890052],[-81.0625255,29.1890606],[-81.0625414,29.1891885],[-81.0625476,29.1892249],[-81.0625716,29.1893458],[-81.0625883,29.189417],[-81.0625953,29.1894436],[-81.0626117,29.1894979],[-81.0626348,29.1895614],[-81.0626508,29.1896137],[-81.0626881,29.1897192],[-81.062715,29.1897898],[-81.0627298,29.1898249],[-81.06275,29.1898681],[-81.0627892,29.1899428],[-81.062805,29.1899749],[-81.062812,29.1899916],[-81.0628251,29.1900277],[-81.0628379,29.1900552],[-81.0628578,29.1900901],[-81.0628779,29.1901231],[-81.0629242,29.1901956],[-81.0629461,29.190228],[-81.0629867,29.1902836],[-81.0630449,29.1903604],[-81.0631636,29.1905028],[-81.0631837,29.190525],[-81.0632575,29.1906029],[-81.0633,29.1906452],[-81.0633336,29.1906812],[-81.0633476,29.1906951],[-81.0634033,29.1907385],[-81.0634631,29.1907904],[-81.0634942,29.1908162],[-81.0635979,29.1908964],[-81.063672,29.1909492],[-81.0637223,29.1909835],[-81.0637984,29.191033],[-81.0638673,29.1910756],[-81.0639293,29.1911121],[-81.0639928,29.1911469],[-81.0640747,29.1911889],[-81.0641486,29.1912248],[-81.0642236,29.1912592],[-81.0642997,29.1912918],[-81.0643765,29.1913227],[-81.0644544,29.191352],[-81.0645139,29.1913727],[-81.0645841,29.1913951],[-81.0646638,29.1914187],[-81.0647346,29.1914381],[-81.0648881,29.191475],[-81.0649395,29.1914854],[-81.0650534,29.1915066],[-81.0651263,29.191518],[-81.0651994,29.1915279],[-81.0652832,29.1915376],[-81.0653571,29.1915445],[-81.0654309,29.1915498],[-81.0655052,29.1915535],[-81.0655795,29.1915556],[-81.0656641,29.1915559],[-81.0657691,29.1915542],[-81.0658549,29.1915509],[-81.0658868,29.191549],[-81.0660123,29.1915389],[-81.0660524,29.1915348],[-81.0661354,29.1915245],[-81.0661904,29.1915169],[-81.0662642,29.1915048],[-81.0662846,29.1915026],[-81.066326,29.1915],[-81.066347,29.1914977],[-81.0663787,29.1914923],[-81.0664529,29.191477],[-81.0664851,29.1914698],[-81.0665063,29.191464],[-81.0665269,29.1914567],[-81.0665744,29.1914348],[-81.066593,29.1914277],[-81.0666313,29.191416],[-81.0667104,29.1913944],[-81.0668087,29.191364],[-81.0669166,29.1913281],[-81.0670138,29.1912937],[-81.0670806,29.191268],[-81.0671576,29.1912371],[-81.0672552,29.1911955],[-81.0673127,29.1911727],[-81.067368,29.1911486],[-81.0673876,29.1911415],[-81.0674194,29.1911329],[-81.0674413,29.1911255],[-81.0674825,29.1911063],[-81.0675219,29.1910908],[-81.0675499,29.1910786],[-81.0676046,29.1910515],[-81.0676598,29.1910253],[-81.0677043,29.1910026],[-81.0677765,29.1909678],[-81.0678572,29.1909265],[-81.0679285,29.1908888],[-81.067998,29.1908482],[-81.0681184,29.1907801],[-81.0682242,29.1907241],[-81.0683192,29.1906701],[-81.0684241,29.1906125],[-81.0684672,29.1905871],[-81.0685158,29.1905536],[-81.0685493,29.1905337],[-81.0686018,29.1905058],[-81.0686575,29.1904804],[-81.0686754,29.1904713],[-81.068981,29.1903062],[-81.0690947,29.1902434],[-81.0691632,29.1902041],[-81.0692418,29.1901624],[-81.0693451,29.1901006],[-81.0694071,29.19007],[-81.0694687,29.1900364],[-81.0695036,29.190016],[-81.0695618,29.1899779],[-81.0696044,29.189953],[-81.0697336,29.1898821],[-81.0698646,29.1898116],[-81.0700561,29.1897035],[-81.0701259,29.189667],[-81.0701962,29.1896289],[-81.0705961,29.1894072],[-81.0708923,29.1892439],[-81.0711169,29.1891176],[-81.0711796,29.1890848],[-81.0711968,29.1890741],[-81.0712297,29.1890519],[-81.0712467,29.1890416],[-81.0713098,29.1890099],[-81.0713615,29.1889795],[-81.071463,29.1889173],[-81.0715377,29.1888683],[-81.071606,29.1888263],[-81.0717196,29.1887469],[-81.0718104,29.1886863],[-81.0718574,29.1886503],[-81.0719139,29.1886099],[-81.0719585,29.1885708],[-81.0720047,29.1885345],[-81.0721189,29.1884412],[-81.0722143,29.1883579],[-81.0722711,29.1883052],[-81.0723288,29.1882531],[-81.072475,29.1881115],[-81.072537,29.1880503],[-81.0726516,29.1879329],[-81.0726905,29.1878899]]}},{"type":"Feature","properties":{"role":"midline","derived_from":["edge_left","edge_right"],"quality":{"source":"derived","accuracy_m":0.81,"relative_accuracy_m":0.14,"measured":true,"date":"2021"}},"geometry":{"type":"LineString","coordinates":[[-81.0726522,29.1878632],[-81.0727095,29.1877994],[-81.0727525,29.1877488],[-81.0728056,29.1876936],[-81.0728174,29.1876789],[-81.0728456,29.1876411],[-81.0729368,29.187532],[-81.0729601,29.1875022],[-81.0729972,29.1874481],[-81.0730782,29.1873329],[-81.0731556,29.1872158],[-81.0732001,29.1871446],[-81.0732327,29.1870883],[-81.0732853,29.1870005],[-81.0733262,29.1869277],[-81.0733544,29.1868795],[-81.0733675,29.186855],[-81.0734213,29.1867476],[-81.0734437,29.1866972],[-81.0735057,29.1865634],[-81.0735392,29.1864877],[-81.0735948,29.1863519],[-81.0736176,29.186292],[-81.0736515,29.1862068],[-81.073667,29.1861638],[-81.073776,29.1858439],[-81.0737995,29.1857654],[-81.0738165,29.1857133],[-81.0738346,29.1856522],[-81.0738678,29.185548],[-81.0738927,29.1854605],[-81.0738964,29.1854427],[-81.0738977,29.1854245],[-81.073897,29.1854155],[-81.0738933,29.1853976],[-81.0738869,29.1853803],[-81.0738472,29.1852971],[-81.0738366,29.1852717],[-81.073831,29.1852544],[-81.0738267,29.1852368],[-81.0738243,29.1852188],[-81.0738241,29.1852098],[-81.0738256,29.1851918],[-81.0738297,29.1851741],[-81.0738505,29.1851137],[-81.0738579,29.1850875],[-81.0738642,29.185061],[-81.0738808,29.1849811],[-81.0739015,29.1848561],[-81.0739056,29.184793],[-81.0739159,29.1846941],[-81.0739176,29.184658],[-81.0739167,29.1846219],[-81.0739141,29.1845859],[-81.0739099,29.18455],[-81.0739039,29.1845143],[-81.0738936,29.1844702],[-81.0738736,29.1843725],[-81.0738591,29.1843199],[-81.0738474,29.1842576],[-81.0738432,29.1842399],[-81.0738378,29.1842225],[-81.0738278,29.1841969],[-81.0738127,29.1841634],[-81.0737888,29.1841135],[-81.0737562,29.1840472],[-81.0737391,29.1840144],[-81.0737249,29.1839904],[-81.0737028,29.18396],[-81.0736847,29.1839381],[-81.0736719,29.183924],[-81.0736443,29.1838973],[-81.0736142,29.1838728],[-81.0735981,29.1838615],[-81.0735813,29.1838511],[-81.0735546,29.1838374],[-81.0735268,29.1838257],[-81.0734887,29.1838122],[-81.0734496,29.1838011],[-81.0734097,29.1837924],[-81.0733793,29.1837876],[-81.0733486,29.1837848],[-81.0733178,29.1837843],[-81.0732767,29.1837865],[-81.0732359,29.1837907],[-81.0731953,29.1837966],[-81.0731653,29.183803],[-81.0731161,29.183816],[-81.0730773,29.1838278],[-81.0730391,29.1838412],[-81.0729924,29.1838602],[-81.0729011,29.1839017],[-81.0728474,29.1839282],[-81.0728211,29.1839425],[-81.0727959,29.1839581],[-81.0727716,29.1839747],[-81.0726911,29.1840309],[-81.0726517,29.1840598],[-81.0726213,29.1840842],[-81.0725725,29.1841307],[-81.0725205,29.1841744],[-81.0724844,29.1842065],[-81.0722624,29.1844196],[-81.0722402,29.1844384],[-81.0722168,29.1844561],[-81.0721925,29.1844728],[-81.0721675,29.1844886],[-81.0721414,29.1845031],[-81.072123,29.1845112],[-81.0720362,29.1845395],[-81.0719799,29.1845616],[-81.0719334,29.1845808],[-81.071905,29.1845915],[-81.0718565,29.1846065],[-81.0717777,29.1846272],[-81.0717391,29.1846396],[-81.0717106,29.18465],[-81.0716733,29.1846653],[-81.0716372,29.1846825],[-81.0716026,29.1847019],[-81.071578,29.1847182],[-81.0715396,29.1847482],[-81.0715101,29.1847733],[-81.0714887,29.1847927],[-81.0714615,29.1848198],[-81.0714097,29.1848759],[-81.07136,29.1849335],[-81.0713422,29.1849557],[-81.0713318,29.1849713],[-81.0712698,29.1850752],[-81.0712594,29.1850908],[-81.0712476,29.1851055],[-81.0711412,29.1852272],[-81.0710774,29.185298],[-81.0709512,29.1854405],[-81.0705559,29.1858907],[-81.0705174,29.1859331],[-81.0704693,29.18598],[-81.0704564,29.1859941],[-81.0704006,29.1860588],[-81.0703588,29.1861102],[-81.0703101,29.1861684],[-81.0702224,29.1862686],[-81.0701891,29.1863029],[-81.0701677,29.1863224],[-81.0701527,29.1863348],[-81.0701371,29.1863465],[-81.0701129,29.1863632],[-81.0700878,29.186379],[-81.0700706,29.1863888],[-81.0700435,29.1864018],[-81.0700155,29.186413],[-81.0699868,29.1864228],[-81.0699574,29.1864311],[-81.0699375,29.1864355],[-81.0699172,29.1864386],[-81.0698968,29.1864404],[-81.069866,29.186441],[-81.0698352,29.1864398],[-81.0698046,29.1864368],[-81.0697743,29.1864317],[-81.0697545,29.1864271],[-81.069735,29.1864213],[-81.0697065,29.186411],[-81.0696793,29.1863982],[-81.0696623,29.1863881],[-81.0696462,29.1863768],[-81.0696238,29.1863582],[-81.0696034,29.1863379],[-81.069591,29.1863235],[-81.0695743,29.1863007],[-81.0695646,29.1862848],[-81.069556,29.1862684],[-81.0695455,29.186243],[-81.0695376,29.1862168],[-81.0695339,29.186199],[-81.0695306,29.1861721],[-81.0695286,29.1861361],[-81.069529,29.186118],[-81.069531,29.1861],[-81.0695345,29.1860822],[-81.0695417,29.1860559],[-81.0695478,29.1860386],[-81.0695549,29.1860217],[-81.0695934,29.185938],[-81.0696266,29.1858622],[-81.0696383,29.1858372],[-81.0696603,29.1857965],[-81.0697129,29.1857086],[-81.0697214,29.1856921],[-81.0697347,29.185658],[-81.0697444,29.1856229],[-81.0697504,29.1856056],[-81.0697618,29.1855804],[-81.0697863,29.1855308],[-81.0698065,29.1854993],[-81.069861,29.1854229],[-81.0699079,29.1853635],[-81.0699242,29.1853406],[-81.0699707,29.1852703],[-81.0699853,29.1852465],[-81.0700035,29.1852141],[-81.0700193,29.1851908],[-81.0702235,29.1849307],[-81.070345,29.1847852],[-81.0704046,29.1847116],[-81.0707698,29.1842753],[-81.0708292,29.1842017],[-81.0709336,29.1840787],[-81.0709934,29.1840053],[-81.071109,29.1838671],[-81.0711551,29.1838073],[-81.071179,29.1837779],[-81.0711974,29.1837562],[-81.0712361,29.1837141],[-81.0712548,29.1836925],[-81.0713578,29.1835686],[-81.0714113,29.1835024],[-81.0715081,29.1833856],[-81.0716073,29.1832704],[-81.0717239,29.1831329],[-81.0718108,29.1830322],[-81.0718691,29.1829579],[-81.0718855,29.182935],[-81.0719732,29.182792],[-81.0719864,29.1827674],[-81.071994,29.1827506],[-81.0720041,29.182725],[-81.0720129,29.1826991],[-81.0720205,29.1826728],[-81.0720264,29.1826462],[-81.0720319,29.1826105],[-81.0720363,29.1825746],[-81.0720492,29.1824488],[-81.072053,29.1824038],[-81.0720548,29.1823587],[-81.0720547,29.1822324],[-81.0720505,29.182079],[-81.0720466,29.1819979],[-81.0720376,29.1818719],[-81.0720257,29.181746],[-81.0720136,29.1816563],[-81.0719936,29.1815313],[-81.0719875,29.1814683],[-81.0719791,29.1814056],[-81.071974,29.1813789],[-81.0719674,29.1813525],[-81.071944,29.1812739],[-81.071942,29.181265],[-81.0719395,29.1812471],[-81.0719366,29.181202],[-81.0719354,29.181157],[-81.071936,29.1811299],[-81.0719404,29.1810488],[-81.0719394,29.1810037],[-81.071938,29.1809856],[-81.0719342,29.1809678],[-81.0719288,29.1809504],[-81.0718936,29.1808561],[-81.0718792,29.1808127],[-81.0718747,29.1807951],[-81.0718717,29.1807772],[-81.0718674,29.1807413],[-81.0718596,29.1806604],[-81.0718554,29.1805973],[-81.0718549,29.1805522],[-81.0718563,29.1805252],[-81.071859,29.1804982],[-81.0718644,29.1804625],[-81.0718711,29.1804269],[-81.0718776,29.1804005],[-81.0718852,29.1803743],[-81.0719022,29.1803222],[-81.0719146,29.1802878],[-81.0719282,29.1802538],[-81.0719395,29.1802286],[-81.0719559,29.1801955],[-81.0719859,29.1801381],[-81.0719955,29.1801221],[-81.0720063,29.1801067],[-81.0720183,29.1800921],[-81.0720385,29.1800717],[-81.0720532,29.1800591],[-81.0720766,29.1800415],[-81.0721012,29.1800254],[-81.0721185,29.1800156],[-81.0721458,29.1800031],[-81.0721648,29.1799963],[-81.0721843,29.1799909],[-81.0722043,29.1799869],[-81.0722348,29.1799829],[-81.0722655,29.1799806],[-81.0722861,29.1799804],[-81.0723066,29.1799815],[-81.0723372,29.1799852],[-81.0723675,29.1799902],[-81.0723976,29.1799963],[-81.0724273,29.1800037],[-81.0724566,29.1800121],[-81.0724855,29.1800218],[-81.0725136,29.1800329],[-81.0725411,29.1800452],[-81.0725769,29.180063],[-81.0726031,29.1800773],[-81.0726369,29.1800979],[-81.0726611,29.1801146],[-81.0726843,29.1801325],[-81.0727061,29.1801516],[-81.0727267,29.1801717],[-81.0727458,29.1801929],[-81.0727576,29.1802077],[-81.0727735,29.1802309],[-81.072783,29.1802469],[-81.0727951,29.1802718],[-81.0728212,29.1803307],[-81.0728311,29.1803564],[-81.0728367,29.1803737],[-81.0728601,29.1804616],[-81.0728782,29.1805505],[-81.0728871,29.180604],[-81.0729002,29.1806935],[-81.0729096,29.180747],[-81.0729135,29.1807739],[-81.0729207,29.1808458],[-81.0729241,29.1809179],[-81.0729261,29.1809449],[-81.0729291,29.1809718],[-81.0729391,29.1810434],[-81.0729451,29.18107],[-81.0729648,29.1811401],[-81.072988,29.181228],[-81.0729975,29.1812723],[-81.0730084,29.1813348],[-81.0730422,29.1815492],[-81.0730998,29.1818975],[-81.0731083,29.1819602],[-81.0731209,29.1820315],[-81.0731281,29.1820853],[-81.0731472,29.1822105],[-81.0731523,29.1822553],[-81.0731568,29.1823093],[-81.0731594,29.1823272],[-81.0731783,29.1824157],[-81.0731977,29.1824951],[-81.0732115,29.1825571],[-81.0732435,29.1827263],[-81.0732547,29.1827795],[-81.0732806,29.1828853],[-81.0732971,29.1829468],[-81.0733264,29.1830333],[-81.0733333,29.1830503],[-81.0733414,29.1830669],[-81.0733508,29.1830829],[-81.0733615,29.1830983],[-81.0733736,29.1831128],[-81.0733874,29.1831262],[-81.0734029,29.1831381],[-81.0734197,29.1831484],[-81.0734377,29.1831571],[-81.0734566,29.1831643],[-81.0734859,29.1831728],[-81.0735258,29.1831816],[-81.0735562,29.1831858],[-81.0735768,29.1831871],[-81.0736076,29.183187],[-81.0736281,29.1831857],[-81.0736485,29.1831832],[-81.0737193,29.1831722],[-81.0738175,29.1831457],[-81.0738657,29.1831301],[-81.0739132,29.1831129],[-81.0739603,29.1830948],[-81.0740161,29.1830717],[-81.0741084,29.183032],[-81.0741631,29.1830069],[-81.0741809,29.1829978],[-81.0742151,29.1829778],[-81.0743017,29.1829294],[-81.0743353,29.1829088],[-81.0743589,29.1828916],[-81.0744243,29.1828344],[-81.0745085,29.1827681],[-81.0745231,29.1827555],[-81.0746122,29.1826681],[-81.0746638,29.182612],[-81.0747049,29.1825716],[-81.0747222,29.1825491],[-81.074737,29.1825253],[-81.074746,29.182509],[-81.0747499,29.1825006],[-81.0747561,29.1824832],[-81.0747723,29.1824123],[-81.0747947,29.1823243],[-81.0748152,29.1822359],[-81.0748361,29.1821568],[-81.0748419,29.1821302],[-81.0748481,29.1820946],[-81.0748581,29.1820139],[-81.0748665,29.1819602],[-81.0748716,29.1819335],[-81.0748865,29.1818717],[-81.0748942,29.181818],[-81.0748982,29.181773],[-81.0748989,29.1817187],[-81.0749,29.1817007],[-81.0749091,29.1816381],[-81.0749191,29.1815213],[-81.0749208,29.1814853],[-81.0749225,29.1814041],[-81.0749217,29.1813409],[-81.0749153,29.1811877],[-81.0749111,29.1811337],[-81.0749014,29.1810529],[-81.0748881,29.1809635],[-81.0748794,29.1809099],[-81.0748727,29.1808742],[-81.0748521,29.1807858],[-81.0748306,29.1807068],[-81.0748151,29.1806544],[-81.0748012,29.180611],[-81.0747732,29.1805336],[-81.0747236,29.1804056],[-81.0747121,29.1803803],[-81.0747025,29.1803643],[-81.0746796,29.180334],[-81.0746613,29.1803121],[-81.0746226,29.1802701],[-81.0745959,29.1802427],[-81.074584,29.180228],[-81.0745745,29.1802121],[-81.0745582,29.1801789],[-81.0745486,29.180163],[-81.0745277,29.1801319],[-81.0744622,29.1800297],[-81.0743983,29.179937],[-81.0743488,29.1798684],[-81.074308,29.1798164],[-81.0742721,29.1797724],[-81.0742098,29.1797006],[-81.074144,29.1796312],[-81.0740828,29.1795703],[-81.0740273,29.1795171],[-81.073956,29.1794521],[-81.0739264,29.179427],[-81.0738656,29.1793783],[-81.0737492,29.1792896],[-81.0737015,29.1792557],[-81.0736194,29.1792021],[-81.0735525,29.1791604],[-81.0734791,29.1791107],[-81.0734454,29.17909],[-81.0734107,29.1790707],[-81.0733397,29.1790342],[-81.0732491,29.1789915],[-81.0732214,29.1789796],[-81.0731462,29.1789504],[-81.0730625,29.1789157],[-81.0729495,29.1788724],[-81.0728048,29.1788253],[-81.0726871,29.178793],[-81.0726378,29.1787802],[-81.0724986,29.1787481],[-81.0724583,29.1787405],[-81.0723675,29.1787253],[-81.0722965,29.1787147],[-81.0721948,29.1787016],[-81.0721028,29.1786925],[-81.072021,29.1786858],[-81.0719594,29.1786825],[-81.0718566,29.1786804],[-81.0717949,29.1786799],[-81.071723,29.1786808],[-81.071651,29.1786828],[-81.0715894,29.1786857],[-81.0714359,29.1786983],[-81.0713544,29.178708],[-81.0712431,29.1787253],[-81.0711321,29.1787448],[-81.0710711,29.1787521],[-81.0710408,29.1787568],[-81.0710207,29.1787608],[-81.070991,29.178768],[-81.0708929,29.1787947],[-81.0708636,29.1788034],[-81.0708445,29.1788101],[-81.070788,29.1788319],[-81.0706916,29.1788633],[-81.0706153,29.1788901],[-81.0705491,29.178915],[-81.0705026,29.1789341],[-81.0704106,29.1789744],[-81.0703106,29.1790208],[-81.0701605,29.1790994],[-81.0701168,29.1791232],[-81.0700911,29.1791382],[-81.0700169,29.1791867],[-81.069958,29.179223],[-81.0699419,29.1792343],[-81.0698949,29.1792694],[-81.0698447,29.1793009],[-81.0698206,29.1793178],[-81.0697188,29.1793938],[-81.0696342,29.1794597],[-81.0695526,29.1795284],[-81.0694943,29.1795793],[-81.0694443,29.1796247],[-81.0694146,29.1796496],[-81.0693989,29.1796611],[-81.0693745,29.1796774],[-81.0693066,29.1797178],[-81.0692497,29.1797568],[-81.0692343,29.1797688],[-81.0692134,29.179789],[-81.0691316,29.1798816],[-81.0690725,29.179944],[-81.0690016,29.1800212],[-81.0689443,29.180085],[-81.0688499,29.180192],[-81.0687519,29.1803079],[-81.0687071,29.1803574],[-81.0686598,29.1804164],[-81.0685862,29.1805033],[-81.0685534,29.1805492],[-81.0685235,29.1805859],[-81.0685111,29.1806004],[-81.0684781,29.1806349],[-81.0684592,29.1806563],[-81.0684057,29.1807226],[-81.0683203,29.1808242],[-81.0682706,29.1808818],[-81.068229,29.1809333],[-81.0681733,29.1809982],[-81.0680467,29.1811517],[-81.0679425,29.1812748],[-81.0678953,29.181334],[-81.0677684,29.1814873],[-81.067721,29.1815463],[-81.0676162,29.181669],[-81.0674409,29.1818806],[-81.0673762,29.1819621],[-81.0672592,29.1820993],[-81.0672005,29.1821734],[-81.0671764,29.1822026],[-81.0670586,29.1823394],[-81.0669745,29.1824419],[-81.0668587,29.18258],[-81.0667331,29.1827341],[-81.0666476,29.1828357],[-81.0665452,29.18296],[-81.0664833,29.183032],[-81.0664354,29.1830907],[-81.0663976,29.1831445],[-81.0663682,29.1831814],[-81.0663372,29.1832174],[-81.0662974,29.1832588],[-81.0662782,29.18328],[-81.0662599,29.1833018],[-81.0662073,29.1833686],[-81.0661513,29.1834332],[-81.0661125,29.1834754],[-81.0661005,29.1834901],[-81.0660671,29.1835356],[-81.0660375,29.1835725],[-81.0658433,29.1838055],[-81.0657955,29.1838643],[-81.0657343,29.1839368],[-81.0656907,29.183987],[-81.0656488,29.1840384],[-81.0655753,29.1841253],[-81.0655579,29.1841476],[-81.0655476,29.1841632],[-81.0655291,29.1841955],[-81.065519,29.1842112],[-81.0654707,29.1842805],[-81.0654356,29.184325],[-81.0654255,29.1843408],[-81.0654175,29.1843576],[-81.0654117,29.1843751],[-81.065405,29.1844018],[-81.065401,29.1844289],[-81.0653999,29.1844654],[-81.0654021,29.1844927],[-81.0654085,29.1845286],[-81.0654171,29.1845641],[-81.0654397,29.1846338],[-81.0654465,29.1846509],[-81.0654655,29.1846929],[-81.0654879,29.1847528],[-81.0654969,29.1847788],[-81.065504,29.1848051],[-81.0655081,29.184832],[-81.0655087,29.1848591],[-81.0655061,29.184886],[-81.0654998,29.1849124],[-81.0654934,29.1849296],[-81.0654855,29.1849462],[-81.0654663,29.184978],[-81.0654449,29.1850088],[-81.0653951,29.1850772],[-81.0653685,29.1851158],[-81.0652228,29.1853337],[-81.0651643,29.185429],[-81.0651483,29.1854521],[-81.0651368,29.185467],[-81.0651172,29.1854879],[-81.0651022,29.1855002],[-81.065094,29.1855057],[-81.0650855,29.1855107],[-81.0650675,29.1855193],[-81.0650388,29.1855291],[-81.0650189,29.1855337],[-81.0649987,29.1855368],[-81.0648967,29.1855484],[-81.0648664,29.1855535],[-81.0648066,29.1855669],[-81.0647161,29.1855835],[-81.0646762,29.1855918],[-81.0646566,29.1855966],[-81.0646372,29.1856024],[-81.0646092,29.1856133],[-81.0645825,29.1856264],[-81.0645653,29.1856361],[-81.0645331,29.1856584],[-81.0645176,29.1856703],[-81.064503,29.185683],[-81.0644612,29.1857227],[-81.0644382,29.1857406],[-81.0643695,29.1857802],[-81.064293,29.1858257],[-81.0642683,29.185842],[-81.0642449,29.1858598],[-81.0642159,29.1858855],[-81.0641879,29.185912],[-81.0641677,29.1859325],[-81.0641164,29.1859891],[-81.0640355,29.1860826],[-81.0639955,29.1861238],[-81.0639748,29.1861439],[-81.0639531,29.1861632],[-81.0639054,29.1861978],[-81.0638905,29.1862103],[-81.0638626,29.1862369],[-81.0638152,29.1862844],[-81.0637891,29.1863123],[-81.0637771,29.186327],[-81.0637431,29.1863722],[-81.063687,29.1864367],[-81.0636401,29.186496],[-81.0635855,29.1865616],[-81.0634313,29.1867642],[-81.0633255,29.1869084],[-81.0633038,29.186939],[-81.0631775,29.187125],[-81.0630807,29.1872739],[-81.0630194,29.1873781],[-81.0629689,29.1874668],[-81.0629334,29.1875319],[-81.0628584,29.1876803],[-81.0628193,29.1877637],[-81.0627929,29.1878224],[-81.062762,29.1878989],[-81.0627396,29.1879588],[-81.0627068,29.1880537],[-81.0626847,29.1881232],[-81.0626745,29.1881581],[-81.0626633,29.1882021],[-81.0626387,29.1883082],[-81.0626284,29.1883615],[-81.0626042,29.1885133],[-81.0626014,29.1885403],[-81.0625941,29.1886392],[-81.0625924,29.1886843],[-81.0625911,29.1887925],[-81.0625964,29.1889458],[-81.0626073,29.1890627],[-81.0626211,29.1891703],[-81.0626312,29.1892329],[-81.0626494,29.1893216],[-81.0626557,29.1893481],[-81.0626787,29.1894361],[-81.0626943,29.1894884],[-81.0627269,29.1895834],[-81.0627682,29.1896949],[-81.0627995,29.1897714],[-81.0628218,29.1898218],[-81.0628379,29.189855],[-81.0628847,29.1899454],[-81.0629115,29.190004],[-81.062925,29.1900283],[-81.062954,29.1900761],[-81.0630146,29.1901703],[-81.0630527,29.1902239],[-81.0631154,29.1903065],[-81.0631451,29.1903433],[-81.0632186,29.1904303],[-81.0632501,29.190466],[-81.0632761,29.1904939],[-81.063336,29.1905558],[-81.0634174,29.1906372],[-81.0635428,29.1907442],[-81.0635805,29.1907748],[-81.0636189,29.1908048],[-81.0636656,29.1908402],[-81.0637132,29.1908746],[-81.0637536,29.1909026],[-81.0638192,29.1909461],[-81.0638775,29.1909831],[-81.0639535,29.1910295],[-81.0639879,29.1910493],[-81.0640403,29.1910778],[-81.0641651,29.1911407],[-81.0642559,29.191183],[-81.064302,29.191203],[-81.0643764,29.1912339],[-81.0644233,29.1912522],[-81.064499,29.1912806],[-81.064566,29.1913035],[-81.0646632,29.1913331],[-81.0647217,29.1913502],[-81.064771,29.1913631],[-81.0648899,29.191392],[-81.0649799,29.1914109],[-81.0650302,29.1914203],[-81.065111,29.1914335],[-81.065182,29.1914437],[-81.0652431,29.1914515],[-81.0653043,29.1914583],[-81.0654271,29.1914688],[-81.0654681,29.1914713],[-81.0655503,29.1914743],[-81.0655914,29.191475],[-81.0657148,29.1914741],[-81.0658073,29.1914716],[-81.0658689,29.1914684],[-81.0659303,29.1914635],[-81.0660019,29.1914567],[-81.0661039,29.1914452],[-81.0661747,29.1914355],[-81.0662453,29.1914238],[-81.0663266,29.1914124],[-81.0663968,29.1913985],[-81.0664663,29.1913822],[-81.0664954,29.1913733],[-81.0665334,29.1913593],[-81.0665623,29.1913497],[-81.0665916,29.1913412],[-81.0666703,29.1913203],[-81.0667093,29.1913088],[-81.0667964,29.1912815],[-81.066912,29.1912435],[-81.0669787,29.1912198],[-81.0670543,29.1911912],[-81.0671292,29.1911613],[-81.067203,29.1911297],[-81.0672221,29.1911231],[-81.0672517,29.1911155],[-81.0673608,29.1910901],[-81.067401,29.1910819],[-81.0674208,29.1910767],[-81.0674396,29.191069],[-81.0675032,29.1910393],[-81.0676727,29.1909541],[-81.0677445,29.1909189],[-81.0678598,29.1908595],[-81.0679563,29.1908077],[-81.0680771,29.1907391],[-81.0681911,29.1906778],[-81.0683996,29.1905619],[-81.0684339,29.190542],[-81.0684839,29.1905103],[-81.0685097,29.1904954],[-81.0685623,29.190467],[-81.0686422,29.190426],[-81.0690359,29.1902128],[-81.0691307,29.1901586],[-81.0692191,29.1901125],[-81.0692622,29.1900878],[-81.0693217,29.1900523],[-81.069392,29.1900148],[-81.0694353,29.1899905],[-81.0694781,29.1899656],[-81.0695287,29.1899346],[-81.0695632,29.189915],[-81.0697025,29.189838],[-81.0698515,29.1897578],[-81.0700076,29.1896707],[-81.0700954,29.1896237],[-81.0705559,29.1893681],[-81.0708867,29.1891856],[-81.0711467,29.1890399],[-81.0712141,29.1889987],[-81.0712667,29.1889702],[-81.071301,29.1889504],[-81.071436,29.1888678],[-81.0715775,29.1887778],[-81.0717728,29.1886454],[-81.0718754,29.1885703],[-81.0720665,29.1884195],[-81.0721843,29.1883187],[-81.0723065,29.188209],[-81.0723347,29.1881827],[-81.0724318,29.1880895],[-81.0725002,29.1880221],[-81.0726071,29.1879124],[-81.0726522,29.1878632]]}},{"type":"Feature","properties":{"role":"surface","rings":["outer","inner"],"area_m2":null},"geometry":{"type":"Polygon","coordinates":[[[-81.0726905,29.1878899],[-81.0727547,29.1878185],[-81.0727778,29.1877891],[-81.0727901,29.1877751],[-81.0728104,29.1877548],[-81.0728336,29.1877354],[-81.072848,29.1877214],[-81.0728602,29.187706],[-81.0728759,29.1876821],[-81.072887,29.1876672],[-81.072932,29.1876181],[-81.0729947,29.1875442],[-81.0730066,29.1875286],[-81.0730431,29.187473],[-81.0731303,29.1873498],[-81.0731868,29.1872624],[-81.0732465,29.1871664],[-81.0732784,29.1871092],[-81.0733369,29.1870143],[-81.0733732,29.1869477],[-81.0733985,29.1869076],[-81.0734125,29.1868832],[-81.0734683,29.1867743],[-81.0734974,29.186707],[-81.0735596,29.1865725],[-81.073597,29.1864876],[-81.0736221,29.1864276],[-81.0736446,29.1863762],[-81.0736713,29.1863076],[-81.073693,29.1862569],[-81.0737101,29.1862139],[-81.0737649,29.1860579],[-81.073803,29.1859446],[-81.0738251,29.1858848],[-81.073834,29.1858586],[-81.0738545,29.1857885],[-81.0738728,29.1857367],[-81.0738925,29.1856664],[-81.0739331,29.1855434],[-81.0739468,29.1854976],[-81.0739546,29.1854674],[-81.0739584,29.1854452],[-81.073959,29.1854336],[-81.0739586,29.1854219],[-81.073957,29.1854102],[-81.0739519,29.1853875],[-81.0739454,29.185366],[-81.0739379,29.1853461],[-81.0739297,29.1853276],[-81.0739095,29.1852861],[-81.0738999,29.1852637],[-81.0738894,29.1852297],[-81.0738876,29.1852169],[-81.0738879,29.1852105],[-81.0738907,29.1851977],[-81.0739194,29.18511],[-81.0739393,29.1850362],[-81.0739837,29.1848822],[-81.0739885,29.1848631],[-81.0739901,29.1848535],[-81.0739935,29.1848076],[-81.0740028,29.1847453],[-81.0740074,29.1847084],[-81.0740094,29.1846797],[-81.0740098,29.1846602],[-81.0740086,29.1846304],[-81.0740049,29.1845903],[-81.0739899,29.184482],[-81.0739827,29.1844555],[-81.0739509,29.1843583],[-81.0739257,29.1842898],[-81.0738943,29.1842083],[-81.0738822,29.1841805],[-81.0738614,29.1841368],[-81.0737785,29.1839744],[-81.073768,29.1839571],[-81.0737499,29.183932],[-81.0737297,29.1839078],[-81.0737151,29.1838923],[-81.0736915,29.18387],[-81.0736579,29.1838417],[-81.0736309,29.1838218],[-81.0736117,29.1838098],[-81.0735816,29.1837941],[-81.0735504,29.1837811],[-81.0734975,29.1837626],[-81.0734652,29.1837528],[-81.0734321,29.1837453],[-81.0733982,29.1837397],[-81.0733636,29.183736],[-81.0733288,29.1837345],[-81.0732945,29.1837353],[-81.07325,29.1837383],[-81.0732058,29.1837436],[-81.0731617,29.1837513],[-81.0731189,29.1837616],[-81.0730773,29.1837738],[-81.0730262,29.1837909],[-81.0729864,29.1838063],[-81.0728911,29.1838466],[-81.0728055,29.1838861],[-81.0727772,29.1839018],[-81.0727594,29.1839135],[-81.0727425,29.1839257],[-81.0726872,29.1839691],[-81.0726227,29.1840181],[-81.0725756,29.1840562],[-81.0725293,29.1840921],[-81.0725069,29.1841108],[-81.0724852,29.1841305],[-81.0724495,29.1841647],[-81.0723821,29.1842343],[-81.0722438,29.1843668],[-81.0722233,29.1843849],[-81.0722092,29.1843961],[-81.0721945,29.1844064],[-81.0721716,29.1844207],[-81.0721332,29.1844416],[-81.07211,29.1844519],[-81.0720487,29.1844708],[-81.0719811,29.1844968],[-81.0718972,29.184528],[-81.0718525,29.1845424],[-81.0717451,29.184574],[-81.071714,29.1845841],[-81.0716832,29.1845953],[-81.0716428,29.1846119],[-81.0716127,29.1846259],[-81.071583,29.1846417],[-81.0715547,29.1846599],[-81.0715374,29.1846735],[-81.0715216,29.1846881],[-81.0714522,29.1847632],[-81.0714074,29.1848158],[-81.0713153,29.184919],[-81.0712159,29.1850358],[-81.071169,29.1850879],[-81.071076,29.1851943],[-81.0710176,29.1852574],[-81.0708216,29.1854779],[-81.0707467,29.1855641],[-81.0706706,29.1856491],[-81.0704773,29.1858696],[-81.0704519,29.1858958],[-81.070407,29.1859344],[-81.0703926,29.185949],[-81.0703361,29.1860173],[-81.0702487,29.1861282],[-81.0702053,29.1861774],[-81.0701639,29.1862263],[-81.070129,29.186265],[-81.0701059,29.1862893],[-81.0700869,29.1863063],[-81.0700529,29.1863325],[-81.0700312,29.1863463],[-81.0700159,29.1863541],[-81.0699919,29.186364],[-81.0699669,29.1863724],[-81.0699501,29.186377],[-81.0699333,29.1863805],[-81.0699166,29.1863828],[-81.0698999,29.1863838],[-81.0698832,29.1863838],[-81.0698578,29.1863822],[-81.0698324,29.1863789],[-81.0698075,29.186374],[-81.0697915,29.1863698],[-81.0697686,29.1863624],[-81.0697398,29.186351],[-81.0697197,29.1863414],[-81.0697073,29.1863338],[-81.06969,29.1863206],[-81.0696737,29.1863059],[-81.0696635,29.1862954],[-81.0696494,29.1862788],[-81.0696368,29.1862612],[-81.0696256,29.1862427],[-81.0696195,29.1862298],[-81.0696146,29.1862164],[-81.0696111,29.1862025],[-81.0696091,29.1861882],[-81.0696079,29.186159],[-81.0696081,29.1861301],[-81.0696092,29.186116],[-81.0696114,29.1861021],[-81.0696145,29.186088],[-81.0696207,29.1860665],[-81.0696315,29.1860363],[-81.0696448,29.1860038],[-81.0696969,29.1858879],[-81.0697183,29.1858502],[-81.0697841,29.1857475],[-81.0697944,29.1857291],[-81.069802,29.1857093],[-81.0698153,29.1856616],[-81.0698237,29.185637],[-81.0698383,29.1856073],[-81.0698781,29.1855354],[-81.0699475,29.1854191],[-81.069993,29.1853453],[-81.0700586,29.1852419],[-81.0701469,29.1851146],[-81.0702023,29.1850382],[-81.0702697,29.1849488],[-81.0703901,29.1848027],[-81.0704429,29.1847363],[-81.0705698,29.1845829],[-81.0706618,29.1844745],[-81.0707155,29.1844085],[-81.0708087,29.1842994],[-81.0708612,29.1842336],[-81.0709233,29.1841622],[-81.0710252,29.1840368],[-81.0711418,29.1838984],[-81.0711595,29.1838757],[-81.0711919,29.1838299],[-81.0712151,29.183801],[-81.0712398,29.1837732],[-81.0712802,29.1837324],[-81.0713058,29.1837033],[-81.0713966,29.183593],[-81.0714488,29.1835262],[-81.0715576,29.1833955],[-81.0716791,29.183261],[-81.0717472,29.1831819],[-81.0719362,29.1829726],[-81.0719481,29.1829563],[-81.0719687,29.1829229],[-81.0720057,29.1828681],[-81.072021,29.1828439],[-81.0720399,29.1828093],[-81.0720523,29.1827815],[-81.0720596,29.1827623],[-81.0720691,29.1827334],[-81.0720849,29.1826753],[-81.0720881,29.1826557],[-81.072098,29.1825714],[-81.0721022,29.1825258],[-81.0721064,29.182434],[-81.072107,29.1823874],[-81.0721063,29.1823687],[-81.0721013,29.1823045],[-81.0720998,29.182241],[-81.0720972,29.1821867],[-81.0720947,29.182096],[-81.072093,29.1820597],[-81.0720862,29.181978],[-81.0720662,29.1817696],[-81.0720532,29.1816702],[-81.0720336,29.1815454],[-81.0720304,29.181519],[-81.0720292,29.1814275],[-81.0720168,29.18127],[-81.0720121,29.1811487],[-81.0720137,29.1810187],[-81.0720126,29.1809873],[-81.0720086,29.1809663],[-81.0720014,29.180946],[-81.071993,29.1809266],[-81.0719792,29.1808995],[-81.0719456,29.1808425],[-81.0719293,29.1808109],[-81.0719224,29.1807951],[-81.0719183,29.1807788],[-81.0719158,29.1807537],[-81.0719143,29.1807192],[-81.0719137,29.180666],[-81.0719147,29.1806305],[-81.0719176,29.1805788],[-81.0719249,29.1804954],[-81.0719293,29.1804623],[-81.0719349,29.1804295],[-81.0719451,29.1803883],[-81.0719636,29.1803297],[-81.071982,29.1802805],[-81.0720352,29.1801615],[-81.0720431,29.1801472],[-81.0720524,29.180134],[-81.0720628,29.180122],[-81.0720797,29.1801051],[-81.0720981,29.1800893],[-81.0721181,29.1800749],[-81.0721393,29.1800622],[-81.072154,29.1800547],[-81.0721765,29.1800455],[-81.0721918,29.1800405],[-81.0722157,29.180035],[-81.0722407,29.1800312],[-81.0722667,29.1800289],[-81.0722844,29.1800284],[-81.0723023,29.180029],[-81.0723295,29.1800316],[-81.0723569,29.1800358],[-81.0723844,29.1800414],[-81.0724206,29.1800507],[-81.0724472,29.180059],[-81.0724734,29.1800684],[-81.0724993,29.1800792],[-81.0725246,29.1800914],[-81.0725573,29.1801089],[-81.0725888,29.1801271],[-81.0726113,29.1801416],[-81.0726328,29.180157],[-81.072653,29.1801734],[-81.072672,29.1801907],[-81.0726895,29.1802089],[-81.0727003,29.1802216],[-81.0727147,29.1802414],[-81.072728,29.1802619],[-81.0727404,29.1802834],[-81.0727561,29.180314],[-81.0727672,29.1803379],[-81.0727769,29.1803622],[-81.0727878,29.1803952],[-81.0728038,29.180454],[-81.0728097,29.1804796],[-81.0728223,29.1805494],[-81.0728341,29.1806289],[-81.0728554,29.1807621],[-81.07286,29.1808055],[-81.0728617,29.1808402],[-81.0728613,29.1808666],[-81.0728574,29.1809308],[-81.0728579,29.1809592],[-81.0728595,29.1809781],[-81.0728692,29.181054],[-81.0728715,29.1810636],[-81.0728777,29.1810823],[-81.0729059,29.1811524],[-81.0729378,29.181237],[-81.0729469,29.1812712],[-81.0729587,29.1813321],[-81.0729741,29.1814298],[-81.0729856,29.1814923],[-81.07301,29.1816354],[-81.0730521,29.1818944],[-81.0730616,29.1819569],[-81.0730752,29.1820278],[-81.0730812,29.1820905],[-81.0730989,29.1821976],[-81.0731032,29.1822326],[-81.073105,29.1822677],[-81.0731035,29.1823043],[-81.0731038,29.1823233],[-81.0731067,29.1823424],[-81.07312,29.1824072],[-81.0731296,29.1824429],[-81.0731549,29.1825213],[-81.0731662,29.1825647],[-81.0731741,29.1825997],[-81.0731901,29.1826793],[-81.0732056,29.182769],[-81.0732268,29.1828683],[-81.0732526,29.1829765],[-81.0732753,29.1830605],[-81.0732851,29.1830909],[-81.0732986,29.1831226],[-81.0733104,29.1831439],[-81.0733251,29.1831649],[-81.0733432,29.1831844],[-81.0733643,29.1832016],[-81.0733875,29.183216],[-81.0734118,29.1832275],[-81.0734363,29.1832367],[-81.0734607,29.183244],[-81.0734851,29.1832499],[-81.0735098,29.1832543],[-81.0735349,29.1832569],[-81.0735602,29.1832577],[-81.0735855,29.1832566],[-81.0736102,29.1832541],[-81.0736341,29.18325],[-81.07369,29.1832356],[-81.0737342,29.1832271],[-81.0737757,29.1832137],[-81.073838,29.1831984],[-81.0738691,29.1831895],[-81.0741483,29.1831008],[-81.0741983,29.1830835],[-81.0742284,29.1830711],[-81.0742657,29.1830504],[-81.0743299,29.1830177],[-81.074358,29.1830024],[-81.0743865,29.1829849],[-81.0744138,29.1829643],[-81.0744223,29.1829567],[-81.0744377,29.1829407],[-81.0744706,29.1829018],[-81.07449,29.1828813],[-81.0745252,29.1828494],[-81.0745721,29.1828103],[-81.0745795,29.1828032],[-81.0746063,29.1827739],[-81.0746433,29.1827409],[-81.0746791,29.1827062],[-81.0747133,29.1826712],[-81.0747623,29.182619],[-81.0747765,29.1826016],[-81.0747886,29.1825824],[-81.0747988,29.1825623],[-81.0748071,29.1825419],[-81.0748137,29.1825216],[-81.0748212,29.1824915],[-81.0748318,29.1824341],[-81.0748495,29.1823617],[-81.0748694,29.1822736],[-81.0748786,29.1822395],[-81.0748934,29.1821959],[-81.0749014,29.1821684],[-81.0749072,29.1821402],[-81.0749112,29.1821121],[-81.0749135,29.1820843],[-81.0749159,29.182029],[-81.0749227,29.1819762],[-81.0749259,29.1819592],[-81.0749301,29.1819423],[-81.0749452,29.1818991],[-81.0749502,29.1818809],[-81.0749537,29.1818622],[-81.0749562,29.1818435],[-81.0749598,29.1818062],[-81.0749608,29.1817783],[-81.07496,29.1817597],[-81.0749565,29.1817233],[-81.0749568,29.1816966],[-81.07496,29.1816605],[-81.0749659,29.181614],[-81.0749688,29.1815955],[-81.0749781,29.18155],[-81.0749832,29.1815135],[-81.0749853,29.1814773],[-81.0749867,29.1814047],[-81.0749855,29.1813583],[-81.0749793,29.1812759],[-81.0749778,29.1812029],[-81.0749753,29.1811568],[-81.0749708,29.1811107],[-81.0749589,29.1810193],[-81.0749445,29.1809285],[-81.0749304,29.1808555],[-81.0749022,29.1807389],[-81.0748878,29.180685],[-81.0748691,29.1806226],[-81.0748542,29.1805785],[-81.074775,29.1803742],[-81.0747524,29.1803254],[-81.0747237,29.18027],[-81.0746964,29.1802217],[-81.0746776,29.180197],[-81.0746696,29.1801846],[-81.0746627,29.1801707],[-81.0746527,29.1801464],[-81.0746433,29.1801296],[-81.0746082,29.1800825],[-81.0745408,29.1799785],[-81.0745031,29.1799233],[-81.0744644,29.1798684],[-81.074424,29.1798137],[-81.0743817,29.1797596],[-81.0743567,29.1797294],[-81.0742792,29.1796398],[-81.074218,29.1795758],[-81.0741695,29.1795269],[-81.0741129,29.179472],[-81.0740613,29.1794246],[-81.0740085,29.1793785],[-81.0739392,29.1793206],[-81.0739235,29.1793086],[-81.0738612,29.179264],[-81.0738147,29.1792266],[-81.0737895,29.1792074],[-81.0737459,29.1791775],[-81.0735992,29.1790843],[-81.0735753,29.1790671],[-81.0735363,29.1790359],[-81.0735196,29.1790238],[-81.0735018,29.1790125],[-81.0734738,29.1789967],[-81.0733908,29.1789541],[-81.0733635,29.1789412],[-81.0732859,29.1789065],[-81.0732655,29.1788986],[-81.0732149,29.1788824],[-81.0731959,29.1788756],[-81.0730649,29.1788231],[-81.0729956,29.1787969],[-81.0728665,29.1787533],[-81.0728262,29.178741],[-81.0726643,29.1786982],[-81.0725728,29.1786762],[-81.0725211,29.1786653],[-81.0723633,29.1786375],[-81.0722181,29.1786178],[-81.0720711,29.1786036],[-81.0720285,29.1786004],[-81.071985,29.1785982],[-81.0718687,29.178595],[-81.0718159,29.1785942],[-81.0717416,29.1785948],[-81.0716679,29.1785967],[-81.0716043,29.1785993],[-81.0715614,29.178602],[-81.0714879,29.1786091],[-81.0714243,29.1786139],[-81.0713714,29.1786187],[-81.0713399,29.1786227],[-81.071246,29.1786382],[-81.0711452,29.1786572],[-81.0711261,29.1786602],[-81.0711066,29.1786619],[-81.0710533,29.1786641],[-81.0710302,29.1786667],[-81.0710068,29.1786704],[-81.0709838,29.1786748],[-81.070951,29.1786826],[-81.0708491,29.1787116],[-81.0708282,29.1787185],[-81.0708078,29.1787267],[-81.0707699,29.1787446],[-81.0707516,29.1787522],[-81.0706075,29.1788003],[-81.0705483,29.1788218],[-81.0704888,29.1788445],[-81.0704598,29.1788568],[-81.0702813,29.1789365],[-81.0702533,29.1789501],[-81.0701903,29.1789844],[-81.0701179,29.1790217],[-81.0700818,29.1790418],[-81.0700179,29.179079],[-81.0700005,29.1790899],[-81.0699597,29.1791175],[-81.0699081,29.1791479],[-81.0698831,29.1791656],[-81.0698525,29.179192],[-81.0698365,29.1792039],[-81.0698193,29.1792142],[-81.0697832,29.1792335],[-81.0697574,29.1792501],[-81.0697175,29.1792806],[-81.069653,29.1793275],[-81.0695741,29.1793892],[-81.0694977,29.1794522],[-81.0694225,29.1795183],[-81.0693797,29.1795573],[-81.0693122,29.1796207],[-81.0692705,29.1796576],[-81.0692335,29.1796928],[-81.0692175,29.1797065],[-81.0691919,29.1797268],[-81.0691754,29.1797417],[-81.0691605,29.179758],[-81.0690836,29.1798485],[-81.069032,29.1799017],[-81.0689925,29.1799448],[-81.0689455,29.1799945],[-81.0688881,29.180058],[-81.0688376,29.1801157],[-81.0687985,29.1801585],[-81.0687674,29.180195],[-81.0687081,29.180267],[-81.0686632,29.1803165],[-81.0686085,29.1803839],[-81.0685397,29.180463],[-81.0685281,29.1804785],[-81.0685045,29.1805195],[-81.0684721,29.1805628],[-81.0684595,29.1805764],[-81.0684233,29.1806094],[-81.0684032,29.1806308],[-81.0682067,29.1808633],[-81.0681709,29.1809074],[-81.0681272,29.1809582],[-81.0680489,29.1810526],[-81.0679953,29.1811187],[-81.0678969,29.1812346],[-81.0678499,29.1812943],[-81.0678194,29.1813303],[-81.0677354,29.1814328],[-81.0677046,29.1814688],[-81.0676691,29.1815129],[-81.0676131,29.1815773],[-81.0675413,29.1816669],[-81.0674678,29.1817522],[-81.0673888,29.1818477],[-81.0673588,29.181885],[-81.067325,29.1819297],[-81.0672937,29.1819644],[-81.0672461,29.1820226],[-81.0671883,29.1820886],[-81.0671296,29.1821614],[-81.0670809,29.1822182],[-81.0670385,29.1822703],[-81.0670012,29.1823135],[-81.0669656,29.1823582],[-81.0669235,29.1824094],[-81.0668734,29.182467],[-81.0667997,29.1825537],[-81.0667528,29.1826136],[-81.0667233,29.18265],[-81.0665896,29.1828098],[-81.0664941,29.1829266],[-81.0664498,29.1829765],[-81.066399,29.183037],[-81.0663869,29.1830521],[-81.0663759,29.1830674],[-81.0663665,29.183083],[-81.0663538,29.183107],[-81.0663441,29.1831223],[-81.0663213,29.1831512],[-81.0662912,29.1831859],[-81.0662778,29.183199],[-81.066249,29.1832252],[-81.0662281,29.1832467],[-81.0662026,29.1832769],[-81.0661621,29.1833283],[-81.0661069,29.1833922],[-81.0660934,29.1834064],[-81.0660636,29.1834338],[-81.0660499,29.1834482],[-81.0660386,29.1834636],[-81.066014,29.1835026],[-81.0659855,29.1835394],[-81.0657851,29.1837797],[-81.065744,29.1838314],[-81.0656825,29.1839033],[-81.0656385,29.1839525],[-81.0655904,29.1840111],[-81.0655206,29.1840931],[-81.0654586,29.1841709],[-81.0654171,29.1842201],[-81.0653791,29.1842637],[-81.0653587,29.1842905],[-81.065346,29.1843112],[-81.065336,29.1843335],[-81.0653289,29.1843563],[-81.0653205,29.1843898],[-81.0653172,29.184412],[-81.0653167,29.1844233],[-81.0653178,29.184457],[-81.0653202,29.184479],[-81.0653266,29.1845103],[-81.065339,29.1845489],[-81.0653634,29.1846134],[-81.0653793,29.1846596],[-81.0654011,29.1847027],[-81.0654082,29.1847194],[-81.0654367,29.1847992],[-81.0654414,29.1848142],[-81.0654457,29.1848364],[-81.0654474,29.1848648],[-81.0654466,29.1848926],[-81.0654432,29.1849138],[-81.0654387,29.1849284],[-81.0654326,29.1849432],[-81.0654248,29.1849582],[-81.0654156,29.184973],[-81.0653947,29.1850024],[-81.0653485,29.1850625],[-81.0653265,29.1850939],[-81.0652332,29.1852344],[-81.0651797,29.1853122],[-81.0651646,29.1853362],[-81.065128,29.1854001],[-81.0651183,29.1854146],[-81.0651081,29.185428],[-81.0650919,29.1854453],[-81.0650807,29.1854552],[-81.0650691,29.1854638],[-81.0650569,29.1854713],[-81.0650437,29.1854775],[-81.0650292,29.1854824],[-81.0650215,29.1854842],[-81.0650134,29.1854856],[-81.0649964,29.1854872],[-81.0649173,29.1854877],[-81.0648847,29.1854894],[-81.0648631,29.1854917],[-81.0648525,29.1854935],[-81.0648122,29.1855029],[-81.0647923,29.1855061],[-81.064731,29.185513],[-81.0646526,29.1855199],[-81.0646284,29.1855232],[-81.0646037,29.1855284],[-81.0645914,29.1855318],[-81.064567,29.1855405],[-81.0645434,29.1855512],[-81.0645209,29.1855637],[-81.0644999,29.1855775],[-81.0644524,29.1856117],[-81.0644366,29.1856248],[-81.0644238,29.1856382],[-81.0643972,29.1856683],[-81.0643856,29.1856782],[-81.0643789,29.1856825],[-81.0643471,29.1856991],[-81.064292,29.1857297],[-81.0642122,29.1857714],[-81.0641835,29.1857897],[-81.0641573,29.1858099],[-81.0641023,29.1858581],[-81.0640743,29.1858872],[-81.0640422,29.185924],[-81.0639944,29.1859839],[-81.063919,29.1860735],[-81.0639015,29.1860933],[-81.0638884,29.1861059],[-81.0638811,29.1861117],[-81.0638474,29.1861326],[-81.0638307,29.1861447],[-81.0638155,29.1861587],[-81.0638013,29.1861737],[-81.0637814,29.1861967],[-81.0637363,29.1862514],[-81.0637176,29.1862762],[-81.0636889,29.1863166],[-81.0636775,29.1863312],[-81.0636259,29.1863864],[-81.0635646,29.1864614],[-81.0635201,29.1865109],[-81.0634866,29.1865569],[-81.0633882,29.1866846],[-81.0632915,29.1868141],[-81.0632469,29.1868765],[-81.0631296,29.1870468],[-81.0630922,29.1871025],[-81.0630256,29.187205],[-81.0629999,29.1872458],[-81.0629753,29.1872869],[-81.06291,29.1874005],[-81.0628776,29.1874584],[-81.0628424,29.1875252],[-81.0628,29.1876087],[-81.0627315,29.187752],[-81.0627159,29.1877872],[-81.0626978,29.1878315],[-81.062668,29.1879098],[-81.0626431,29.1879802],[-81.0626166,29.1880595],[-81.0625976,29.188123],[-81.0625835,29.1881781],[-81.062561,29.1882764],[-81.0625514,29.1883223],[-81.062543,29.1883683],[-81.06253,29.1884499],[-81.0625222,29.1885056],[-81.0625167,29.1885619],[-81.0625123,29.1886267],[-81.0625105,29.1886833],[-81.0625107,29.1887842],[-81.0625119,29.1888306],[-81.0625168,29.1889493],[-81.0625205,29.1890052],[-81.0625255,29.1890606],[-81.0625414,29.1891885],[-81.0625476,29.1892249],[-81.0625716,29.1893458],[-81.0625883,29.189417],[-81.0625953,29.1894436],[-81.0626117,29.1894979],[-81.0626348,29.1895614],[-81.0626508,29.1896137],[-81.0626881,29.1897192],[-81.062715,29.1897898],[-81.0627298,29.1898249],[-81.06275,29.1898681],[-81.0627892,29.1899428],[-81.062805,29.1899749],[-81.062812,29.1899916],[-81.0628251,29.1900277],[-81.0628379,29.1900552],[-81.0628578,29.1900901],[-81.0628779,29.1901231],[-81.0629242,29.1901956],[-81.0629461,29.190228],[-81.0629867,29.1902836],[-81.0630449,29.1903604],[-81.0631636,29.1905028],[-81.0631837,29.190525],[-81.0632575,29.1906029],[-81.0633,29.1906452],[-81.0633336,29.1906812],[-81.0633476,29.1906951],[-81.0634033,29.1907385],[-81.0634631,29.1907904],[-81.0634942,29.1908162],[-81.0635979,29.1908964],[-81.063672,29.1909492],[-81.0637223,29.1909835],[-81.0637984,29.191033],[-81.0638673,29.1910756],[-81.0639293,29.1911121],[-81.0639928,29.1911469],[-81.0640747,29.1911889],[-81.0641486,29.1912248],[-81.0642236,29.1912592],[-81.0642997,29.1912918],[-81.0643765,29.1913227],[-81.0644544,29.191352],[-81.0645139,29.1913727],[-81.0645841,29.1913951],[-81.0646638,29.1914187],[-81.0647346,29.1914381],[-81.0648881,29.191475],[-81.0649395,29.1914854],[-81.0650534,29.1915066],[-81.0651263,29.191518],[-81.0651994,29.1915279],[-81.0652832,29.1915376],[-81.0653571,29.1915445],[-81.0654309,29.1915498],[-81.0655052,29.1915535],[-81.0655795,29.1915556],[-81.0656641,29.1915559],[-81.0657691,29.1915542],[-81.0658549,29.1915509],[-81.0658868,29.191549],[-81.0660123,29.1915389],[-81.0660524,29.1915348],[-81.0661354,29.1915245],[-81.0661904,29.1915169],[-81.0662642,29.1915048],[-81.0662846,29.1915026],[-81.066326,29.1915],[-81.066347,29.1914977],[-81.0663787,29.1914923],[-81.0664529,29.191477],[-81.0664851,29.1914698],[-81.0665063,29.191464],[-81.0665269,29.1914567],[-81.0665744,29.1914348],[-81.066593,29.1914277],[-81.0666313,29.191416],[-81.0667104,29.1913944],[-81.0668087,29.191364],[-81.0669166,29.1913281],[-81.0670138,29.1912937],[-81.0670806,29.191268],[-81.0671576,29.1912371],[-81.0672552,29.1911955],[-81.0673127,29.1911727],[-81.067368,29.1911486],[-81.0673876,29.1911415],[-81.0674194,29.1911329],[-81.0674413,29.1911255],[-81.0674825,29.1911063],[-81.0675219,29.1910908],[-81.0675499,29.1910786],[-81.0676046,29.1910515],[-81.0676598,29.1910253],[-81.0677043,29.1910026],[-81.0677765,29.1909678],[-81.0678572,29.1909265],[-81.0679285,29.1908888],[-81.067998,29.1908482],[-81.0681184,29.1907801],[-81.0682242,29.1907241],[-81.0683192,29.1906701],[-81.0684241,29.1906125],[-81.0684672,29.1905871],[-81.0685158,29.1905536],[-81.0685493,29.1905337],[-81.0686018,29.1905058],[-81.0686575,29.1904804],[-81.0686754,29.1904713],[-81.068981,29.1903062],[-81.0690947,29.1902434],[-81.0691632,29.1902041],[-81.0692418,29.1901624],[-81.0693451,29.1901006],[-81.0694071,29.19007],[-81.0694687,29.1900364],[-81.0695036,29.190016],[-81.0695618,29.1899779],[-81.0696044,29.189953],[-81.0697336,29.1898821],[-81.0698646,29.1898116],[-81.0700561,29.1897035],[-81.0701259,29.189667],[-81.0701962,29.1896289],[-81.0705961,29.1894072],[-81.0708923,29.1892439],[-81.0711169,29.1891176],[-81.0711796,29.1890848],[-81.0711968,29.1890741],[-81.0712297,29.1890519],[-81.0712467,29.1890416],[-81.0713098,29.1890099],[-81.0713615,29.1889795],[-81.071463,29.1889173],[-81.0715377,29.1888683],[-81.071606,29.1888263],[-81.0717196,29.1887469],[-81.0718104,29.1886863],[-81.0718574,29.1886503],[-81.0719139,29.1886099],[-81.0719585,29.1885708],[-81.0720047,29.1885345],[-81.0721189,29.1884412],[-81.0722143,29.1883579],[-81.0722711,29.1883052],[-81.0723288,29.1882531],[-81.072475,29.1881115],[-81.072537,29.1880503],[-81.0726516,29.1879329],[-81.0726905,29.1878899]],[[-81.0726139,29.1878365],[-81.0727213,29.1877153],[-81.0727864,29.1876373],[-81.0729027,29.1874903],[-81.0729297,29.1874535],[-81.0729835,29.1873772],[-81.0731096,29.1871936],[-81.073144,29.1871387],[-81.0732109,29.1870272],[-81.0732703,29.1869234],[-81.0732967,29.1868756],[-81.0733307,29.1868108],[-81.0733548,29.1867622],[-81.0734173,29.1866292],[-81.0734853,29.1864793],[-81.0734957,29.1864541],[-81.0735382,29.1863446],[-81.0735994,29.1861826],[-81.0736144,29.1861398],[-81.0736338,29.1860792],[-81.0736693,29.1859763],[-81.0737235,29.1858122],[-81.0737494,29.1857246],[-81.0738009,29.1855605],[-81.0738344,29.1854401],[-81.0738367,29.1854272],[-81.073837,29.1854207],[-81.0738364,29.1854142],[-81.0738347,29.1854077],[-81.073832,29.1854011],[-81.0738156,29.185374],[-81.0738118,29.1853664],[-81.0738011,29.185342],[-81.073784,29.1853064],[-81.0737759,29.1852869],[-81.073769,29.185266],[-81.0737662,29.185255],[-81.0737622,29.1852324],[-81.0737602,29.1852091],[-81.0737605,29.1851859],[-81.073762,29.1851746],[-81.0737677,29.1851535],[-81.0737843,29.1851077],[-81.0737918,29.1850825],[-81.073799,29.185049],[-81.0738065,29.1849974],[-81.07381,29.1849532],[-81.0738174,29.1847689],[-81.0738237,29.1846893],[-81.0738256,29.1846477],[-81.0738251,29.1846074],[-81.0738221,29.1845599],[-81.0738173,29.184536],[-81.07381,29.1845113],[-81.0738058,29.1844938],[-81.0737996,29.1844302],[-81.0737962,29.1843868],[-81.073787,29.1843426],[-81.0737859,29.1843238],[-81.0737857,29.1842694],[-81.0737846,29.1842527],[-81.0737832,29.1842446],[-81.073779,29.1842288],[-81.0737701,29.1842054],[-81.0737375,29.1841321],[-81.0737028,29.1840598],[-81.0736903,29.1840368],[-81.0736812,29.1840222],[-81.0736714,29.1840081],[-81.0736557,29.1839879],[-81.0736343,29.183962],[-81.0736174,29.1839434],[-81.0736053,29.1839319],[-81.0735859,29.1839158],[-81.0735654,29.1839011],[-81.0735509,29.1838923],[-81.0735277,29.1838807],[-81.0735033,29.1838703],[-81.0734778,29.183861],[-81.0734516,29.1838535],[-81.0733984,29.1838416],[-81.0733718,29.183837],[-81.0733452,29.1838344],[-81.0733183,29.183834],[-81.0732906,29.1838357],[-81.0732438,29.1838407],[-81.0732161,29.1838446],[-81.0731888,29.1838501],[-81.0731251,29.1838669],[-81.0730887,29.1838781],[-81.0730443,29.1838947],[-81.073009,29.1839099],[-81.0729211,29.1839527],[-81.0728958,29.1839661],[-81.0728558,29.1839886],[-81.072743,29.1840579],[-81.0727115,29.184079],[-81.0726736,29.1841063],[-81.0726592,29.1841184],[-81.0726525,29.184125],[-81.0726286,29.1841551],[-81.0726156,29.1841693],[-81.0726011,29.184182],[-81.0725336,29.1842353],[-81.0724759,29.1842855],[-81.0723921,29.1843647],[-81.072309,29.1844473],[-81.0722863,29.1844685],[-81.0722625,29.1844893],[-81.0722375,29.1845095],[-81.0722111,29.1845292],[-81.0721827,29.1845484],[-81.0721627,29.1845601],[-81.0721419,29.1845696],[-81.072121,29.1845771],[-81.0720712,29.1845905],[-81.0720528,29.1845968],[-81.0720167,29.1846117],[-81.0719606,29.1846369],[-81.0719306,29.1846489],[-81.0719099,29.1846559],[-81.0718788,29.184665],[-81.0718187,29.1846788],[-81.0717909,29.1846864],[-81.0717554,29.1846982],[-81.0717208,29.1847115],[-81.0716956,29.1847224],[-81.0716716,29.184734],[-81.0716109,29.1847672],[-81.0715633,29.1847953],[-81.0715325,29.1848166],[-81.0715035,29.1848401],[-81.0714897,29.1848526],[-81.0714698,29.1848723],[-81.0714389,29.1849068],[-81.0713871,29.1849695],[-81.071378,29.1849846],[-81.0713745,29.1849927],[-81.0713592,29.1850357],[-81.0713296,29.1851081],[-81.0713202,29.1851265],[-81.0713082,29.1851432],[-81.0712066,29.1852601],[-81.0710109,29.1854815],[-81.0709186,29.185589],[-81.0708741,29.1856387],[-81.070629,29.1859179],[-81.0705435,29.1860121],[-81.0705086,29.1860525],[-81.0704651,29.1861003],[-81.0704285,29.1861435],[-81.070359,29.1862231],[-81.0702741,29.1863183],[-81.0702594,29.1863329],[-81.0702436,29.1863472],[-81.0702266,29.1863609],[-81.0702087,29.186374],[-81.0701714,29.1863981],[-81.0701228,29.1864255],[-81.0700923,29.1864405],[-81.0700606,29.1864539],[-81.0700283,29.1864658],[-81.0699844,29.1864801],[-81.06995,29.1864892],[-81.0699263,29.1864938],[-81.069902,29.1864969],[-81.0698778,29.1864986],[-81.0698416,29.1864995],[-81.0698056,29.1864987],[-81.0697693,29.1864953],[-81.069745,29.1864916],[-81.0697088,29.1864831],[-81.0696849,29.1864754],[-81.0696615,29.1864661],[-81.0696501,29.1864608],[-81.0696279,29.1864488],[-81.0696069,29.1864355],[-81.0695777,29.1864133],[-81.0695599,29.1863972],[-81.0695356,29.1863715],[-81.069521,29.1863533],[-81.0695078,29.1863342],[-81.0694963,29.1863145],[-81.0694821,29.1862837],[-81.0694671,29.1862417],[-81.0694587,29.1862098],[-81.069453,29.1861779],[-81.0694499,29.1861458],[-81.0694496,29.186113],[-81.0694519,29.186091],[-81.0694562,29.1860694],[-81.069465,29.186038],[-81.0694767,29.1860085],[-81.0694998,29.1859644],[-81.0695156,29.1859311],[-81.0695752,29.1857914],[-81.0696018,29.1857398],[-81.0696557,29.1856438],[-81.0696619,29.185628],[-81.0696708,29.1855914],[-81.0696774,29.1855724],[-81.0697058,29.1855065],[-81.0697105,29.1854973],[-81.069722,29.1854797],[-81.0697414,29.1854554],[-81.0697983,29.1853875],[-81.0698185,29.1853659],[-81.0698534,29.1853321],[-81.0698709,29.1853109],[-81.069902,29.1852668],[-81.0699222,29.1852365],[-81.0699314,29.1852205],[-81.0699485,29.1851863],[-81.0699535,29.1851778],[-81.0699653,29.1851616],[-81.0700038,29.185116],[-81.0700679,29.185045],[-81.0701285,29.1849721],[-81.0701703,29.18492],[-81.0702144,29.1848691],[-81.070306,29.1847603],[-81.0703479,29.1847088],[-81.0704583,29.1845787],[-81.0705732,29.1844398],[-81.0706716,29.1843239],[-81.070815,29.1841473],[-81.0708519,29.1841037],[-81.0708961,29.1840547],[-81.0709555,29.183981],[-81.0709926,29.1839374],[-81.07104,29.1838788],[-81.0710821,29.183829],[-81.0711552,29.1837399],[-81.0711986,29.1836887],[-81.07124,29.1836382],[-81.0713436,29.1835152],[-81.0715619,29.1832516],[-81.0715971,29.1832077],[-81.0716518,29.1831421],[-81.0716934,29.1830903],[-81.0717542,29.1830182],[-81.0717655,29.1830035],[-81.0717812,29.1829809],[-81.07182,29.1829203],[-81.0718922,29.1827957],[-81.0719244,29.182744],[-81.0719319,29.1827294],[-81.071942,29.182707],[-81.071951,29.182684],[-81.0719585,29.1826606],[-81.0719665,29.1826287],[-81.0719715,29.1826036],[-81.0719805,29.1825244],[-81.0719916,29.1824538],[-81.0720001,29.1823928],[-81.0720055,29.1823404],[-81.0720094,29.1822597],[-81.0720098,29.1822058],[-81.0720058,29.1820087],[-81.071999,29.1818745],[-81.0719893,29.1817585],[-81.0719841,29.1817139],[-81.0719711,29.181625],[-81.071947,29.1814809],[-81.0719359,29.1814375],[-81.0719307,29.181412],[-81.071926,29.1813954],[-81.0719196,29.1813792],[-81.0719121,29.1813632],[-81.0718717,29.181286],[-81.071868,29.1812763],[-81.0718636,29.1812561],[-81.0718589,29.1812056],[-81.0718579,29.1811761],[-81.0718595,29.1811377],[-81.0718672,29.1810572],[-81.0718673,29.1810406],[-81.0718641,29.1809871],[-81.0718618,29.1809722],[-81.0718501,29.1809151],[-81.0718328,29.1808224],[-81.071797,29.1806177],[-81.0717931,29.1805894],[-81.0717914,29.1805702],[-81.0717906,29.1805315],[-81.0717918,29.180512],[-81.0717955,29.1804831],[-81.0718044,29.1804353],[-81.0718113,29.1804067],[-81.0718224,29.1803694],[-81.0718374,29.1803242],[-81.0718533,29.1802797],[-81.0718674,29.180244],[-81.071879,29.1802173],[-81.071892,29.1801911],[-81.0719109,29.1801573],[-81.0719367,29.1801147],[-81.0719539,29.1800883],[-81.0719668,29.1800708],[-81.0719813,29.180054],[-81.0719973,29.1800383],[-81.0720146,29.1800237],[-81.0720419,29.1800034],[-81.0720704,29.1799846],[-81.0720904,29.1799729],[-81.0721116,29.1799625],[-81.0721339,29.1799536],[-81.0721572,29.1799463],[-81.072169,29.1799434],[-81.072193,29.1799388],[-81.0722288,29.1799346],[-81.0722643,29.1799324],[-81.0722877,29.1799324],[-81.0723109,29.1799341],[-81.0723337,29.1799371],[-81.0724,29.1799488],[-81.0724323,29.1799565],[-81.0724748,29.1799682],[-81.0725062,29.1799784],[-81.0725266,29.1799862],[-81.0725661,29.1800032],[-81.0726046,29.1800216],[-81.072633,29.1800367],[-81.0726607,29.1800533],[-81.0726877,29.1800712],[-81.0727137,29.1800904],[-81.0727384,29.1801111],[-81.0727618,29.1801331],[-81.0727842,29.1801562],[-81.0728051,29.1801807],[-81.0728234,29.1802068],[-81.0728337,29.1802249],[-81.0728422,29.1802434],[-81.0728566,29.18028],[-81.0728756,29.1803244],[-81.0728881,29.1803606],[-81.0729102,29.1804431],[-81.0729381,29.1805698],[-81.0729455,29.180615],[-81.0729551,29.1806869],[-81.0729681,29.180759],[-81.0729769,29.1808241],[-81.0730164,29.1810833],[-81.0730679,29.1814005],[-81.0730786,29.1814721],[-81.0730881,29.1815431],[-81.0731349,29.1818292],[-81.0731461,29.1818917],[-81.0731533,29.1819546],[-81.0731573,29.1819813],[-81.0731809,29.1821155],[-81.0731997,29.1822518],[-81.0732046,29.1822789],[-81.0732321,29.1824064],[-81.0732709,29.1826305],[-81.0732878,29.1827197],[-81.0733045,29.1827891],[-81.0733376,29.1829099],[-81.0733432,29.1829269],[-81.0733527,29.1829518],[-81.0733804,29.1830159],[-81.0733928,29.1830367],[-81.0734027,29.1830486],[-81.0734133,29.1830589],[-81.0734244,29.1830674],[-81.0734355,29.1830745],[-81.0734523,29.1830828],[-81.0734697,29.1830899],[-81.0734891,29.1830963],[-81.0735495,29.1831107],[-81.0735727,29.1831155],[-81.0735967,29.183119],[-81.0736221,29.1831214],[-81.07364,29.183122],[-81.0736675,29.1831212],[-81.0736952,29.1831185],[-81.0737228,29.1831141],[-81.0737415,29.1831098],[-81.0737695,29.1831019],[-81.073806,29.1830899],[-81.0738417,29.1830769],[-81.0738776,29.1830623],[-81.0739136,29.1830468],[-81.07394,29.1830342],[-81.0739828,29.1830115],[-81.0740769,29.1829583],[-81.0742886,29.1828308],[-81.0743403,29.1827977],[-81.0744072,29.1827527],[-81.0744307,29.1827359],[-81.0744667,29.1827077],[-81.0744806,29.1826955],[-81.0745007,29.182676],[-81.0745585,29.1826163],[-81.0745884,29.1825807],[-81.0746009,29.1825669],[-81.0746283,29.1825438],[-81.0746455,29.182527],[-81.0746762,29.1824926],[-81.0746861,29.1824796],[-81.0746932,29.182465],[-81.0746981,29.1824494],[-81.0747193,29.1823651],[-81.0747359,29.1823051],[-81.0747505,29.182242],[-81.0747896,29.1820603],[-81.0748073,29.1819621],[-81.0748266,29.1818369],[-81.0748336,29.1817852],[-81.0748437,29.1816958],[-81.074853,29.1816513],[-81.0748559,29.1816342],[-81.0748569,29.1816084],[-81.0748559,29.1815289],[-81.0748595,29.1813333],[-81.0748593,29.1813067],[-81.0748562,29.1812351],[-81.074853,29.1811821],[-81.0748485,29.1811295],[-81.0748425,29.1810768],[-81.0748339,29.1810152],[-81.0748164,29.1809011],[-81.0748037,29.1808407],[-81.0747887,29.1807797],[-81.0747529,29.18066],[-81.0747277,29.1805836],[-81.0747094,29.1805332],[-81.0746713,29.1804348],[-81.0746651,29.1804199],[-81.0746578,29.180406],[-81.0746478,29.1803934],[-81.0746282,29.1803765],[-81.0746066,29.1803598],[-81.0745573,29.1803251],[-81.0745402,29.1803115],[-81.0745142,29.1802885],[-81.0744985,29.1802715],[-81.0744863,29.1802535],[-81.074451,29.1801891],[-81.0744177,29.1801339],[-81.0743782,29.1800728],[-81.0743154,29.1799821],[-81.0742677,29.1799154],[-81.074211,29.1798441],[-81.0741761,29.1798019],[-81.0741275,29.1797473],[-81.07407,29.1796867],[-81.07401,29.1796275],[-81.073963,29.1795822],[-81.0738882,29.1795125],[-81.0738598,29.1794885],[-81.0737999,29.1794422],[-81.0737377,29.1793927],[-81.0736987,29.1793633],[-81.0736691,29.1793423],[-81.0736094,29.1793019],[-81.0735468,29.1792612],[-81.0734641,29.1792099],[-81.0734387,29.1791949],[-81.073357,29.1791497],[-81.0732886,29.1791142],[-81.0732275,29.1790839],[-81.0731602,29.1790528],[-81.073031,29.1789968],[-81.0729134,29.1789514],[-81.0727546,29.1789011],[-81.0726208,29.1788646],[-81.0724665,29.1788288],[-81.0724282,29.1788213],[-81.0723897,29.1788149],[-81.0722719,29.178798],[-81.072182,29.1787867],[-81.0721225,29.1787805],[-81.0720134,29.1787712],[-81.0719748,29.1787685],[-81.0719457,29.1787673],[-81.071825,29.1787657],[-81.0717355,29.1787662],[-81.0716156,29.1787697],[-81.071477,29.1787794],[-81.0714376,29.178784],[-81.0713787,29.1787919],[-81.0712111,29.1788163],[-81.0711796,29.1788218],[-81.071063,29.1788452],[-81.0710378,29.1788512],[-81.0709927,29.1788639],[-81.0708991,29.1788883],[-81.0708145,29.1789146],[-81.0707265,29.1789432],[-81.0706344,29.178976],[-81.070572,29.1790004],[-81.0704729,29.1790424],[-81.0703847,29.1790837],[-81.0703155,29.1791177],[-81.070162,29.1791987],[-81.0700085,29.1792977],[-81.0699533,29.1793349],[-81.0699138,29.1793627],[-81.0698075,29.1794428],[-81.0697021,29.1795238],[-81.0695869,29.179622],[-81.0695233,29.1796793],[-81.0695076,29.1796925],[-81.0694906,29.1797055],[-81.0694618,29.1797237],[-81.0694307,29.1797398],[-81.0694095,29.1797487],[-81.0693501,29.179771],[-81.0693061,29.1797913],[-81.0692903,29.1798003],[-81.0692766,29.1798109],[-81.0692592,29.1798283],[-81.0691259,29.1799723],[-81.0690698,29.180034],[-81.0689628,29.1801544],[-81.0688017,29.1803417],[-81.0687633,29.1803838],[-81.068711,29.1804488],[-81.0686388,29.180536],[-81.068596,29.1805863],[-81.0685375,29.1806529],[-81.0685144,29.1806818],[-81.0684812,29.1807266],[-81.0684574,29.180756],[-81.0683719,29.1808578],[-81.0683222,29.1809148],[-81.068281,29.1809665],[-81.0682315,29.1810236],[-81.0680799,29.1812066],[-81.067982,29.181322],[-81.0679288,29.1813886],[-81.0678318,29.1815053],[-81.0677668,29.1815869],[-81.0677299,29.1816306],[-81.0676732,29.1816937],[-81.0676487,29.1817221],[-81.0675775,29.1818121],[-81.067493,29.1819136],[-81.0674214,29.1820019],[-81.0673167,29.1821251],[-81.0672719,29.1821839],[-81.0672354,29.1822293],[-81.0671849,29.1822877],[-81.0671284,29.1823509],[-81.0670797,29.1824087],[-81.0669291,29.1825915],[-81.0668943,29.1826354],[-81.0668503,29.1826854],[-81.0668092,29.1827378],[-81.066785,29.1827673],[-81.0666995,29.1828689],[-81.0666211,29.1829641],[-81.0665415,29.183058],[-81.0664151,29.1832117],[-81.0663224,29.1833201],[-81.0662646,29.1833943],[-81.0661963,29.1834741],[-81.0661512,29.1835317],[-81.0657429,29.1840216],[-81.0657011,29.1840731],[-81.0656356,29.1841507],[-81.0656195,29.1841713],[-81.0656105,29.1841859],[-81.0656068,29.1841937],[-81.0655973,29.1842188],[-81.0655897,29.1842359],[-81.0655563,29.1842946],[-81.0655428,29.1843198],[-81.0655328,29.184335],[-81.0655085,29.184365],[-81.0655018,29.184376],[-81.0654967,29.1843877],[-81.065491,29.184407],[-81.065484,29.1844415],[-81.0654809,29.1844627],[-81.06548,29.1844852],[-81.0654819,29.1845261],[-81.0654847,29.1845515],[-81.0654882,29.1845682],[-81.0654954,29.1845928],[-81.0655065,29.1846251],[-81.0655436,29.184719],[-81.0655538,29.1847467],[-81.0655624,29.1847758],[-81.0655667,29.184796],[-81.0655706,29.1848276],[-81.0655708,29.1848494],[-81.065569,29.1848714],[-81.0655673,29.1848824],[-81.0655618,29.1849042],[-81.0655581,29.1849149],[-81.065549,29.1849354],[-81.0655322,29.1849639],[-81.0654731,29.1850457],[-81.0654461,29.1850844],[-81.0652761,29.1853398],[-81.0651886,29.1854763],[-81.0651694,29.1855031],[-81.0651538,29.1855206],[-81.0651449,29.1855288],[-81.065125,29.1855436],[-81.0651029,29.1855559],[-81.0650913,29.1855612],[-81.0650678,29.1855702],[-81.0650443,29.1855776],[-81.0650212,29.1855837],[-81.064947,29.1855999],[-81.0648707,29.1856156],[-81.0647614,29.1856428],[-81.0647426,29.1856482],[-81.0647162,29.1856573],[-81.0646707,29.1856764],[-81.0646204,29.1857018],[-81.064608,29.1857092],[-81.0645893,29.1857234],[-81.0645381,29.1857683],[-81.0645105,29.1857897],[-81.0644808,29.1858094],[-81.0644266,29.1858415],[-81.064396,29.1858608],[-81.0643675,29.1858806],[-81.0643407,29.1859013],[-81.0643092,29.1859291],[-81.0642783,29.1859598],[-81.0642226,29.1860195],[-81.0641508,29.1860946],[-81.0641198,29.1861311],[-81.0641057,29.1861456],[-81.0640825,29.1861667],[-81.0640502,29.1861944],[-81.0639792,29.1862513],[-81.0638741,29.1863391],[-81.0638545,29.1863567],[-81.0638426,29.1863694],[-81.0638028,29.1864208],[-81.0637487,29.1864869],[-81.0637152,29.1865307],[-81.0636219,29.1866489],[-81.063503,29.186806],[-81.0634321,29.1869039],[-81.0633931,29.1869554],[-81.0633771,29.1869779],[-81.0633303,29.1870483],[-81.0632472,29.1871711],[-81.0631564,29.1873102],[-81.063101,29.1874042],[-81.0630157,29.1875555],[-81.0629755,29.1876374],[-81.0629373,29.1877098],[-81.0628737,29.1878487],[-81.0628332,29.1879479],[-81.0628149,29.1879982],[-81.0627854,29.1880831],[-81.0627613,29.1881583],[-81.0627516,29.1881915],[-81.0627203,29.1883217],[-81.062712,29.1883644],[-81.0626851,29.1885295],[-81.0626753,29.1886595],[-81.0626714,29.1888003],[-81.062676,29.1889424],[-81.0626775,29.1889597],[-81.0626831,29.1890032],[-81.0626892,29.1890641],[-81.0626968,29.1891166],[-81.0627033,29.18917],[-81.0627111,29.1892224],[-81.0627292,29.1893067],[-81.0627689,29.1894533],[-81.0627792,29.1894859],[-81.0627963,29.1895358],[-81.0628123,29.189579],[-81.0628484,29.1896707],[-81.0629094,29.1898089],[-81.062938,29.1898654],[-81.0629857,29.1899562],[-81.0630027,29.1899854],[-81.06304,29.1900448],[-81.0630745,29.1900986],[-81.0631094,29.190151],[-81.0631303,29.1901799],[-81.0631803,29.1902458],[-81.0632206,29.1902961],[-81.0632618,29.1903456],[-81.0632862,29.1903735],[-81.0633478,29.1904412],[-81.0634335,29.1905277],[-81.0634675,29.1905594],[-81.0635005,29.1905925],[-81.0635353,29.1906236],[-81.0636,29.190679],[-81.0636572,29.190726],[-81.0637481,29.1907952],[-81.0638021,29.1908333],[-81.0638982,29.1908967],[-81.0639964,29.1909574],[-81.0640375,29.1909814],[-81.0640964,29.1910131],[-81.0641833,29.1910571],[-81.0643154,29.191119],[-81.0644331,29.1911676],[-81.0645338,29.1912057],[-81.0645888,29.1912248],[-81.0647494,29.1912731],[-81.0648931,29.1913094],[-81.0650193,29.1913365],[-81.0651467,29.1913566],[-81.0652257,29.1913675],[-81.0652951,29.1913759],[-81.0654637,29.1913905],[-81.0655829,29.1913943],[-81.0657233,29.1913928],[-81.0658027,29.1913905],[-81.0658616,29.1913872],[-81.065921,29.1913824],[-81.065961,29.1913783],[-81.0660225,29.1913707],[-81.0660842,29.1913644],[-81.0661591,29.1913542],[-81.0662066,29.1913463],[-81.0662668,29.1913351],[-81.0663725,29.1913133],[-81.0664278,29.1912998],[-81.0666595,29.1912379],[-81.0667456,29.1912113],[-81.0668688,29.1911721],[-81.0669064,29.1911593],[-81.066981,29.1911321],[-81.067055,29.191104],[-81.0671,29.1910859],[-81.0671667,29.1910572],[-81.0671891,29.1910506],[-81.0672127,29.1910464],[-81.0672476,29.191042],[-81.0673234,29.1910371],[-81.0673732,29.1910321],[-81.0673915,29.1910297],[-81.0674087,29.1910252],[-81.067433,29.1910145],[-81.067501,29.1909776],[-81.0675448,29.1909556],[-81.0676056,29.1909237],[-81.067739,29.1908566],[-81.0678788,29.1907839],[-81.0679319,29.1907576],[-81.0680268,29.190703],[-81.068332,29.1905355],[-81.068392,29.1905018],[-81.0684609,29.1904619],[-81.0685492,29.1904142],[-81.0686617,29.1903514],[-81.0687936,29.1902806],[-81.0689332,29.1902042],[-81.0690122,29.1901628],[-81.0690632,29.1901329],[-81.0690983,29.1901132],[-81.0691703,29.1900767],[-81.0692132,29.1900537],[-81.0692471,29.1900345],[-81.0693243,29.1899883],[-81.0695044,29.1898865],[-81.0696273,29.1898181],[-81.0697066,29.1897749],[-81.0698557,29.1896952],[-81.0699589,29.1896378],[-81.0700386,29.1895952],[-81.0701163,29.1895507],[-81.0702113,29.1894977],[-81.0708637,29.189137],[-81.0710547,29.1890296],[-81.0711986,29.1889458],[-81.0712913,29.1888905],[-81.0714339,29.188803],[-81.0716064,29.1886929],[-81.0717273,29.1886101],[-81.0718913,29.1884911],[-81.0719452,29.1884495],[-81.071992,29.1884146],[-81.0720219,29.188391],[-81.0721399,29.1882924],[-81.0722915,29.1881595],[-81.0723126,29.1881402],[-81.0724025,29.1880541],[-81.0724701,29.1879872],[-81.0725628,29.1878917],[-81.0726139,29.1878365]]]}},{"type":"Feature","properties":{"role":"pit_lane","name":"Pit Lane","osm_way":198465568,"quality":{"source":"osm","accuracy_m":5.0,"measured":false,"note":"OSM-traced pit-lane centerline; not measured"}},"geometry":{"type":"LineString","coordinates":[[-81.0738119,29.1853147],[-81.0740035,29.1850845]]}},{"type":"Feature","properties":{"role":"pit_lane","name":"Road Course Pit Lane","osm_way":198465570,"quality":{"source":"osm","accuracy_m":5.0,"measured":false,"note":"OSM-traced pit-lane centerline; not measured"}},"geometry":{"type":"LineString","coordinates":[[-81.0738119,29.1853147],[-81.0738318,29.1851388],[-81.0738304,29.184941],[-81.0738443,29.1846624],[-81.0738417,29.1846132],[-81.0738363,29.1845711],[-81.0738282,29.1845313],[-81.0738175,29.1844868],[-81.0737022,29.1841659],[-81.07367,29.184091],[-81.0736459,29.1840535],[-81.0736217,29.1840184],[-81.0735922,29.1839786],[-81.0735681,29.1839528],[-81.0735412,29.1839318],[-81.073501,29.1839107],[-81.0734581,29.1838966],[-81.0734018,29.1838826],[-81.0733401,29.1838803],[-81.0732923,29.1838818],[-81.0732516,29.1838896],[-81.0731958,29.1839029],[-81.0731421,29.1839169],[-81.0730853,29.1839388],[-81.0730134,29.1839708],[-81.07289,29.1840316],[-81.0726132,29.184194],[-81.0725542,29.1842362],[-81.0725086,29.184276],[-81.0722865,29.1844836],[-81.0722484,29.1845125],[-81.0719802,29.1846952],[-81.0719486,29.1847116],[-81.0719158,29.1847256],[-81.0718734,29.1847412],[-81.0716347,29.1848302],[-81.0715956,29.1848508],[-81.0715569,29.1848723],[-81.0714336,29.184966],[-81.0713552,29.1850324],[-81.0712109,29.1851885],[-81.0710205,29.1854109],[-81.0709722,29.1854624],[-81.0709052,29.185528],[-81.0704856,29.1859446]]}},{"type":"Feature","properties":{"role":"pit_lane","name":"Pit Lane","osm_way":352067003,"quality":{"source":"osm","accuracy_m":5.0,"measured":false,"note":"OSM-traced pit-lane centerline; not measured"}},"geometry":{"type":"LineString","coordinates":[[-81.0701882,29.1895545],[-81.070285,29.1894837],[-81.07035,29.1894245],[-81.0704197,29.1893613],[-81.0704982,29.1892889],[-81.0705766,29.1892193],[-81.0707191,29.1890755],[-81.0708646,29.1889105],[-81.0711981,29.1885088],[-81.0736132,29.1855997],[-81.0737344,29.1854538],[-81.0738119,29.1853147]]}},{"type":"Feature","properties":{"role":"start_finish","id":"start_finish","marker":0.0,"width_m":9.52,"quality":{"source":"fdep-2021","accuracy_m":0.81,"relative_accuracy_m":0.14,"measured":true,"date":"2021"}},"geometry":{"type":"LineString","coordinates":[[-81.0726139,29.1878365],[-81.0726905,29.1878899]]}},{"type":"Feature","properties":{"role":"corner_entry","id":"t1-entry","marker":0.07932,"width_m":10.63,"quality":{"source":"fdep-2021","accuracy_m":0.81,"relative_accuracy_m":0.14,"measured":true,"date":"2021"},"corner":"t1"},"geometry":{"type":"LineString","coordinates":[[-81.0737102,29.1840752],[-81.0738102,29.1840366]]}},{"type":"Feature","properties":{"role":"corner_exit","id":"t1-exit","marker":0.09448,"width_m":11.28,"quality":{"source":"fdep-2021","accuracy_m":0.81,"relative_accuracy_m":0.14,"measured":true,"date":"2021"},"corner":"t1"},"geometry":{"type":"LineString","coordinates":[[-81.0730357,29.1838984],[-81.0729866,29.1838062]]}},{"type":"Feature","properties":{"role":"apex","id":"t1-apex","corner":"t1","edge":"left","marker":0.08403,"quality":{"source":"fdep-2021","accuracy_m":0.81,"relative_accuracy_m":0.14,"measured":true,"date":"2021"}},"geometry":{"type":"Point","coordinates":[-81.0735649,29.1839008]}},{"type":"Feature","properties":{"role":"corner_entry","id":"t2-entry","marker":0.12061,"width_m":13.25,"quality":{"source":"fdep-2021","accuracy_m":0.81,"relative_accuracy_m":0.14,"measured":true,"date":"2021"},"corner":"t2"},"geometry":{"type":"LineString","coordinates":[[-81.0717999,29.184684],[-81.0717568,29.1845705]]}},{"type":"Feature","properties":{"role":"corner_exit","id":"t2-exit","marker":0.13106,"width_m":9.89,"quality":{"source":"fdep-2021","accuracy_m":0.81,"relative_accuracy_m":0.14,"measured":true,"date":"2021"},"corner":"t2"},"geometry":{"type":"LineString","coordinates":[[-81.0713718,29.1850003],[-81.0712828,29.1849572]]}},{"type":"Feature","properties":{"role":"apex","id":"t2-apex","corner":"t2","edge":"left","marker":0.12619,"quality":{"source":"fdep-2021","accuracy_m":0.81,"relative_accuracy_m":0.14,"measured":true,"date":"2021"}},"geometry":{"type":"Point","coordinates":[-81.0715404,29.1848112]}},{"type":"Feature","properties":{"role":"corner_entry","id":"t3-entry","marker":0.16277,"width_m":14.64,"quality":{"source":"fdep-2021","accuracy_m":0.81,"relative_accuracy_m":0.14,"measured":true,"date":"2021"},"corner":"t3"},"geometry":{"type":"LineString","coordinates":[[-81.0702601,29.1863322],[-81.0701462,29.1862459]]}},{"type":"Feature","properties":{"role":"corner_exit","id":"t3-exit","marker":0.18106,"width_m":15.02,"quality":{"source":"fdep-2021","accuracy_m":0.81,"relative_accuracy_m":0.14,"measured":true,"date":"2021"},"corner":"t3"},"geometry":{"type":"LineString","coordinates":[[-81.0694868,29.1859893],[-81.0696308,29.1860382]]}},{"type":"Feature","properties":{"role":"apex","id":"t3-apex","corner":"t3","edge":"right","marker":0.17305,"quality":{"source":"fdep-2021","accuracy_m":0.81,"relative_accuracy_m":0.14,"measured":true,"date":"2021"}},"geometry":{"type":"Point","coordinates":[-81.0697076,29.186334]}},{"type":"Feature","properties":{"role":"corner_entry","id":"t4-entry","marker":0.25109,"width_m":11.41,"quality":{"source":"fdep-2021","accuracy_m":0.81,"relative_accuracy_m":0.14,"measured":true,"date":"2021"},"corner":"t4"},"geometry":{"type":"LineString","coordinates":[[-81.0717857,29.1829738],[-81.0718823,29.1830323]]}},{"type":"Feature","properties":{"role":"corner_exit","id":"t4-exit","marker":0.26033,"width_m":11.89,"quality":{"source":"fdep-2021","accuracy_m":0.81,"relative_accuracy_m":0.14,"measured":true,"date":"2021"},"corner":"t4"},"geometry":{"type":"LineString","coordinates":[[-81.0719763,29.1825612],[-81.072098,29.1825714]]}},{"type":"Feature","properties":{"role":"apex","id":"t4-apex","corner":"t4","edge":"left","marker":0.25719,"quality":{"source":"fdep-2021","accuracy_m":0.81,"relative_accuracy_m":0.14,"measured":true,"date":"2021"}},"geometry":{"type":"Point","coordinates":[-81.0719416,29.1827079]}},{"type":"Feature","properties":{"role":"corner_entry","id":"t5-entry","marker":0.30666,"width_m":11.62,"quality":{"source":"fdep-2021","accuracy_m":0.81,"relative_accuracy_m":0.14,"measured":true,"date":"2021"},"corner":"t5"},"geometry":{"type":"LineString","coordinates":[[-81.071901,29.180175],[-81.0720101,29.1802176]]}},{"type":"Feature","properties":{"role":"corner_exit","id":"t5-exit","marker":0.32635,"width_m":10.44,"quality":{"source":"fdep-2021","accuracy_m":0.81,"relative_accuracy_m":0.14,"measured":true,"date":"2021"},"corner":"t5"},"geometry":{"type":"LineString","coordinates":[[-81.0728751,29.1803233],[-81.0727736,29.180354]]}},{"type":"Feature","properties":{"role":"apex","id":"t5-apex","corner":"t5","edge":"right","marker":0.31189,"quality":{"source":"fdep-2021","accuracy_m":0.81,"relative_accuracy_m":0.14,"measured":true,"date":"2021"}},"geometry":{"type":"Point","coordinates":[-81.072176,29.1800457]}},{"type":"Feature","properties":{"role":"corner_entry","id":"t6-entry","marker":0.37844,"width_m":10.62,"quality":{"source":"fdep-2021","accuracy_m":0.81,"relative_accuracy_m":0.14,"measured":true,"date":"2021"},"corner":"t6"},"geometry":{"type":"LineString","coordinates":[[-81.0733669,29.1829846],[-81.0732622,29.183012]]}},{"type":"Feature","properties":{"role":"corner_exit","id":"t6-exit","marker":0.38697,"width_m":12.57,"quality":{"source":"fdep-2021","accuracy_m":0.81,"relative_accuracy_m":0.14,"measured":true,"date":"2021"},"corner":"t6"},"geometry":{"type":"LineString","coordinates":[[-81.0736952,29.1831185],[-81.0737225,29.1832293]]}},{"type":"Feature","properties":{"role":"apex","id":"t6-apex","corner":"t6","edge":"left","marker":0.38035,"quality":{"source":"fdep-2021","accuracy_m":0.81,"relative_accuracy_m":0.14,"measured":true,"date":"2021"}},"geometry":{"type":"Point","coordinates":[-81.0734135,29.1830591]}},{"type":"Feature","properties":{"role":"corner_entry","id":"t7-entry","marker":0.44899,"width_m":11.72,"quality":{"source":"fdep-2021","accuracy_m":0.81,"relative_accuracy_m":0.14,"measured":true,"date":"2021"},"corner":"t7"},"geometry":{"type":"LineString","coordinates":[[-81.0746963,29.1804993],[-81.0748103,29.1804652]]}},{"type":"Feature","properties":{"role":"corner_exit","id":"t7-exit","marker":0.45282,"width_m":15.75,"quality":{"source":"fdep-2021","accuracy_m":1.82,"relative_accuracy_m":1.64,"measured":false,"date":"2021"},"corner":"t7"},"geometry":{"type":"LineString","coordinates":[[-81.0745914,29.1803491],[-81.0747189,29.1802615]]}},{"type":"Feature","properties":{"role":"apex","id":"t7-apex","corner":"t7","edge":"left","marker":0.45126,"quality":{"source":"fdep-2021","accuracy_m":0.81,"relative_accuracy_m":0.14,"measured":true,"date":"2021"}},"geometry":{"type":"Point","coordinates":[-81.0746514,29.1803979]}},{"type":"Feature","properties":{"role":"corner_entry","id":"t8-entry","marker":0.67163,"width_m":16.64,"quality":{"source":"fdep-2021","accuracy_m":0.81,"relative_accuracy_m":0.14,"measured":true,"date":"2021"},"corner":"t8"},"geometry":{"type":"LineString","coordinates":[[-81.0655358,29.1843305],[-81.0653934,29.1842472]]}},{"type":"Feature","properties":{"role":"corner_exit","id":"t8-exit","marker":0.6779,"width_m":13.01,"quality":{"source":"fdep-2021","accuracy_m":1.82,"relative_accuracy_m":1.64,"measured":false,"date":"2021"},"corner":"t8"},"geometry":{"type":"LineString","coordinates":[[-81.0654921,29.1845817],[-81.0653635,29.1846137]]}},{"type":"Feature","properties":{"role":"apex","id":"t8-apex","corner":"t8","edge":"left","marker":0.6732,"quality":{"source":"fdep-2021","accuracy_m":0.81,"relative_accuracy_m":0.14,"measured":true,"date":"2021"}},"geometry":{"type":"Point","coordinates":[-81.0654984,29.1843839]}},{"type":"Feature","properties":{"role":"corner_entry","id":"t9-entry","marker":0.68086,"width_m":12.59,"quality":{"source":"fdep-2021","accuracy_m":0.81,"relative_accuracy_m":0.14,"measured":true,"date":"2021"},"corner":"t9"},"geometry":{"type":"LineString","coordinates":[[-81.065546,29.1847254],[-81.0654227,29.18476]]}},{"type":"Feature","properties":{"role":"corner_exit","id":"t9-exit","marker":0.68626,"width_m":9.03,"quality":{"source":"fdep-2021","accuracy_m":0.81,"relative_accuracy_m":0.14,"measured":true,"date":"2021"},"corner":"t9"},"geometry":{"type":"LineString","coordinates":[[-81.0654851,29.185029],[-81.0654063,29.1849861]]}},{"type":"Feature","properties":{"role":"apex","id":"t9-apex","corner":"t9","edge":"right","marker":0.6847,"quality":{"source":"fdep-2021","accuracy_m":0.81,"relative_accuracy_m":0.14,"measured":true,"date":"2021"}},"geometry":{"type":"Point","coordinates":[-81.0654415,29.1849192]}},{"type":"Feature","properties":{"role":"corner_entry","id":"t10-entry","marker":0.69532,"width_m":9.33,"quality":{"source":"fdep-2021","accuracy_m":0.81,"relative_accuracy_m":0.14,"measured":true,"date":"2021"},"corner":"t10"},"geometry":{"type":"LineString","coordinates":[[-81.0652169,29.1854322],[-81.0651328,29.1853917]]}},{"type":"Feature","properties":{"role":"corner_exit","id":"t10-exit","marker":0.69985,"width_m":11.83,"quality":{"source":"fdep-2021","accuracy_m":0.81,"relative_accuracy_m":0.14,"measured":true,"date":"2021"},"corner":"t10"},"geometry":{"type":"LineString","coordinates":[[-81.0649775,29.1855932],[-81.0649613,29.1854874]]}},{"type":"Feature","properties":{"role":"apex","id":"t10-apex","corner":"t10","edge":"right","marker":0.69811,"quality":{"source":"fdep-2021","accuracy_m":0.81,"relative_accuracy_m":0.14,"measured":true,"date":"2021"}},"geometry":{"type":"Point","coordinates":[-81.0650453,29.1854768]}},{"type":"Feature","properties":{"role":"corner_entry","id":"t11-entry","marker":0.70386,"width_m":14.88,"quality":{"source":"fdep-2021","accuracy_m":0.81,"relative_accuracy_m":0.14,"measured":true,"date":"2021"},"corner":"t11"},"geometry":{"type":"LineString","coordinates":[[-81.0647534,29.1856451],[-81.0647215,29.1855138]]}},{"type":"Feature","properties":{"role":"corner_exit","id":"t11-exit","marker":0.70821,"width_m":18.2,"quality":{"source":"fdep-2021","accuracy_m":1.82,"relative_accuracy_m":1.64,"measured":false,"date":"2021"},"corner":"t11"},"geometry":{"type":"LineString","coordinates":[[-81.0645756,29.1857354],[-81.0644452,29.1856177]]}},{"type":"Feature","properties":{"role":"apex","id":"t11-apex","corner":"t11","edge":"left","marker":0.70717,"quality":{"source":"fdep-2021","accuracy_m":0.81,"relative_accuracy_m":0.14,"measured":true,"date":"2021"}},"geometry":{"type":"Point","coordinates":[-81.0646123,29.1857066]}},{"type":"Feature","properties":{"role":"corner_entry","id":"t12-entry","marker":0.80159,"width_m":16.84,"quality":{"source":"fdep-2021","accuracy_m":0.81,"relative_accuracy_m":0.14,"measured":true,"date":"2021"},"corner":"t12"},"geometry":{"type":"LineString","coordinates":[[-81.0629645,29.1899158],[-81.0628052,29.1899755]]}},{"type":"Feature","properties":{"role":"corner_exit","id":"t12-exit","marker":0.86953,"width_m":18.29,"quality":{"source":"fdep-2021","accuracy_m":0.81,"relative_accuracy_m":0.14,"measured":true,"date":"2021"},"corner":"t12"},"geometry":{"type":"LineString","coordinates":[[-81.0661884,29.1913493],[-81.0662227,29.1915116]]}},{"type":"Feature","properties":{"role":"apex","id":"t12-apex","corner":"t12","edge":"left","marker":0.80281,"quality":{"source":"fdep-2021","accuracy_m":0.81,"relative_accuracy_m":0.14,"measured":true,"date":"2021"}},"geometry":{"type":"Point","coordinates":[-81.0629947,29.1899717]}},{"type":"Feature","properties":{"role":"sector_boundary","id":"s1-start","marker":0.0,"width_m":9.52,"quality":{"source":"fdep-2021","accuracy_m":0.81,"relative_accuracy_m":0.14,"measured":true,"date":"2021"},"range":"s1"},"geometry":{"type":"LineString","coordinates":[[-81.0726139,29.1878365],[-81.0726905,29.1878899]]}},{"type":"Feature","properties":{"role":"sector_boundary","id":"s2-start","marker":0.35685,"width_m":9.1,"quality":{"source":"fdep-2021","accuracy_m":0.81,"relative_accuracy_m":0.14,"measured":true,"date":"2021"},"range":"s2"},"geometry":{"type":"LineString","coordinates":[[-81.0731461,29.1818915],[-81.0730533,29.1819022]]}},{"type":"Feature","properties":{"role":"sector_boundary","id":"s3-start","marker":0.63132,"width_m":12.72,"quality":{"source":"fdep-2021","accuracy_m":0.81,"relative_accuracy_m":0.14,"measured":true,"date":"2021"},"range":"s3"},"geometry":{"type":"LineString","coordinates":[[-81.0668994,29.182629],[-81.0667932,29.182562]]}},{"type":"Feature","properties":{"role":"complex_entry","id":"busstopmans-entry","marker":0.67163,"width_m":16.64,"quality":{"source":"fdep-2021","accuracy_m":0.81,"relative_accuracy_m":0.14,"measured":true,"date":"2021"},"complex":"busstopmans"},"geometry":{"type":"LineString","coordinates":[[-81.0655358,29.1843305],[-81.0653934,29.1842472]]}},{"type":"Feature","properties":{"role":"complex_exit","id":"busstopmans-exit","marker":0.70821,"width_m":18.2,"quality":{"source":"fdep-2021","accuracy_m":1.82,"relative_accuracy_m":1.64,"measured":false,"date":"2021"},"complex":"busstopmans"},"geometry":{"type":"LineString","coordinates":[[-81.0645756,29.1857354],[-81.0644452,29.1856177]]}}]}