{"type":"FeatureCollection","features":[{"type":"Feature","properties":{"role":"edge_left","orientation":"driving direction, from the lap origin","unseen_spans":[[0.00819,0.00856],[0.01193,0.01237],[0.01691,0.0175],[0.01794,0.01831],[0.0612,0.0631],[0.12975,0.13026],[0.14764,0.14815],[0.14874,0.14925],[0.1876,0.18797],[0.2019,0.20292],[0.203,0.20358],[0.22103,0.22162],[0.22551,0.22587],[0.22653,0.22705],[0.22712,0.22749],[0.22954,0.22991],[0.2423,0.24288],[0.28064,0.28101],[0.28321,0.28402],[0.28856,0.28944],[0.30374,0.3041],[0.31334,0.31386],[0.31598,0.31642],[0.32001,0.32038],[0.32192,0.32229],[0.32412,0.32493],[0.32522,0.32566],[0.32764,0.32801],[0.32947,0.32991],[0.33556,0.336],[0.3371,0.33754],[0.33937,0.33974],[0.38908,0.38959],[0.38974,0.39018],[0.44136,0.44458],[0.45184,0.45221],[0.4528,0.45353],[0.46431,0.46467],[0.49202,0.49319],[0.49385,0.49429],[0.49569,0.49613],[0.4962,0.49657],[0.49664,0.49752],[0.56688,0.56725],[0.56842,0.56886],[0.59738,0.59826],[0.61168,0.61219],[0.61754,0.61791],[0.62803,0.6284],[0.64636,0.64672],[0.65244,0.6534],[0.65574,0.65611],[0.65633,0.65692],[0.65897,0.65941],[0.67957,0.67994],[0.6924,0.69292],[0.72628,0.72664],[0.72738,0.72774],[0.73676,0.73771],[0.73845,0.73947],[0.7427,0.74314],[0.74717,0.74791],[0.74813,0.74879],[0.74908,0.74952],[0.75377,0.7545],[0.83772,0.83823],[0.86228,0.8628],[0.86287,0.86346],[0.8636,0.86397],[0.87607,0.88406],[0.89447,0.89491],[0.89667,0.8974],[0.92805,0.93707],[0.94205,0.94257],[0.94315,0.94352],[0.94477,0.94513],[0.94623,0.94675],[0.94704,0.94741],[0.95511,0.96112],[0.98025,0.98106],[0.98289,0.98326]],"quality":{"source":"ign-bdortho-2022","accuracy_m":1.45,"relative_accuracy_m":0.15,"measured":true,"date":"2022","measured_fraction":0.83}},"geometry":{"type":"LineString","coordinates":[[0.2074429,47.9509147],[0.2074436,47.9509505],[0.2074485,47.9510397],[0.2074545,47.9511204],[0.2074561,47.9512198],[0.2074629,47.9513461],[0.2074647,47.9514268],[0.2074728,47.95157],[0.2074766,47.951678],[0.2074823,47.9517992],[0.2074803,47.9518235],[0.207476,47.95184],[0.2074555,47.9518824],[0.2074281,47.9519465],[0.2074208,47.9519664],[0.2074186,47.9519766],[0.2074174,47.9519868],[0.2074172,47.952007],[0.2074265,47.952191],[0.2074279,47.9522641],[0.207431,47.952314],[0.2074339,47.9523351],[0.2074366,47.9523456],[0.2074451,47.952366],[0.2074787,47.9524314],[0.2074884,47.952448],[0.2075077,47.9524772],[0.2075108,47.9524842],[0.2075141,47.9524985],[0.2075156,47.9525728],[0.2075259,47.952762],[0.2075283,47.9528349],[0.2075331,47.9529277],[0.2075352,47.9529477],[0.2075374,47.9529578],[0.2075406,47.952968],[0.2075493,47.9529881],[0.2075692,47.9530266],[0.2075806,47.9530447],[0.2076114,47.9530876],[0.2076278,47.9531124],[0.2076455,47.9531444],[0.2076522,47.9531601],[0.2076585,47.9531843],[0.2076712,47.9532542],[0.2077044,47.953379],[0.2077205,47.9534511],[0.2077394,47.9535132],[0.2077808,47.9536641],[0.207808,47.9537443],[0.2078275,47.9538149],[0.2078762,47.9539636],[0.2078901,47.9540017],[0.2079716,47.9542051],[0.2080018,47.9542753],[0.2080341,47.9543453],[0.2080785,47.9544475],[0.2081082,47.9545091],[0.2081395,47.9545814],[0.2082228,47.9547457],[0.2082556,47.9548055],[0.2082942,47.9548727],[0.208359,47.9549924],[0.2084901,47.9552003],[0.2085186,47.9552428],[0.2085494,47.9552857],[0.2086161,47.9553683],[0.2086369,47.9553924],[0.2086589,47.955416],[0.2086897,47.9554467],[0.2087138,47.9554693],[0.2087398,47.9554911],[0.2088381,47.9555701],[0.2089191,47.955634],[0.2089565,47.9556622],[0.2089959,47.9556896],[0.2090272,47.9557092],[0.2090707,47.9557338],[0.2091578,47.9557787],[0.2092221,47.9558137],[0.209256,47.9558304],[0.2093255,47.9558614],[0.209529,47.9559459],[0.2096846,47.9560064],[0.2097668,47.956036],[0.2098006,47.956049],[0.2100176,47.956138],[0.210117,47.9561826],[0.2102003,47.9562129],[0.2102353,47.9562265],[0.21059,47.9563697],[0.2106792,47.9564075],[0.2107679,47.9564479],[0.2108426,47.9564789],[0.2108702,47.9564922],[0.2108948,47.9565063],[0.2109084,47.9565168],[0.2109199,47.9565283],[0.2109397,47.9565522],[0.2109479,47.9565648],[0.2109538,47.9565778],[0.2109575,47.956591],[0.2109599,47.9566105],[0.2109601,47.9566304],[0.2109564,47.9566514],[0.2109492,47.9566743],[0.2109344,47.9567165],[0.2109133,47.9567696],[0.2108938,47.9568319],[0.2108708,47.9568926],[0.2108618,47.9569203],[0.210851,47.9569603],[0.2108465,47.9569814],[0.210844,47.9570034],[0.2108441,47.957026],[0.2108469,47.9570488],[0.2108529,47.9570716],[0.2108625,47.9570939],[0.2108686,47.9571046],[0.2108835,47.9571252],[0.2109013,47.9571444],[0.2109209,47.9571624],[0.2109518,47.9571876],[0.2109843,47.9572105],[0.211018,47.9572317],[0.2110525,47.9572512],[0.2110881,47.9572686],[0.2111125,47.9572788],[0.2111971,47.9573111],[0.2112195,47.957321],[0.2112846,47.9573527],[0.2114084,47.9574078],[0.2114659,47.9574319],[0.2115677,47.9574722],[0.2116791,47.9575211],[0.211759,47.9575548],[0.2118168,47.9575782],[0.2118846,47.9576081],[0.2119846,47.95765],[0.2120512,47.9576807],[0.2121869,47.95774],[0.2122336,47.9577589],[0.2123062,47.9577844],[0.2123405,47.9577978],[0.2124392,47.9578407],[0.2125285,47.9578813],[0.2126635,47.9579383],[0.2127594,47.9579834],[0.2127901,47.957999],[0.2130021,47.9581186],[0.2130209,47.95813],[0.2130903,47.9581757],[0.2131988,47.9582531],[0.2132427,47.9582858],[0.2133006,47.9583321],[0.2134098,47.9584316],[0.213547,47.9585647],[0.2136494,47.9586607],[0.2137156,47.9587191],[0.2138006,47.9587912],[0.2138271,47.9588125],[0.2138555,47.9588329],[0.2139328,47.9588862],[0.2140528,47.9589638],[0.2140847,47.9589819],[0.2141623,47.959021],[0.2142397,47.959062],[0.2142634,47.9590727],[0.2143005,47.9590871],[0.2144252,47.9591291],[0.214449,47.9591382],[0.2145084,47.9591627],[0.2145328,47.9591715],[0.2145697,47.9591832],[0.2146911,47.9592196],[0.2147773,47.959244],[0.2148293,47.9592577],[0.2148696,47.9592675],[0.2149106,47.9592764],[0.2149786,47.9592898],[0.2150192,47.9592968],[0.2151272,47.9593126],[0.2151818,47.9593193],[0.2153186,47.9593331],[0.2153599,47.9593364],[0.2154014,47.9593388],[0.2156463,47.9593472],[0.216369,47.9593624],[0.2166329,47.9593695],[0.2166971,47.9593731],[0.216798,47.9593818],[0.2168466,47.9593885],[0.2168944,47.9593977],[0.2169529,47.9594116],[0.2169972,47.9594247],[0.2170287,47.9594367],[0.2170908,47.9594658],[0.2171657,47.9594989],[0.2171961,47.9595134],[0.2172249,47.9595291],[0.217252,47.9595458],[0.217269,47.9595576],[0.2173166,47.9595952],[0.2173617,47.9596352],[0.2174117,47.9596839],[0.2174367,47.9597129],[0.2174639,47.9597505],[0.2174874,47.9597892],[0.2175032,47.9598207],[0.2175164,47.9598527],[0.2175274,47.9598855],[0.2175371,47.9599188],[0.2175421,47.959944],[0.2175472,47.9599954],[0.2175502,47.9600389],[0.2175512,47.9600739],[0.2175501,47.9601467],[0.2175544,47.9602112],[0.2175586,47.9602483],[0.2175645,47.9602857],[0.2175811,47.9603611],[0.2175867,47.9603801],[0.2175971,47.9604082],[0.2176311,47.960479],[0.2176473,47.9605253],[0.2176568,47.9605444],[0.2176694,47.9605632],[0.2176843,47.9605812],[0.2177248,47.9606233],[0.217767,47.9606626],[0.2178126,47.9606998],[0.2178716,47.9607415],[0.2179017,47.9607611],[0.2179316,47.9607793],[0.2179497,47.9607919],[0.2179811,47.9608202],[0.2180326,47.9608646],[0.2180518,47.9608789],[0.2180733,47.9608917],[0.2181614,47.9609389],[0.2182993,47.9610113],[0.218533,47.9611324],[0.2186315,47.961182],[0.2187551,47.9612396],[0.2188695,47.96129],[0.2189756,47.9613333],[0.2190834,47.961374],[0.2192163,47.9614206],[0.2193272,47.9614571],[0.2194153,47.9614837],[0.2195528,47.9615226],[0.2197033,47.961564],[0.2198788,47.9616076],[0.2200264,47.9616487],[0.2201148,47.9616717],[0.2202131,47.9616994],[0.2203003,47.9617227],[0.2208813,47.9618721],[0.2209099,47.9618777],[0.2209247,47.9618796],[0.2209544,47.9618819],[0.2210542,47.9618872],[0.2210956,47.9618882],[0.2211357,47.9618879],[0.2211609,47.9618894],[0.2211854,47.961893],[0.2212487,47.9619055],[0.2212904,47.9619123],[0.2213344,47.9619175],[0.2213794,47.9619212],[0.2214247,47.9619229],[0.221455,47.9619222],[0.2215455,47.9619144],[0.2215755,47.9619107],[0.2216048,47.9619058],[0.2216333,47.9618999],[0.2216745,47.9618894],[0.2217397,47.9618687],[0.2218965,47.9618142],[0.2219922,47.9617822],[0.2223738,47.9616451],[0.2224214,47.9616267],[0.2224909,47.9615977],[0.2225361,47.9615775],[0.2226905,47.9615056],[0.2228699,47.9614263],[0.2230263,47.9613559],[0.2231059,47.9613212],[0.2232515,47.9612534],[0.2232835,47.9612348],[0.2233213,47.9612079],[0.2233408,47.9611956],[0.223443,47.9611395],[0.2235296,47.9610962],[0.2235618,47.9610791],[0.2236551,47.9610262],[0.2237235,47.960986],[0.2237452,47.9609758],[0.2237806,47.9609617],[0.2238041,47.9609514],[0.223889,47.9609058],[0.223978,47.9608637],[0.2240194,47.9608385],[0.224063,47.9608145],[0.2240842,47.9608016],[0.2241429,47.9607602],[0.224172,47.960741],[0.2241901,47.9607275],[0.2242063,47.9607125],[0.2242296,47.9606882],[0.2242748,47.9606397],[0.2243231,47.9605837],[0.2244428,47.960459],[0.2244825,47.9604157],[0.2245281,47.9603617],[0.2245632,47.9603234],[0.2246453,47.9602409],[0.2249038,47.9599662],[0.2249623,47.9599059],[0.225025,47.9598371],[0.22509,47.9597683],[0.2251449,47.9597073],[0.2252126,47.9596405],[0.2252627,47.9595867],[0.2254134,47.9594284],[0.2254804,47.95936],[0.2255441,47.959291],[0.2256059,47.9592215],[0.2256275,47.959199],[0.2256728,47.9591553],[0.2257214,47.9591016],[0.2257736,47.9590514],[0.22579,47.9590377],[0.2258387,47.9590066],[0.2258958,47.9589684],[0.2259474,47.9589367],[0.2259569,47.9589295],[0.2259742,47.9589142],[0.2259899,47.9588984],[0.2260394,47.9588449],[0.2261296,47.9587547],[0.2261922,47.9586863],[0.2262665,47.9586111],[0.2264274,47.9584448],[0.2265193,47.9583461],[0.2265435,47.9583252],[0.2265813,47.9582987],[0.2265979,47.9582837],[0.2266256,47.9582512],[0.226662,47.9582116],[0.2266732,47.9581949],[0.226687,47.9581699],[0.2266995,47.9581551],[0.2267298,47.9581271],[0.2267894,47.958068],[0.2267976,47.9580611],[0.2268256,47.9580416],[0.2268438,47.9580278],[0.2268684,47.9580046],[0.2268911,47.9579798],[0.2269527,47.9579053],[0.2270209,47.9578306],[0.227089,47.9577434],[0.2271228,47.957694],[0.2271644,47.9576486],[0.2272092,47.957595],[0.2272414,47.957554],[0.2272791,47.9575033],[0.2272971,47.957478],[0.2273471,47.9574036],[0.2274132,47.9573146],[0.2274608,47.9572468],[0.2275142,47.9571568],[0.2275892,47.957039],[0.2276178,47.9569873],[0.2276547,47.9569259],[0.2276622,47.9569068],[0.2276644,47.9568971],[0.2276677,47.9568499],[0.2276704,47.9568323],[0.2276756,47.9568153],[0.2276829,47.9567988],[0.2276996,47.9567663],[0.2277477,47.9566852],[0.2277658,47.9566619],[0.227801,47.9566235],[0.2278186,47.9565988],[0.2278283,47.9565813],[0.2278557,47.9565255],[0.2278639,47.9565065],[0.2278688,47.9564875],[0.2278736,47.9564329],[0.2278769,47.9564158],[0.2278828,47.9563992],[0.2278902,47.9563828],[0.2279153,47.9563335],[0.2279539,47.9562661],[0.227988,47.9561876],[0.2280051,47.9561539],[0.2280373,47.9560949],[0.2280657,47.9560247],[0.2280812,47.9559901],[0.2281062,47.9559387],[0.2281377,47.9558793],[0.2281638,47.9558187],[0.2281921,47.9557591],[0.2282133,47.9557168],[0.228245,47.955657],[0.2282793,47.9555787],[0.2283231,47.9554846],[0.2284196,47.955287],[0.2284494,47.955216],[0.2284802,47.9551578],[0.2285088,47.9551],[0.2285261,47.955058],[0.2285764,47.9549475],[0.2286467,47.9548095],[0.2286923,47.9547052],[0.22874,47.9546125],[0.2288236,47.9544412],[0.2288514,47.9543803],[0.2288713,47.9543279],[0.2288928,47.9542851],[0.2289127,47.9542423],[0.2289252,47.954218],[0.2289819,47.9541169],[0.2289898,47.9540991],[0.2290052,47.9540552],[0.2290204,47.9540224],[0.2290346,47.9539986],[0.2290465,47.9539828],[0.229067,47.9539585],[0.2290781,47.9539412],[0.2290933,47.953905],[0.2291138,47.9538608],[0.2291167,47.9538519],[0.229125,47.9538162],[0.2291346,47.9537906],[0.2291753,47.9537044],[0.2291974,47.9536513],[0.2292241,47.9536011],[0.2292655,47.9535159],[0.2292972,47.9534387],[0.2293367,47.9533652],[0.2294541,47.953116],[0.2294643,47.9531008],[0.2294912,47.9530713],[0.2295384,47.9530168],[0.2295451,47.9530083],[0.229556,47.95299],[0.2296061,47.9528829],[0.2296241,47.9528402],[0.2296546,47.9527724],[0.2296996,47.9526808],[0.22974,47.9526027],[0.2297819,47.9525037],[0.2298157,47.9524314],[0.2298928,47.952283],[0.2299277,47.9521967],[0.2299422,47.9521641],[0.2300003,47.9520465],[0.2300285,47.9519922],[0.2300397,47.9519644],[0.2300545,47.9519121],[0.2300643,47.9518876],[0.2301108,47.951806],[0.2301411,47.9517557],[0.230173,47.9516944],[0.2302257,47.9515749],[0.2302689,47.9514924],[0.2303214,47.9513879],[0.2303544,47.9513183],[0.2303753,47.9512669],[0.2304116,47.9511995],[0.2304499,47.9511213],[0.2304717,47.9510686],[0.2304994,47.9510176],[0.2305184,47.950976],[0.2305702,47.9508764],[0.2305918,47.9508327],[0.2306045,47.9508051],[0.2306114,47.9507862],[0.2306237,47.9507309],[0.230637,47.950688],[0.2306467,47.950645],[0.230653,47.9506283],[0.2306723,47.9505958],[0.23071,47.950522],[0.2307193,47.9505064],[0.23073,47.950491],[0.2307631,47.9504503],[0.2307746,47.9504319],[0.230784,47.9504128],[0.2308272,47.9503171],[0.2308718,47.9502351],[0.2308806,47.9502169],[0.2308874,47.9501981],[0.2308975,47.9501519],[0.2309043,47.9501351],[0.2309236,47.9500943],[0.2309542,47.9500349],[0.230965,47.9500182],[0.2309833,47.9499939],[0.2309942,47.9499776],[0.2310423,47.9498929],[0.2310556,47.9498669],[0.2310827,47.9498065],[0.2311039,47.9497659],[0.2311137,47.9497499],[0.2311365,47.9497169],[0.2311474,47.9496995],[0.2311563,47.9496815],[0.2311907,47.949604],[0.2312325,47.9495278],[0.2312598,47.9494667],[0.2312921,47.9494132],[0.2313005,47.9493943],[0.231316,47.9493318],[0.2313239,47.9493071],[0.2313305,47.949291],[0.2313653,47.949217],[0.2313922,47.9491653],[0.2314193,47.9491042],[0.2314592,47.9490291],[0.2314814,47.9489781],[0.2315098,47.948928],[0.2315184,47.9489111],[0.2315337,47.9488688],[0.2315412,47.9488526],[0.231552,47.9488371],[0.2315883,47.9487973],[0.2316001,47.9487796],[0.2316732,47.9486324],[0.2316856,47.9486049],[0.2316924,47.9485859],[0.2316969,47.9485667],[0.2317034,47.9485302],[0.2317122,47.9485055],[0.2317409,47.9484429],[0.2317826,47.9483603],[0.2318882,47.9481402],[0.2319107,47.9480975],[0.2319261,47.9480733],[0.2319589,47.9480346],[0.2319891,47.9479957],[0.2320161,47.9479655],[0.2320217,47.9479576],[0.2320307,47.9479408],[0.2320586,47.9478785],[0.2320946,47.9478084],[0.2321446,47.9476962],[0.2321679,47.9476532],[0.2321767,47.9476351],[0.2321835,47.9476163],[0.2321881,47.9475972],[0.2322029,47.9475082],[0.2322079,47.9474913],[0.2322186,47.9474667],[0.2322761,47.947358],[0.2323344,47.9472695],[0.232371,47.9472198],[0.2323819,47.9472027],[0.2324361,47.947101],[0.2324758,47.9470331],[0.2324882,47.9470063],[0.2325058,47.9469626],[0.2325329,47.9469093],[0.2325388,47.94689],[0.2325489,47.9468417],[0.232551,47.9468228],[0.2325517,47.9467866],[0.2325587,47.9467534],[0.2325638,47.9467372],[0.2326041,47.9466533],[0.2326146,47.9466264],[0.2326357,47.9465648],[0.2326641,47.9465007],[0.2326848,47.9464614],[0.2327174,47.9464097],[0.232728,47.9463912],[0.2327366,47.9463725],[0.232752,47.9463276],[0.2327626,47.9463021],[0.2328165,47.9461916],[0.2328525,47.9461225],[0.2328689,47.9460875],[0.23288,47.9460607],[0.2328892,47.9460335],[0.2329088,47.9459611],[0.2329164,47.9459244],[0.2329212,47.9459065],[0.2329482,47.9458401],[0.2329721,47.9457905],[0.2330249,47.9456921],[0.2330499,47.9456486],[0.2330678,47.9456137],[0.2330879,47.94557],[0.2331132,47.9455084],[0.2331249,47.9454827],[0.2331431,47.9454335],[0.2331762,47.9453689],[0.2331918,47.9453447],[0.2332196,47.9453125],[0.2332331,47.9452954],[0.2332626,47.9452504],[0.2332821,47.9452229],[0.2332932,47.9452042],[0.2333,47.9451855],[0.2333093,47.94515],[0.2333345,47.9450802],[0.2333422,47.9450523],[0.2333487,47.9450234],[0.233352,47.9449926],[0.2333511,47.9449709],[0.2333478,47.9449489],[0.2333421,47.944927],[0.233334,47.9449058],[0.2333244,47.9448856],[0.2332813,47.9448112],[0.2332623,47.9447847],[0.2332475,47.9447676],[0.2331983,47.9447179],[0.233172,47.9446947],[0.2331017,47.9446395],[0.2330802,47.9446191],[0.2330688,47.9446048],[0.2330285,47.9445465],[0.2330143,47.9445241],[0.2330023,47.9445015],[0.2329926,47.9444789],[0.2329827,47.9444486],[0.232978,47.9444253],[0.2329767,47.9444016],[0.2329784,47.9443618],[0.2329817,47.9443381],[0.2329907,47.9443072],[0.233001,47.9442844],[0.2330276,47.9442388],[0.2330425,47.944208],[0.2330518,47.9441935],[0.2330575,47.9441868],[0.2330707,47.9441742],[0.2330855,47.9441623],[0.2331016,47.9441509],[0.2331281,47.9441341],[0.2331881,47.9440994],[0.2332481,47.9440627],[0.2334307,47.94396],[0.2336534,47.9438313],[0.2337344,47.9437811],[0.2338152,47.9437262],[0.2338354,47.9437163],[0.2338823,47.9436978],[0.2339317,47.9436758],[0.2339689,47.9436577],[0.2340047,47.9436377],[0.2340272,47.9436233],[0.2340481,47.943608],[0.2340961,47.9435674],[0.2341136,47.94355],[0.2341211,47.9435407],[0.2341394,47.9435119],[0.2341586,47.943474],[0.2341842,47.9434118],[0.2341943,47.943395],[0.2342264,47.9433519],[0.2342417,47.9433237],[0.2342565,47.9432871],[0.2342651,47.9432616],[0.2342747,47.9432282],[0.2342816,47.9432116],[0.2342993,47.9431785],[0.2343222,47.9431461],[0.234333,47.9431293],[0.234371,47.9430596],[0.2343905,47.943015],[0.2344079,47.9429627],[0.2344145,47.942946],[0.2344888,47.9427937],[0.2345002,47.9427675],[0.2345171,47.9427235],[0.2345546,47.9426551],[0.2345707,47.9426207],[0.234592,47.9425708],[0.2346059,47.9425476],[0.2346464,47.9424918],[0.2346636,47.942466],[0.2346885,47.9424224],[0.2347017,47.9423959],[0.2347085,47.9423775],[0.2347188,47.9423398],[0.2347241,47.942312],[0.2347306,47.94226],[0.2347348,47.9422435],[0.234741,47.942227],[0.2347608,47.9421848],[0.2347703,47.9421679],[0.2348033,47.9421274],[0.2348139,47.9421101],[0.2348602,47.9420107],[0.2348676,47.9419925],[0.2348699,47.9419833],[0.2348771,47.9419377],[0.2348846,47.9419024],[0.2349023,47.9418325],[0.2349171,47.9417883],[0.2349263,47.9417439],[0.234932,47.9417269],[0.2349817,47.941626],[0.2351504,47.9412747],[0.2352017,47.9411631],[0.2352367,47.9410965],[0.2352844,47.9410127],[0.2352982,47.9409866],[0.2353104,47.94096],[0.2353495,47.9408642],[0.2354137,47.9407274],[0.2354711,47.9405978],[0.2354878,47.9405638],[0.2355234,47.9404965],[0.2356226,47.9402907],[0.2356544,47.9402303],[0.2356612,47.9402124],[0.2356665,47.9401943],[0.235671,47.9401763],[0.2356779,47.9401409],[0.2356836,47.9401239],[0.2357007,47.9400913],[0.2357157,47.9400583],[0.2357203,47.9400502],[0.2357324,47.9400345],[0.2357614,47.9400027],[0.2357678,47.9399941],[0.2357782,47.9399763],[0.235789,47.9399488],[0.2358077,47.9398866],[0.235823,47.9398526],[0.2358697,47.9397403],[0.2358852,47.9397063],[0.2358979,47.9396812],[0.2359255,47.9396311],[0.2359519,47.9395899],[0.235997,47.939514],[0.2360229,47.9394625],[0.2360506,47.9394033],[0.2360597,47.9393869],[0.2360772,47.9393633],[0.2361309,47.9393015],[0.2361519,47.9392794],[0.2361809,47.9392511],[0.2362303,47.9391979],[0.2362954,47.9391099],[0.2363065,47.939092],[0.2363345,47.9390381],[0.2363418,47.9390196],[0.236347,47.9390007],[0.2363614,47.9389264],[0.2363768,47.9388643],[0.2364004,47.9387896],[0.2364131,47.9387582],[0.2364683,47.9386352],[0.2365374,47.9384913],[0.2365682,47.9384306],[0.2365956,47.9383694],[0.2366079,47.9383331],[0.2366365,47.9382239],[0.2366532,47.9381714],[0.2366608,47.9381382],[0.2366673,47.9381224],[0.2366803,47.9380992],[0.236713,47.9380523],[0.2367722,47.9379589],[0.2367796,47.9379404],[0.2367864,47.9379126],[0.2367926,47.9378951],[0.236805,47.9378697],[0.2368301,47.9378273],[0.236838,47.9378096],[0.2368433,47.9377918],[0.2368514,47.9377569],[0.2368584,47.9377402],[0.2368828,47.9376998],[0.2369058,47.9376594],[0.2369116,47.9376515],[0.2369403,47.9376201],[0.2369461,47.9376116],[0.236961,47.9375852],[0.2369846,47.9375509],[0.236992,47.9375328],[0.2369991,47.9375056],[0.2370024,47.9374969],[0.2370219,47.9374556],[0.2370265,47.9374476],[0.2370436,47.9374238],[0.2370543,47.9374073],[0.2371127,47.9372946],[0.237134,47.9372492],[0.2371414,47.9372305],[0.2371461,47.9372116],[0.2371495,47.9371747],[0.2371528,47.9371572],[0.2371899,47.9370449],[0.2371996,47.9370207],[0.2372128,47.9369975],[0.237243,47.9369587],[0.2372532,47.9369417],[0.2372678,47.9369059],[0.2372954,47.9368553],[0.237311,47.936814],[0.2373187,47.9367983],[0.2373348,47.9367753],[0.2373617,47.9367435],[0.237382,47.9367177],[0.237395,47.9366995],[0.2374068,47.9366805],[0.237416,47.9366608],[0.2374194,47.9366509],[0.2374238,47.9366315],[0.2374285,47.9365961],[0.2374333,47.9365804],[0.237437,47.9365729],[0.2374469,47.9365586],[0.2374786,47.9365219],[0.2374909,47.9365054],[0.2375017,47.9364877],[0.2375159,47.93646],[0.2375312,47.9364227],[0.2375363,47.9364045],[0.2375437,47.9363697],[0.2375641,47.9363206],[0.2375731,47.9363042],[0.2375906,47.9362798],[0.2376009,47.9362626],[0.2376251,47.9362086],[0.2376306,47.9361903],[0.2376383,47.9361536],[0.2376525,47.9361091],[0.2376642,47.9360654],[0.2376769,47.9360328],[0.2376933,47.9360013],[0.2377138,47.9359704],[0.2377264,47.9359552],[0.2377637,47.9359158],[0.2377766,47.9358981],[0.2378213,47.935818],[0.2378622,47.9357337],[0.2378773,47.9356982],[0.2378863,47.9356703],[0.237896,47.9356248],[0.2379021,47.9356082],[0.2379321,47.9355523],[0.2379586,47.9355101],[0.2379688,47.9354922],[0.237976,47.9354739],[0.2379861,47.9354382],[0.2379924,47.9354215],[0.2380269,47.9353571],[0.2380372,47.9353411],[0.2380604,47.9353095],[0.2380706,47.9352931],[0.2381447,47.9351535],[0.2381563,47.9351263],[0.2381656,47.9350911],[0.2381717,47.9350745],[0.2381813,47.9350585],[0.2381983,47.9350343],[0.2382129,47.9350085],[0.2382558,47.9349127],[0.2382857,47.9348535],[0.2383698,47.9346816],[0.2383814,47.934655],[0.238398,47.9346025],[0.238417,47.9345608],[0.2384384,47.9345188],[0.238458,47.9344762],[0.2384799,47.9344429],[0.2384944,47.9344166],[0.2385373,47.9343187],[0.2385702,47.9342529],[0.2385982,47.9341997],[0.2386482,47.9340812],[0.2386971,47.9339804],[0.2387726,47.9338314],[0.2388477,47.9336736],[0.2389003,47.933571],[0.2389331,47.9335023],[0.2389782,47.9334167],[0.2390193,47.9333152],[0.2390499,47.9332506],[0.2390779,47.9331869],[0.2391121,47.9331188],[0.2391881,47.9329501],[0.2392336,47.9328618],[0.2392648,47.9327915],[0.2393033,47.9327144],[0.2393259,47.9326619],[0.2393479,47.9326006],[0.2393738,47.9325387],[0.2393987,47.9324674],[0.2394051,47.9324515],[0.2394135,47.9324366],[0.2394187,47.9324295],[0.2394525,47.9323942],[0.2394782,47.9323619],[0.2394899,47.9323449],[0.2395223,47.932293],[0.2395271,47.9322841],[0.2395759,47.9321602],[0.2396572,47.9319995],[0.2396972,47.9319123],[0.2397319,47.9318247],[0.2397699,47.9317399],[0.2397823,47.9317158],[0.2398128,47.9316678],[0.2398271,47.9316417],[0.2398639,47.9315628],[0.2398939,47.9315027],[0.2399306,47.9314253],[0.2399701,47.9313472],[0.2400195,47.9312383],[0.2401597,47.9309558],[0.2402058,47.930852],[0.2402439,47.9307752],[0.2402554,47.9307486],[0.2402738,47.9306966],[0.2402807,47.9306799],[0.240335,47.9305729],[0.2403684,47.9305036],[0.240397,47.9304398],[0.240404,47.9304218],[0.2404137,47.9303861],[0.2404366,47.9303267],[0.2404457,47.9303105],[0.2404685,47.9302789],[0.2404792,47.9302625],[0.240501,47.9302197],[0.240534,47.9301599],[0.2405602,47.9301071],[0.2405815,47.9300534],[0.2406082,47.9299944],[0.2406168,47.9299788],[0.2406371,47.9299471],[0.2406508,47.9299215],[0.2406665,47.9298859],[0.2406768,47.9298588],[0.2406815,47.9298406],[0.2406877,47.9298046],[0.2406938,47.9297875],[0.2407032,47.9297711],[0.2407255,47.9297385],[0.2407349,47.9297213],[0.2407468,47.9296947],[0.2407628,47.9296513],[0.240771,47.9296346],[0.2407812,47.9296178],[0.2408059,47.9295827],[0.240816,47.929564],[0.2408307,47.9295285],[0.2408429,47.9294878],[0.240849,47.9294715],[0.2408723,47.9294295],[0.2408783,47.9294116],[0.2408846,47.9293848],[0.2408986,47.9293514],[0.240908,47.9293352],[0.2409253,47.929311],[0.2409357,47.9292941],[0.2409444,47.9292768],[0.2409625,47.9292339],[0.2409712,47.9292176],[0.2410005,47.9291762],[0.2410114,47.9291579],[0.2410197,47.929139],[0.2410332,47.9290949],[0.2410411,47.9290796],[0.2410558,47.9290573],[0.2410647,47.9290413],[0.2410876,47.92899],[0.2410977,47.9289735],[0.2411326,47.9289238],[0.2411495,47.9288977],[0.2411632,47.9288711],[0.241205,47.9287765],[0.2412132,47.9287599],[0.241223,47.9287436],[0.2412518,47.9287023],[0.2412609,47.9286844],[0.2412789,47.928638],[0.2412879,47.9286098],[0.2412915,47.9285909],[0.2412957,47.9285557],[0.2413005,47.9285405],[0.2413082,47.9285272],[0.2413167,47.9285152],[0.2413397,47.9284867],[0.2413631,47.9284637],[0.2413842,47.9284468],[0.2414173,47.9284248],[0.241465,47.9283965],[0.2415473,47.9283525],[0.2415841,47.9283311],[0.2416032,47.9283217],[0.2416346,47.9283107],[0.2416802,47.928299],[0.2417284,47.9282893],[0.2418065,47.9282767],[0.2418482,47.9282692],[0.2419047,47.9282567],[0.2419459,47.9282455],[0.241998,47.9282284],[0.242048,47.9282087],[0.2420844,47.9281916],[0.2421192,47.9281723],[0.242152,47.9281514],[0.2421726,47.9281366],[0.2421921,47.9281212],[0.2422194,47.9280973],[0.2422521,47.9280641],[0.2422741,47.9280379],[0.2422933,47.9280102],[0.2423088,47.9279814],[0.2423249,47.9279426],[0.2423314,47.9279232],[0.2423393,47.9278942],[0.2423451,47.9278652],[0.2423475,47.9278457],[0.2423483,47.9278258],[0.2423472,47.9278057],[0.2423388,47.9277454],[0.2423338,47.9277258],[0.2423237,47.9276974],[0.2422256,47.9274719],[0.2421707,47.927333],[0.2421588,47.927299],[0.2421553,47.9272818],[0.2421521,47.9272557],[0.2421409,47.9272125],[0.2421235,47.9271359],[0.2421162,47.9270842],[0.2421122,47.92704],[0.2421091,47.9269513],[0.2421006,47.9269047],[0.2421014,47.926889],[0.2421083,47.9268558],[0.2421287,47.926776],[0.242143,47.9267336],[0.242167,47.9266776],[0.2421999,47.9266148],[0.2422136,47.9265907],[0.2422244,47.9265746],[0.2422808,47.9265029],[0.2423111,47.926471],[0.2423257,47.9264539],[0.2423318,47.926445],[0.2423417,47.9264266],[0.242358,47.9263823],[0.2423844,47.9263227],[0.2424081,47.9262647],[0.2424122,47.9262452],[0.242414,47.9262174],[0.2424164,47.9262004],[0.2424236,47.9261768],[0.2424352,47.9261539],[0.2424647,47.9261056],[0.2424856,47.9260584],[0.2424937,47.9260433],[0.2425043,47.9260278],[0.2425309,47.925994],[0.2425426,47.9259752],[0.2425501,47.9259556],[0.2425591,47.925918],[0.2425742,47.9258842],[0.2425909,47.9258417],[0.2426432,47.925754],[0.2426672,47.9256989],[0.2426736,47.9256806],[0.2426816,47.9256369],[0.2426877,47.9256213],[0.2427461,47.9255174],[0.2427831,47.9254401],[0.242806,47.9253984],[0.242823,47.9253556],[0.2428442,47.9253236],[0.2428633,47.9252911],[0.2428696,47.9252833],[0.2429065,47.925244],[0.2429252,47.9252182],[0.2429347,47.9252008],[0.2429608,47.9251439],[0.2429703,47.925128],[0.2429935,47.9250934],[0.2430032,47.9250742],[0.2430101,47.9250545],[0.2430237,47.9250066],[0.2430386,47.9249604],[0.2430598,47.9248866],[0.243063,47.9248678],[0.2430659,47.92483],[0.2430734,47.9247934],[0.2430769,47.9247571],[0.2430811,47.924739],[0.2430929,47.924703],[0.243096,47.9246853],[0.2430973,47.9246597],[0.2430956,47.9246264],[0.2430979,47.9246102],[0.2431095,47.9245792],[0.2431166,47.9245556],[0.2431203,47.9245477],[0.2431252,47.9245398],[0.2431502,47.9245064],[0.24316,47.9244876],[0.2431635,47.9244778],[0.2431684,47.9244576],[0.2431803,47.9243885],[0.2431828,47.9243602],[0.2431837,47.9243149],[0.2431914,47.924253],[0.2431957,47.9241913],[0.2432073,47.9241212],[0.2432103,47.9240941],[0.2432119,47.9240218],[0.2432133,47.9240039],[0.2432164,47.9239857],[0.2432252,47.9239479],[0.2432278,47.9239282],[0.243228,47.9239086],[0.2432259,47.9238624],[0.2432307,47.9237914],[0.243239,47.9237284],[0.2432436,47.9236568],[0.2432546,47.9235957],[0.2432544,47.9235681],[0.2432488,47.9235319],[0.243247,47.9235142],[0.2432459,47.9234698],[0.2432422,47.9234169],[0.2432431,47.9234082],[0.2432516,47.9233638],[0.2432545,47.9233182],[0.2432624,47.9232743],[0.2432636,47.9232396],[0.2432673,47.9232135],[0.2432831,47.9231364],[0.243288,47.9231193],[0.2433007,47.9230835],[0.2433053,47.9230547],[0.2433177,47.9229066],[0.2433169,47.9228421],[0.2433203,47.9227901],[0.2433193,47.9227723],[0.2433146,47.9227361],[0.2433132,47.9227181],[0.2433177,47.9226738],[0.2433187,47.9226385],[0.2433199,47.9226297],[0.2433263,47.9226031],[0.2433291,47.922585],[0.2433302,47.9225397],[0.2433391,47.9224679],[0.243342,47.9224059],[0.243354,47.9223433],[0.2433556,47.9223248],[0.2433575,47.9222704],[0.2433601,47.9222441],[0.2433671,47.9222007],[0.2433777,47.9221557],[0.2433808,47.922137],[0.2433823,47.9221089],[0.2433802,47.922046],[0.2433876,47.9219644],[0.2433892,47.9219033],[0.2434122,47.9218145],[0.2434136,47.9217958],[0.2434115,47.9217687],[0.2434127,47.9217514],[0.2434289,47.9216985],[0.2434312,47.9216796],[0.2434314,47.9216512],[0.243434,47.9215953],[0.2434332,47.9215497],[0.2434255,47.921452],[0.2434116,47.9213447],[0.2434105,47.9213208],[0.2434115,47.9213049],[0.2434171,47.9212803],[0.2434317,47.921245],[0.2434375,47.9212264],[0.2434503,47.9211714],[0.2434733,47.921082],[0.2434828,47.921036],[0.2434852,47.9210174],[0.2434862,47.9209705],[0.2434927,47.9209125],[0.2435041,47.9207842],[0.2435166,47.9206877],[0.2435267,47.9206333],[0.2435263,47.9206142],[0.2435238,47.9205862],[0.2435239,47.9205593],[0.2435428,47.9203525],[0.2435481,47.9202626],[0.2435484,47.9202035],[0.2435561,47.920144],[0.2435665,47.9200779],[0.2435686,47.9200495],[0.243569,47.9200039],[0.2435777,47.919941],[0.2435878,47.919834],[0.2435993,47.9197356],[0.2436083,47.9196451],[0.2436128,47.9195811],[0.2436111,47.9195083],[0.2436201,47.919395],[0.2436241,47.9193686],[0.2436333,47.9193328],[0.2436382,47.9193051],[0.243644,47.9192143],[0.2436515,47.9191519],[0.2436566,47.919098],[0.2436596,47.9190436],[0.2436637,47.9189981],[0.2436645,47.9189447],[0.2436738,47.9188824],[0.2436757,47.918837],[0.2436817,47.9187826],[0.2436823,47.9187197],[0.2436892,47.9186593],[0.2436981,47.9186145],[0.2437022,47.9185863],[0.243703,47.9185579],[0.2437007,47.918504],[0.2437035,47.9184602],[0.2437099,47.918407],[0.2437207,47.9183624],[0.2437254,47.9183351],[0.2437297,47.9182639],[0.2437357,47.9182108],[0.2437389,47.9181931],[0.2437486,47.9181567],[0.2437524,47.9181378],[0.243753,47.9181186],[0.2437494,47.9180815],[0.2437485,47.9180553],[0.243761,47.9178735],[0.2437608,47.9178082],[0.2437616,47.9177836],[0.2437648,47.9177515],[0.243777,47.9176621],[0.243779,47.9176347],[0.2437803,47.9175814],[0.2437882,47.9175284],[0.2437958,47.9174545],[0.2437971,47.9174266],[0.2437956,47.9173826],[0.2437979,47.9173653],[0.2438052,47.9173294],[0.2438068,47.9173106],[0.2438033,47.9172481],[0.2438057,47.9171974],[0.2438121,47.9171202],[0.243815,47.9171027],[0.2438255,47.9170559],[0.2438283,47.9170364],[0.2438295,47.9170074],[0.243828,47.9169525],[0.2438308,47.9168996],[0.2438367,47.9168378],[0.2438462,47.9167559],[0.2438492,47.9166839],[0.243856,47.916622],[0.2438583,47.9165768],[0.2438653,47.9164962],[0.2438739,47.9164326],[0.2438765,47.9163604],[0.2438851,47.9162981],[0.2438866,47.9162444],[0.2438988,47.9161008],[0.2439003,47.916037],[0.2439035,47.9159922],[0.2439054,47.9159384],[0.2439086,47.9159026],[0.2439163,47.9158396],[0.2439167,47.9157572],[0.2439134,47.9157056],[0.243916,47.9156885],[0.2439237,47.9156621],[0.2439271,47.9156437],[0.2439278,47.9155971],[0.2439297,47.9155611],[0.2439292,47.9155348],[0.2439307,47.9155176],[0.2439453,47.9154652],[0.2439494,47.9154375],[0.2439531,47.9153639],[0.2439584,47.9152908],[0.24396,47.9152381],[0.2439677,47.9151687],[0.2439783,47.9149936],[0.243981,47.9149675],[0.2439931,47.9148864],[0.2439971,47.9148473],[0.243998,47.9148177],[0.2439963,47.9147982],[0.243992,47.914779],[0.2439824,47.9147508],[0.24397,47.9147234],[0.2439511,47.9146872],[0.2439357,47.9146603],[0.2439128,47.9146257],[0.2438874,47.9145733],[0.243864,47.9145313],[0.2438603,47.9145229],[0.2438556,47.9145057],[0.2438505,47.9144794],[0.2438428,47.9144531],[0.2438187,47.914392],[0.2437266,47.9141471],[0.2436697,47.9140079],[0.2436424,47.9139383],[0.2435981,47.9138342],[0.243502,47.9136],[0.2434859,47.9135634],[0.2434711,47.9135349],[0.2434588,47.9135156],[0.2434438,47.9134965],[0.2434259,47.9134781],[0.2434052,47.9134608],[0.2433823,47.9134447],[0.2433577,47.9134297],[0.2433307,47.9134161],[0.243301,47.9134044],[0.2432687,47.9133952],[0.2432344,47.9133887],[0.2432167,47.9133866],[0.2431989,47.9133854],[0.2431633,47.9133853],[0.2431457,47.9133864],[0.2431115,47.9133905],[0.2430951,47.9133935],[0.2430637,47.9134006],[0.2430345,47.9134088],[0.2430077,47.9134173],[0.2429717,47.9134301],[0.2429285,47.9134486],[0.2428603,47.9134748],[0.2428486,47.9134788],[0.2428243,47.9134855],[0.2427755,47.9134958],[0.2426779,47.9135145],[0.242433,47.9135569],[0.2423298,47.9135766],[0.2421524,47.9136093],[0.2421151,47.9136141],[0.2420491,47.9136155],[0.2419115,47.9136207],[0.2418974,47.9136218],[0.2418562,47.9136279],[0.2417629,47.9136444],[0.2416608,47.913664],[0.2415727,47.9136783],[0.2415466,47.9136811],[0.2414679,47.9136865],[0.2414148,47.9136881],[0.2413881,47.9136901],[0.2413615,47.9136939],[0.2412528,47.913713],[0.241159,47.9137299],[0.241069,47.9137488],[0.2408644,47.9137883],[0.2407481,47.913808],[0.2406676,47.9138237],[0.2406407,47.9138298],[0.2406147,47.9138371],[0.2405901,47.9138461],[0.2405552,47.9138602],[0.2405434,47.9138641],[0.2405193,47.9138701],[0.2404949,47.9138749],[0.2404065,47.9138901],[0.2401494,47.913937],[0.2400595,47.9139545],[0.2399328,47.9139776],[0.2397493,47.9140092],[0.2394904,47.914058],[0.2394113,47.9140711],[0.2393178,47.9140888],[0.2392556,47.914102],[0.2391948,47.9141131],[0.2391183,47.9141256],[0.2390268,47.9141432],[0.2387957,47.9141849],[0.2387348,47.9141966],[0.2386304,47.9142141],[0.2384067,47.9142559],[0.2383056,47.9142731],[0.2381877,47.9142962],[0.2380674,47.9143174],[0.2380056,47.9143303],[0.2379811,47.9143344],[0.2379429,47.914339],[0.2379171,47.914343],[0.2378177,47.9143643],[0.237662,47.9143902],[0.2373499,47.9144481],[0.2372465,47.9144662],[0.2369506,47.9145214],[0.2368325,47.9145421],[0.2367557,47.9145565],[0.2366777,47.9145687],[0.2364588,47.9146125],[0.2362785,47.9146442],[0.2357099,47.9147474],[0.2356205,47.9147633],[0.2355949,47.914767],[0.2355174,47.9147765],[0.2354355,47.9147823],[0.2354073,47.9147864],[0.2353664,47.9147958],[0.2353409,47.9148038],[0.2353052,47.9148168],[0.2352812,47.9148237],[0.2352688,47.9148261],[0.2352175,47.9148336],[0.2351013,47.9148554],[0.2350493,47.9148667],[0.2349999,47.9148799],[0.2349756,47.9148856],[0.2349508,47.9148899],[0.2348729,47.9148995],[0.234819,47.9149074],[0.2347924,47.9149128],[0.234666,47.9149424],[0.2346409,47.9149472],[0.2345891,47.9149545],[0.2344591,47.914975],[0.234406,47.9149821],[0.2343794,47.9149864],[0.234289,47.9150059],[0.2342114,47.9150196],[0.2341461,47.9150327],[0.2340938,47.9150441],[0.2340058,47.9150653],[0.23393,47.9150793],[0.2338517,47.9150952],[0.2336988,47.915131],[0.2335227,47.915176],[0.2334486,47.9151963],[0.2333368,47.9152286],[0.2332148,47.9152673],[0.2331897,47.9152727],[0.2331512,47.9152787],[0.2331,47.9152883],[0.2330329,47.9152994],[0.2330072,47.9153064],[0.2329065,47.9153375],[0.2328816,47.9153462],[0.2328449,47.9153601],[0.2327606,47.9153953],[0.2327268,47.9154125],[0.2326879,47.9154372],[0.2326682,47.9154475],[0.2326471,47.9154561],[0.2325194,47.9155016],[0.2324837,47.9155152],[0.2324498,47.9155307],[0.2323976,47.9155584],[0.2323757,47.9155675],[0.2323036,47.9155888],[0.2322439,47.9156087],[0.2322199,47.9156159],[0.2321952,47.915622],[0.2321441,47.9156329],[0.2321185,47.9156395],[0.2320813,47.9156519],[0.2319632,47.9156948],[0.2317791,47.9157506],[0.2317549,47.9157598],[0.2316762,47.9157948],[0.231654,47.9158039],[0.2316304,47.9158113],[0.2315809,47.915824],[0.2315562,47.9158315],[0.2315321,47.9158401],[0.2314868,47.9158596],[0.231464,47.915868],[0.2313807,47.9158937],[0.2313163,47.9159112],[0.231291,47.9159199],[0.2312678,47.9159305],[0.2312362,47.9159482],[0.2312153,47.9159589],[0.2311822,47.9159721],[0.2311085,47.9159914],[0.2310482,47.9160112],[0.2309141,47.9160529],[0.2308442,47.9160796],[0.2307711,47.9161013],[0.2306875,47.916131],[0.2306149,47.9161546],[0.2305215,47.9161897],[0.2303903,47.9162337],[0.2301277,47.9163235],[0.2300331,47.9163573],[0.229974,47.9163755],[0.22995,47.9163821],[0.2298611,47.9164029],[0.229813,47.916419],[0.229777,47.9164294],[0.2297521,47.9164348],[0.2296991,47.9164439],[0.2296726,47.9164503],[0.2296472,47.9164584],[0.2295757,47.9164846],[0.2295025,47.9165055],[0.2294169,47.9165334],[0.2293926,47.9165421],[0.2293212,47.9165704],[0.2292759,47.9165898],[0.229242,47.9166029],[0.2289933,47.916689],[0.2288392,47.916743],[0.2287691,47.9167685],[0.2287334,47.9167802],[0.2286709,47.9167988],[0.2286464,47.9168076],[0.2286227,47.9168174],[0.2285313,47.9168584],[0.2284793,47.9168869],[0.2284232,47.91691],[0.2283792,47.9169294],[0.2282495,47.9169737],[0.2281797,47.9169994],[0.2281556,47.9170066],[0.2280928,47.9170236],[0.2280678,47.9170316],[0.2280439,47.9170412],[0.2279979,47.9170614],[0.227976,47.9170719],[0.2279444,47.9170886],[0.2279216,47.9170975],[0.2278734,47.9171123],[0.2277905,47.9171402],[0.2277442,47.9171571],[0.2277206,47.9171649],[0.2276959,47.9171714],[0.2276181,47.9171888],[0.22758,47.9171997],[0.2275561,47.9172085],[0.2274993,47.9172329],[0.2273435,47.9172861],[0.2272743,47.9173121],[0.2272122,47.9173299],[0.2271413,47.9173549],[0.2271049,47.9173645],[0.2270658,47.9173718],[0.2270397,47.9173776],[0.2270022,47.9173893],[0.2269634,47.9174004],[0.2269508,47.9174048],[0.2268468,47.9174514],[0.2267376,47.9175027],[0.2266821,47.9175267],[0.2266227,47.9175497],[0.2265759,47.9175699],[0.2265085,47.9176021],[0.2264017,47.9176558],[0.2263366,47.9176871],[0.2262292,47.9177431],[0.2261222,47.9177973],[0.2260895,47.9178147],[0.226059,47.9178339],[0.2259657,47.9178984],[0.2259563,47.9179043],[0.2259361,47.9179151],[0.2258613,47.9179512],[0.2257878,47.9179886],[0.2257669,47.9179983],[0.2257445,47.9180063],[0.2256964,47.9180207],[0.2256342,47.9180413],[0.2255977,47.9180561],[0.2255632,47.9180724],[0.2254557,47.9181268],[0.2253789,47.9181637],[0.2253571,47.9181752],[0.2253367,47.9181876],[0.2253004,47.9182137],[0.2252813,47.9182248],[0.2252604,47.9182344],[0.2252139,47.9182511],[0.225179,47.9182659],[0.2251038,47.9183055],[0.2250425,47.9183426],[0.2250217,47.9183541],[0.2249793,47.9183757],[0.2249143,47.9184063],[0.2248658,47.918435],[0.2248557,47.9184403],[0.2248449,47.9184451],[0.2247859,47.9184674],[0.2247515,47.9184839],[0.2247302,47.9184964],[0.2247205,47.9185033],[0.2246844,47.9185316],[0.2246748,47.9185377],[0.2246547,47.9185487],[0.224614,47.9185682],[0.2245829,47.9185816],[0.2245604,47.9185893],[0.224511,47.9186034],[0.2244854,47.9186115],[0.2244603,47.9186212],[0.2244362,47.9186321],[0.2243594,47.9186718],[0.2242729,47.9187132],[0.2242519,47.9187254],[0.2242127,47.9187505],[0.2241836,47.9187681],[0.2241631,47.9187789],[0.2241182,47.9187984],[0.2240959,47.9188091],[0.2240444,47.918839],[0.2239931,47.9188656],[0.2239552,47.9188887],[0.2239353,47.9188997],[0.2238686,47.9189285],[0.2237899,47.9189651],[0.2237317,47.9189898],[0.223709,47.9190009],[0.2236882,47.9190136],[0.2236507,47.9190405],[0.2236309,47.9190521],[0.2236094,47.9190619],[0.2235754,47.9190747],[0.2235316,47.9190932],[0.2234747,47.9191142],[0.2234211,47.9191394],[0.2233764,47.919159],[0.2232603,47.9192127],[0.223227,47.9192298],[0.2231747,47.9192583],[0.2231098,47.9192889],[0.223014,47.9193366],[0.222994,47.9193492],[0.2229116,47.919412],[0.2228931,47.9194246],[0.2228013,47.9194737],[0.2227492,47.9195003],[0.2226749,47.9195355],[0.2226529,47.9195451],[0.2226294,47.9195536],[0.2225455,47.9195811],[0.2225103,47.9195941],[0.2224178,47.9196374],[0.2223954,47.9196495],[0.2223745,47.9196626],[0.2223169,47.9197038],[0.2222674,47.9197341],[0.2222126,47.9197711],[0.222184,47.9197888],[0.2221332,47.9198174],[0.2220696,47.9198509],[0.2219554,47.9199135],[0.2218755,47.9199595],[0.2218541,47.9199699],[0.221809,47.9199903],[0.2217764,47.9200076],[0.221746,47.9200264],[0.221699,47.9200592],[0.2216698,47.9200774],[0.2216173,47.9201044],[0.2213153,47.920268],[0.2212536,47.9203022],[0.2211998,47.9203289],[0.2211787,47.9203402],[0.2211187,47.9203771],[0.2210665,47.9204056],[0.2210268,47.9204294],[0.2209755,47.920458],[0.2209151,47.9204941],[0.2208734,47.9205177],[0.220811,47.9205548],[0.2207705,47.9205805],[0.2207194,47.9206113],[0.2206912,47.9206311],[0.2206551,47.9206585],[0.2205838,47.9207141],[0.2205407,47.9207496],[0.2205126,47.9207702],[0.2204775,47.9207995],[0.2204396,47.9208288],[0.2204151,47.9208535],[0.220401,47.9208709],[0.2203883,47.9208886],[0.2203599,47.9209329],[0.2203389,47.9209681],[0.2203242,47.9209947],[0.2203063,47.9210304],[0.2202246,47.9212131],[0.2201438,47.9213833],[0.2201048,47.9214791],[0.2200559,47.9215801],[0.2199962,47.921718],[0.2199302,47.9218546],[0.2198719,47.9219646],[0.2198252,47.922058],[0.2198075,47.9220896],[0.2197828,47.9221273],[0.219755,47.9221627],[0.2197248,47.9221968],[0.219705,47.9222162],[0.2196908,47.9222283],[0.2196668,47.9222443],[0.2196402,47.9222581],[0.2196116,47.9222699],[0.2195706,47.922283],[0.2195269,47.9222943],[0.2194919,47.9223007],[0.2194548,47.9223048],[0.2194023,47.922307],[0.2193234,47.9223061],[0.2192881,47.9223073],[0.2192658,47.922307],[0.2192443,47.9223049],[0.2192041,47.9222965],[0.2191641,47.9222912],[0.2191538,47.9222891],[0.2191228,47.922281],[0.2190783,47.9222713],[0.2190341,47.9222594],[0.218975,47.9222457],[0.2188371,47.9222094],[0.2187645,47.9221894],[0.2185834,47.9221436],[0.2184327,47.9221003],[0.2183255,47.9220751],[0.2182626,47.9220584],[0.2181499,47.92203],[0.2180145,47.9219927],[0.2179034,47.9219639],[0.2178794,47.9219564],[0.217808,47.9219313],[0.2177116,47.9218952],[0.2176729,47.9218834],[0.2175371,47.9218571],[0.2174459,47.9218438],[0.2173994,47.9218329],[0.2173394,47.921821],[0.2172902,47.921809],[0.2171442,47.9217694],[0.2170573,47.921748],[0.2170326,47.9217411],[0.2170094,47.9217326],[0.216976,47.9217181],[0.2169288,47.9217006],[0.2168938,47.9216857],[0.2168319,47.9216653],[0.2168063,47.9216576],[0.2167529,47.9216446],[0.2167256,47.9216389],[0.2166979,47.9216349],[0.2166435,47.9216302],[0.216618,47.9216267],[0.2164558,47.9215902],[0.2163578,47.9215637],[0.2163092,47.9215494],[0.2162735,47.9215375],[0.2162259,47.9215198],[0.2161878,47.9215082],[0.2160715,47.9214773],[0.2159498,47.9214501],[0.2159152,47.9214417],[0.215879,47.9214313],[0.215812,47.9214088],[0.2157808,47.9214011],[0.2157643,47.9213983],[0.2157304,47.9213953],[0.2156964,47.9213946],[0.2156625,47.9213952],[0.2156286,47.9213973],[0.2156116,47.9213991],[0.2155776,47.9214044],[0.2155606,47.9214079],[0.2155273,47.9214173],[0.215511,47.9214231],[0.2154797,47.9214369],[0.2154505,47.9214533],[0.2154373,47.9214625],[0.2154254,47.9214723],[0.2154151,47.9214827],[0.2154066,47.9214934],[0.2153932,47.9215149],[0.2153827,47.9215358],[0.2153704,47.921566],[0.215327,47.9217113],[0.2152862,47.9218341],[0.2152708,47.9218773],[0.2152269,47.9219922],[0.21522,47.92202],[0.215207,47.922101],[0.2151933,47.9221529],[0.2151829,47.9221873],[0.2151574,47.9222569],[0.2151455,47.9223108],[0.2151282,47.9223734],[0.2151049,47.9224427],[0.2150752,47.922521],[0.2150614,47.9225655],[0.2150131,47.9227051],[0.214993,47.9227663],[0.2149605,47.9228534],[0.2149366,47.922924],[0.2149158,47.9229765],[0.2148946,47.9230468],[0.2148433,47.9231862],[0.2148049,47.9233003],[0.2147503,47.9234491],[0.2146945,47.9236155],[0.2146702,47.9236852],[0.2146471,47.9237465],[0.2145526,47.9240184],[0.2144853,47.9242029],[0.2144572,47.9242869],[0.214433,47.9243488],[0.214389,47.9244804],[0.2143385,47.924612],[0.2142651,47.9248329],[0.2142269,47.924935],[0.2142009,47.9250141],[0.214138,47.925189],[0.2141299,47.9252061],[0.214125,47.9252143],[0.2141009,47.9252453],[0.2140904,47.9252607],[0.2140818,47.9252768],[0.21407,47.9253029],[0.2140329,47.9253961],[0.2140062,47.9254723],[0.213949,47.9256292],[0.2139431,47.9256484],[0.2139391,47.9256675],[0.2139317,47.9257224],[0.2139217,47.9257759],[0.2139165,47.9258128],[0.2139091,47.9258403],[0.2138917,47.9258934],[0.2138654,47.925967],[0.2138443,47.9260142],[0.2138277,47.9260452],[0.2137905,47.9261004],[0.2137807,47.9261169],[0.2137433,47.9261982],[0.213736,47.926218],[0.2137309,47.9262379],[0.2137285,47.9262574],[0.2137266,47.9262939],[0.2137253,47.9263025],[0.2137204,47.9263193],[0.2137096,47.926344],[0.2136814,47.9264021],[0.2136439,47.9264856],[0.2136231,47.9265253],[0.2136121,47.9265399],[0.2136055,47.926547],[0.2135652,47.9265834],[0.2135506,47.9266003],[0.2135383,47.926618],[0.2134662,47.926735],[0.2134051,47.9268285],[0.2133626,47.9268917],[0.2133179,47.9269537],[0.213294,47.9269838],[0.213253,47.9270297],[0.2132251,47.9270649],[0.2132136,47.9270828],[0.2131917,47.9271243],[0.2131762,47.9271465],[0.2131394,47.9271922],[0.2131012,47.9272419],[0.2130426,47.9273226],[0.2129901,47.9273895],[0.2128537,47.9275704],[0.2127937,47.9276456],[0.2126501,47.9278333],[0.2126132,47.9278801],[0.2125763,47.9279297],[0.2125642,47.9279476],[0.2125548,47.9279665],[0.2125514,47.927976],[0.2125444,47.928004],[0.2125381,47.928021],[0.2125289,47.9280367],[0.2125181,47.9280518],[0.2124506,47.9281402],[0.212403,47.9281983],[0.2123379,47.928288],[0.2122144,47.9284471],[0.2121852,47.9284881],[0.2121421,47.9285435],[0.2119635,47.9287866],[0.2119226,47.9288404],[0.2118889,47.9288877],[0.2118755,47.9289028],[0.2118429,47.9289312],[0.2117955,47.9289771],[0.2117792,47.9289938],[0.2117644,47.9290119],[0.2117515,47.9290303],[0.2117151,47.9290873],[0.2116734,47.9291412],[0.2115696,47.929286],[0.2115347,47.9293374],[0.2115241,47.9293564],[0.21152,47.9293662],[0.2115169,47.929376],[0.2115096,47.929413],[0.2115069,47.9294211],[0.2114995,47.9294361],[0.2114901,47.9294498],[0.2114476,47.9294994],[0.2113776,47.9295683],[0.2113565,47.9295929],[0.2113257,47.929635],[0.2112749,47.929709],[0.2111468,47.9298902],[0.2111029,47.9299455],[0.2110205,47.9300548],[0.2109743,47.9301115],[0.2109396,47.9301578],[0.210902,47.9302022],[0.2108453,47.9302722],[0.2107923,47.9303327],[0.2107688,47.9303621],[0.2106915,47.9304435],[0.210621,47.9305243],[0.2105998,47.9305463],[0.2105163,47.9306253],[0.2104733,47.93067],[0.2104208,47.9307221],[0.2103413,47.9307963],[0.2103205,47.9308207],[0.2102991,47.9308544],[0.2102931,47.9308622],[0.2102651,47.9308913],[0.2102381,47.9309219],[0.2101941,47.9309671],[0.2101786,47.9309821],[0.2101101,47.9310412],[0.2100681,47.9310843],[0.2100211,47.9311249],[0.2099829,47.9311618],[0.2099357,47.9312058],[0.2098217,47.9313065],[0.2097698,47.9313589],[0.2096519,47.9314702],[0.2095993,47.9315239],[0.2095652,47.9315634],[0.2095145,47.9316176],[0.2094434,47.9317048],[0.2093938,47.9317585],[0.2093733,47.9317825],[0.2093218,47.9318476],[0.2092747,47.9319134],[0.2092377,47.9319607],[0.2091712,47.9320529],[0.2091585,47.9320669],[0.2091508,47.9320736],[0.2091135,47.9321014],[0.2091041,47.9321094],[0.2090954,47.9321179],[0.2090799,47.9321358],[0.209067,47.932154],[0.2090392,47.9321976],[0.2090038,47.9322501],[0.2089946,47.9322692],[0.2089916,47.932279],[0.2089716,47.9323735],[0.2089623,47.9324279],[0.2089598,47.9324369],[0.2089464,47.9324731],[0.2089437,47.932492],[0.2089419,47.9325202],[0.208932,47.9326208],[0.2089301,47.9326586],[0.2089312,47.932687],[0.2089376,47.9327704],[0.2089419,47.9328077],[0.2089541,47.9328718],[0.2089598,47.9329088],[0.2089641,47.9329274],[0.2089786,47.9329734],[0.2090019,47.9330365],[0.2090279,47.9330897],[0.209053,47.9331328],[0.209135,47.9332597],[0.2091642,47.9333013],[0.209189,47.9333345],[0.209209,47.9333594],[0.2092305,47.9333839],[0.2092533,47.9334077],[0.2092694,47.933423],[0.2093537,47.933497],[0.2093807,47.9335182],[0.2094358,47.9335585],[0.2095424,47.9336397],[0.209615,47.9336934],[0.209698,47.9337528],[0.2098461,47.9338567],[0.2100004,47.933967],[0.2100337,47.9339941],[0.2100707,47.934032],[0.2100872,47.9340469],[0.2101145,47.9340678],[0.2102956,47.9342003],[0.2103738,47.9342603],[0.2104412,47.9343153],[0.2104818,47.9343519],[0.2105229,47.9343872],[0.2105376,47.9344013],[0.2105946,47.9344637],[0.2106526,47.9345392],[0.2106679,47.9345628],[0.2107047,47.9346266],[0.2107464,47.9347038],[0.2107844,47.9347841],[0.2107959,47.9348144],[0.2108043,47.9348478],[0.2108132,47.9348928],[0.2108247,47.9349355],[0.2108314,47.9349757],[0.2108336,47.9349999],[0.2108344,47.9350338],[0.2108317,47.9351303],[0.2108256,47.9352096],[0.2108176,47.9352705],[0.2108117,47.9353261],[0.2108104,47.9353545],[0.2108108,47.9354529],[0.2108094,47.9354972],[0.2108064,47.9355326],[0.2107934,47.9356473],[0.2107874,47.9356727],[0.2107702,47.9357165],[0.210765,47.9357348],[0.2107535,47.9358258],[0.2107397,47.935913],[0.210728,47.9359742],[0.2106982,47.9361125],[0.2106813,47.936168],[0.2106621,47.9362203],[0.210642,47.9362638],[0.2106151,47.9363127],[0.2105941,47.9363439],[0.2105418,47.9364137],[0.210511,47.9364515],[0.2104845,47.9364811],[0.2104217,47.9365468],[0.2103998,47.936568],[0.2103443,47.9366162],[0.2103028,47.9366491],[0.2102237,47.9367063],[0.2101859,47.9367305],[0.2100563,47.9368055],[0.2099645,47.9368563],[0.2098182,47.9369351],[0.2097554,47.9369702],[0.2096337,47.9370426],[0.2095538,47.9370931],[0.2095149,47.9371198],[0.2094865,47.9371405],[0.2094502,47.9371686],[0.2094153,47.9371972],[0.2093815,47.9372264],[0.2093487,47.9372561],[0.2092789,47.9373244],[0.2092349,47.9373712],[0.2092002,47.9374111],[0.209161,47.9374597],[0.2091299,47.9375009],[0.2091008,47.9375431],[0.2090793,47.9375775],[0.2090595,47.9376123],[0.209037,47.9376561],[0.2090168,47.9377005],[0.2089989,47.9377452],[0.2089833,47.9377903],[0.20897,47.9378358],[0.2089609,47.9378723],[0.2089516,47.9379181],[0.2089382,47.9380008],[0.2089341,47.9380378],[0.2089327,47.9380844],[0.208934,47.9381308],[0.2089378,47.9381772],[0.2089438,47.9382233],[0.208952,47.9382694],[0.2089626,47.9383153],[0.2089755,47.9383608],[0.2089906,47.938406],[0.2090077,47.9384508],[0.2090273,47.9384956],[0.2090495,47.9385396],[0.2090781,47.9385911],[0.2091032,47.9386338],[0.2091308,47.9386766],[0.2091609,47.9387186],[0.2091935,47.9387598],[0.2092216,47.9387922],[0.2092584,47.9388314],[0.2093043,47.9388771],[0.2093445,47.9389147],[0.2093783,47.9389441],[0.2094222,47.9389799],[0.2094765,47.9390215],[0.2095324,47.9390623],[0.2096093,47.9391149],[0.2096988,47.9391716],[0.20974,47.9391954],[0.209814,47.9392351],[0.209906,47.9392865],[0.2099552,47.9393155],[0.2100435,47.9393694],[0.2100911,47.9393996],[0.2101368,47.9394303],[0.2101711,47.9394554],[0.2101952,47.939475],[0.2102176,47.9394956],[0.2102683,47.9395462],[0.2103074,47.939581],[0.2103219,47.9395951],[0.2103411,47.9396171],[0.2103763,47.9396621],[0.210393,47.939685],[0.210412,47.9397168],[0.2104459,47.9397825],[0.2104801,47.9398634],[0.2104933,47.9399053],[0.2105027,47.9399398],[0.2105099,47.9399744],[0.2105151,47.9400088],[0.210521,47.9400597],[0.2105219,47.9400853],[0.2105208,47.9401112],[0.2105177,47.940146],[0.210513,47.9401812],[0.2104885,47.9403127],[0.2104737,47.9403744],[0.2104278,47.9405881],[0.2103687,47.9408467],[0.2103559,47.9408994],[0.2103433,47.9409608],[0.2103005,47.9411483],[0.210268,47.9412997],[0.2101987,47.9416113],[0.2101847,47.9416834],[0.2101673,47.941784],[0.210157,47.9418933],[0.2101561,47.9419302],[0.2101609,47.9420135],[0.2101637,47.9420409],[0.2101753,47.9421233],[0.2101991,47.9422323],[0.210227,47.9423487],[0.2102912,47.9426313],[0.2103,47.9426834],[0.2103051,47.9427268],[0.2103067,47.9427611],[0.2103053,47.9427868],[0.2103013,47.9428214],[0.2102959,47.942856],[0.210283,47.9429157],[0.2102679,47.9429656],[0.2102587,47.9429902],[0.2102448,47.9430229],[0.2102251,47.9430641],[0.2102037,47.9431055],[0.210148,47.9432049],[0.2100598,47.9433544],[0.2099762,47.9434872],[0.2099608,47.9435137],[0.2099467,47.9435407],[0.209923,47.9435947],[0.2098846,47.9436902],[0.2098506,47.943768],[0.2098135,47.9438644],[0.209788,47.943925],[0.2097393,47.9440469],[0.2097084,47.9441292],[0.209704,47.9441476],[0.2096998,47.9441832],[0.2096963,47.9442],[0.2096758,47.9442604],[0.2096686,47.9442881],[0.2096519,47.9443708],[0.2096451,47.9444265],[0.2096434,47.9444626],[0.20964,47.9444798],[0.2096283,47.9445127],[0.2096038,47.9445712],[0.2095594,47.9446826],[0.2095406,47.9447228],[0.209526,47.944746],[0.2094961,47.9447843],[0.2094427,47.9448463],[0.2094153,47.9448797],[0.2093959,47.9449067],[0.2093856,47.9449255],[0.2093772,47.9449443],[0.2093529,47.9450069],[0.2093057,47.9451204],[0.209227,47.9453201],[0.2091773,47.945442],[0.2091548,47.9454933],[0.2091286,47.9455633],[0.209073,47.9457017],[0.2090445,47.945768],[0.2090002,47.9458636],[0.2089846,47.9459012],[0.2089776,47.9459208],[0.208972,47.9459408],[0.2089682,47.945961],[0.2089659,47.9459811],[0.2089633,47.9460389],[0.2089627,47.9462197],[0.2089618,47.9462536],[0.2089545,47.9463233],[0.2089484,47.9463676],[0.2089436,47.9463936],[0.208936,47.9464193],[0.208916,47.9464709],[0.2087934,47.9467729],[0.2087781,47.9468056],[0.2087647,47.946829],[0.2087546,47.9468439],[0.2087374,47.9468653],[0.2087186,47.9468858],[0.2086984,47.9469053],[0.2086839,47.9469177],[0.2086608,47.9469355],[0.2086361,47.946952],[0.2086184,47.9469621],[0.2085903,47.9469759],[0.2085607,47.9469886],[0.20854,47.9469966],[0.2085068,47.9470075],[0.2084332,47.947028],[0.2083943,47.9470401],[0.2083423,47.9470589],[0.2082908,47.9470802],[0.2082545,47.947099],[0.2082216,47.9471203],[0.2081823,47.947151],[0.2081643,47.947167],[0.2081479,47.9471836],[0.2081181,47.9472182],[0.2080983,47.9472451],[0.2080825,47.9472732],[0.2080745,47.9472924],[0.208028,47.9474482],[0.2079482,47.947731],[0.2078878,47.9479513],[0.2078765,47.9479844],[0.2078668,47.948008],[0.2078527,47.9480375],[0.2078413,47.9480577],[0.2078317,47.9480699],[0.2078196,47.9480807],[0.2078046,47.9480898],[0.207787,47.9480967],[0.2077674,47.9481015],[0.2077017,47.9481121],[0.2075938,47.9481335],[0.2075487,47.9481461],[0.2075187,47.9481571],[0.2075042,47.9481636],[0.2074773,47.9481788],[0.2074651,47.9481873],[0.207443,47.9482057],[0.2074243,47.9482257],[0.2074163,47.9482362],[0.2074093,47.9482471],[0.2073984,47.9482695],[0.2073915,47.9482921],[0.2073874,47.9483145],[0.2073792,47.9484052],[0.2073778,47.9484329],[0.2073801,47.9484933],[0.2073791,47.9485094],[0.2073724,47.9485417],[0.2073562,47.9485959],[0.207354,47.948615],[0.207354,47.9486337],[0.2073554,47.94867],[0.2073582,47.9486968],[0.2073703,47.9487428],[0.2073893,47.9488369],[0.2073931,47.9488623],[0.2073961,47.9489124],[0.2074022,47.9489747],[0.207403,47.9490287],[0.2074065,47.9490823],[0.2074108,47.9492005],[0.2074197,47.9493136],[0.2074175,47.9493606],[0.2074154,47.9493765],[0.2073987,47.949436],[0.2073746,47.9495117],[0.2073705,47.9495319],[0.2073694,47.9495524],[0.2073709,47.9495728],[0.2073809,47.94964],[0.2073867,47.9496935],[0.2073917,47.9497634],[0.2073954,47.9498446],[0.207403,47.9499252],[0.2074062,47.950006],[0.2074076,47.9500787],[0.207414,47.9502039],[0.2074147,47.9502757],[0.2074188,47.9503385],[0.2074196,47.9504106],[0.2074306,47.9506082],[0.2074325,47.9506885],[0.2074419,47.9508787],[0.2074429,47.9509147]]}},{"type":"Feature","properties":{"role":"edge_right","orientation":"driving direction, from the lap origin","unseen_spans":[[0.00533,0.00577],[0.00812,0.01222],[0.02586,0.02666],[0.06802,0.06838],[0.0851,0.08642],[0.10871,0.10908],[0.14911,0.14947],[0.18709,0.19523],[0.19677,0.19721],[0.20278,0.20314],[0.214,0.21444],[0.21737,0.21788],[0.22756,0.22807],[0.23702,0.2376],[0.26187,0.26224],[0.29729,0.29787],[0.3162,0.31664],[0.32001,0.32038],[0.32192,0.32229],[0.32397,0.32463],[0.32471,0.32515],[0.32522,0.3261],[0.32757,0.32801],[0.33138,0.33175],[0.33329,0.33373],[0.33695,0.33746],[0.34663,0.34707],[0.35044,0.35088],[0.35499,0.36012],[0.38703,0.3874],[0.433,0.43337],[0.44686,0.44722],[0.44884,0.44935],[0.47912,0.47963],[0.50023,0.50082],[0.50625,0.50661],[0.51578,0.51622],[0.5215,0.52194],[0.53865,0.53909],[0.54247,0.54291],[0.56109,0.56197],[0.56886,0.5693],[0.61762,0.61798],[0.61857,0.61894],[0.62759,0.62862],[0.67451,0.67525],[0.67583,0.6762],[0.68316,0.68375],[0.6839,0.68463],[0.68786,0.68852],[0.69138,0.69196],[0.71586,0.71674],[0.71997,0.72048],[0.75406,0.7545],[0.75458,0.75494],[0.75971,0.76015],[0.76154,0.76198],[0.77877,0.77914],[0.8048,0.80524],[0.93531,0.94095],[0.94814,0.94858],[0.94946,0.95019],[0.95027,0.95063],[0.95085,0.95173],[0.95188,0.95261],[0.95452,0.95621],[0.95892,0.95936],[0.97512,0.97607],[0.98759,0.98795],[0.98817,0.99235],[0.99242,0.99279],[0.99374,0.99411],[0.99426,0.99462],[0.99492,0.99536],[0.99572,0.99675]],"quality":{"source":"ign-bdortho-2022","accuracy_m":1.45,"relative_accuracy_m":0.15,"measured":true,"date":"2022","measured_fraction":0.836}},"geometry":{"type":"LineString","coordinates":[[0.2076918,47.9509077],[0.2076975,47.9510073],[0.2077076,47.9512319],[0.207709,47.9513124],[0.207721,47.9515289],[0.2077285,47.9516278],[0.2077342,47.9517648],[0.2077353,47.9518647],[0.2077346,47.9518836],[0.2077333,47.9518928],[0.2077232,47.9519368],[0.2077204,47.9519614],[0.207719,47.9519847],[0.2077181,47.9522285],[0.2077198,47.9522872],[0.2077234,47.9523173],[0.2077298,47.9523478],[0.2077397,47.9523801],[0.2077546,47.9524154],[0.2077573,47.9524253],[0.2077608,47.9524463],[0.2077626,47.952468],[0.2077644,47.9525295],[0.2077673,47.9525844],[0.2077749,47.9526654],[0.2077811,47.9527635],[0.207793,47.9528696],[0.2078139,47.9530235],[0.2078365,47.9531344],[0.2078564,47.9532543],[0.2078977,47.9534305],[0.208008,47.9538434],[0.2080298,47.9539177],[0.2080372,47.9539337],[0.2080421,47.9539414],[0.2080726,47.9539796],[0.2080934,47.9540035],[0.2081405,47.954053],[0.2081551,47.9540706],[0.2081812,47.9541073],[0.2081921,47.9541258],[0.2081961,47.954135],[0.2082019,47.9541534],[0.208234,47.9542852],[0.2082582,47.9543648],[0.2082623,47.9543831],[0.2082717,47.9544375],[0.2082838,47.9544892],[0.2082999,47.9545395],[0.208317,47.9545807],[0.20836,47.9546562],[0.2084344,47.9547988],[0.208467,47.9548582],[0.208492,47.9549092],[0.2085019,47.9549253],[0.208524,47.9549571],[0.2085532,47.9550074],[0.2085805,47.9550482],[0.2086054,47.9550892],[0.2086583,47.9551714],[0.2087069,47.9552404],[0.2087554,47.9553011],[0.208802,47.9553535],[0.2088307,47.9553828],[0.2088532,47.9554042],[0.2089234,47.9554663],[0.2089474,47.9554864],[0.2090235,47.9555451],[0.2090937,47.9555945],[0.2091209,47.955612],[0.2091869,47.9556512],[0.2092684,47.9556957],[0.2092996,47.9557115],[0.2093958,47.9557549],[0.2095672,47.955825],[0.2096656,47.9558706],[0.2096978,47.9558845],[0.2097314,47.9558976],[0.2098029,47.9559212],[0.2098381,47.9559347],[0.2099653,47.9559884],[0.2101829,47.9560762],[0.2102836,47.9561196],[0.2103883,47.9561601],[0.2104903,47.9562032],[0.210571,47.9562341],[0.2107317,47.9563019],[0.2108816,47.9563626],[0.2109051,47.956373],[0.2109406,47.9563907],[0.2109764,47.9564105],[0.2110119,47.9564322],[0.211034,47.9564485],[0.2110538,47.9564663],[0.2110709,47.9564854],[0.2110923,47.9565154],[0.2111041,47.9565361],[0.2111181,47.9565682],[0.2111251,47.9565904],[0.2111297,47.9566129],[0.2111308,47.9566355],[0.21113,47.9566466],[0.2111258,47.956668],[0.211119,47.9566882],[0.2111034,47.9567251],[0.2110935,47.9567513],[0.2110791,47.9567942],[0.2110606,47.9568553],[0.2110381,47.9569167],[0.2110313,47.9569419],[0.211028,47.9569658],[0.2110283,47.956995],[0.2110316,47.9570217],[0.2110368,47.9570406],[0.2110444,47.9570593],[0.2110543,47.9570782],[0.2110679,47.9570966],[0.2110857,47.9571145],[0.2111063,47.9571321],[0.211122,47.9571431],[0.2111493,47.9571579],[0.2112721,47.9572156],[0.2113384,47.9572458],[0.2114175,47.9572793],[0.2115103,47.9573139],[0.2115888,47.9573475],[0.2116591,47.9573765],[0.2116817,47.9573869],[0.2117357,47.957414],[0.2117689,47.957429],[0.2120287,47.9575387],[0.2121188,47.9575795],[0.2122314,47.957626],[0.2123306,47.9576702],[0.2124799,47.957732],[0.2125598,47.9577662],[0.212636,47.9578018],[0.212864,47.9579025],[0.2129881,47.9579595],[0.21301,47.9579703],[0.2130309,47.9579819],[0.2131425,47.9580507],[0.2132044,47.9580917],[0.2132965,47.9581604],[0.2133921,47.9582376],[0.2134434,47.9582819],[0.2135151,47.9583486],[0.213546,47.9583784],[0.2135975,47.9584317],[0.2136349,47.9584687],[0.2137035,47.9585344],[0.2137655,47.9585921],[0.2138126,47.9586344],[0.213853,47.9586691],[0.2139026,47.9587101],[0.2139448,47.9587433],[0.213988,47.9587756],[0.2140327,47.958807],[0.2140787,47.9588374],[0.2141164,47.9588609],[0.2141551,47.9588838],[0.2142046,47.9589115],[0.2142556,47.9589382],[0.2142968,47.9589586],[0.2143384,47.9589776],[0.214381,47.9589953],[0.2144251,47.959012],[0.2144711,47.9590276],[0.2145069,47.9590384],[0.2145432,47.9590482],[0.2145922,47.9590594],[0.2146429,47.9590695],[0.2146679,47.959076],[0.2147045,47.9590875],[0.214767,47.9591048],[0.214804,47.9591161],[0.2148962,47.9591494],[0.2149414,47.9591638],[0.2149762,47.9591728],[0.2150364,47.9591859],[0.2151743,47.959209],[0.2152624,47.9592223],[0.2153644,47.959234],[0.2154156,47.9592384],[0.2154936,47.9592427],[0.2155725,47.959246],[0.215665,47.9592486],[0.2162401,47.9592606],[0.216441,47.9592651],[0.2165491,47.9592683],[0.2166173,47.9592712],[0.2166585,47.9592739],[0.2168106,47.9592887],[0.2168812,47.9592976],[0.2169368,47.9593077],[0.2170047,47.9593238],[0.2170585,47.9593396],[0.2171103,47.9593581],[0.217182,47.959388],[0.2172512,47.9594199],[0.2173078,47.9594495],[0.2173405,47.9594688],[0.2173616,47.9594822],[0.2173821,47.9594961],[0.2174115,47.9595177],[0.2174568,47.9595551],[0.217498,47.959594],[0.2175211,47.959618],[0.2175432,47.9596425],[0.217577,47.9596849],[0.2176066,47.9597288],[0.217632,47.9597739],[0.2176488,47.959811],[0.217662,47.9598485],[0.2176711,47.9598861],[0.2176802,47.9599333],[0.2176922,47.9600264],[0.2176931,47.9600542],[0.2176928,47.9601174],[0.2176958,47.9601612],[0.2177078,47.9602566],[0.217714,47.9602905],[0.2177221,47.9603238],[0.2177297,47.9603484],[0.2177386,47.9603726],[0.2177492,47.9603968],[0.2177618,47.9604214],[0.217818,47.9605145],[0.2178336,47.9605352],[0.2178524,47.9605556],[0.2178735,47.9605758],[0.217918,47.9606159],[0.217942,47.9606353],[0.2179761,47.96066],[0.2180038,47.9606775],[0.2180663,47.9607118],[0.2181175,47.9607422],[0.2181572,47.9607645],[0.2184117,47.9608992],[0.2186338,47.9610144],[0.2187177,47.961057],[0.2187918,47.9610928],[0.2188894,47.9611377],[0.2189659,47.9611713],[0.2190431,47.9612034],[0.2191218,47.9612341],[0.219202,47.9612636],[0.2192953,47.9612963],[0.219389,47.9613275],[0.2194477,47.9613459],[0.2195192,47.9613669],[0.2197396,47.9614279],[0.2200275,47.9615025],[0.2201272,47.9615275],[0.2204503,47.9616123],[0.2207499,47.9616888],[0.2208261,47.9617065],[0.2209239,47.9617305],[0.2210029,47.9617484],[0.2210984,47.961772],[0.2211237,47.961777],[0.221191,47.9617886],[0.2212833,47.9618076],[0.2213195,47.9618138],[0.2213545,47.9618187],[0.2213893,47.9618217],[0.2214244,47.9618225],[0.2214595,47.9618217],[0.2214942,47.9618191],[0.2215282,47.9618147],[0.2215506,47.9618105],[0.2216294,47.9617904],[0.2216633,47.9617802],[0.2217323,47.9617575],[0.2219814,47.9616707],[0.222016,47.9616576],[0.2221064,47.9616205],[0.2222802,47.961555],[0.2223586,47.9615234],[0.2224588,47.9614807],[0.2227274,47.9613629],[0.2229934,47.9612443],[0.2230682,47.9612071],[0.223134,47.961178],[0.2231648,47.9611629],[0.223247,47.9611192],[0.2233227,47.9610804],[0.2234479,47.9610136],[0.2234978,47.9609853],[0.2235773,47.9609372],[0.2236908,47.9608726],[0.2237196,47.9608555],[0.2239626,47.9606977],[0.2240158,47.9606601],[0.2240591,47.9606266],[0.2241015,47.9605955],[0.2241677,47.960542],[0.2242199,47.9605032],[0.2242349,47.9604896],[0.2242412,47.9604823],[0.224283,47.9604281],[0.2243054,47.9603941],[0.2243196,47.9603776],[0.2244526,47.9602612],[0.2245003,47.9602177],[0.2246749,47.9600485],[0.2247321,47.9599884],[0.2248287,47.959891],[0.2249064,47.9598068],[0.2249786,47.9597317],[0.2250618,47.9596489],[0.2251154,47.9595974],[0.225172,47.959537],[0.225232,47.959477],[0.2252901,47.959416],[0.2253358,47.9593713],[0.2253783,47.9593266],[0.225474,47.9592294],[0.2255226,47.9591757],[0.2255518,47.9591449],[0.2256728,47.959024],[0.2257405,47.958955],[0.2257766,47.9589167],[0.2258284,47.9588664],[0.2258964,47.9587917],[0.2259876,47.9587033],[0.2260459,47.9586429],[0.2261159,47.9585766],[0.226313,47.9583742],[0.2263909,47.9582894],[0.2264556,47.9582215],[0.2265485,47.958115],[0.2266089,47.9580525],[0.2266761,47.9579736],[0.2267342,47.9579081],[0.2268086,47.957815],[0.22682,47.957798],[0.2268393,47.9577637],[0.2268497,47.9577472],[0.2268722,47.9577144],[0.2268847,47.9576982],[0.2269271,47.9576521],[0.226973,47.9575971],[0.227001,47.9575653],[0.2270301,47.957534],[0.2270802,47.9574828],[0.2271132,47.9574463],[0.2271311,47.9574233],[0.2271532,47.9573913],[0.2272067,47.9573189],[0.2272748,47.9572142],[0.227302,47.9571647],[0.2273175,47.9571387],[0.2273348,47.9571131],[0.22737,47.9570642],[0.227413,47.9570006],[0.2274864,47.9568722],[0.2275072,47.9568317],[0.2275228,47.9567963],[0.2275406,47.9567507],[0.2275538,47.9567239],[0.2275975,47.9566459],[0.2276668,47.9565382],[0.2276852,47.9565072],[0.2277041,47.9564682],[0.2277363,47.9563896],[0.227758,47.9563447],[0.2277769,47.9563098],[0.2278297,47.9562179],[0.2279577,47.9559818],[0.2280735,47.9557424],[0.2281287,47.9556316],[0.2282202,47.9554343],[0.2283073,47.9552564],[0.2283141,47.9552397],[0.2283182,47.9552225],[0.2283191,47.9551857],[0.2283217,47.9551671],[0.2283408,47.9551035],[0.2283732,47.9550323],[0.2283826,47.9550148],[0.2283936,47.9549977],[0.2284222,47.9549561],[0.2284755,47.9548832],[0.2284976,47.9548509],[0.228512,47.9548262],[0.2285605,47.9547249],[0.2285945,47.9546469],[0.2286256,47.954587],[0.2286719,47.9544932],[0.2287697,47.9542888],[0.2287834,47.9542544],[0.228794,47.9542091],[0.2288007,47.9541907],[0.2288103,47.9541728],[0.2288416,47.9541321],[0.2288568,47.954108],[0.2288769,47.9540665],[0.228902,47.9540046],[0.2289104,47.9539865],[0.2289498,47.9539195],[0.2289792,47.9538623],[0.2290057,47.9537932],[0.2290539,47.953699],[0.2290652,47.953674],[0.2290709,47.953657],[0.2290794,47.9536216],[0.2291029,47.9535402],[0.2291064,47.9535314],[0.229121,47.9535064],[0.2291288,47.95349],[0.2291477,47.9534189],[0.2291549,47.9534002],[0.2291802,47.9533564],[0.2292071,47.9533055],[0.2292344,47.953265],[0.2292638,47.9532069],[0.2292775,47.9531735],[0.229295,47.9531107],[0.2293015,47.9530917],[0.2293103,47.9530732],[0.2293248,47.9530463],[0.2293488,47.952983],[0.2293767,47.9529278],[0.2293918,47.9528956],[0.229424,47.9528176],[0.2294406,47.9527829],[0.2294676,47.9527312],[0.2295007,47.9526612],[0.2295164,47.9526353],[0.2295446,47.9525942],[0.2295652,47.9525541],[0.2295863,47.9525053],[0.229608,47.9524431],[0.2296199,47.9524152],[0.2296346,47.9523881],[0.2296616,47.9523462],[0.2296742,47.9523217],[0.2296911,47.9522804],[0.2297102,47.9522396],[0.2297305,47.9521782],[0.2297583,47.9521147],[0.2297721,47.9520883],[0.2298344,47.9519798],[0.2298458,47.9519564],[0.2298704,47.9518879],[0.2299673,47.9516784],[0.2299815,47.9516449],[0.229997,47.9516014],[0.2300276,47.9515498],[0.2300783,47.9514541],[0.2300894,47.9514373],[0.2301132,47.9514051],[0.2301228,47.951389],[0.2301714,47.9512889],[0.2302193,47.951194],[0.2302354,47.9511601],[0.2302566,47.9511091],[0.230289,47.9510415],[0.2302989,47.9510158],[0.2303121,47.9509712],[0.2303417,47.9509096],[0.2303557,47.950874],[0.2303642,47.9508564],[0.2304013,47.9507985],[0.2304316,47.9507436],[0.230444,47.950719],[0.2304726,47.9506577],[0.2305635,47.9504812],[0.2305747,47.9504634],[0.2305811,47.9504549],[0.2306175,47.950417],[0.2306288,47.9504025],[0.2306376,47.9503878],[0.2306576,47.9503484],[0.2306972,47.9502603],[0.2307324,47.9501918],[0.2307583,47.9501349],[0.2308753,47.9498927],[0.2309224,47.9497912],[0.2309454,47.9497374],[0.2309864,47.9496615],[0.2310565,47.9495167],[0.2310743,47.9494742],[0.2310904,47.9494403],[0.2310968,47.9494232],[0.2311032,47.9493982],[0.2311109,47.9493489],[0.2311162,47.9493316],[0.2311326,47.9492957],[0.2311634,47.9492216],[0.231204,47.9491356],[0.2312304,47.9490762],[0.2312639,47.9489876],[0.2312714,47.94897],[0.2313024,47.9489194],[0.2313552,47.948815],[0.2313934,47.9487296],[0.2314132,47.948679],[0.2314272,47.9486534],[0.2314433,47.9486191],[0.2314739,47.9485711],[0.2314871,47.9485479],[0.2314942,47.948532],[0.2315119,47.948479],[0.2315434,47.9484033],[0.2315569,47.9483753],[0.231573,47.9483489],[0.2315852,47.9483325],[0.2315993,47.948317],[0.2316223,47.9482952],[0.2316351,47.9482804],[0.23166,47.9482418],[0.2316828,47.9482105],[0.2316924,47.948194],[0.2317067,47.9481593],[0.2317185,47.9481244],[0.2317256,47.9480983],[0.2317374,47.9480439],[0.2317456,47.9480163],[0.2317592,47.9479804],[0.231771,47.9479536],[0.2318124,47.9478755],[0.2318408,47.9478178],[0.2318708,47.9477508],[0.2319068,47.9476738],[0.2319495,47.9475903],[0.2320103,47.9474625],[0.2320954,47.9472881],[0.2321286,47.9472171],[0.2321855,47.9470999],[0.2322294,47.9470045],[0.2322693,47.9469213],[0.2323141,47.946833],[0.2323533,47.9467487],[0.2323819,47.9466936],[0.2324113,47.9466322],[0.2324369,47.9465824],[0.2324636,47.9465218],[0.2324768,47.9464946],[0.2324965,47.9464578],[0.2325087,47.9464398],[0.2325293,47.9464146],[0.2325629,47.946377],[0.2325723,47.9463621],[0.2325965,47.946305],[0.2326241,47.9462533],[0.2326489,47.9462016],[0.2326874,47.9461255],[0.2327184,47.9460582],[0.2327468,47.9460001],[0.2327677,47.945949],[0.2327727,47.9459318],[0.2327899,47.9458512],[0.2327965,47.9458327],[0.2328126,47.9457969],[0.2328268,47.9457511],[0.2328338,47.9457325],[0.2328381,47.9457233],[0.2328486,47.9457057],[0.2328727,47.9456728],[0.2328831,47.9456567],[0.2329049,47.9456159],[0.2329195,47.9455822],[0.2329407,47.9455403],[0.2329519,47.9455148],[0.2329608,47.9454889],[0.2329727,47.9454441],[0.2329802,47.9454258],[0.232996,47.9453988],[0.2330434,47.94533],[0.2330751,47.9452899],[0.2330842,47.9452738],[0.2331054,47.9452261],[0.2331139,47.9452026],[0.2331168,47.9451865],[0.233121,47.9451436],[0.2331316,47.945089],[0.2331443,47.9450458],[0.2331637,47.9450056],[0.2331784,47.9449682],[0.2331814,47.9449539],[0.2331815,47.9449468],[0.2331794,47.9449325],[0.2331702,47.9449032],[0.2331532,47.9448646],[0.2331185,47.9448033],[0.2331087,47.9447884],[0.2330967,47.9447745],[0.2330753,47.9447546],[0.2330434,47.944728],[0.2329796,47.9446795],[0.2329618,47.9446639],[0.2329451,47.9446474],[0.2329143,47.9446133],[0.2328938,47.9445872],[0.2328754,47.9445605],[0.2328594,47.9445325],[0.2328466,47.9445034],[0.2328371,47.9444735],[0.2328309,47.9444433],[0.2328276,47.9444029],[0.2328291,47.9443629],[0.2328349,47.9443228],[0.2328423,47.9442927],[0.2328544,47.9442634],[0.2328707,47.9442355],[0.2329068,47.9441819],[0.2329283,47.9441554],[0.2329538,47.9441297],[0.2329821,47.9441053],[0.2330119,47.9440827],[0.2330522,47.9440554],[0.2331011,47.9440252],[0.2331191,47.9440123],[0.2331788,47.9439628],[0.2332293,47.9439193],[0.233265,47.9438913],[0.2332939,47.9438717],[0.2333442,47.9438402],[0.2333757,47.9438225],[0.2334099,47.9438071],[0.2334683,47.9437841],[0.2335361,47.9437555],[0.2335822,47.9437376],[0.2336033,47.9437271],[0.2336328,47.9437094],[0.2336712,47.9436837],[0.2337292,47.9436419],[0.2337655,47.9436139],[0.2338044,47.9435813],[0.2338319,47.9435558],[0.233863,47.9435235],[0.2339098,47.9434711],[0.2339256,47.9434512],[0.2339562,47.9434076],[0.2339923,47.94336],[0.2340084,47.9433356],[0.2340219,47.9433122],[0.2340326,47.9432894],[0.2340478,47.9432391],[0.234059,47.9432119],[0.2340871,47.9431585],[0.2341245,47.9430808],[0.2341774,47.9429642],[0.2342221,47.942877],[0.2342637,47.9427905],[0.2342903,47.94274],[0.2343278,47.9426546],[0.2344463,47.9424122],[0.2345311,47.9422272],[0.2345418,47.9422087],[0.2345547,47.942191],[0.2346115,47.9421269],[0.2346237,47.942111],[0.2346331,47.9420945],[0.2346692,47.9420215],[0.2346903,47.9419812],[0.2347461,47.9418522],[0.2347744,47.9417915],[0.2348712,47.9415925],[0.2349653,47.9413954],[0.2350348,47.9412597],[0.2351049,47.9411042],[0.2351979,47.9409177],[0.2353479,47.9406003],[0.2354116,47.9404717],[0.2354665,47.9403515],[0.2355157,47.9402492],[0.2355494,47.9401824],[0.2356006,47.9400685],[0.2356096,47.9400508],[0.2356344,47.9400076],[0.2356514,47.9399744],[0.2356724,47.9399254],[0.2357006,47.9398657],[0.2357506,47.9397627],[0.235777,47.9397112],[0.2358174,47.9396242],[0.2358725,47.9395134],[0.2359131,47.9394283],[0.235958,47.9393416],[0.2359731,47.9393062],[0.2360142,47.9392174],[0.236075,47.9390999],[0.2361099,47.939021],[0.2361449,47.9389487],[0.236156,47.9389238],[0.2361916,47.9388374],[0.2362181,47.9387638],[0.2362302,47.9387353],[0.2362412,47.938717],[0.2362479,47.9387085],[0.2362761,47.9386769],[0.2362815,47.938669],[0.2362902,47.9386531],[0.236319,47.9385862],[0.2363985,47.9384228],[0.2364249,47.9383632],[0.2364746,47.938264],[0.2364969,47.9382131],[0.2365098,47.9381785],[0.2365231,47.9381131],[0.2365289,47.9380937],[0.2365364,47.9380746],[0.2365465,47.9380565],[0.2365528,47.9380479],[0.2365737,47.9380234],[0.2365858,47.938007],[0.2366238,47.9379506],[0.2366377,47.9379269],[0.2367118,47.9377665],[0.2367465,47.9376962],[0.2367749,47.9376339],[0.23681,47.9375666],[0.2368783,47.9374229],[0.2369306,47.937321],[0.236958,47.9372621],[0.2369747,47.9372211],[0.236983,47.9371967],[0.2370032,47.9371267],[0.2370307,47.9370377],[0.237044,47.9370006],[0.2370564,47.9369725],[0.2371022,47.9368866],[0.2371489,47.936792],[0.2371589,47.9367738],[0.237171,47.9367561],[0.237204,47.9367149],[0.2372322,47.936677],[0.237242,47.9366624],[0.2372478,47.9366472],[0.2372668,47.9365512],[0.2372774,47.9365214],[0.2373181,47.9364435],[0.2373403,47.9363963],[0.2373668,47.9363359],[0.2374214,47.9362309],[0.2374569,47.936157],[0.2374876,47.9360985],[0.2375188,47.9360286],[0.2375323,47.9360013],[0.2375467,47.9359739],[0.2375737,47.9359297],[0.2376194,47.9358486],[0.2376243,47.9358326],[0.2376295,47.935798],[0.2376348,47.9357802],[0.2376425,47.9357626],[0.2376561,47.9357366],[0.237667,47.9357103],[0.2377127,47.9356287],[0.2377409,47.9355674],[0.2378052,47.9354395],[0.2378537,47.935333],[0.2378808,47.9352803],[0.237909,47.935229],[0.2379295,47.9351871],[0.2379399,47.9351713],[0.2379602,47.9351488],[0.2379721,47.9351336],[0.2379998,47.9350856],[0.2380155,47.9350502],[0.238034,47.9350147],[0.2380706,47.9349394],[0.2381268,47.9348188],[0.2381575,47.9347592],[0.2382616,47.9345365],[0.2383418,47.934375],[0.2383564,47.934342],[0.2383652,47.9343166],[0.238376,47.9342621],[0.2383815,47.9342435],[0.2383888,47.9342254],[0.2384073,47.9341921],[0.2384147,47.9341761],[0.2384191,47.9341594],[0.2384254,47.9341239],[0.2384344,47.9340963],[0.238454,47.934051],[0.2384841,47.9339907],[0.2385112,47.9339285],[0.2385356,47.9338842],[0.2385586,47.9338497],[0.2385782,47.9338249],[0.2386131,47.933787],[0.2386247,47.933772],[0.2386295,47.9337642],[0.238649,47.9337229],[0.2386685,47.9336895],[0.2386772,47.9336725],[0.2387011,47.9336212],[0.2388286,47.9333593],[0.2388388,47.9333354],[0.2388426,47.9333189],[0.2388447,47.9332646],[0.2388485,47.9332354],[0.2388576,47.9332066],[0.2388697,47.9331786],[0.2388835,47.9331512],[0.2388942,47.9331334],[0.2389256,47.9330927],[0.2389352,47.9330771],[0.2389856,47.932966],[0.2390006,47.9329389],[0.2390138,47.9329215],[0.2390582,47.9328744],[0.2390639,47.9328667],[0.2390731,47.9328511],[0.2391002,47.9327847],[0.239123,47.9327423],[0.2391473,47.9326913],[0.2391687,47.9326493],[0.2392329,47.9325136],[0.2392384,47.9324971],[0.239245,47.9324715],[0.2392508,47.9324342],[0.2392552,47.9324143],[0.2392667,47.9323848],[0.2393144,47.9322899],[0.2393479,47.9322161],[0.2394184,47.9320704],[0.2394455,47.9320099],[0.2394838,47.9319333],[0.2395231,47.9318493],[0.2395419,47.9318064],[0.2395709,47.9317458],[0.2396052,47.9316652],[0.2396476,47.9315894],[0.2396712,47.9315392],[0.2397051,47.9314713],[0.2397534,47.9313688],[0.239786,47.9312933],[0.2397947,47.9312676],[0.2398048,47.9312308],[0.2398121,47.9312119],[0.239822,47.9311935],[0.2398537,47.9311423],[0.2398721,47.9311093],[0.2399358,47.9309821],[0.2399748,47.9309069],[0.2399866,47.9308819],[0.2400072,47.9308296],[0.2400272,47.9307855],[0.2400469,47.9307338],[0.2400656,47.9307009],[0.2400779,47.9306751],[0.240104,47.9306318],[0.240143,47.9305623],[0.240161,47.930537],[0.2401961,47.9304973],[0.2402118,47.9304732],[0.2402894,47.9303144],[0.2403368,47.9302087],[0.2403642,47.9301584],[0.2403934,47.9301001],[0.2404127,47.9300586],[0.240427,47.930025],[0.2404324,47.9300076],[0.2404404,47.9299708],[0.2404481,47.9299523],[0.2404947,47.9298665],[0.2405168,47.9298348],[0.2405313,47.9298103],[0.2405805,47.9297059],[0.2406016,47.9296644],[0.2406462,47.9295707],[0.240652,47.9295548],[0.2406534,47.9295467],[0.2406533,47.9295209],[0.2406547,47.9295026],[0.2406568,47.9294933],[0.2406635,47.9294744],[0.2407247,47.9293525],[0.240806,47.9291784],[0.2408384,47.9291132],[0.2408472,47.9290888],[0.2408566,47.9290516],[0.2408643,47.9290324],[0.2408695,47.9290231],[0.2408928,47.9289887],[0.2409028,47.9289719],[0.2409462,47.928887],[0.2410037,47.9287612],[0.2410376,47.9286911],[0.2410683,47.9286248],[0.2411043,47.9285524],[0.2411152,47.9285253],[0.2411298,47.9284844],[0.2411393,47.9284625],[0.2411458,47.9284518],[0.2411538,47.9284415],[0.2411729,47.9284224],[0.2412046,47.9283964],[0.2412388,47.9283732],[0.241263,47.9283596],[0.2413003,47.9283415],[0.2413844,47.9283063],[0.2414643,47.928271],[0.2414896,47.9282615],[0.24153,47.9282482],[0.2415715,47.9282363],[0.2415992,47.9282293],[0.2416814,47.9282116],[0.2418081,47.9281887],[0.2418416,47.9281806],[0.2418523,47.9281771],[0.2418726,47.9281686],[0.2419122,47.9281489],[0.2419633,47.928126],[0.2419921,47.9281118],[0.2420193,47.9280968],[0.2420534,47.9280755],[0.2420769,47.9280579],[0.2420907,47.9280451],[0.2421416,47.9279911],[0.2421531,47.9279775],[0.2421631,47.9279635],[0.2421716,47.927949],[0.2421852,47.9279188],[0.2421929,47.9278952],[0.2421966,47.927879],[0.2422098,47.9277987],[0.2422102,47.927783],[0.2422062,47.9277594],[0.2421982,47.9277358],[0.2421203,47.9275473],[0.2420643,47.9274279],[0.2420082,47.9272953],[0.2419956,47.9272591],[0.2419741,47.9271864],[0.2419669,47.9271585],[0.2419589,47.9271119],[0.24195,47.927039],[0.2419486,47.927021],[0.2419483,47.9269941],[0.2419471,47.9269851],[0.2419385,47.9269475],[0.2419338,47.9269066],[0.2419326,47.9268756],[0.2419331,47.9268459],[0.2419379,47.9267913],[0.2419389,47.9267643],[0.2419413,47.9267461],[0.2419506,47.9267184],[0.241976,47.9266619],[0.2420241,47.9265696],[0.2420761,47.9264651],[0.2421183,47.9263935],[0.2421478,47.9263262],[0.2421636,47.9263002],[0.2421928,47.9262619],[0.242206,47.92624],[0.2422163,47.9262168],[0.2422425,47.9261436],[0.2422512,47.9261245],[0.242274,47.9260798],[0.2422946,47.9260349],[0.2423061,47.9260165],[0.2423211,47.9259988],[0.2423699,47.9259543],[0.2423948,47.925927],[0.2424061,47.9259123],[0.2424149,47.9258961],[0.2424263,47.9258702],[0.2424468,47.9258359],[0.2424782,47.9257769],[0.2425005,47.9257284],[0.2425069,47.925712],[0.2425117,47.9256953],[0.2425159,47.9256607],[0.2425158,47.9256238],[0.2425168,47.9256141],[0.242523,47.9255844],[0.2425297,47.9255647],[0.2425393,47.925546],[0.2425649,47.925503],[0.2425782,47.9254782],[0.2426128,47.9254009],[0.242645,47.925341],[0.2426809,47.9252711],[0.2427226,47.9251951],[0.2427496,47.9251367],[0.2427607,47.9251191],[0.2428188,47.9250469],[0.2428277,47.9250322],[0.2428419,47.9250015],[0.2428775,47.9249109],[0.2428935,47.9248518],[0.2429242,47.9247484],[0.2429276,47.9247307],[0.2429336,47.9246863],[0.2429357,47.9246301],[0.2429392,47.9245914],[0.2429419,47.9245718],[0.2429461,47.924552],[0.2429567,47.9245232],[0.2429843,47.9244725],[0.2429902,47.9244566],[0.2429944,47.9244409],[0.2430021,47.9244014],[0.2430203,47.9242521],[0.2430243,47.9242068],[0.2430294,47.9241791],[0.2430524,47.9241162],[0.2430801,47.9240463],[0.2431006,47.9240026],[0.2431035,47.9239938],[0.2431068,47.9239762],[0.2431125,47.9239093],[0.2431115,47.9238922],[0.2430989,47.9238475],[0.2430884,47.9237931],[0.2430754,47.9237482],[0.2430696,47.9236947],[0.2430597,47.9236581],[0.2430568,47.9236393],[0.243059,47.9236024],[0.2430572,47.9235759],[0.2430575,47.9235583],[0.2430634,47.9235039],[0.2430768,47.9233404],[0.2430753,47.9232492],[0.2430787,47.9231563],[0.2430821,47.9231375],[0.2430897,47.9231097],[0.2430957,47.9230827],[0.2431056,47.9230242],[0.2431194,47.9228932],[0.2431195,47.9228672],[0.2431168,47.9228217],[0.2431178,47.922803],[0.2431212,47.9227845],[0.2431301,47.9227486],[0.243133,47.9227307],[0.2431402,47.9226491],[0.2431521,47.9225592],[0.2431613,47.9224607],[0.2431659,47.9223875],[0.2431745,47.9223081],[0.2432057,47.9219505],[0.243223,47.9217788],[0.243228,47.9217144],[0.2432333,47.9216625],[0.2432383,47.9215759],[0.2432368,47.9215307],[0.2432376,47.921512],[0.243241,47.9214935],[0.2432537,47.9214492],[0.2432571,47.921432],[0.2432588,47.9214148],[0.2432588,47.9213697],[0.2432598,47.9213505],[0.243265,47.9213106],[0.2432733,47.921281],[0.2432894,47.9212453],[0.2432959,47.9212286],[0.2433013,47.9212034],[0.2433111,47.9210969],[0.2433163,47.9210268],[0.2433245,47.9209667],[0.2433251,47.9209499],[0.2433236,47.9209334],[0.2433196,47.9209168],[0.2433059,47.920882],[0.2432998,47.920863],[0.2432968,47.9208433],[0.243297,47.9208234],[0.2433062,47.9207581],[0.2433076,47.9207034],[0.2433092,47.9206846],[0.2433201,47.9206225],[0.2433256,47.9205617],[0.2433383,47.9204618],[0.2433532,47.9203116],[0.2433593,47.9202287],[0.2433638,47.9201903],[0.2433683,47.9201614],[0.2433727,47.9201426],[0.2433791,47.9201248],[0.243395,47.9200917],[0.2433998,47.9200753],[0.2434143,47.9199525],[0.2434308,47.9197452],[0.243439,47.9196651],[0.2434534,47.9194966],[0.2434633,47.919395],[0.2434795,47.9191986],[0.2434985,47.9189931],[0.2435123,47.9188667],[0.2435246,47.9186962],[0.2435388,47.9185796],[0.2435399,47.918554],[0.2435382,47.9185184],[0.2435386,47.9184999],[0.243547,47.9184449],[0.2435554,47.9183636],[0.2435573,47.918337],[0.2435572,47.918283],[0.2435684,47.9182011],[0.2435742,47.9181311],[0.2435789,47.9180517],[0.2435874,47.9179692],[0.2435953,47.9178744],[0.2435952,47.9178578],[0.2435939,47.9178494],[0.2435816,47.9178143],[0.2435765,47.917795],[0.2435751,47.9177851],[0.2435744,47.917765],[0.2435763,47.9177357],[0.2435846,47.9176729],[0.2435898,47.9175742],[0.2435995,47.9174673],[0.2436006,47.9174327],[0.2435981,47.9173874],[0.2435981,47.9173686],[0.2436029,47.9173237],[0.243608,47.9172432],[0.2436114,47.9172145],[0.2436221,47.9171678],[0.2436291,47.9171305],[0.2436348,47.9171119],[0.2436501,47.9170765],[0.2436557,47.9170597],[0.2436588,47.9170432],[0.2436633,47.9170019],[0.243667,47.916949],[0.243669,47.9168755],[0.2436789,47.9168033],[0.2436823,47.9167417],[0.2436866,47.916697],[0.2436897,47.9166421],[0.2437034,47.9164714],[0.2437049,47.9164185],[0.2437131,47.9163649],[0.243715,47.9163468],[0.2437229,47.9162384],[0.2437249,47.9161748],[0.2437312,47.9161209],[0.2437423,47.9160057],[0.2437526,47.9158616],[0.2437592,47.9157912],[0.243761,47.9157087],[0.2437727,47.9156189],[0.2437807,47.9155012],[0.2437895,47.9154037],[0.2437911,47.9153773],[0.243792,47.9153241],[0.2437948,47.9152888],[0.2437945,47.9152708],[0.243792,47.915243],[0.2437922,47.915224],[0.2437956,47.9152051],[0.2438054,47.9151687],[0.2438079,47.9151511],[0.2438129,47.9150645],[0.2438138,47.9150295],[0.2438042,47.914947],[0.2438029,47.9149196],[0.2438023,47.9148601],[0.2437934,47.914769],[0.243784,47.9146923],[0.2437811,47.9146752],[0.2437748,47.9146494],[0.2437592,47.9145976],[0.2437215,47.9144908],[0.2437011,47.9144387],[0.2436691,47.9143517],[0.2436403,47.9142829],[0.243573,47.9141096],[0.2435529,47.914048],[0.2435433,47.9140217],[0.2433668,47.9135908],[0.2433594,47.9135757],[0.2433508,47.9135616],[0.243341,47.9135487],[0.2433298,47.9135368],[0.2433101,47.9135212],[0.2432949,47.9135121],[0.2432783,47.9135042],[0.2432521,47.9134947],[0.2432344,47.9134902],[0.2432168,47.9134871],[0.2431903,47.9134843],[0.243172,47.9134836],[0.243153,47.9134846],[0.2431434,47.9134859],[0.2431241,47.91349],[0.2430944,47.9134996],[0.2430045,47.9135372],[0.2428944,47.9135764],[0.2428558,47.9135873],[0.2428144,47.9135954],[0.2427448,47.9136066],[0.2426113,47.9136263],[0.2419928,47.9137243],[0.241868,47.9137424],[0.241792,47.9137553],[0.2416871,47.9137744],[0.2415795,47.9137901],[0.2414475,47.9138136],[0.2414081,47.9138183],[0.2413435,47.9138223],[0.2413064,47.9138272],[0.2411811,47.9138489],[0.2410782,47.9138682],[0.2407791,47.9139211],[0.2406317,47.91395],[0.2404842,47.9139759],[0.2402636,47.9140165],[0.2400683,47.9140503],[0.2399479,47.9140686],[0.2399202,47.9140709],[0.2398528,47.9140723],[0.2398274,47.9140746],[0.2398024,47.9140784],[0.2396242,47.9141125],[0.239599,47.9141182],[0.239549,47.9141314],[0.2395361,47.914134],[0.239409,47.9141555],[0.2393352,47.9141739],[0.2392717,47.9141943],[0.2392317,47.9142039],[0.2391915,47.9142111],[0.2391258,47.9142191],[0.2390748,47.9142279],[0.2390363,47.9142335],[0.2390113,47.914239],[0.2389618,47.914253],[0.2389227,47.9142612],[0.2388562,47.9142717],[0.2388031,47.9142826],[0.2387755,47.9142871],[0.2387472,47.9142892],[0.238733,47.9142893],[0.2386918,47.9142874],[0.2386657,47.9142875],[0.2386531,47.9142884],[0.2386283,47.9142918],[0.2386038,47.9142962],[0.2385671,47.9143042],[0.2384286,47.914339],[0.2383481,47.9143514],[0.2382824,47.914359],[0.2382317,47.9143672],[0.2381827,47.9143789],[0.2381457,47.9143865],[0.238122,47.9143937],[0.2380866,47.9144074],[0.2380614,47.9144158],[0.2380349,47.9144227],[0.2379946,47.9144308],[0.2378761,47.9144517],[0.2378485,47.9144556],[0.237779,47.9144602],[0.2377257,47.9144617],[0.2377001,47.9144641],[0.237675,47.9144681],[0.2375608,47.914489],[0.2374578,47.9145091],[0.2373671,47.914525],[0.2372628,47.9145417],[0.2371605,47.9145625],[0.23703,47.9145852],[0.2369266,47.9146019],[0.2368512,47.9146189],[0.2368124,47.9146268],[0.2366956,47.9146479],[0.2365922,47.9146652],[0.2363725,47.9147063],[0.2362813,47.9147214],[0.2361787,47.9147413],[0.2357913,47.9148126],[0.2356878,47.9148328],[0.2355417,47.9148562],[0.2354641,47.9148653],[0.2354156,47.9148725],[0.2354037,47.9148753],[0.2353559,47.9148898],[0.2353301,47.914896],[0.2353036,47.9149013],[0.2352376,47.9149133],[0.2351604,47.9149283],[0.2350969,47.9149393],[0.2349921,47.9149593],[0.234912,47.9149717],[0.234849,47.9149827],[0.2346694,47.915018],[0.23441,47.9150626],[0.2342696,47.9150898],[0.234119,47.9151209],[0.2340175,47.9151463],[0.2338409,47.9151849],[0.2335547,47.915259],[0.2334439,47.9152895],[0.2333683,47.9153069],[0.233296,47.9153285],[0.2332478,47.9153448],[0.2332225,47.9153523],[0.2331963,47.9153584],[0.2331065,47.9153765],[0.2330201,47.9153956],[0.2329714,47.9154079],[0.2329245,47.9154222],[0.2329018,47.9154303],[0.2328688,47.9154433],[0.2328163,47.9154669],[0.2327961,47.9154772],[0.2327565,47.9155022],[0.2327455,47.9155082],[0.2327212,47.9155188],[0.232645,47.9155436],[0.2325162,47.9155888],[0.2324436,47.9156134],[0.2323949,47.9156312],[0.2321775,47.9157041],[0.2319053,47.9157992],[0.2315847,47.9159081],[0.2315131,47.9159333],[0.231403,47.9159684],[0.2313238,47.9159957],[0.2312766,47.9160123],[0.2311798,47.9160481],[0.2311088,47.9160732],[0.2310243,47.9161008],[0.2308946,47.9161465],[0.2307395,47.9161989],[0.2305379,47.9162702],[0.2304417,47.916302],[0.2301794,47.9163916],[0.2298685,47.9165003],[0.2297708,47.9165323],[0.2295959,47.9165939],[0.2294661,47.9166375],[0.2293134,47.916691],[0.2291681,47.91674],[0.2288589,47.9168473],[0.2286821,47.9169066],[0.2286022,47.9169367],[0.2283003,47.9170408],[0.2281203,47.9171],[0.2280746,47.9171161],[0.2280046,47.9171421],[0.227847,47.9171953],[0.2275038,47.9173159],[0.2274203,47.9173433],[0.2273376,47.9173737],[0.2272454,47.9174094],[0.2272011,47.9174308],[0.2271779,47.917441],[0.2270631,47.9174854],[0.2269756,47.9175205],[0.2269093,47.9175492],[0.2268199,47.91759],[0.2267961,47.9175992],[0.2267485,47.9176161],[0.2267262,47.9176253],[0.2266083,47.9176787],[0.2265213,47.9177201],[0.2264672,47.9177477],[0.2263921,47.9177842],[0.2262532,47.917854],[0.2261995,47.9178793],[0.2260191,47.9179717],[0.2259519,47.9180036],[0.2258435,47.918059],[0.2257102,47.9181209],[0.2255439,47.9182058],[0.2253618,47.9182975],[0.2252508,47.9183491],[0.2250287,47.9184616],[0.2249065,47.9185217],[0.2247687,47.9185862],[0.2246804,47.9186323],[0.2246567,47.9186434],[0.2246322,47.9186535],[0.2246071,47.9186618],[0.2245703,47.9186725],[0.2245056,47.9186982],[0.2244865,47.9187092],[0.2244519,47.9187363],[0.2244322,47.9187491],[0.2243875,47.9187702],[0.2243372,47.9187981],[0.2242606,47.9188351],[0.2242178,47.9188579],[0.2241548,47.9188896],[0.2241031,47.9189183],[0.2240811,47.9189296],[0.2240575,47.91894],[0.224045,47.9189445],[0.2239216,47.9189862],[0.2238533,47.9190125],[0.2238053,47.9190279],[0.2237827,47.9190367],[0.2237626,47.9190477],[0.2237088,47.9190866],[0.2236884,47.9190987],[0.2236666,47.9191101],[0.2236313,47.9191251],[0.2235809,47.919141],[0.2235454,47.9191547],[0.2233412,47.9192531],[0.2233113,47.919269],[0.2232826,47.9192867],[0.2232297,47.9193283],[0.223182,47.9193612],[0.2231454,47.9193888],[0.2231253,47.9194011],[0.2230927,47.9194165],[0.2230587,47.9194298],[0.2230369,47.9194393],[0.2229657,47.9194795],[0.2228059,47.9195668],[0.2227724,47.9195834],[0.2227153,47.9196089],[0.2226193,47.9196598],[0.2225853,47.9196742],[0.2225505,47.9196861],[0.2225286,47.9196946],[0.222498,47.9197089],[0.2224586,47.9197293],[0.2224201,47.9197515],[0.2223636,47.9197888],[0.2223326,47.919807],[0.2222577,47.9198484],[0.2221519,47.9199038],[0.2219975,47.9199903],[0.2218108,47.9200906],[0.2217396,47.9201316],[0.2216869,47.9201603],[0.2216157,47.9202018],[0.2215224,47.9202529],[0.2213271,47.9203625],[0.2212461,47.9204094],[0.2211431,47.9204656],[0.2209894,47.9205524],[0.2209496,47.9205755],[0.2209023,47.9206051],[0.2208762,47.9206241],[0.2208377,47.9206596],[0.2208215,47.9206736],[0.2207504,47.9207258],[0.2207078,47.9207594],[0.2206754,47.9207872],[0.2206368,47.9208227],[0.220602,47.920859],[0.2205657,47.9209024],[0.2205127,47.9209767],[0.2204921,47.9210077],[0.2204734,47.9210395],[0.2204613,47.921064],[0.220442,47.9211152],[0.2204168,47.9211757],[0.2203848,47.9212438],[0.2203624,47.9213044],[0.2203524,47.9213218],[0.2202772,47.9214387],[0.2202628,47.9214638],[0.2202115,47.9215677],[0.2201845,47.9216273],[0.2201474,47.9217137],[0.2201296,47.9217677],[0.2201227,47.9217855],[0.2200886,47.9218621],[0.2200706,47.9218966],[0.2200369,47.9219561],[0.2199617,47.9221105],[0.2199405,47.9221463],[0.2199164,47.922182],[0.2198953,47.9222083],[0.219862,47.9222416],[0.2198252,47.9222735],[0.2197944,47.9222965],[0.2197601,47.9223178],[0.2197227,47.922337],[0.219683,47.9223537],[0.2196411,47.9223673],[0.2195844,47.9223818],[0.2195419,47.9223906],[0.2195137,47.9223951],[0.2194449,47.9224034],[0.2193925,47.9224131],[0.2193521,47.9224218],[0.2192642,47.9224445],[0.2192319,47.9224509],[0.2192152,47.9224534],[0.2191814,47.9224562],[0.2191644,47.9224565],[0.2191308,47.9224553],[0.2190983,47.9224521],[0.2190512,47.9224464],[0.2190212,47.9224419],[0.2189926,47.9224352],[0.2189384,47.9224178],[0.2188406,47.9223806],[0.2187218,47.9223391],[0.218553,47.9222767],[0.218529,47.9222661],[0.2185061,47.922254],[0.218442,47.9222164],[0.218385,47.9221794],[0.218364,47.9221704],[0.2181959,47.9221242],[0.2180576,47.9220887],[0.2179453,47.9220583],[0.2178598,47.9220304],[0.2177983,47.9220122],[0.2177731,47.922006],[0.2176965,47.9219909],[0.21759,47.9219629],[0.2175539,47.9219548],[0.2175169,47.9219488],[0.217466,47.9219418],[0.2173833,47.9219328],[0.2173692,47.9219304],[0.2173417,47.9219242],[0.2172763,47.9219066],[0.2171872,47.9218842],[0.217112,47.9218623],[0.2170753,47.9218489],[0.2170305,47.9218271],[0.2169959,47.9218131],[0.2169096,47.9217871],[0.216789,47.9217524],[0.2167062,47.9217304],[0.2166461,47.9217173],[0.2165566,47.9216947],[0.2163173,47.9216301],[0.2162288,47.9216075],[0.2161558,47.9215878],[0.2161071,47.9215774],[0.216082,47.9215735],[0.2160301,47.9215675],[0.2159789,47.9215575],[0.2159378,47.9215511],[0.2159102,47.9215449],[0.2158834,47.9215368],[0.215779,47.9215007],[0.2157597,47.9214952],[0.2157404,47.9214928],[0.2157211,47.9214922],[0.2157114,47.9214926],[0.215673,47.921498],[0.2156455,47.9215037],[0.2156288,47.9215092],[0.2156073,47.9215196],[0.2155897,47.921531],[0.2155802,47.9215396],[0.2155719,47.9215494],[0.2155556,47.9215728],[0.2155396,47.9216008],[0.2155331,47.9216163],[0.2155056,47.9216925],[0.2154452,47.9218683],[0.2153919,47.9220156],[0.2153741,47.9220755],[0.2153479,47.9221463],[0.2153311,47.9222005],[0.215269,47.9223748],[0.215249,47.9224368],[0.2151858,47.9226118],[0.2151714,47.9226561],[0.2151402,47.9227437],[0.2151014,47.9228489],[0.2150813,47.9229101],[0.2150578,47.9229706],[0.2149737,47.9232164],[0.2149446,47.9232948],[0.2149166,47.9233741],[0.2148329,47.9236188],[0.2147572,47.9238286],[0.2146862,47.9240297],[0.2146691,47.9240817],[0.2146541,47.9241342],[0.2146366,47.9242051],[0.2146288,47.9242513],[0.2146231,47.9242698],[0.2146151,47.924288],[0.214572,47.9243731],[0.2145493,47.9244417],[0.2145333,47.9244959],[0.2145255,47.9245138],[0.2145081,47.9245483],[0.2144895,47.924591],[0.2144587,47.9246765],[0.214445,47.9247197],[0.2144369,47.9247538],[0.2144359,47.9247713],[0.2144371,47.9248081],[0.2144344,47.9248268],[0.2144267,47.9248545],[0.2144053,47.9249181],[0.2143855,47.9249709],[0.2143364,47.9250937],[0.2143235,47.9251197],[0.2143039,47.925153],[0.2142835,47.9252038],[0.2142765,47.9252305],[0.2142673,47.9252774],[0.2142619,47.9252962],[0.2142531,47.925314],[0.2142371,47.9253385],[0.2142294,47.9253543],[0.2142256,47.9253703],[0.2142231,47.9254127],[0.2142198,47.9254307],[0.2142144,47.925449],[0.2141766,47.9255589],[0.2141684,47.9255773],[0.2141575,47.9255946],[0.2141307,47.9256253],[0.2141198,47.9256404],[0.2141091,47.9256637],[0.2140862,47.9257402],[0.2140644,47.9258015],[0.214054,47.9258356],[0.2140496,47.9258615],[0.2140505,47.9259163],[0.2140486,47.9259449],[0.214046,47.9259642],[0.2140416,47.9259835],[0.2140358,47.9260026],[0.2140078,47.9260786],[0.2139923,47.9261156],[0.213982,47.9261328],[0.2139524,47.9261739],[0.213919,47.9262119],[0.2139074,47.9262264],[0.2138885,47.9262555],[0.2138819,47.926271],[0.2138714,47.9263052],[0.213857,47.9263416],[0.2138132,47.9264397],[0.2138037,47.9264573],[0.2137744,47.9264992],[0.2137513,47.9265435],[0.2137349,47.9265706],[0.2137154,47.9265964],[0.213688,47.9266266],[0.2136768,47.9266413],[0.2136689,47.9266569],[0.2136592,47.9266821],[0.2136352,47.9267246],[0.2136246,47.9267413],[0.2135999,47.926773],[0.2135902,47.9267894],[0.213582,47.9268059],[0.2135678,47.9268392],[0.2135377,47.9269189],[0.2135285,47.9269371],[0.2134871,47.9269967],[0.2134631,47.9270411],[0.2134516,47.9270584],[0.2134376,47.9270741],[0.2134162,47.9270952],[0.213405,47.9271094],[0.2134006,47.9271168],[0.2133937,47.9271327],[0.2133784,47.9271781],[0.2133684,47.9271967],[0.2133556,47.9272142],[0.2132935,47.9272843],[0.2132762,47.9273069],[0.2132632,47.9273308],[0.2132485,47.9273664],[0.2132436,47.9273756],[0.2132317,47.9273937],[0.2132179,47.9274113],[0.2132031,47.9274279],[0.2131728,47.9274591],[0.2131375,47.9274976],[0.2131085,47.9275271],[0.2130956,47.9275418],[0.2130564,47.927595],[0.2130462,47.9276113],[0.213023,47.9276554],[0.213004,47.927681],[0.212967,47.9277212],[0.2129137,47.9277728],[0.2129007,47.9277875],[0.2128738,47.9278269],[0.2128447,47.9278659],[0.2128254,47.9278993],[0.2128145,47.9279162],[0.2127887,47.9279484],[0.2127609,47.9279875],[0.2127409,47.9280082],[0.2127293,47.9280227],[0.2127148,47.9280469],[0.2126912,47.928081],[0.2126729,47.9281179],[0.2126556,47.9281452],[0.2126417,47.9281626],[0.2126259,47.928179],[0.2126085,47.928194],[0.212573,47.928221],[0.2125581,47.9282346],[0.2125518,47.9282418],[0.2125413,47.928257],[0.2125169,47.9282976],[0.212481,47.9283472],[0.212357,47.9285068],[0.2122841,47.9286032],[0.2122708,47.928619],[0.2122421,47.9286484],[0.2122296,47.9286633],[0.2122198,47.9286792],[0.2122036,47.9287138],[0.2121939,47.9287314],[0.2121753,47.9287564],[0.212154,47.9287795],[0.2121411,47.9287948],[0.2121305,47.9288109],[0.2121162,47.9288362],[0.2120988,47.9288615],[0.2120724,47.9288947],[0.2120342,47.9289334],[0.2120004,47.9289732],[0.2119879,47.9289892],[0.2119653,47.9290212],[0.2119357,47.9290567],[0.2119282,47.9290714],[0.2119202,47.9291049],[0.2119145,47.9291235],[0.2119059,47.9291424],[0.2118951,47.9291607],[0.2118511,47.929226],[0.2118163,47.9292743],[0.2117781,47.9293333],[0.2117585,47.9293579],[0.2117253,47.9293941],[0.2117148,47.9294081],[0.2116958,47.9294384],[0.2116716,47.929484],[0.2116587,47.9295031],[0.2116432,47.9295211],[0.2116033,47.9295611],[0.2115771,47.929592],[0.2115106,47.9296849],[0.2114777,47.9297332],[0.2114481,47.9297736],[0.2114093,47.9298311],[0.2113714,47.9298799],[0.21135,47.9299044],[0.2113182,47.9299364],[0.2113017,47.9299519],[0.2112672,47.9299807],[0.21126,47.9299882],[0.2111986,47.9300638],[0.2111759,47.9300946],[0.211149,47.9301345],[0.2111409,47.9301513],[0.211129,47.9301875],[0.2111249,47.9301966],[0.2111143,47.9302144],[0.2111016,47.9302317],[0.2110301,47.9303212],[0.2109833,47.930377],[0.21094,47.9304258],[0.2109239,47.9304422],[0.2109052,47.9304573],[0.2108378,47.9305028],[0.2108217,47.9305158],[0.2107532,47.9305897],[0.2106907,47.9306509],[0.2106486,47.9306973],[0.2106262,47.9307201],[0.2104933,47.9308434],[0.210434,47.9309009],[0.2103926,47.9309381],[0.2103419,47.9309812],[0.2102657,47.9310536],[0.2102523,47.9310682],[0.2102466,47.9310759],[0.2102236,47.9311191],[0.2102176,47.9311279],[0.210203,47.9311445],[0.2101699,47.9311755],[0.2100816,47.9312551],[0.2100134,47.9313216],[0.2099009,47.9314217],[0.2098699,47.9314505],[0.2098127,47.9315099],[0.2097537,47.9315688],[0.2096366,47.9316966],[0.2095838,47.9317593],[0.2095365,47.9318134],[0.2094563,47.9319138],[0.2094083,47.9319776],[0.2093486,47.9320599],[0.2093221,47.9320939],[0.209298,47.9321189],[0.2092545,47.9321541],[0.2092416,47.9321675],[0.2092312,47.9321811],[0.2092123,47.9322102],[0.2091699,47.9322811],[0.2091307,47.9323589],[0.2091199,47.9323839],[0.2091104,47.9324095],[0.2090859,47.932487],[0.2090785,47.9325208],[0.2090649,47.9326086],[0.2090606,47.9326516],[0.2090605,47.9326942],[0.2090632,47.9327378],[0.2090681,47.9327811],[0.2090734,47.9328068],[0.2090865,47.9328497],[0.209102,47.9329094],[0.2091102,47.9329344],[0.2091634,47.9330593],[0.2091813,47.9331108],[0.2091884,47.9331278],[0.2092063,47.9331607],[0.2092317,47.933201],[0.2092726,47.9332561],[0.2093054,47.9333034],[0.2093309,47.9333328],[0.2094014,47.9334046],[0.2094239,47.9334258],[0.2094638,47.9334597],[0.2095833,47.9335553],[0.2096986,47.9336415],[0.2098447,47.9337457],[0.2103355,47.9341032],[0.2104078,47.934157],[0.2104614,47.9341982],[0.2105139,47.9342402],[0.2105977,47.9343094],[0.2106165,47.9343224],[0.2106584,47.9343477],[0.2106894,47.9343686],[0.210709,47.9343837],[0.2107176,47.934392],[0.2107395,47.9344178],[0.2107652,47.9344519],[0.2108165,47.9345288],[0.210848,47.9345812],[0.2108888,47.9346569],[0.2109002,47.9346723],[0.2109425,47.9347213],[0.2109543,47.9347403],[0.2109587,47.9347502],[0.2109654,47.9347703],[0.2109886,47.9348627],[0.2110075,47.9349167],[0.2110143,47.934946],[0.2110166,47.9349759],[0.211016,47.9349956],[0.2110056,47.9350613],[0.2110011,47.9351163],[0.2110017,47.9351439],[0.2110069,47.9351897],[0.2110067,47.9352081],[0.2110043,47.9352451],[0.2109999,47.9352727],[0.2109873,47.9353078],[0.2109852,47.9353164],[0.2109843,47.9353334],[0.2109875,47.9353766],[0.2109849,47.9354128],[0.2109684,47.9355585],[0.2109596,47.9356214],[0.2109523,47.9356963],[0.210932,47.9358465],[0.210921,47.9359106],[0.2109073,47.9359742],[0.2108775,47.9360906],[0.2108696,47.9361187],[0.2108621,47.9361378],[0.2108571,47.9361473],[0.2108449,47.9361658],[0.2108135,47.9362097],[0.2107941,47.9362339],[0.2107832,47.93625],[0.210746,47.9363275],[0.2107203,47.9363713],[0.2106914,47.9364138],[0.210654,47.9364636],[0.21062,47.9365045],[0.2105838,47.9365442],[0.21053,47.9365985],[0.2104817,47.9366442],[0.2104554,47.9366657],[0.2103999,47.9367077],[0.2103618,47.936735],[0.2103221,47.9367608],[0.2102309,47.9368167],[0.210109,47.9368895],[0.2100776,47.936907],[0.2099821,47.9369569],[0.209848,47.93703],[0.2097484,47.9370882],[0.2096611,47.9371418],[0.2095976,47.9371847],[0.2095463,47.9372234],[0.2094711,47.9372836],[0.2094474,47.9373044],[0.2094096,47.9373402],[0.209366,47.9373841],[0.2093316,47.9374211],[0.2092988,47.9374589],[0.2092616,47.9375052],[0.2092383,47.9375364],[0.2092225,47.9375602],[0.2091757,47.9376408],[0.2091547,47.9376818],[0.2091358,47.9377234],[0.2090964,47.9378245],[0.2090863,47.9378587],[0.2090763,47.9379018],[0.2090684,47.9379452],[0.2090647,47.9379801],[0.2090606,47.9380496],[0.2090599,47.9380843],[0.2090611,47.9381277],[0.2090656,47.9381798],[0.2090731,47.9382319],[0.2090816,47.938275],[0.2090924,47.9383178],[0.2091116,47.9383865],[0.2091239,47.9384204],[0.2091391,47.9384536],[0.2091692,47.9385108],[0.209219,47.9386018],[0.2092287,47.9386179],[0.2092452,47.9386414],[0.2092802,47.9386878],[0.2093045,47.9387182],[0.2093303,47.9387479],[0.2093649,47.9387847],[0.2094087,47.9388285],[0.2094464,47.9388639],[0.2094778,47.9388916],[0.2095187,47.9389253],[0.2095614,47.9389584],[0.2096054,47.9389906],[0.2096599,47.9390281],[0.2097634,47.9390954],[0.209885,47.9391638],[0.2099554,47.9392054],[0.2100896,47.9392825],[0.2101399,47.939313],[0.2101993,47.9393511],[0.2102589,47.9393908],[0.2102874,47.9394119],[0.2103143,47.939434],[0.2103718,47.9394865],[0.2104258,47.9395404],[0.2104622,47.939581],[0.2104951,47.939623],[0.2105423,47.9396916],[0.2105675,47.9397348],[0.2105856,47.9397702],[0.210598,47.9397976],[0.2106087,47.9398256],[0.2106146,47.9398444],[0.2106291,47.9399093],[0.2106448,47.9399733],[0.2106488,47.9400014],[0.2106504,47.9400298],[0.2106496,47.9400584],[0.2106413,47.9401519],[0.2106333,47.9402156],[0.2106211,47.9402976],[0.2106156,47.940325],[0.2105903,47.9404318],[0.210538,47.9406725],[0.2105225,47.9407344],[0.2104959,47.9408491],[0.2104824,47.9409211],[0.2104482,47.9410632],[0.2103303,47.9415966],[0.2103176,47.9416584],[0.2103063,47.9417201],[0.2102996,47.9417639],[0.2102962,47.9417985],[0.210293,47.9419137],[0.2102927,47.9419659],[0.2102964,47.9420627],[0.2103003,47.9421065],[0.2103087,47.9421586],[0.2103196,47.942211],[0.2104102,47.9426023],[0.2104341,47.9427309],[0.210439,47.9427685],[0.2104408,47.9427967],[0.2104366,47.9429275],[0.2104301,47.9429845],[0.2104197,47.9430317],[0.2103977,47.9431053],[0.2103709,47.9431865],[0.2103352,47.9432836],[0.2102906,47.9433885],[0.2102519,47.9434864],[0.210243,47.9435032],[0.2102272,47.9435271],[0.2102181,47.9435431],[0.210203,47.9435756],[0.2101858,47.9436165],[0.2101028,47.9438238],[0.2100182,47.9440409],[0.2099807,47.9441344],[0.2099659,47.9441756],[0.2099464,47.9442385],[0.2099221,47.9443004],[0.2098968,47.9443587],[0.2098671,47.9444346],[0.2098514,47.944478],[0.2098267,47.944552],[0.2097814,47.9446577],[0.2097549,47.9447295],[0.2097184,47.9448123],[0.2096749,47.9449189],[0.2096674,47.9449352],[0.2096502,47.9449656],[0.2096433,47.944981],[0.2096018,47.9451008],[0.2095102,47.9453247],[0.2094387,47.9455077],[0.2093759,47.9456641],[0.2093494,47.9457245],[0.2093283,47.9457781],[0.2093122,47.9458142],[0.2092868,47.9458662],[0.20924,47.9459541],[0.2092231,47.9459919],[0.2092068,47.94604],[0.2092023,47.946057],[0.2091937,47.9461016],[0.2091704,47.9461717],[0.2091521,47.9462439],[0.2091428,47.9462722],[0.2091293,47.9462996],[0.2090997,47.9463518],[0.2090911,47.9463693],[0.2090565,47.9464493],[0.2090209,47.9465366],[0.2089828,47.9466227],[0.2089319,47.9467539],[0.2088969,47.9468342],[0.2088834,47.9468618],[0.2088729,47.9468802],[0.2088608,47.9468983],[0.208847,47.946916],[0.2088238,47.9469417],[0.2087977,47.9469664],[0.2087787,47.9469822],[0.2087481,47.9470046],[0.2087262,47.9470187],[0.208703,47.9470319],[0.2086787,47.9470441],[0.2086534,47.9470552],[0.2086274,47.9470653],[0.208575,47.947083],[0.2084873,47.9471076],[0.2084534,47.9471183],[0.2084116,47.947134],[0.2083824,47.9471471],[0.2083549,47.9471615],[0.2083301,47.9471778],[0.2083088,47.9471966],[0.2082627,47.9472431],[0.2082449,47.9472638],[0.208201,47.9473208],[0.2081868,47.9473435],[0.2081796,47.9473596],[0.2081511,47.9474547],[0.20813,47.9475343],[0.2080749,47.9477288],[0.2080517,47.9478261],[0.2080124,47.9479687],[0.207998,47.9480153],[0.2079908,47.9480344],[0.2079769,47.9480633],[0.2079652,47.9480829],[0.2079508,47.9481025],[0.2079424,47.9481122],[0.2079228,47.9481308],[0.2079,47.948148],[0.207862,47.9481711],[0.2078484,47.948178],[0.2078341,47.9481841],[0.2078192,47.9481891],[0.2078041,47.9481933],[0.2077594,47.9482023],[0.2076801,47.9482143],[0.2076573,47.9482184],[0.2076267,47.948226],[0.207609,47.9482323],[0.2076011,47.948236],[0.2075872,47.9482445],[0.20757,47.9482591],[0.2075549,47.9482744],[0.2075459,47.9482851],[0.2075386,47.9482965],[0.207536,47.9483026],[0.2075342,47.948309],[0.2075333,47.9483226],[0.2075374,47.9483446],[0.2075432,47.9483602],[0.2075669,47.9484102],[0.2075982,47.9484833],[0.2076042,47.9485032],[0.2076078,47.9485334],[0.2076111,47.9486051],[0.2076156,47.9486664],[0.2076168,47.9487025],[0.2076173,47.9488601],[0.2076144,47.9489539],[0.2076161,47.9490348],[0.2076151,47.949107],[0.2076175,47.9492132],[0.2076193,47.9492307],[0.2076214,47.9492394],[0.2076402,47.9492857],[0.2076466,47.9493059],[0.2076487,47.9493162],[0.2076505,47.9493372],[0.2076498,47.9493582],[0.2076484,47.9493686],[0.2076383,47.9494093],[0.2076158,47.9495135],[0.2076118,47.9495435],[0.2076112,47.9495729],[0.2076139,47.9496042],[0.2076297,47.9497212],[0.2076461,47.9499013],[0.207651,47.9500096],[0.2076642,47.9502526],[0.2076686,47.9503517],[0.2076706,47.9504577],[0.2076759,47.9505287],[0.2076838,47.9507652],[0.2076918,47.9509077]]}},{"type":"Feature","properties":{"role":"midline","derived_from":["edge_left","edge_right"],"quality":{"source":"derived","accuracy_m":1.45,"relative_accuracy_m":0.15,"measured":true,"date":"2022"}},"geometry":{"type":"LineString","coordinates":[[0.2075673,47.9509112],[0.2075779,47.9511091],[0.2075844,47.9512978],[0.2075896,47.9514147],[0.2076013,47.9516214],[0.2076085,47.9517928],[0.2076076,47.9518294],[0.2076039,47.9518565],[0.2075992,47.9518744],[0.2075845,47.9519186],[0.2075742,47.9519539],[0.20757,47.9519717],[0.2075682,47.9519896],[0.2075738,47.9522774],[0.2075767,47.9523135],[0.2075826,47.9523403],[0.207603,47.9523928],[0.207628,47.9524442],[0.2076343,47.9524617],[0.2076377,47.9524796],[0.2076419,47.9525876],[0.2076473,47.9526594],[0.2076555,47.9527942],[0.2076671,47.9529289],[0.2076718,47.9529556],[0.207689,47.9530082],[0.2077264,47.9530945],[0.2077419,47.9531384],[0.2077484,47.9531651],[0.207764,47.9532544],[0.2077927,47.9533697],[0.2078091,47.9534408],[0.2078677,47.953653],[0.2078967,47.95375],[0.2079134,47.9538119],[0.2079514,47.9539358],[0.2079584,47.9539534],[0.207972,47.9539791],[0.2079973,47.9540208],[0.208046,47.9540941],[0.2080652,47.9541275],[0.2080735,47.9541446],[0.2080802,47.954162],[0.2081185,47.954276],[0.2081573,47.9543807],[0.2081822,47.9544599],[0.2082074,47.9545298],[0.208225,47.9545732],[0.2082414,47.9546075],[0.2084186,47.9549374],[0.2084746,47.9550289],[0.2085744,47.955186],[0.2085964,47.9552188],[0.2086254,47.9552593],[0.2086824,47.9553306],[0.2087092,47.9553618],[0.2087305,47.9553848],[0.2087602,47.9554147],[0.2087835,47.9554368],[0.2088669,47.9555072],[0.2088925,47.9555279],[0.2089711,47.9555891],[0.2090442,47.9556417],[0.2090834,47.9556662],[0.2091343,47.9556954],[0.2092394,47.9557513],[0.2092823,47.9557728],[0.2093489,47.9558032],[0.2095086,47.9558691],[0.2096326,47.9559224],[0.2096903,47.9559452],[0.2097733,47.9559745],[0.2098198,47.9559923],[0.2099336,47.9560396],[0.2100712,47.9560953],[0.2101728,47.9561388],[0.210346,47.956207],[0.210437,47.956245],[0.2105409,47.9562859],[0.2106434,47.9563285],[0.2108698,47.9564244],[0.2109129,47.9564457],[0.2109336,47.9564571],[0.2109533,47.9564693],[0.2109712,47.9564827],[0.2109868,47.9564973],[0.2110068,47.9565207],[0.2110232,47.9565452],[0.2110315,47.9565622],[0.2110402,47.9565884],[0.211045,47.956615],[0.2110455,47.9566329],[0.2110432,47.9566508],[0.2110385,47.9566685],[0.2109993,47.9567732],[0.2109772,47.9568436],[0.2109576,47.9568959],[0.2109489,47.9569223],[0.2109425,47.956949],[0.2109381,47.9569758],[0.2109364,47.9570027],[0.2109372,47.9570206],[0.2109421,47.9570473],[0.2109482,47.9570649],[0.2109565,47.957082],[0.2109671,47.9570985],[0.2109798,47.9571144],[0.2109944,47.9571295],[0.2110104,47.957144],[0.2110362,47.9571647],[0.2110643,47.957184],[0.2110846,47.9571958],[0.2111166,47.9572121],[0.2111497,47.9572274],[0.21124,47.9572659],[0.2113172,47.9573016],[0.2113621,47.9573212],[0.2116134,47.9574244],[0.211724,47.957475],[0.2118491,47.9575273],[0.2119164,47.9575567],[0.2119959,47.9575899],[0.2120961,47.9576349],[0.2121642,47.9576634],[0.2122539,47.9577027],[0.2122882,47.9577168],[0.2123694,47.9577482],[0.21246,47.9577865],[0.2125161,47.957811],[0.2125936,47.9578464],[0.2126952,47.9578899],[0.2128059,47.9579403],[0.2128385,47.957956],[0.212924,47.9579994],[0.212966,47.9580217],[0.2130667,47.9580809],[0.2131523,47.9581373],[0.2132692,47.9582237],[0.2133384,47.9582785],[0.2133798,47.9583139],[0.2134664,47.9583939],[0.2135869,47.9585129],[0.2137113,47.95863],[0.2137927,47.9587013],[0.21386,47.9587573],[0.213886,47.9587779],[0.2139314,47.9588109],[0.2139873,47.9588497],[0.2140352,47.958881],[0.214094,47.9589178],[0.2141451,47.9589468],[0.2142729,47.9590123],[0.2143176,47.9590321],[0.2143642,47.9590499],[0.2144119,47.9590663],[0.2145441,47.9591097],[0.214631,47.9591333],[0.2147536,47.9591694],[0.2148506,47.9591999],[0.2148874,47.9592106],[0.2149249,47.9592202],[0.214963,47.9592287],[0.2150014,47.9592366],[0.2150402,47.9592436],[0.2151575,47.9592617],[0.2152232,47.9592704],[0.215342,47.9592835],[0.2154085,47.9592886],[0.2155287,47.9592939],[0.2156357,47.9592974],[0.2163714,47.959313],[0.216572,47.9593186],[0.2166255,47.9593205],[0.2166655,47.9593229],[0.2167452,47.9593295],[0.2168114,47.959336],[0.2168639,47.9593431],[0.2169156,47.9593527],[0.2169788,47.9593677],[0.2170279,47.9593822],[0.2170516,47.9593905],[0.2170747,47.9593997],[0.2171864,47.9594492],[0.2172301,47.9594699],[0.2172719,47.9594925],[0.2173016,47.9595106],[0.2173205,47.9595233],[0.2173648,47.9595569],[0.21739,47.9595779],[0.217414,47.9595995],[0.2174596,47.9596439],[0.2174874,47.9596746],[0.2175184,47.9597145],[0.2175453,47.9597556],[0.217568,47.9597979],[0.2175829,47.9598325],[0.217592,47.9598588],[0.217604,47.959903],[0.2176111,47.9599386],[0.2176185,47.9600014],[0.2176215,47.9600373],[0.2176218,47.9601362],[0.2176259,47.9601901],[0.2176308,47.9602349],[0.217636,47.9602707],[0.217643,47.9603064],[0.2176516,47.9603418],[0.2176627,47.960377],[0.2176733,47.9604031],[0.217708,47.9604711],[0.2177284,47.9605139],[0.2177382,47.9605307],[0.2177497,47.9605469],[0.2177629,47.9605626],[0.2177845,47.9605853],[0.2178074,47.9606075],[0.2178393,47.9606364],[0.2178645,47.9606575],[0.2178911,47.9606778],[0.2179379,47.96071],[0.218008,47.9607518],[0.2180998,47.9608173],[0.2181294,47.9608355],[0.2182236,47.960886],[0.2183607,47.960958],[0.2185833,47.9610733],[0.2186796,47.961122],[0.2187781,47.9611685],[0.2188782,47.9612136],[0.2189572,47.9612473],[0.2190377,47.9612795],[0.2191547,47.9613232],[0.2192856,47.9613685],[0.219382,47.9613998],[0.2194922,47.9614325],[0.2197398,47.9615008],[0.2199028,47.9615418],[0.2203507,47.9616611],[0.2206631,47.9617416],[0.2209015,47.961801],[0.2209396,47.9618092],[0.2210701,47.9618282],[0.2211097,47.9618326],[0.2211496,47.9618358],[0.221176,47.961839],[0.2212789,47.9618589],[0.2213181,47.9618649],[0.2213577,47.9618694],[0.2213977,47.9618721],[0.221438,47.9618726],[0.2214781,47.9618705],[0.221518,47.9618669],[0.2215575,47.9618617],[0.2215833,47.9618569],[0.2216213,47.961848],[0.2216586,47.9618379],[0.2217431,47.9618106],[0.2219811,47.9617283],[0.2220517,47.9617026],[0.222133,47.9616713],[0.2223209,47.9616023],[0.2223788,47.9615797],[0.2224808,47.9615365],[0.2226363,47.9614663],[0.2230383,47.9612878],[0.2231146,47.9612513],[0.2231814,47.9612212],[0.2232031,47.9612107],[0.2232342,47.9611936],[0.2232736,47.9611691],[0.2232939,47.9611574],[0.2234091,47.9610958],[0.223515,47.9610408],[0.2236664,47.9609522],[0.2236872,47.9609409],[0.2237417,47.9609147],[0.2237627,47.9609036],[0.2238432,47.9608561],[0.2239156,47.9608161],[0.224024,47.9607491],[0.2240984,47.9606972],[0.2241161,47.9606837],[0.2241812,47.9606264],[0.2242427,47.9605675],[0.2242829,47.9605316],[0.2242982,47.9605168],[0.2243458,47.9604626],[0.2243774,47.9604229],[0.2243912,47.9604075],[0.2244291,47.9603705],[0.2244809,47.960318],[0.2245807,47.9602222],[0.2247062,47.9600947],[0.2249027,47.9598909],[0.2249658,47.959822],[0.2250884,47.9596932],[0.2251713,47.9596114],[0.225221,47.959558],[0.2254621,47.9593095],[0.2255192,47.9592486],[0.2255749,47.9591872],[0.2256272,47.9591349],[0.2256781,47.959082],[0.2257466,47.9590153],[0.2257896,47.9589808],[0.22584,47.9589388],[0.2258843,47.958905],[0.2259005,47.9588907],[0.2259153,47.9588757],[0.2259643,47.958822],[0.2260549,47.9587329],[0.2261121,47.9586721],[0.2261874,47.9585977],[0.226363,47.958417],[0.2264551,47.9583178],[0.2264783,47.9582957],[0.2265116,47.9582675],[0.2265267,47.9582526],[0.2265881,47.9581829],[0.2266117,47.9581505],[0.2266244,47.9581347],[0.2266768,47.9580825],[0.2267267,47.9580292],[0.2267742,47.9579856],[0.2268096,47.9579475],[0.2269004,47.9578374],[0.2269714,47.9577406],[0.2270103,47.9576934],[0.2270348,47.9576614],[0.2271574,47.957522],[0.2271899,47.9574827],[0.2272083,47.9574588],[0.2272419,47.9574097],[0.2273117,47.9573126],[0.2273567,47.9572473],[0.2273724,47.9572225],[0.2274167,47.9571472],[0.2274609,47.9570817],[0.2275036,47.9570157],[0.2275705,47.9568981],[0.2275803,47.956872],[0.2275919,47.9568276],[0.2275977,47.95681],[0.2276119,47.9567752],[0.2276244,47.9567495],[0.2276726,47.9566655],[0.2276896,47.9566411],[0.2277208,47.9566011],[0.2277323,47.9565848],[0.2277475,47.9565598],[0.2277658,47.9565258],[0.2277785,47.9565001],[0.2277855,47.9564826],[0.2278036,47.9564115],[0.22781,47.956394],[0.2278177,47.9563768],[0.2278439,47.9563257],[0.2278872,47.9562502],[0.2279289,47.9561648],[0.2279791,47.9560717],[0.2280404,47.9559432],[0.2280789,47.9558666],[0.2281266,47.9557635],[0.2281869,47.9556443],[0.2282296,47.9555496],[0.2282777,47.9554466],[0.2283655,47.9552672],[0.2283758,47.9552411],[0.2283863,47.9551966],[0.228392,47.955179],[0.2284167,47.9551183],[0.2284519,47.9550407],[0.2284946,47.954965],[0.2285593,47.9548564],[0.2285728,47.954831],[0.2285976,47.9547797],[0.2286477,47.9546677],[0.2286785,47.9546083],[0.2287207,47.9545229],[0.2287862,47.9543859],[0.2288165,47.9543169],[0.2288366,47.9542741],[0.2288554,47.9542216],[0.228863,47.9542043],[0.2288774,47.9541791],[0.2289048,47.954138],[0.2289192,47.9541128],[0.2289315,47.954087],[0.2289553,47.9540261],[0.2289676,47.9540005],[0.2289829,47.9539756],[0.2290061,47.9539431],[0.2290203,47.9539178],[0.2290482,47.9538575],[0.2290546,47.95384],[0.2290623,47.9538135],[0.2290688,47.953796],[0.2291222,47.9536848],[0.2291405,47.9536322],[0.2291585,47.9535889],[0.2291714,47.953554],[0.2291971,47.9535029],[0.2292206,47.9534328],[0.229228,47.9534155],[0.2292565,47.953365],[0.2292781,47.9533225],[0.2292976,47.953289],[0.2293064,47.953272],[0.229343,47.9531949],[0.2293721,47.9531164],[0.2293798,47.9530992],[0.2293898,47.9530825],[0.2294066,47.953058],[0.2294311,47.9530162],[0.229453,47.9529834],[0.2294625,47.9529666],[0.2294944,47.9528979],[0.2295321,47.9528116],[0.2295899,47.9526919],[0.2296031,47.9526664],[0.2296332,47.9526164],[0.2296507,47.9525824],[0.2296697,47.9525393],[0.2296971,47.9524698],[0.2297123,47.9524353],[0.2297252,47.9524097],[0.2297585,47.9523509],[0.2297997,47.9522654],[0.229807,47.9522481],[0.2298292,47.952187],[0.2298522,47.9521353],[0.2298651,47.9521097],[0.2299289,47.9519914],[0.2299372,47.9519743],[0.2299473,47.9519482],[0.2299612,47.9519042],[0.2299758,47.9518696],[0.2300593,47.9517081],[0.2300794,47.9516653],[0.2300928,47.9516304],[0.2301005,47.9516132],[0.2301669,47.9514858],[0.2302018,47.9514274],[0.2302196,47.9513935],[0.230265,47.9512994],[0.2302887,47.9512478],[0.2303235,47.9511798],[0.2303673,47.9510854],[0.2304115,47.9509816],[0.2304364,47.9509303],[0.2304519,47.9508959],[0.2304606,47.9508788],[0.2304898,47.9508286],[0.2305117,47.9507861],[0.2305228,47.9507602],[0.2305412,47.9507076],[0.2305712,47.9506292],[0.2305789,47.950612],[0.2306417,47.9504932],[0.2306591,47.9504688],[0.2306803,47.9504458],[0.2306934,47.95043],[0.2307086,47.9504051],[0.2307602,47.9502936],[0.2308084,47.9502004],[0.2308154,47.950183],[0.23083,47.9501391],[0.2308542,47.9500876],[0.2308881,47.9500194],[0.2309175,47.9499691],[0.2309493,47.9499099],[0.230979,47.9498502],[0.2310224,47.9497557],[0.2310669,47.9496805],[0.2311069,47.9495947],[0.2311418,47.9495267],[0.2311957,47.9494062],[0.2312019,47.9493888],[0.2312103,47.9493534],[0.2312157,47.9493358],[0.2312355,47.9492834],[0.2312468,47.9492575],[0.2312705,47.9492059],[0.2313,47.9491462],[0.2313733,47.9489826],[0.2314192,47.9488981],[0.2314504,47.9488293],[0.23146,47.9488125],[0.2314874,47.9487715],[0.2314967,47.9487546],[0.2315197,47.9487029],[0.2315496,47.9486432],[0.2315821,47.9485842],[0.2315929,47.9485582],[0.2316043,47.9485138],[0.2316104,47.9484963],[0.2316442,47.9484184],[0.2316671,47.9483759],[0.231683,47.9483511],[0.2317122,47.9483107],[0.2317654,47.9482187],[0.2317884,47.948167],[0.2318059,47.9481236],[0.2318253,47.9480713],[0.231833,47.948054],[0.231877,47.9479785],[0.2319051,47.9479375],[0.231915,47.9479208],[0.2319768,47.9477924],[0.2320279,47.9476807],[0.2320631,47.9476127],[0.2320765,47.9475778],[0.2321045,47.9474898],[0.2321192,47.9474552],[0.2321795,47.9473359],[0.2322315,47.9472433],[0.2322713,47.9471765],[0.2323271,47.9470658],[0.2323585,47.9470065],[0.2323897,47.9469377],[0.2324158,47.9468866],[0.2324227,47.9468693],[0.2324372,47.9468254],[0.2324503,47.9467722],[0.2324632,47.9467372],[0.2324706,47.9467199],[0.2325199,47.9466172],[0.2325553,47.9465305],[0.2325715,47.9464962],[0.2325851,47.9464708],[0.2326071,47.946438],[0.2326373,47.9463979],[0.2326521,47.9463728],[0.2326804,47.9463034],[0.2327778,47.9461072],[0.2328091,47.9460383],[0.2328193,47.9460122],[0.232837,47.9459596],[0.2328419,47.9459419],[0.2328491,47.9459062],[0.2328623,47.9458621],[0.2328689,47.9458447],[0.2329093,47.9457496],[0.2329232,47.9457242],[0.232954,47.9456744],[0.2329816,47.9456237],[0.2330219,47.9455379],[0.2330538,47.9454505],[0.2330609,47.9454332],[0.2330695,47.9454161],[0.2331153,47.9453412],[0.2331462,47.9453013],[0.2331572,47.9452849],[0.2331765,47.9452513],[0.2331989,47.9452087],[0.2332054,47.9451912],[0.2332145,47.9451466],[0.2332215,47.94512],[0.2332408,47.9450584],[0.2332562,47.9450145],[0.2332607,47.9449966],[0.2332638,47.9449786],[0.2332651,47.9449605],[0.2332634,47.9449423],[0.2332589,47.9449244],[0.2332524,47.9449068],[0.2332447,47.9448895],[0.2332181,47.9448385],[0.233197,47.9448054],[0.2331727,47.9447733],[0.2331517,47.9447503],[0.2331281,47.9447284],[0.2331027,47.9447075],[0.2330414,47.9446598],[0.233018,47.9446379],[0.2329917,47.9446067],[0.2329612,47.9445669],[0.2329449,47.9445423],[0.2329308,47.944517],[0.2329196,47.9444912],[0.2329087,47.944456],[0.2329038,47.9444292],[0.2329021,47.9444023],[0.2329035,47.9443663],[0.2329083,47.9443304],[0.2329152,47.9443038],[0.2329258,47.9442777],[0.2329401,47.9442524],[0.2329761,47.9441943],[0.2329876,47.944178],[0.2330012,47.9441624],[0.2330169,47.9441478],[0.2330338,47.9441338],[0.233061,47.944114],[0.2330899,47.9440952],[0.2331593,47.944053],[0.2332989,47.9439558],[0.2333474,47.9439247],[0.2334172,47.9438826],[0.2334379,47.9438711],[0.2336224,47.9437806],[0.233654,47.9437636],[0.2337027,47.9437327],[0.233758,47.9436939],[0.233777,47.9436814],[0.2338381,47.9436466],[0.2338876,47.9436162],[0.2339157,47.943597],[0.2339335,47.9435836],[0.2339585,47.9435625],[0.233982,47.9435405],[0.2340047,47.9435182],[0.2340182,47.9435026],[0.2340351,47.9434781],[0.2340883,47.9433859],[0.2341211,47.9433366],[0.2341307,47.9433198],[0.234142,47.9432939],[0.2341568,47.94325],[0.2341739,47.9432065],[0.2341995,47.9431554],[0.2342332,47.9430966],[0.2342586,47.9430454],[0.2342782,47.9430024],[0.2343076,47.9429333],[0.2343657,47.9428136],[0.2343915,47.9427625],[0.2344206,47.9426932],[0.2344597,47.9426166],[0.2344959,47.9425394],[0.2345149,47.9425058],[0.2345503,47.9424475],[0.2345855,47.9423796],[0.2345963,47.9423536],[0.2346087,47.9423186],[0.2346272,47.9422567],[0.2346371,47.9422302],[0.2346462,47.9422131],[0.2346735,47.9421718],[0.2347093,47.9421232],[0.2347203,47.9421068],[0.2347297,47.94209],[0.2347753,47.941996],[0.2347826,47.9419787],[0.2347955,47.9419345],[0.2348279,47.941838],[0.2348519,47.9417772],[0.2348672,47.9417334],[0.2348783,47.9417075],[0.2349326,47.9415964],[0.2350226,47.941408],[0.2350905,47.9412715],[0.2351578,47.9411255],[0.235242,47.9409643],[0.2353077,47.940818],[0.2353804,47.9406636],[0.2354076,47.9406034],[0.2354675,47.9404841],[0.2355651,47.9402784],[0.2355959,47.9402189],[0.2356099,47.9401841],[0.2356301,47.9401227],[0.2356379,47.9401055],[0.2356632,47.9400543],[0.2356725,47.9400375],[0.2357064,47.9399885],[0.235716,47.9399717],[0.2357273,47.9399458],[0.2357541,47.9398761],[0.2358052,47.9397644],[0.2358496,47.9396701],[0.2358757,47.939619],[0.2359364,47.9395095],[0.2359907,47.9393984],[0.2360043,47.939373],[0.2360352,47.9393232],[0.2360622,47.939282],[0.2360844,47.9392494],[0.2361424,47.9391685],[0.236174,47.9391189],[0.2361983,47.9390771],[0.2362279,47.9390174],[0.2362355,47.9390002],[0.2362451,47.938974],[0.2362754,47.9388772],[0.2363017,47.9387982],[0.2363146,47.9387632],[0.2363272,47.9387376],[0.2363543,47.9386965],[0.2363634,47.9386796],[0.2363977,47.938602],[0.236481,47.9384311],[0.2365241,47.9383365],[0.2365535,47.938258],[0.2365773,47.9381879],[0.2365824,47.9381703],[0.236592,47.9381257],[0.2366018,47.9380994],[0.2366159,47.938074],[0.2366465,47.9380338],[0.2366951,47.9379597],[0.2367049,47.9379429],[0.2367125,47.9379256],[0.2367217,47.9378993],[0.2367326,47.9378733],[0.2367673,47.9378052],[0.2367903,47.9377442],[0.2367982,47.937727],[0.2368426,47.9376422],[0.236871,47.9376015],[0.2369089,47.9375342],[0.2369299,47.9374821],[0.2369501,47.9374393],[0.2369798,47.9373892],[0.2370273,47.9372955],[0.2370508,47.9372438],[0.2370609,47.9372177],[0.2370658,47.9372],[0.2370767,47.9371464],[0.2371134,47.9370321],[0.23712,47.9370146],[0.2371278,47.9369974],[0.2371419,47.936972],[0.2371637,47.9369391],[0.2371734,47.9369223],[0.2371893,47.936888],[0.2372156,47.936837],[0.2372308,47.9368025],[0.2372396,47.9367855],[0.2372506,47.936769],[0.2373071,47.9366974],[0.2373233,47.9366725],[0.2373306,47.9366551],[0.2373358,47.9366373],[0.2373454,47.9365836],[0.23735,47.9365658],[0.2373534,47.9365571],[0.2373673,47.9365317],[0.2374005,47.9364825],[0.2374099,47.9364656],[0.2374266,47.9364314],[0.2374376,47.9364054],[0.2374519,47.9363615],[0.237459,47.9363442],[0.2374837,47.9362928],[0.2375132,47.9362426],[0.2375371,47.9361911],[0.237553,47.9361474],[0.2375741,47.9360953],[0.2375894,47.9360516],[0.2376005,47.9360256],[0.2376178,47.9359915],[0.2376329,47.9359665],[0.2376548,47.9359337],[0.2376907,47.9358854],[0.2377008,47.9358687],[0.2377084,47.9358514],[0.2377174,47.9358251],[0.237728,47.9357991],[0.237794,47.9356622],[0.2378121,47.9356097],[0.2378193,47.9355923],[0.2378502,47.9355329],[0.237883,47.9354739],[0.2378906,47.9354567],[0.2379068,47.935413],[0.2379145,47.9353958],[0.2379447,47.9353362],[0.2379852,47.9352696],[0.238021,47.9352018],[0.2380486,47.9351608],[0.2380585,47.9351441],[0.2380757,47.9351101],[0.2380959,47.9350578],[0.2381249,47.9350075],[0.2381419,47.9349734],[0.2381814,47.9348875],[0.2382362,47.9347765],[0.2382932,47.9346566],[0.2383215,47.9345872],[0.2383414,47.9345443],[0.2383791,47.9344674],[0.2384073,47.9344169],[0.2384243,47.9343827],[0.2384423,47.9343394],[0.2384598,47.9342867],[0.2384696,47.9342606],[0.2384817,47.9342348],[0.2385002,47.934201],[0.2385077,47.9341838],[0.2385242,47.934131],[0.2385414,47.9340875],[0.2385786,47.9340106],[0.238602,47.9339589],[0.2386241,47.9339165],[0.2386481,47.9338745],[0.2386642,47.9338498],[0.2386928,47.9338092],[0.2387076,47.9337841],[0.2387281,47.9337413],[0.2387501,47.9336988],[0.2387786,47.9336389],[0.2388216,47.9335537],[0.2388544,47.9334852],[0.2388976,47.9334001],[0.238913,47.9333656],[0.2389229,47.9333395],[0.2389427,47.9332596],[0.2389521,47.9332334],[0.2389629,47.9332074],[0.2389832,47.9331645],[0.2390145,47.9331148],[0.2390237,47.9330979],[0.2390744,47.9329861],[0.2390871,47.9329606],[0.2391028,47.9329357],[0.239132,47.9328952],[0.239142,47.9328786],[0.2391507,47.9328615],[0.2391808,47.9327925],[0.2392151,47.9327243],[0.2392475,47.9326557],[0.2392764,47.9325864],[0.2393034,47.9325262],[0.2393175,47.9324823],[0.2393289,47.9324379],[0.239336,47.9324205],[0.2393457,47.9324037],[0.2393743,47.932363],[0.2393902,47.9323382],[0.2394277,47.9322708],[0.2394885,47.9321328],[0.2395642,47.9319792],[0.2396042,47.9318933],[0.2396334,47.9318241],[0.2396874,47.9317036],[0.2397008,47.9316781],[0.2397213,47.9316449],[0.2397353,47.9316196],[0.2397676,47.931551],[0.2398056,47.9314742],[0.2398785,47.9313199],[0.2398893,47.9312939],[0.2399083,47.9312415],[0.2399162,47.9312244],[0.2399666,47.9311314],[0.2400693,47.9309269],[0.2401066,47.9308406],[0.2401267,47.9307977],[0.2401454,47.9307545],[0.2401622,47.9307204],[0.2401768,47.9306857],[0.2402307,47.9305841],[0.240246,47.9305591],[0.2402736,47.9305181],[0.240288,47.9304929],[0.2403242,47.9304156],[0.2403409,47.9303721],[0.2403713,47.9303031],[0.2403996,47.9302526],[0.2404212,47.9302101],[0.2404532,47.9301509],[0.2404745,47.9301083],[0.2404865,47.9300825],[0.2405043,47.9300392],[0.240526,47.9299779],[0.2405349,47.929961],[0.2405595,47.9299192],[0.2405952,47.9298513],[0.2406064,47.9298254],[0.2406179,47.9297902],[0.240625,47.9297728],[0.2406661,47.9296967],[0.2407005,47.9296192],[0.240729,47.9295687],[0.2407349,47.9295512],[0.2407452,47.9295068],[0.2407542,47.9294805],[0.2407654,47.9294546],[0.240788,47.9294123],[0.2408046,47.9293687],[0.24082,47.9293342],[0.2408528,47.9292752],[0.2408886,47.929198],[0.2409231,47.9291395],[0.2409307,47.9291222],[0.2409435,47.9290781],[0.2409506,47.9290608],[0.2409759,47.9290192],[0.2410065,47.9289597],[0.2410414,47.9289013],[0.2410554,47.928876],[0.2411147,47.9287471],[0.2411568,47.9286712],[0.2411902,47.9285934],[0.2412114,47.928523],[0.241219,47.9285058],[0.241228,47.9284888],[0.2412334,47.9284806],[0.2412464,47.9284649],[0.2412694,47.9284429],[0.2412951,47.9284222],[0.2413236,47.9284032],[0.2413544,47.9283859],[0.2413865,47.9283697],[0.2414948,47.9283169],[0.2415502,47.9282918],[0.2415735,47.9282829],[0.2415977,47.9282752],[0.2416477,47.9282623],[0.2417116,47.9282491],[0.2418281,47.9282289],[0.2418536,47.9282234],[0.2418785,47.9282169],[0.2419142,47.9282046],[0.2419831,47.928177],[0.2420167,47.9281623],[0.2420488,47.9281461],[0.2420889,47.9281224],[0.2421171,47.9281032],[0.2421427,47.9280825],[0.242173,47.9280528],[0.2422079,47.9280145],[0.2422258,47.9279904],[0.2422402,47.9279652],[0.242255,47.9279307],[0.2422636,47.9279043],[0.242268,47.9278866],[0.2422728,47.9278598],[0.242277,47.9278241],[0.242278,47.9277972],[0.2422768,47.9277792],[0.2422743,47.9277613],[0.2422702,47.9277435],[0.2422644,47.927726],[0.242254,47.9276999],[0.2421842,47.9275356],[0.2421386,47.9274321],[0.2420923,47.9273194],[0.2420861,47.9273019],[0.2420667,47.9272311],[0.2420442,47.9271425],[0.2420386,47.9271068],[0.2420325,47.927053],[0.2420303,47.927026],[0.2420286,47.926981],[0.2420188,47.9269186],[0.2420169,47.9269005],[0.242017,47.9268823],[0.2420197,47.9268551],[0.2420342,47.9267656],[0.2420389,47.9267478],[0.2420452,47.9267302],[0.242064,47.9266864],[0.2420807,47.9266519],[0.2421255,47.9265667],[0.2421719,47.926492],[0.2421891,47.9264675],[0.2422142,47.9264357],[0.2422297,47.9264108],[0.2422546,47.9263501],[0.2422681,47.9263247],[0.2422926,47.9262828],[0.2423053,47.9262573],[0.2423142,47.926231],[0.242324,47.9261865],[0.2423331,47.9261602],[0.2423455,47.9261345],[0.2423691,47.9260925],[0.2423894,47.9260496],[0.2423994,47.9260329],[0.2424116,47.9260169],[0.242447,47.9259786],[0.2424599,47.9259628],[0.2424709,47.9259462],[0.2424754,47.9259377],[0.2424964,47.9258856],[0.2425097,47.9258602],[0.2425256,47.9258258],[0.2425675,47.9257498],[0.2425794,47.9257239],[0.2425855,47.9257062],[0.242593,47.9256796],[0.2425958,47.9256617],[0.2425968,47.9256435],[0.2425992,47.9256255],[0.2426041,47.9256079],[0.2426108,47.9255905],[0.2426194,47.9255734],[0.2426622,47.9254978],[0.2426937,47.925429],[0.242721,47.9253783],[0.2427407,47.9253352],[0.2427793,47.9252681],[0.2428146,47.9252195],[0.2428251,47.925203],[0.2428551,47.9251434],[0.2428765,47.9251105],[0.2429061,47.9250701],[0.2429112,47.9250618],[0.2429191,47.9250445],[0.2429592,47.9249306],[0.2429764,47.9248687],[0.2429846,47.924824],[0.2429957,47.9247795],[0.2430024,47.9247438],[0.2430142,47.9246902],[0.2430157,47.9246723],[0.2430164,47.9246186],[0.2430186,47.9246008],[0.2430228,47.9245831],[0.2430304,47.9245568],[0.2430366,47.9245394],[0.2430456,47.9245225],[0.2430672,47.9244894],[0.2430751,47.9244721],[0.2430803,47.9244543],[0.2430872,47.9244185],[0.2430927,47.9243826],[0.2430989,47.9243108],[0.2431054,47.924257],[0.243111,47.9241941],[0.2431145,47.9241763],[0.2431361,47.9240966],[0.2431477,47.9240432],[0.2431565,47.9240077],[0.2431674,47.9239451],[0.24317,47.923918],[0.24317,47.9238999],[0.243162,47.9238372],[0.2431561,47.9237473],[0.2431559,47.9237024],[0.2431513,47.9236485],[0.2431566,47.9235946],[0.2431547,47.9235226],[0.2431561,47.9234237],[0.2431575,47.9234057],[0.2431627,47.9233699],[0.2431644,47.923352],[0.2431703,47.9232261],[0.2431789,47.9231543],[0.2431875,47.9231188],[0.2431999,47.9230746],[0.2432031,47.9230567],[0.2432072,47.9230208],[0.2432183,47.9229042],[0.2432174,47.9228232],[0.2432232,47.9227604],[0.243224,47.9227154],[0.2432298,47.9226436],[0.2432319,47.9226256],[0.2432397,47.922581],[0.2432431,47.922527],[0.2432509,47.9224553],[0.2432536,47.9224014],[0.2432639,47.9223298],[0.2432695,47.9222489],[0.2432763,47.9221951],[0.2432858,47.9221325],[0.243289,47.9220426],[0.2432949,47.9219798],[0.2433004,47.921899],[0.2433163,47.9218097],[0.2433178,47.9217917],[0.243318,47.9217647],[0.2433193,47.9217468],[0.2433298,47.9216932],[0.2433319,47.9216753],[0.2433361,47.9215854],[0.2433342,47.9215134],[0.2433389,47.9214596],[0.2433402,47.9214326],[0.2433363,47.9213607],[0.2433364,47.9213337],[0.2433377,47.9213157],[0.243343,47.921289],[0.2433492,47.9212715],[0.2433638,47.9212368],[0.2433688,47.9212191],[0.2433918,47.9210851],[0.2434017,47.9210135],[0.2434068,47.9209506],[0.2434072,47.9209326],[0.2434051,47.9209057],[0.2433986,47.9208609],[0.2433978,47.920843],[0.2433986,47.920825],[0.2434062,47.9207622],[0.2434123,47.9206904],[0.2434234,47.9206279],[0.2434245,47.9205649],[0.2434439,47.9203765],[0.2434497,47.9203047],[0.2434561,47.9201969],[0.2434632,47.9201521],[0.2434808,47.9200903],[0.2434848,47.9200635],[0.2434889,47.9200006],[0.2434959,47.9199469],[0.243506,47.9198302],[0.2435248,47.9196418],[0.2435295,47.9195789],[0.2435325,47.919498],[0.2435421,47.9193903],[0.2435548,47.9193008],[0.2435622,47.919202],[0.2435733,47.9190944],[0.2435846,47.9189417],[0.2435927,47.918879],[0.2435961,47.918825],[0.2436005,47.9187802],[0.2436035,47.9187083],[0.2436083,47.9186634],[0.2436205,47.9185829],[0.2436215,47.918556],[0.2436193,47.918511],[0.2436203,47.918493],[0.2436296,47.9184122],[0.2436407,47.9183406],[0.2436427,47.9182867],[0.2436443,47.9182687],[0.2436545,47.9181881],[0.2436633,47.9181344],[0.2436641,47.9181164],[0.2436631,47.9180805],[0.2436637,47.9180535],[0.2436714,47.9179637],[0.2436784,47.9178649],[0.2436775,47.917847],[0.2436689,47.9177933],[0.2436687,47.9177663],[0.2436711,47.9177394],[0.2436806,47.9176677],[0.2436851,47.9175778],[0.2436926,47.9175151],[0.2436975,47.9174612],[0.2436987,47.9174253],[0.2436967,47.9173803],[0.2436983,47.9173623],[0.2437029,47.9173355],[0.2437048,47.9173176],[0.2437061,47.9172367],[0.2437089,47.9172098],[0.243721,47.9171293],[0.2437253,47.9171115],[0.2437385,47.9170674],[0.2437422,47.9170496],[0.2437453,47.9170227],[0.2437506,47.9168788],[0.2437618,47.9167801],[0.2437697,47.9166634],[0.2437749,47.9166095],[0.2437775,47.9165646],[0.2437874,47.9164569],[0.2437911,47.916403],[0.2438017,47.9162953],[0.2438079,47.9161875],[0.2438163,47.9160977],[0.2438236,47.9159899],[0.2438263,47.915936],[0.2438363,47.9158283],[0.2438384,47.9157653],[0.2438376,47.9157024],[0.2438401,47.9156845],[0.2438461,47.9156578],[0.243849,47.9156399],[0.2438544,47.915523],[0.2438566,47.9155051],[0.2438651,47.9154605],[0.243869,47.9154246],[0.2438733,47.9153347],[0.2438766,47.9152898],[0.2438758,47.9152448],[0.2438765,47.9152268],[0.2438873,47.9151643],[0.2438944,47.9150475],[0.243895,47.9150205],[0.2438936,47.9149575],[0.2438993,47.9148587],[0.243899,47.9148316],[0.2438966,47.9148046],[0.24389,47.9147688],[0.243883,47.9147422],[0.2438592,47.914672],[0.2438438,47.9146376],[0.2438233,47.9145855],[0.2438001,47.9145338],[0.2437876,47.9144895],[0.2437787,47.9144632],[0.2437293,47.9143325],[0.243634,47.914089],[0.2436082,47.9140191],[0.2435771,47.9139409],[0.2435333,47.9138371],[0.2434263,47.9135771],[0.2434132,47.9135517],[0.2434024,47.9135353],[0.2433897,47.9135196],[0.2433748,47.9135047],[0.2433577,47.913491],[0.2433386,47.9134784],[0.243318,47.9134669],[0.2432959,47.9134568],[0.2432722,47.9134484],[0.2432598,47.9134449],[0.2432343,47.9134393],[0.2432079,47.9134358],[0.2431811,47.9134344],[0.2431676,47.9134344],[0.2431541,47.9134351],[0.2431275,47.9134382],[0.2431144,47.9134406],[0.243089,47.9134467],[0.2430525,47.9134583],[0.2430175,47.9134716],[0.2429603,47.9134952],[0.2428655,47.9135294],[0.2428278,47.9135391],[0.2427889,47.9135468],[0.2426977,47.9135626],[0.2424375,47.913605],[0.2423469,47.9136212],[0.2421523,47.9136542],[0.2421128,47.9136592],[0.2419271,47.9136761],[0.2419007,47.9136792],[0.2417968,47.9136964],[0.2416677,47.9137202],[0.2416024,47.9137302],[0.2414841,47.9137454],[0.2414047,47.9137536],[0.2413256,47.9137629],[0.2412864,47.9137689],[0.2411829,47.9137872],[0.2410801,47.9138073],[0.2408866,47.9138433],[0.2407699,47.9138634],[0.2407055,47.9138756],[0.240642,47.9138899],[0.2405678,47.9139106],[0.2405293,47.9139184],[0.2404257,47.9139366],[0.240077,47.9140002],[0.2399472,47.9140222],[0.2399211,47.914026],[0.2398416,47.9140338],[0.2397763,47.9140437],[0.2396088,47.9140754],[0.2395197,47.9140948],[0.23939,47.9141171],[0.2393264,47.914131],[0.2392641,47.9141473],[0.2392132,47.9141585],[0.2391874,47.9141632],[0.239109,47.9141748],[0.2390183,47.9141907],[0.2389164,47.9142128],[0.2388385,47.914226],[0.2387612,47.9142407],[0.2387349,47.914244],[0.2386814,47.9142472],[0.2386549,47.9142496],[0.2386287,47.9142532],[0.2385898,47.9142601],[0.2385513,47.9142678],[0.2384114,47.9142986],[0.238255,47.9143233],[0.2381265,47.9143483],[0.2381012,47.9143543],[0.2380396,47.9143718],[0.2380013,47.91438],[0.2379361,47.9143903],[0.2378591,47.9144056],[0.2378331,47.9144099],[0.2377141,47.9144226],[0.2376747,47.9144281],[0.237365,47.9144854],[0.2372482,47.9145051],[0.2371454,47.9145253],[0.2369902,47.914553],[0.2369123,47.9145662],[0.2367969,47.9145893],[0.2366931,47.9146071],[0.2365769,47.9146284],[0.2364612,47.914651],[0.236267,47.9146851],[0.2361768,47.9147023],[0.2358408,47.9147633],[0.2356473,47.9147992],[0.2355427,47.9148147],[0.2355163,47.9148178],[0.2354498,47.9148238],[0.2354105,47.9148297],[0.2353851,47.9148355],[0.2353242,47.9148549],[0.2352991,47.9148612],[0.2352341,47.9148722],[0.2350924,47.9148989],[0.2350034,47.9149186],[0.2349777,47.9149236],[0.234886,47.9149367],[0.2348211,47.9149475],[0.2346681,47.9149803],[0.2344859,47.9150101],[0.2344207,47.9150201],[0.2343819,47.915027],[0.2343051,47.9150428],[0.2342149,47.9150598],[0.2341126,47.9150812],[0.2340246,47.9151027],[0.2338711,47.9151344],[0.2337952,47.915152],[0.2337199,47.9151707],[0.233545,47.9152159],[0.2334089,47.9152535],[0.2333588,47.9152662],[0.2333342,47.9152732],[0.2332251,47.9153075],[0.2331868,47.9153161],[0.2330702,47.9153379],[0.2330447,47.9153435],[0.2329576,47.9153671],[0.2329088,47.9153823],[0.2328502,47.9154044],[0.2327826,47.9154338],[0.2327614,47.9154449],[0.2327222,47.9154697],[0.2327009,47.9154806],[0.2326777,47.9154897],[0.2326178,47.9155099],[0.2325116,47.915548],[0.2324771,47.9155618],[0.2324206,47.9155859],[0.2323856,47.9155991],[0.2323248,47.915618],[0.232241,47.915646],[0.2321422,47.9156738],[0.2319882,47.9157283],[0.2318073,47.9157867],[0.2316794,47.9158357],[0.2315702,47.9158699],[0.2314885,47.9159007],[0.2313427,47.9159457],[0.2313188,47.9159539],[0.2312958,47.9159631],[0.2312399,47.9159878],[0.2312051,47.9160013],[0.2311323,47.916024],[0.2310725,47.9160443],[0.2309399,47.9160872],[0.2308694,47.9161131],[0.2307847,47.91614],[0.2306298,47.9161933],[0.2305239,47.9162318],[0.230416,47.9162678],[0.2301655,47.9163534],[0.2300588,47.916391],[0.2299744,47.9164183],[0.2298885,47.9164433],[0.2298165,47.9164673],[0.2297919,47.9164744],[0.2297292,47.9164901],[0.2297047,47.9164974],[0.2295978,47.9165347],[0.2294531,47.9165815],[0.2293591,47.9166159],[0.2292777,47.916647],[0.229075,47.9167164],[0.228802,47.916812],[0.2287172,47.916839],[0.2286815,47.9168513],[0.2286466,47.9168646],[0.2285667,47.9168975],[0.2285107,47.9169222],[0.2284059,47.9169622],[0.2282037,47.9170322],[0.2281181,47.9170579],[0.228094,47.9170658],[0.2280247,47.917093],[0.2279798,47.9171127],[0.2279568,47.9171219],[0.2278247,47.9171658],[0.2277415,47.9171949],[0.2276433,47.9172235],[0.2276069,47.917235],[0.2275253,47.9172659],[0.227382,47.9173147],[0.2272882,47.9173494],[0.2272283,47.9173693],[0.2271595,47.9173972],[0.2271355,47.9174052],[0.2270738,47.9174228],[0.2269905,47.9174516],[0.2268891,47.9174954],[0.22679,47.9175415],[0.2267674,47.9175511],[0.2266638,47.9175924],[0.2266079,47.9176171],[0.2265531,47.9176429],[0.2263695,47.9177332],[0.2262631,47.9177878],[0.2261448,47.9178466],[0.2261035,47.9178696],[0.2260035,47.9179294],[0.2259721,47.9179462],[0.2259174,47.9179722],[0.2258213,47.918021],[0.2257995,47.9180314],[0.2257767,47.9180408],[0.2256722,47.9180811],[0.2256065,47.9181121],[0.2254998,47.9181663],[0.2254029,47.9182144],[0.2253823,47.9182259],[0.2253424,47.9182499],[0.2253215,47.9182612],[0.2252996,47.9182715],[0.2252423,47.9182949],[0.2252202,47.9183049],[0.2251458,47.9183432],[0.2250629,47.9183887],[0.2250202,47.9184104],[0.224955,47.918442],[0.2248922,47.9184755],[0.2248247,47.9185047],[0.2247919,47.9185203],[0.2247606,47.9185372],[0.2247111,47.9185675],[0.2246581,47.918595],[0.2246251,47.9186104],[0.224602,47.9186196],[0.2245286,47.9186419],[0.2244936,47.9186554],[0.2244709,47.9186651],[0.2244498,47.9186764],[0.2244109,47.9187014],[0.2243906,47.918713],[0.224336,47.918739],[0.2242116,47.9188072],[0.2241903,47.9188181],[0.2241357,47.918844],[0.2240739,47.9188785],[0.2240204,47.9189056],[0.2239648,47.9189305],[0.2238951,47.9189574],[0.2238273,47.9189863],[0.2237572,47.9190133],[0.2237358,47.9190243],[0.2237259,47.9190305],[0.2236798,47.9190636],[0.223649,47.9190809],[0.2236151,47.9190954],[0.2235328,47.9191257],[0.22351,47.9191348],[0.2233233,47.9192221],[0.2232908,47.9192381],[0.2232495,47.9192611],[0.2232014,47.9192925],[0.2231506,47.9193217],[0.2231011,47.919352],[0.2230378,47.9193852],[0.2230069,47.9194024],[0.2229294,47.9194521],[0.2227829,47.9195307],[0.2227505,47.9195467],[0.2226841,47.919577],[0.2225824,47.9196205],[0.2225021,47.9196529],[0.2224688,47.9196679],[0.2224368,47.9196842],[0.2224067,47.919702],[0.2223302,47.9197523],[0.2222311,47.9198128],[0.2220952,47.9198859],[0.2219202,47.9199835],[0.2218453,47.9200213],[0.221814,47.9200382],[0.2217835,47.9200557],[0.2217249,47.9200927],[0.2217047,47.9201045],[0.2216521,47.9201324],[0.2215803,47.9201728],[0.2212278,47.9203662],[0.2211671,47.9204015],[0.2211048,47.9204356],[0.2209926,47.9204997],[0.2209115,47.9205466],[0.2208521,47.920583],[0.2208335,47.9205959],[0.2207072,47.9206889],[0.2206292,47.9207506],[0.2205711,47.9208],[0.220516,47.920851],[0.2204942,47.9208737],[0.2204694,47.9209056],[0.2204205,47.9209796],[0.2204011,47.9210131],[0.2203878,47.9210386],[0.2203362,47.9211597],[0.2203047,47.9212284],[0.2202792,47.921289],[0.220223,47.9213902],[0.2202005,47.9214327],[0.2201611,47.9215184],[0.2201241,47.9215953],[0.2200828,47.9216903],[0.2200588,47.9217511],[0.2200198,47.9218372],[0.2199983,47.9218798],[0.2199614,47.9219473],[0.2198981,47.9220753],[0.2198744,47.9221173],[0.219847,47.9221583],[0.2198212,47.9221898],[0.2197844,47.9222272],[0.2197515,47.9222557],[0.2197235,47.9222751],[0.2196924,47.9222923],[0.2196703,47.9223026],[0.2196473,47.9223118],[0.2196111,47.9223236],[0.2195612,47.9223367],[0.2195357,47.9223423],[0.2195098,47.9223469],[0.2194702,47.9223516],[0.2193508,47.9223624],[0.2192728,47.9223738],[0.2192462,47.9223764],[0.2192329,47.922377],[0.2192061,47.9223769],[0.2191525,47.922374],[0.2191261,47.9223706],[0.219061,47.9223591],[0.219023,47.9223498],[0.2189617,47.9223313],[0.2188892,47.9223081],[0.2187794,47.9222748],[0.2185977,47.9222175],[0.2185739,47.9222092],[0.2185392,47.9221957],[0.2184156,47.9221417],[0.2183915,47.9221336],[0.218104,47.9220594],[0.2179676,47.9220222],[0.2178694,47.9219935],[0.2178212,47.9219778],[0.2177347,47.9219535],[0.2176616,47.9219312],[0.2176238,47.9219218],[0.2175468,47.9219063],[0.2174946,47.9218981],[0.2174288,47.9218899],[0.2174029,47.9218856],[0.2173394,47.9218716],[0.2172515,47.9218499],[0.2171647,47.9218262],[0.2171157,47.9218116],[0.2170565,47.9217906],[0.2169962,47.9217713],[0.2168653,47.921726],[0.216792,47.9217038],[0.2167168,47.9216846],[0.2166911,47.9216796],[0.216626,47.921669],[0.2166003,47.921664],[0.2164494,47.921627],[0.2162756,47.9215798],[0.2161906,47.9215533],[0.2161532,47.9215435],[0.2161024,47.9215321],[0.2160508,47.9215224],[0.2159357,47.9214988],[0.2158743,47.921481],[0.2158028,47.921457],[0.2157782,47.92145],[0.2157523,47.9214455],[0.2157391,47.9214444],[0.2157124,47.9214437],[0.2156858,47.9214448],[0.2156593,47.921447],[0.21562,47.9214525],[0.2156072,47.9214553],[0.2155825,47.9214624],[0.2155706,47.9214666],[0.2155481,47.9214764],[0.2155272,47.9214879],[0.2155176,47.9214943],[0.2155006,47.9215084],[0.2154872,47.9215241],[0.2154717,47.9215491],[0.2154587,47.9215747],[0.2154485,47.9216009],[0.2154087,47.921724],[0.2153643,47.9218555],[0.2153094,47.9220039],[0.2153043,47.9220216],[0.2152964,47.9220572],[0.2152849,47.9221015],[0.2152613,47.9221808],[0.21523,47.9222683],[0.2152125,47.9223301],[0.2151751,47.9224443],[0.2151432,47.9225317],[0.2150586,47.922777],[0.2150357,47.922838],[0.2150118,47.9229081],[0.2149823,47.9229866],[0.2149598,47.923057],[0.2148671,47.9233195],[0.2148353,47.9234068],[0.2147605,47.923626],[0.2147163,47.9237483],[0.2146025,47.9240722],[0.2145641,47.9241954],[0.2145527,47.9242397],[0.2145472,47.9242573],[0.2145369,47.9242834],[0.2145025,47.9243609],[0.2144789,47.9244311],[0.2144626,47.9244839],[0.2144189,47.9245878],[0.2143882,47.9246753],[0.2143667,47.9247458],[0.2143563,47.9248084],[0.2143488,47.9248349],[0.2143399,47.9248613],[0.2142629,47.9250708],[0.2142524,47.9250969],[0.2142321,47.9251397],[0.2141997,47.925227],[0.2141762,47.9252784],[0.2141535,47.9253207],[0.2141458,47.925338],[0.2141401,47.9253556],[0.2141296,47.9254],[0.214122,47.9254265],[0.2140789,47.9255491],[0.2140667,47.9255748],[0.2140422,47.9256167],[0.2140341,47.9256338],[0.2140275,47.9256513],[0.2140202,47.9256779],[0.2140089,47.9257313],[0.2139945,47.9257844],[0.2139798,47.9258465],[0.2139695,47.9259091],[0.213962,47.9259447],[0.213955,47.9259713],[0.213949,47.9259888],[0.2139239,47.9260494],[0.2139071,47.9260836],[0.2138972,47.9261003],[0.2138746,47.926133],[0.2138375,47.9261908],[0.2138184,47.9262244],[0.2138079,47.9262505],[0.2137974,47.9263041],[0.213792,47.9263217],[0.2137851,47.9263391],[0.2137414,47.9264336],[0.2137174,47.9264756],[0.2136869,47.9265351],[0.2136764,47.9265517],[0.2136638,47.9265675],[0.2136266,47.926605],[0.2136137,47.9266208],[0.2136036,47.9266375],[0.2135862,47.9266715],[0.2135663,47.9267049],[0.2135558,47.9267215],[0.213533,47.926754],[0.2135129,47.9267873],[0.2134599,47.9268892],[0.2134455,47.9269144],[0.2134109,47.9269631],[0.2133726,47.9270205],[0.2133594,47.9270362],[0.2133311,47.9270668],[0.2133185,47.9270827],[0.2133079,47.9270992],[0.2132893,47.9271426],[0.213275,47.9271679],[0.2132565,47.9271919],[0.2132038,47.9272546],[0.2131855,47.9272786],[0.2131696,47.9273034],[0.213151,47.9273372],[0.2131344,47.9273618],[0.2131156,47.9273856],[0.2130815,47.9274243],[0.2130091,47.9275104],[0.2129671,47.9275666],[0.212935,47.9276161],[0.2129172,47.9276403],[0.2128841,47.9276794],[0.2128292,47.9277412],[0.2128163,47.927757],[0.2127565,47.9278374],[0.2127291,47.9278784],[0.212698,47.9279182],[0.2126747,47.9279506],[0.21265,47.9279826],[0.2126404,47.9279994],[0.2126254,47.9280339],[0.21259,47.9280922],[0.212573,47.9281166],[0.2125471,47.9281481],[0.2124946,47.9282003],[0.2124747,47.9282238],[0.2124417,47.9282731],[0.2124126,47.9283135],[0.2122887,47.928473],[0.2122531,47.9285213],[0.212204,47.9285853],[0.2121587,47.9286404],[0.2121474,47.9286567],[0.2121226,47.9286985],[0.2121116,47.9287149],[0.2120672,47.9287703],[0.2120342,47.9288195],[0.2120162,47.9288436],[0.2119975,47.9288675],[0.2119516,47.9289224],[0.2119154,47.9289602],[0.2118536,47.9290297],[0.211843,47.9290462],[0.2118198,47.929098],[0.2118052,47.9291231],[0.2117183,47.9292447],[0.2116794,47.9293019],[0.2116359,47.9293577],[0.2116245,47.9293739],[0.2116111,47.9293993],[0.2115944,47.929443],[0.2115803,47.9294683],[0.2115679,47.9294844],[0.2114969,47.9295607],[0.2114572,47.9296076],[0.2114212,47.9296558],[0.2113249,47.9297944],[0.2112833,47.9298507],[0.2112644,47.9298745],[0.2112312,47.9299134],[0.2111878,47.9299587],[0.2111373,47.9300223],[0.2110659,47.930119],[0.211038,47.9301697],[0.2110209,47.9301941],[0.2109247,47.9303126],[0.2108432,47.9304056],[0.2108273,47.9304201],[0.2107604,47.9304763],[0.2107458,47.9304914],[0.2106979,47.9305455],[0.2106689,47.9305757],[0.2106228,47.9306199],[0.2105494,47.9306951],[0.2104728,47.9307688],[0.2104098,47.930827],[0.2103886,47.9308499],[0.2103555,47.930889],[0.210271,47.93097],[0.2102411,47.9309999],[0.2101939,47.9310435],[0.21018,47.9310589],[0.2101497,47.9310991],[0.2101356,47.9311144],[0.2100794,47.9311649],[0.2099541,47.9312815],[0.2098819,47.9313463],[0.2098119,47.9314122],[0.2097136,47.9315086],[0.2096767,47.9315461],[0.2096355,47.9315925],[0.2095722,47.9316613],[0.2095136,47.931732],[0.2094584,47.9317937],[0.2094015,47.931865],[0.209311,47.9319855],[0.2092763,47.9320341],[0.2092456,47.9320741],[0.2092316,47.9320894],[0.2092238,47.9320967],[0.2091889,47.9321241],[0.2091729,47.9321385],[0.2091592,47.9321539],[0.2091474,47.9321701],[0.2090897,47.932261],[0.2090763,47.9322864],[0.2090493,47.9323653],[0.2090306,47.9324361],[0.2090161,47.93248],[0.2090127,47.9324979],[0.2089973,47.9326234],[0.2089954,47.9326503],[0.2089954,47.9326773],[0.2090009,47.9327582],[0.2090051,47.932794],[0.2090104,47.9328208],[0.2090195,47.9328562],[0.209033,47.9329184],[0.2090444,47.9329535],[0.2090681,47.9330144],[0.209124,47.9331345],[0.2091385,47.9331597],[0.2091749,47.9332178],[0.2092504,47.9333231],[0.209277,47.9333543],[0.2093212,47.9333993],[0.2093759,47.9334504],[0.2094177,47.9334855],[0.2095581,47.933594],[0.2096387,47.9336542],[0.2099045,47.9338442],[0.2100592,47.9339563],[0.2100851,47.9339769],[0.2101176,47.9340056],[0.2101347,47.9340194],[0.2103337,47.9341652],[0.2104134,47.9342259],[0.2104819,47.9342812],[0.210548,47.9343378],[0.2106014,47.9343781],[0.2106424,47.9344135],[0.2106569,47.9344286],[0.2106699,47.9344443],[0.2107118,47.9345006],[0.2107288,47.934525],[0.2107496,47.9345581],[0.210774,47.9345999],[0.2108153,47.9346759],[0.210858,47.9347417],[0.2108676,47.9347585],[0.210875,47.9347758],[0.2108833,47.9348022],[0.2109022,47.9348821],[0.2109184,47.934935],[0.2109229,47.9349618],[0.2109248,47.9349978],[0.2109168,47.9351145],[0.2109164,47.9351415],[0.2109175,47.9351775],[0.2109166,47.9352045],[0.2109109,47.9352583],[0.2109009,47.9353028],[0.2108984,47.9353207],[0.2108981,47.9354017],[0.2108951,47.9354557],[0.2108894,47.9355275],[0.2108737,47.935662],[0.2108705,47.9356799],[0.2108552,47.935742],[0.2108421,47.9358405],[0.2108318,47.9359031],[0.2108174,47.9359744],[0.2107883,47.9360987],[0.2107801,47.9361251],[0.2107682,47.9361508],[0.2107226,47.9362352],[0.2106897,47.9363037],[0.2106706,47.9363373],[0.2106429,47.9363782],[0.2106011,47.9364345],[0.2105756,47.9364661],[0.2105415,47.9365048],[0.2104759,47.9365726],[0.2104451,47.9366021],[0.2104039,47.9366375],[0.2103603,47.9366717],[0.2103241,47.9366982],[0.2102774,47.9367304],[0.2102385,47.9367552],[0.2101986,47.9367792],[0.210057,47.9368617],[0.2098793,47.9369572],[0.2097967,47.9370029],[0.2096862,47.9370683],[0.2096077,47.9371172],[0.2095699,47.9371426],[0.2095334,47.9371689],[0.2094983,47.937196],[0.2094556,47.9372306],[0.2094221,47.9372587],[0.209398,47.9372803],[0.209337,47.9373394],[0.2092936,47.9373848],[0.2092594,47.9374234],[0.2092205,47.9374706],[0.20919,47.9375106],[0.2091673,47.9375432],[0.2091416,47.9375846],[0.2091176,47.9376265],[0.2091,47.9376605],[0.20908,47.9377033],[0.2090622,47.9377466],[0.2090429,47.9377989],[0.2090293,47.9378429],[0.2090185,47.9378873],[0.2090099,47.9379319],[0.2090036,47.9379766],[0.2089982,47.9380304],[0.2089964,47.9380753],[0.2089971,47.9381203],[0.2090003,47.9381652],[0.209007,47.9382189],[0.209015,47.9382636],[0.2090252,47.938308],[0.2090401,47.938361],[0.2090541,47.938405],[0.2090713,47.9384485],[0.2090917,47.9384913],[0.2091185,47.9385421],[0.2091611,47.9386178],[0.2091767,47.9386427],[0.2091997,47.9386752],[0.2092299,47.9387153],[0.2092556,47.9387468],[0.20929,47.9387854],[0.2093264,47.9388231],[0.2093641,47.9388602],[0.2094035,47.9388965],[0.2094364,47.9389249],[0.2094791,47.9389594],[0.2095233,47.9389932],[0.2095687,47.9390262],[0.2096342,47.9390712],[0.209731,47.9391334],[0.2097614,47.939151],[0.2098545,47.9392024],[0.2099462,47.9392549],[0.210047,47.9393139],[0.2100965,47.9393442],[0.2101545,47.9393815],[0.2102017,47.9394134],[0.2102287,47.9394333],[0.2102542,47.9394542],[0.2102858,47.9394832],[0.2103776,47.9395717],[0.2104046,47.9396028],[0.2104417,47.9396506],[0.2104587,47.939675],[0.2104744,47.9396999],[0.2105071,47.9397589],[0.2105192,47.9397846],[0.2105376,47.9398278],[0.2105501,47.9398627],[0.2105703,47.9399425],[0.2105781,47.9399782],[0.2105829,47.9400141],[0.2105852,47.9400501],[0.2105839,47.9400951],[0.2105795,47.940149],[0.2105736,47.9401938],[0.2105605,47.9402742],[0.210554,47.9403099],[0.2105351,47.9403899],[0.2104946,47.9405768],[0.2104354,47.9408345],[0.2104084,47.9409591],[0.2103833,47.9410657],[0.210329,47.9413148],[0.2102673,47.9415905],[0.2102447,47.9417064],[0.2102344,47.941769],[0.2102304,47.9418049],[0.2102248,47.9419037],[0.2102245,47.9419397],[0.2102289,47.9420295],[0.2102371,47.9421103],[0.2102431,47.942146],[0.2102583,47.9422172],[0.210341,47.9425726],[0.2103542,47.9426348],[0.210371,47.9427421],[0.2103729,47.9427781],[0.2103716,47.942814],[0.2103636,47.9428948],[0.210355,47.9429484],[0.2103442,47.9429928],[0.2103263,47.9430453],[0.2103093,47.9430888],[0.2102799,47.943158],[0.2102278,47.9432696],[0.2101374,47.9434485],[0.2101281,47.9434653],[0.2100971,47.9435152],[0.2100753,47.9435577],[0.2100565,47.9436008],[0.2100113,47.9437138],[0.2099749,47.9438003],[0.2098415,47.9441394],[0.2098335,47.9441659],[0.2098262,47.9442016],[0.2098214,47.9442193],[0.20979,47.9443067],[0.2097685,47.9443771],[0.2097549,47.9444302],[0.2097437,47.9444837],[0.2097355,47.9445102],[0.2097259,47.9445365],[0.2096825,47.9446405],[0.2096554,47.9447101],[0.2096397,47.9447446],[0.2096261,47.94477],[0.2095967,47.9448202],[0.2095502,47.9448949],[0.2095281,47.9449278],[0.2095145,47.9449532],[0.2094718,47.9450667],[0.2094292,47.9451707],[0.2093114,47.9454661],[0.2092898,47.945518],[0.2092453,47.9456311],[0.209199,47.9457438],[0.2091723,47.9458041],[0.2091221,47.9459066],[0.209107,47.9459412],[0.2090956,47.9459764],[0.2090881,47.9460121],[0.2090828,47.946048],[0.2090784,47.9460929],[0.2090664,47.9461643],[0.2090573,47.9462361],[0.2090523,47.9462629],[0.2090473,47.9462806],[0.2090236,47.9463508],[0.2090108,47.9463949],[0.2089981,47.9464299],[0.2089633,47.9465167],[0.208923,47.9466118],[0.2088567,47.9467768],[0.2088416,47.9468113],[0.2088288,47.946837],[0.2088137,47.9468621],[0.2088021,47.9468783],[0.2087892,47.9468941],[0.2087679,47.9469171],[0.2087445,47.946939],[0.2087276,47.946953],[0.2087004,47.9469729],[0.2086811,47.9469853],[0.2086607,47.946997],[0.2086393,47.9470078],[0.208617,47.9470177],[0.2085824,47.9470313],[0.2085344,47.9470472],[0.2084602,47.9470678],[0.2084239,47.9470792],[0.2083769,47.9470965],[0.2083319,47.947116],[0.2083004,47.9471328],[0.2082721,47.9471521],[0.2082389,47.9471804],[0.2082085,47.94721],[0.2081815,47.947241],[0.2081578,47.9472732],[0.2081378,47.9473066],[0.2081296,47.9473238],[0.2081227,47.9473412],[0.2080908,47.947447],[0.2080141,47.947721],[0.2079868,47.9478274],[0.2079501,47.94796],[0.2079388,47.9479951],[0.2079288,47.9480212],[0.2079166,47.9480468],[0.2079019,47.948072],[0.2078896,47.9480881],[0.2078824,47.9480958],[0.2078657,47.9481101],[0.2078563,47.9481167],[0.2078356,47.9481286],[0.2078129,47.9481387],[0.2078007,47.9481428],[0.2077753,47.9481491],[0.2076586,47.9481694],[0.2076202,47.9481771],[0.2075831,47.9481876],[0.2075599,47.9481965],[0.207549,47.9482018],[0.2075388,47.9482077],[0.2075202,47.9482207],[0.2074965,47.9482423],[0.2074832,47.9482579],[0.2074776,47.9482661],[0.2074685,47.948283],[0.2074652,47.9482917],[0.2074628,47.9483006],[0.2074604,47.9483185],[0.2074602,47.9483365],[0.2074618,47.9483545],[0.2074707,47.9484081],[0.2074799,47.9484527],[0.2074891,47.9484883],[0.2074917,47.9485063],[0.2074904,47.9485424],[0.2074834,47.9485963],[0.2074831,47.9486233],[0.2074874,47.9486952],[0.2074935,47.94874],[0.2075032,47.9488293],[0.2075052,47.9488563],[0.2075061,47.9489193],[0.2075084,47.9489733],[0.2075117,47.9491262],[0.2075152,47.949225],[0.2075196,47.9492519],[0.2075314,47.9492967],[0.2075347,47.9493241],[0.207534,47.9493515],[0.2075301,47.9493789],[0.207515,47.9494415],[0.207494,47.9495202],[0.2074912,47.9495377],[0.2074902,47.9495553],[0.2074919,47.9495816],[0.2075038,47.9496705],[0.2075088,47.9497157],[0.2075172,47.9498327],[0.2075251,47.9499225],[0.2075307,47.9500662],[0.2075374,47.9501921],[0.2075399,47.9502731],[0.2075433,47.9503361],[0.2075451,47.9504259],[0.2075525,47.9505605],[0.20756,47.9507676],[0.2075673,47.9509112]]}},{"type":"Feature","properties":{"role":"surface","rings":["outer","inner"],"area_m2":null},"geometry":{"type":"Polygon","coordinates":[[[0.2074429,47.9509147],[0.2074436,47.9509505],[0.2074485,47.9510397],[0.2074545,47.9511204],[0.2074561,47.9512198],[0.2074629,47.9513461],[0.2074647,47.9514268],[0.2074728,47.95157],[0.2074766,47.951678],[0.2074823,47.9517992],[0.2074803,47.9518235],[0.207476,47.95184],[0.2074555,47.9518824],[0.2074281,47.9519465],[0.2074208,47.9519664],[0.2074186,47.9519766],[0.2074174,47.9519868],[0.2074172,47.952007],[0.2074265,47.952191],[0.2074279,47.9522641],[0.207431,47.952314],[0.2074339,47.9523351],[0.2074366,47.9523456],[0.2074451,47.952366],[0.2074787,47.9524314],[0.2074884,47.952448],[0.2075077,47.9524772],[0.2075108,47.9524842],[0.2075141,47.9524985],[0.2075156,47.9525728],[0.2075259,47.952762],[0.2075283,47.9528349],[0.2075331,47.9529277],[0.2075352,47.9529477],[0.2075374,47.9529578],[0.2075406,47.952968],[0.2075493,47.9529881],[0.2075692,47.9530266],[0.2075806,47.9530447],[0.2076114,47.9530876],[0.2076278,47.9531124],[0.2076455,47.9531444],[0.2076522,47.9531601],[0.2076585,47.9531843],[0.2076712,47.9532542],[0.2077044,47.953379],[0.2077205,47.9534511],[0.2077394,47.9535132],[0.2077808,47.9536641],[0.207808,47.9537443],[0.2078275,47.9538149],[0.2078762,47.9539636],[0.2078901,47.9540017],[0.2079716,47.9542051],[0.2080018,47.9542753],[0.2080341,47.9543453],[0.2080785,47.9544475],[0.2081082,47.9545091],[0.2081395,47.9545814],[0.2082228,47.9547457],[0.2082556,47.9548055],[0.2082942,47.9548727],[0.208359,47.9549924],[0.2084901,47.9552003],[0.2085186,47.9552428],[0.2085494,47.9552857],[0.2086161,47.9553683],[0.2086369,47.9553924],[0.2086589,47.955416],[0.2086897,47.9554467],[0.2087138,47.9554693],[0.2087398,47.9554911],[0.2088381,47.9555701],[0.2089191,47.955634],[0.2089565,47.9556622],[0.2089959,47.9556896],[0.2090272,47.9557092],[0.2090707,47.9557338],[0.2091578,47.9557787],[0.2092221,47.9558137],[0.209256,47.9558304],[0.2093255,47.9558614],[0.209529,47.9559459],[0.2096846,47.9560064],[0.2097668,47.956036],[0.2098006,47.956049],[0.2100176,47.956138],[0.210117,47.9561826],[0.2102003,47.9562129],[0.2102353,47.9562265],[0.21059,47.9563697],[0.2106792,47.9564075],[0.2107679,47.9564479],[0.2108426,47.9564789],[0.2108702,47.9564922],[0.2108948,47.9565063],[0.2109084,47.9565168],[0.2109199,47.9565283],[0.2109397,47.9565522],[0.2109479,47.9565648],[0.2109538,47.9565778],[0.2109575,47.956591],[0.2109599,47.9566105],[0.2109601,47.9566304],[0.2109564,47.9566514],[0.2109492,47.9566743],[0.2109344,47.9567165],[0.2109133,47.9567696],[0.2108938,47.9568319],[0.2108708,47.9568926],[0.2108618,47.9569203],[0.210851,47.9569603],[0.2108465,47.9569814],[0.210844,47.9570034],[0.2108441,47.957026],[0.2108469,47.9570488],[0.2108529,47.9570716],[0.2108625,47.9570939],[0.2108686,47.9571046],[0.2108835,47.9571252],[0.2109013,47.9571444],[0.2109209,47.9571624],[0.2109518,47.9571876],[0.2109843,47.9572105],[0.211018,47.9572317],[0.2110525,47.9572512],[0.2110881,47.9572686],[0.2111125,47.9572788],[0.2111971,47.9573111],[0.2112195,47.957321],[0.2112846,47.9573527],[0.2114084,47.9574078],[0.2114659,47.9574319],[0.2115677,47.9574722],[0.2116791,47.9575211],[0.211759,47.9575548],[0.2118168,47.9575782],[0.2118846,47.9576081],[0.2119846,47.95765],[0.2120512,47.9576807],[0.2121869,47.95774],[0.2122336,47.9577589],[0.2123062,47.9577844],[0.2123405,47.9577978],[0.2124392,47.9578407],[0.2125285,47.9578813],[0.2126635,47.9579383],[0.2127594,47.9579834],[0.2127901,47.957999],[0.2130021,47.9581186],[0.2130209,47.95813],[0.2130903,47.9581757],[0.2131988,47.9582531],[0.2132427,47.9582858],[0.2133006,47.9583321],[0.2134098,47.9584316],[0.213547,47.9585647],[0.2136494,47.9586607],[0.2137156,47.9587191],[0.2138006,47.9587912],[0.2138271,47.9588125],[0.2138555,47.9588329],[0.2139328,47.9588862],[0.2140528,47.9589638],[0.2140847,47.9589819],[0.2141623,47.959021],[0.2142397,47.959062],[0.2142634,47.9590727],[0.2143005,47.9590871],[0.2144252,47.9591291],[0.214449,47.9591382],[0.2145084,47.9591627],[0.2145328,47.9591715],[0.2145697,47.9591832],[0.2146911,47.9592196],[0.2147773,47.959244],[0.2148293,47.9592577],[0.2148696,47.9592675],[0.2149106,47.9592764],[0.2149786,47.9592898],[0.2150192,47.9592968],[0.2151272,47.9593126],[0.2151818,47.9593193],[0.2153186,47.9593331],[0.2153599,47.9593364],[0.2154014,47.9593388],[0.2156463,47.9593472],[0.216369,47.9593624],[0.2166329,47.9593695],[0.2166971,47.9593731],[0.216798,47.9593818],[0.2168466,47.9593885],[0.2168944,47.9593977],[0.2169529,47.9594116],[0.2169972,47.9594247],[0.2170287,47.9594367],[0.2170908,47.9594658],[0.2171657,47.9594989],[0.2171961,47.9595134],[0.2172249,47.9595291],[0.217252,47.9595458],[0.217269,47.9595576],[0.2173166,47.9595952],[0.2173617,47.9596352],[0.2174117,47.9596839],[0.2174367,47.9597129],[0.2174639,47.9597505],[0.2174874,47.9597892],[0.2175032,47.9598207],[0.2175164,47.9598527],[0.2175274,47.9598855],[0.2175371,47.9599188],[0.2175421,47.959944],[0.2175472,47.9599954],[0.2175502,47.9600389],[0.2175512,47.9600739],[0.2175501,47.9601467],[0.2175544,47.9602112],[0.2175586,47.9602483],[0.2175645,47.9602857],[0.2175811,47.9603611],[0.2175867,47.9603801],[0.2175971,47.9604082],[0.2176311,47.960479],[0.2176473,47.9605253],[0.2176568,47.9605444],[0.2176694,47.9605632],[0.2176843,47.9605812],[0.2177248,47.9606233],[0.217767,47.9606626],[0.2178126,47.9606998],[0.2178716,47.9607415],[0.2179017,47.9607611],[0.2179316,47.9607793],[0.2179497,47.9607919],[0.2179811,47.9608202],[0.2180326,47.9608646],[0.2180518,47.9608789],[0.2180733,47.9608917],[0.2181614,47.9609389],[0.2182993,47.9610113],[0.218533,47.9611324],[0.2186315,47.961182],[0.2187551,47.9612396],[0.2188695,47.96129],[0.2189756,47.9613333],[0.2190834,47.961374],[0.2192163,47.9614206],[0.2193272,47.9614571],[0.2194153,47.9614837],[0.2195528,47.9615226],[0.2197033,47.961564],[0.2198788,47.9616076],[0.2200264,47.9616487],[0.2201148,47.9616717],[0.2202131,47.9616994],[0.2203003,47.9617227],[0.2208813,47.9618721],[0.2209099,47.9618777],[0.2209247,47.9618796],[0.2209544,47.9618819],[0.2210542,47.9618872],[0.2210956,47.9618882],[0.2211357,47.9618879],[0.2211609,47.9618894],[0.2211854,47.961893],[0.2212487,47.9619055],[0.2212904,47.9619123],[0.2213344,47.9619175],[0.2213794,47.9619212],[0.2214247,47.9619229],[0.221455,47.9619222],[0.2215455,47.9619144],[0.2215755,47.9619107],[0.2216048,47.9619058],[0.2216333,47.9618999],[0.2216745,47.9618894],[0.2217397,47.9618687],[0.2218965,47.9618142],[0.2219922,47.9617822],[0.2223738,47.9616451],[0.2224214,47.9616267],[0.2224909,47.9615977],[0.2225361,47.9615775],[0.2226905,47.9615056],[0.2228699,47.9614263],[0.2230263,47.9613559],[0.2231059,47.9613212],[0.2232515,47.9612534],[0.2232835,47.9612348],[0.2233213,47.9612079],[0.2233408,47.9611956],[0.223443,47.9611395],[0.2235296,47.9610962],[0.2235618,47.9610791],[0.2236551,47.9610262],[0.2237235,47.960986],[0.2237452,47.9609758],[0.2237806,47.9609617],[0.2238041,47.9609514],[0.223889,47.9609058],[0.223978,47.9608637],[0.2240194,47.9608385],[0.224063,47.9608145],[0.2240842,47.9608016],[0.2241429,47.9607602],[0.224172,47.960741],[0.2241901,47.9607275],[0.2242063,47.9607125],[0.2242296,47.9606882],[0.2242748,47.9606397],[0.2243231,47.9605837],[0.2244428,47.960459],[0.2244825,47.9604157],[0.2245281,47.9603617],[0.2245632,47.9603234],[0.2246453,47.9602409],[0.2249038,47.9599662],[0.2249623,47.9599059],[0.225025,47.9598371],[0.22509,47.9597683],[0.2251449,47.9597073],[0.2252126,47.9596405],[0.2252627,47.9595867],[0.2254134,47.9594284],[0.2254804,47.95936],[0.2255441,47.959291],[0.2256059,47.9592215],[0.2256275,47.959199],[0.2256728,47.9591553],[0.2257214,47.9591016],[0.2257736,47.9590514],[0.22579,47.9590377],[0.2258387,47.9590066],[0.2258958,47.9589684],[0.2259474,47.9589367],[0.2259569,47.9589295],[0.2259742,47.9589142],[0.2259899,47.9588984],[0.2260394,47.9588449],[0.2261296,47.9587547],[0.2261922,47.9586863],[0.2262665,47.9586111],[0.2264274,47.9584448],[0.2265193,47.9583461],[0.2265435,47.9583252],[0.2265813,47.9582987],[0.2265979,47.9582837],[0.2266256,47.9582512],[0.226662,47.9582116],[0.2266732,47.9581949],[0.226687,47.9581699],[0.2266995,47.9581551],[0.2267298,47.9581271],[0.2267894,47.958068],[0.2267976,47.9580611],[0.2268256,47.9580416],[0.2268438,47.9580278],[0.2268684,47.9580046],[0.2268911,47.9579798],[0.2269527,47.9579053],[0.2270209,47.9578306],[0.227089,47.9577434],[0.2271228,47.957694],[0.2271644,47.9576486],[0.2272092,47.957595],[0.2272414,47.957554],[0.2272791,47.9575033],[0.2272971,47.957478],[0.2273471,47.9574036],[0.2274132,47.9573146],[0.2274608,47.9572468],[0.2275142,47.9571568],[0.2275892,47.957039],[0.2276178,47.9569873],[0.2276547,47.9569259],[0.2276622,47.9569068],[0.2276644,47.9568971],[0.2276677,47.9568499],[0.2276704,47.9568323],[0.2276756,47.9568153],[0.2276829,47.9567988],[0.2276996,47.9567663],[0.2277477,47.9566852],[0.2277658,47.9566619],[0.227801,47.9566235],[0.2278186,47.9565988],[0.2278283,47.9565813],[0.2278557,47.9565255],[0.2278639,47.9565065],[0.2278688,47.9564875],[0.2278736,47.9564329],[0.2278769,47.9564158],[0.2278828,47.9563992],[0.2278902,47.9563828],[0.2279153,47.9563335],[0.2279539,47.9562661],[0.227988,47.9561876],[0.2280051,47.9561539],[0.2280373,47.9560949],[0.2280657,47.9560247],[0.2280812,47.9559901],[0.2281062,47.9559387],[0.2281377,47.9558793],[0.2281638,47.9558187],[0.2281921,47.9557591],[0.2282133,47.9557168],[0.228245,47.955657],[0.2282793,47.9555787],[0.2283231,47.9554846],[0.2284196,47.955287],[0.2284494,47.955216],[0.2284802,47.9551578],[0.2285088,47.9551],[0.2285261,47.955058],[0.2285764,47.9549475],[0.2286467,47.9548095],[0.2286923,47.9547052],[0.22874,47.9546125],[0.2288236,47.9544412],[0.2288514,47.9543803],[0.2288713,47.9543279],[0.2288928,47.9542851],[0.2289127,47.9542423],[0.2289252,47.954218],[0.2289819,47.9541169],[0.2289898,47.9540991],[0.2290052,47.9540552],[0.2290204,47.9540224],[0.2290346,47.9539986],[0.2290465,47.9539828],[0.229067,47.9539585],[0.2290781,47.9539412],[0.2290933,47.953905],[0.2291138,47.9538608],[0.2291167,47.9538519],[0.229125,47.9538162],[0.2291346,47.9537906],[0.2291753,47.9537044],[0.2291974,47.9536513],[0.2292241,47.9536011],[0.2292655,47.9535159],[0.2292972,47.9534387],[0.2293367,47.9533652],[0.2294541,47.953116],[0.2294643,47.9531008],[0.2294912,47.9530713],[0.2295384,47.9530168],[0.2295451,47.9530083],[0.229556,47.95299],[0.2296061,47.9528829],[0.2296241,47.9528402],[0.2296546,47.9527724],[0.2296996,47.9526808],[0.22974,47.9526027],[0.2297819,47.9525037],[0.2298157,47.9524314],[0.2298928,47.952283],[0.2299277,47.9521967],[0.2299422,47.9521641],[0.2300003,47.9520465],[0.2300285,47.9519922],[0.2300397,47.9519644],[0.2300545,47.9519121],[0.2300643,47.9518876],[0.2301108,47.951806],[0.2301411,47.9517557],[0.230173,47.9516944],[0.2302257,47.9515749],[0.2302689,47.9514924],[0.2303214,47.9513879],[0.2303544,47.9513183],[0.2303753,47.9512669],[0.2304116,47.9511995],[0.2304499,47.9511213],[0.2304717,47.9510686],[0.2304994,47.9510176],[0.2305184,47.950976],[0.2305702,47.9508764],[0.2305918,47.9508327],[0.2306045,47.9508051],[0.2306114,47.9507862],[0.2306237,47.9507309],[0.230637,47.950688],[0.2306467,47.950645],[0.230653,47.9506283],[0.2306723,47.9505958],[0.23071,47.950522],[0.2307193,47.9505064],[0.23073,47.950491],[0.2307631,47.9504503],[0.2307746,47.9504319],[0.230784,47.9504128],[0.2308272,47.9503171],[0.2308718,47.9502351],[0.2308806,47.9502169],[0.2308874,47.9501981],[0.2308975,47.9501519],[0.2309043,47.9501351],[0.2309236,47.9500943],[0.2309542,47.9500349],[0.230965,47.9500182],[0.2309833,47.9499939],[0.2309942,47.9499776],[0.2310423,47.9498929],[0.2310556,47.9498669],[0.2310827,47.9498065],[0.2311039,47.9497659],[0.2311137,47.9497499],[0.2311365,47.9497169],[0.2311474,47.9496995],[0.2311563,47.9496815],[0.2311907,47.949604],[0.2312325,47.9495278],[0.2312598,47.9494667],[0.2312921,47.9494132],[0.2313005,47.9493943],[0.231316,47.9493318],[0.2313239,47.9493071],[0.2313305,47.949291],[0.2313653,47.949217],[0.2313922,47.9491653],[0.2314193,47.9491042],[0.2314592,47.9490291],[0.2314814,47.9489781],[0.2315098,47.948928],[0.2315184,47.9489111],[0.2315337,47.9488688],[0.2315412,47.9488526],[0.231552,47.9488371],[0.2315883,47.9487973],[0.2316001,47.9487796],[0.2316732,47.9486324],[0.2316856,47.9486049],[0.2316924,47.9485859],[0.2316969,47.9485667],[0.2317034,47.9485302],[0.2317122,47.9485055],[0.2317409,47.9484429],[0.2317826,47.9483603],[0.2318882,47.9481402],[0.2319107,47.9480975],[0.2319261,47.9480733],[0.2319589,47.9480346],[0.2319891,47.9479957],[0.2320161,47.9479655],[0.2320217,47.9479576],[0.2320307,47.9479408],[0.2320586,47.9478785],[0.2320946,47.9478084],[0.2321446,47.9476962],[0.2321679,47.9476532],[0.2321767,47.9476351],[0.2321835,47.9476163],[0.2321881,47.9475972],[0.2322029,47.9475082],[0.2322079,47.9474913],[0.2322186,47.9474667],[0.2322761,47.947358],[0.2323344,47.9472695],[0.232371,47.9472198],[0.2323819,47.9472027],[0.2324361,47.947101],[0.2324758,47.9470331],[0.2324882,47.9470063],[0.2325058,47.9469626],[0.2325329,47.9469093],[0.2325388,47.94689],[0.2325489,47.9468417],[0.232551,47.9468228],[0.2325517,47.9467866],[0.2325587,47.9467534],[0.2325638,47.9467372],[0.2326041,47.9466533],[0.2326146,47.9466264],[0.2326357,47.9465648],[0.2326641,47.9465007],[0.2326848,47.9464614],[0.2327174,47.9464097],[0.232728,47.9463912],[0.2327366,47.9463725],[0.232752,47.9463276],[0.2327626,47.9463021],[0.2328165,47.9461916],[0.2328525,47.9461225],[0.2328689,47.9460875],[0.23288,47.9460607],[0.2328892,47.9460335],[0.2329088,47.9459611],[0.2329164,47.9459244],[0.2329212,47.9459065],[0.2329482,47.9458401],[0.2329721,47.9457905],[0.2330249,47.9456921],[0.2330499,47.9456486],[0.2330678,47.9456137],[0.2330879,47.94557],[0.2331132,47.9455084],[0.2331249,47.9454827],[0.2331431,47.9454335],[0.2331762,47.9453689],[0.2331918,47.9453447],[0.2332196,47.9453125],[0.2332331,47.9452954],[0.2332626,47.9452504],[0.2332821,47.9452229],[0.2332932,47.9452042],[0.2333,47.9451855],[0.2333093,47.94515],[0.2333345,47.9450802],[0.2333422,47.9450523],[0.2333487,47.9450234],[0.233352,47.9449926],[0.2333511,47.9449709],[0.2333478,47.9449489],[0.2333421,47.944927],[0.233334,47.9449058],[0.2333244,47.9448856],[0.2332813,47.9448112],[0.2332623,47.9447847],[0.2332475,47.9447676],[0.2331983,47.9447179],[0.233172,47.9446947],[0.2331017,47.9446395],[0.2330802,47.9446191],[0.2330688,47.9446048],[0.2330285,47.9445465],[0.2330143,47.9445241],[0.2330023,47.9445015],[0.2329926,47.9444789],[0.2329827,47.9444486],[0.232978,47.9444253],[0.2329767,47.9444016],[0.2329784,47.9443618],[0.2329817,47.9443381],[0.2329907,47.9443072],[0.233001,47.9442844],[0.2330276,47.9442388],[0.2330425,47.944208],[0.2330518,47.9441935],[0.2330575,47.9441868],[0.2330707,47.9441742],[0.2330855,47.9441623],[0.2331016,47.9441509],[0.2331281,47.9441341],[0.2331881,47.9440994],[0.2332481,47.9440627],[0.2334307,47.94396],[0.2336534,47.9438313],[0.2337344,47.9437811],[0.2338152,47.9437262],[0.2338354,47.9437163],[0.2338823,47.9436978],[0.2339317,47.9436758],[0.2339689,47.9436577],[0.2340047,47.9436377],[0.2340272,47.9436233],[0.2340481,47.943608],[0.2340961,47.9435674],[0.2341136,47.94355],[0.2341211,47.9435407],[0.2341394,47.9435119],[0.2341586,47.943474],[0.2341842,47.9434118],[0.2341943,47.943395],[0.2342264,47.9433519],[0.2342417,47.9433237],[0.2342565,47.9432871],[0.2342651,47.9432616],[0.2342747,47.9432282],[0.2342816,47.9432116],[0.2342993,47.9431785],[0.2343222,47.9431461],[0.234333,47.9431293],[0.234371,47.9430596],[0.2343905,47.943015],[0.2344079,47.9429627],[0.2344145,47.942946],[0.2344888,47.9427937],[0.2345002,47.9427675],[0.2345171,47.9427235],[0.2345546,47.9426551],[0.2345707,47.9426207],[0.234592,47.9425708],[0.2346059,47.9425476],[0.2346464,47.9424918],[0.2346636,47.942466],[0.2346885,47.9424224],[0.2347017,47.9423959],[0.2347085,47.9423775],[0.2347188,47.9423398],[0.2347241,47.942312],[0.2347306,47.94226],[0.2347348,47.9422435],[0.234741,47.942227],[0.2347608,47.9421848],[0.2347703,47.9421679],[0.2348033,47.9421274],[0.2348139,47.9421101],[0.2348602,47.9420107],[0.2348676,47.9419925],[0.2348699,47.9419833],[0.2348771,47.9419377],[0.2348846,47.9419024],[0.2349023,47.9418325],[0.2349171,47.9417883],[0.2349263,47.9417439],[0.234932,47.9417269],[0.2349817,47.941626],[0.2351504,47.9412747],[0.2352017,47.9411631],[0.2352367,47.9410965],[0.2352844,47.9410127],[0.2352982,47.9409866],[0.2353104,47.94096],[0.2353495,47.9408642],[0.2354137,47.9407274],[0.2354711,47.9405978],[0.2354878,47.9405638],[0.2355234,47.9404965],[0.2356226,47.9402907],[0.2356544,47.9402303],[0.2356612,47.9402124],[0.2356665,47.9401943],[0.235671,47.9401763],[0.2356779,47.9401409],[0.2356836,47.9401239],[0.2357007,47.9400913],[0.2357157,47.9400583],[0.2357203,47.9400502],[0.2357324,47.9400345],[0.2357614,47.9400027],[0.2357678,47.9399941],[0.2357782,47.9399763],[0.235789,47.9399488],[0.2358077,47.9398866],[0.235823,47.9398526],[0.2358697,47.9397403],[0.2358852,47.9397063],[0.2358979,47.9396812],[0.2359255,47.9396311],[0.2359519,47.9395899],[0.235997,47.939514],[0.2360229,47.9394625],[0.2360506,47.9394033],[0.2360597,47.9393869],[0.2360772,47.9393633],[0.2361309,47.9393015],[0.2361519,47.9392794],[0.2361809,47.9392511],[0.2362303,47.9391979],[0.2362954,47.9391099],[0.2363065,47.939092],[0.2363345,47.9390381],[0.2363418,47.9390196],[0.236347,47.9390007],[0.2363614,47.9389264],[0.2363768,47.9388643],[0.2364004,47.9387896],[0.2364131,47.9387582],[0.2364683,47.9386352],[0.2365374,47.9384913],[0.2365682,47.9384306],[0.2365956,47.9383694],[0.2366079,47.9383331],[0.2366365,47.9382239],[0.2366532,47.9381714],[0.2366608,47.9381382],[0.2366673,47.9381224],[0.2366803,47.9380992],[0.236713,47.9380523],[0.2367722,47.9379589],[0.2367796,47.9379404],[0.2367864,47.9379126],[0.2367926,47.9378951],[0.236805,47.9378697],[0.2368301,47.9378273],[0.236838,47.9378096],[0.2368433,47.9377918],[0.2368514,47.9377569],[0.2368584,47.9377402],[0.2368828,47.9376998],[0.2369058,47.9376594],[0.2369116,47.9376515],[0.2369403,47.9376201],[0.2369461,47.9376116],[0.236961,47.9375852],[0.2369846,47.9375509],[0.236992,47.9375328],[0.2369991,47.9375056],[0.2370024,47.9374969],[0.2370219,47.9374556],[0.2370265,47.9374476],[0.2370436,47.9374238],[0.2370543,47.9374073],[0.2371127,47.9372946],[0.237134,47.9372492],[0.2371414,47.9372305],[0.2371461,47.9372116],[0.2371495,47.9371747],[0.2371528,47.9371572],[0.2371899,47.9370449],[0.2371996,47.9370207],[0.2372128,47.9369975],[0.237243,47.9369587],[0.2372532,47.9369417],[0.2372678,47.9369059],[0.2372954,47.9368553],[0.237311,47.936814],[0.2373187,47.9367983],[0.2373348,47.9367753],[0.2373617,47.9367435],[0.237382,47.9367177],[0.237395,47.9366995],[0.2374068,47.9366805],[0.237416,47.9366608],[0.2374194,47.9366509],[0.2374238,47.9366315],[0.2374285,47.9365961],[0.2374333,47.9365804],[0.237437,47.9365729],[0.2374469,47.9365586],[0.2374786,47.9365219],[0.2374909,47.9365054],[0.2375017,47.9364877],[0.2375159,47.93646],[0.2375312,47.9364227],[0.2375363,47.9364045],[0.2375437,47.9363697],[0.2375641,47.9363206],[0.2375731,47.9363042],[0.2375906,47.9362798],[0.2376009,47.9362626],[0.2376251,47.9362086],[0.2376306,47.9361903],[0.2376383,47.9361536],[0.2376525,47.9361091],[0.2376642,47.9360654],[0.2376769,47.9360328],[0.2376933,47.9360013],[0.2377138,47.9359704],[0.2377264,47.9359552],[0.2377637,47.9359158],[0.2377766,47.9358981],[0.2378213,47.935818],[0.2378622,47.9357337],[0.2378773,47.9356982],[0.2378863,47.9356703],[0.237896,47.9356248],[0.2379021,47.9356082],[0.2379321,47.9355523],[0.2379586,47.9355101],[0.2379688,47.9354922],[0.237976,47.9354739],[0.2379861,47.9354382],[0.2379924,47.9354215],[0.2380269,47.9353571],[0.2380372,47.9353411],[0.2380604,47.9353095],[0.2380706,47.9352931],[0.2381447,47.9351535],[0.2381563,47.9351263],[0.2381656,47.9350911],[0.2381717,47.9350745],[0.2381813,47.9350585],[0.2381983,47.9350343],[0.2382129,47.9350085],[0.2382558,47.9349127],[0.2382857,47.9348535],[0.2383698,47.9346816],[0.2383814,47.934655],[0.238398,47.9346025],[0.238417,47.9345608],[0.2384384,47.9345188],[0.238458,47.9344762],[0.2384799,47.9344429],[0.2384944,47.9344166],[0.2385373,47.9343187],[0.2385702,47.9342529],[0.2385982,47.9341997],[0.2386482,47.9340812],[0.2386971,47.9339804],[0.2387726,47.9338314],[0.2388477,47.9336736],[0.2389003,47.933571],[0.2389331,47.9335023],[0.2389782,47.9334167],[0.2390193,47.9333152],[0.2390499,47.9332506],[0.2390779,47.9331869],[0.2391121,47.9331188],[0.2391881,47.9329501],[0.2392336,47.9328618],[0.2392648,47.9327915],[0.2393033,47.9327144],[0.2393259,47.9326619],[0.2393479,47.9326006],[0.2393738,47.9325387],[0.2393987,47.9324674],[0.2394051,47.9324515],[0.2394135,47.9324366],[0.2394187,47.9324295],[0.2394525,47.9323942],[0.2394782,47.9323619],[0.2394899,47.9323449],[0.2395223,47.932293],[0.2395271,47.9322841],[0.2395759,47.9321602],[0.2396572,47.9319995],[0.2396972,47.9319123],[0.2397319,47.9318247],[0.2397699,47.9317399],[0.2397823,47.9317158],[0.2398128,47.9316678],[0.2398271,47.9316417],[0.2398639,47.9315628],[0.2398939,47.9315027],[0.2399306,47.9314253],[0.2399701,47.9313472],[0.2400195,47.9312383],[0.2401597,47.9309558],[0.2402058,47.930852],[0.2402439,47.9307752],[0.2402554,47.9307486],[0.2402738,47.9306966],[0.2402807,47.9306799],[0.240335,47.9305729],[0.2403684,47.9305036],[0.240397,47.9304398],[0.240404,47.9304218],[0.2404137,47.9303861],[0.2404366,47.9303267],[0.2404457,47.9303105],[0.2404685,47.9302789],[0.2404792,47.9302625],[0.240501,47.9302197],[0.240534,47.9301599],[0.2405602,47.9301071],[0.2405815,47.9300534],[0.2406082,47.9299944],[0.2406168,47.9299788],[0.2406371,47.9299471],[0.2406508,47.9299215],[0.2406665,47.9298859],[0.2406768,47.9298588],[0.2406815,47.9298406],[0.2406877,47.9298046],[0.2406938,47.9297875],[0.2407032,47.9297711],[0.2407255,47.9297385],[0.2407349,47.9297213],[0.2407468,47.9296947],[0.2407628,47.9296513],[0.240771,47.9296346],[0.2407812,47.9296178],[0.2408059,47.9295827],[0.240816,47.929564],[0.2408307,47.9295285],[0.2408429,47.9294878],[0.240849,47.9294715],[0.2408723,47.9294295],[0.2408783,47.9294116],[0.2408846,47.9293848],[0.2408986,47.9293514],[0.240908,47.9293352],[0.2409253,47.929311],[0.2409357,47.9292941],[0.2409444,47.9292768],[0.2409625,47.9292339],[0.2409712,47.9292176],[0.2410005,47.9291762],[0.2410114,47.9291579],[0.2410197,47.929139],[0.2410332,47.9290949],[0.2410411,47.9290796],[0.2410558,47.9290573],[0.2410647,47.9290413],[0.2410876,47.92899],[0.2410977,47.9289735],[0.2411326,47.9289238],[0.2411495,47.9288977],[0.2411632,47.9288711],[0.241205,47.9287765],[0.2412132,47.9287599],[0.241223,47.9287436],[0.2412518,47.9287023],[0.2412609,47.9286844],[0.2412789,47.928638],[0.2412879,47.9286098],[0.2412915,47.9285909],[0.2412957,47.9285557],[0.2413005,47.9285405],[0.2413082,47.9285272],[0.2413167,47.9285152],[0.2413397,47.9284867],[0.2413631,47.9284637],[0.2413842,47.9284468],[0.2414173,47.9284248],[0.241465,47.9283965],[0.2415473,47.9283525],[0.2415841,47.9283311],[0.2416032,47.9283217],[0.2416346,47.9283107],[0.2416802,47.928299],[0.2417284,47.9282893],[0.2418065,47.9282767],[0.2418482,47.9282692],[0.2419047,47.9282567],[0.2419459,47.9282455],[0.241998,47.9282284],[0.242048,47.9282087],[0.2420844,47.9281916],[0.2421192,47.9281723],[0.242152,47.9281514],[0.2421726,47.9281366],[0.2421921,47.9281212],[0.2422194,47.9280973],[0.2422521,47.9280641],[0.2422741,47.9280379],[0.2422933,47.9280102],[0.2423088,47.9279814],[0.2423249,47.9279426],[0.2423314,47.9279232],[0.2423393,47.9278942],[0.2423451,47.9278652],[0.2423475,47.9278457],[0.2423483,47.9278258],[0.2423472,47.9278057],[0.2423388,47.9277454],[0.2423338,47.9277258],[0.2423237,47.9276974],[0.2422256,47.9274719],[0.2421707,47.927333],[0.2421588,47.927299],[0.2421553,47.9272818],[0.2421521,47.9272557],[0.2421409,47.9272125],[0.2421235,47.9271359],[0.2421162,47.9270842],[0.2421122,47.92704],[0.2421091,47.9269513],[0.2421006,47.9269047],[0.2421014,47.926889],[0.2421083,47.9268558],[0.2421287,47.926776],[0.242143,47.9267336],[0.242167,47.9266776],[0.2421999,47.9266148],[0.2422136,47.9265907],[0.2422244,47.9265746],[0.2422808,47.9265029],[0.2423111,47.926471],[0.2423257,47.9264539],[0.2423318,47.926445],[0.2423417,47.9264266],[0.242358,47.9263823],[0.2423844,47.9263227],[0.2424081,47.9262647],[0.2424122,47.9262452],[0.242414,47.9262174],[0.2424164,47.9262004],[0.2424236,47.9261768],[0.2424352,47.9261539],[0.2424647,47.9261056],[0.2424856,47.9260584],[0.2424937,47.9260433],[0.2425043,47.9260278],[0.2425309,47.925994],[0.2425426,47.9259752],[0.2425501,47.9259556],[0.2425591,47.925918],[0.2425742,47.9258842],[0.2425909,47.9258417],[0.2426432,47.925754],[0.2426672,47.9256989],[0.2426736,47.9256806],[0.2426816,47.9256369],[0.2426877,47.9256213],[0.2427461,47.9255174],[0.2427831,47.9254401],[0.242806,47.9253984],[0.242823,47.9253556],[0.2428442,47.9253236],[0.2428633,47.9252911],[0.2428696,47.9252833],[0.2429065,47.925244],[0.2429252,47.9252182],[0.2429347,47.9252008],[0.2429608,47.9251439],[0.2429703,47.925128],[0.2429935,47.9250934],[0.2430032,47.9250742],[0.2430101,47.9250545],[0.2430237,47.9250066],[0.2430386,47.9249604],[0.2430598,47.9248866],[0.243063,47.9248678],[0.2430659,47.92483],[0.2430734,47.9247934],[0.2430769,47.9247571],[0.2430811,47.924739],[0.2430929,47.924703],[0.243096,47.9246853],[0.2430973,47.9246597],[0.2430956,47.9246264],[0.2430979,47.9246102],[0.2431095,47.9245792],[0.2431166,47.9245556],[0.2431203,47.9245477],[0.2431252,47.9245398],[0.2431502,47.9245064],[0.24316,47.9244876],[0.2431635,47.9244778],[0.2431684,47.9244576],[0.2431803,47.9243885],[0.2431828,47.9243602],[0.2431837,47.9243149],[0.2431914,47.924253],[0.2431957,47.9241913],[0.2432073,47.9241212],[0.2432103,47.9240941],[0.2432119,47.9240218],[0.2432133,47.9240039],[0.2432164,47.9239857],[0.2432252,47.9239479],[0.2432278,47.9239282],[0.243228,47.9239086],[0.2432259,47.9238624],[0.2432307,47.9237914],[0.243239,47.9237284],[0.2432436,47.9236568],[0.2432546,47.9235957],[0.2432544,47.9235681],[0.2432488,47.9235319],[0.243247,47.9235142],[0.2432459,47.9234698],[0.2432422,47.9234169],[0.2432431,47.9234082],[0.2432516,47.9233638],[0.2432545,47.9233182],[0.2432624,47.9232743],[0.2432636,47.9232396],[0.2432673,47.9232135],[0.2432831,47.9231364],[0.243288,47.9231193],[0.2433007,47.9230835],[0.2433053,47.9230547],[0.2433177,47.9229066],[0.2433169,47.9228421],[0.2433203,47.9227901],[0.2433193,47.9227723],[0.2433146,47.9227361],[0.2433132,47.9227181],[0.2433177,47.9226738],[0.2433187,47.9226385],[0.2433199,47.9226297],[0.2433263,47.9226031],[0.2433291,47.922585],[0.2433302,47.9225397],[0.2433391,47.9224679],[0.243342,47.9224059],[0.243354,47.9223433],[0.2433556,47.9223248],[0.2433575,47.9222704],[0.2433601,47.9222441],[0.2433671,47.9222007],[0.2433777,47.9221557],[0.2433808,47.922137],[0.2433823,47.9221089],[0.2433802,47.922046],[0.2433876,47.9219644],[0.2433892,47.9219033],[0.2434122,47.9218145],[0.2434136,47.9217958],[0.2434115,47.9217687],[0.2434127,47.9217514],[0.2434289,47.9216985],[0.2434312,47.9216796],[0.2434314,47.9216512],[0.243434,47.9215953],[0.2434332,47.9215497],[0.2434255,47.921452],[0.2434116,47.9213447],[0.2434105,47.9213208],[0.2434115,47.9213049],[0.2434171,47.9212803],[0.2434317,47.921245],[0.2434375,47.9212264],[0.2434503,47.9211714],[0.2434733,47.921082],[0.2434828,47.921036],[0.2434852,47.9210174],[0.2434862,47.9209705],[0.2434927,47.9209125],[0.2435041,47.9207842],[0.2435166,47.9206877],[0.2435267,47.9206333],[0.2435263,47.9206142],[0.2435238,47.9205862],[0.2435239,47.9205593],[0.2435428,47.9203525],[0.2435481,47.9202626],[0.2435484,47.9202035],[0.2435561,47.920144],[0.2435665,47.9200779],[0.2435686,47.9200495],[0.243569,47.9200039],[0.2435777,47.919941],[0.2435878,47.919834],[0.2435993,47.9197356],[0.2436083,47.9196451],[0.2436128,47.9195811],[0.2436111,47.9195083],[0.2436201,47.919395],[0.2436241,47.9193686],[0.2436333,47.9193328],[0.2436382,47.9193051],[0.243644,47.9192143],[0.2436515,47.9191519],[0.2436566,47.919098],[0.2436596,47.9190436],[0.2436637,47.9189981],[0.2436645,47.9189447],[0.2436738,47.9188824],[0.2436757,47.918837],[0.2436817,47.9187826],[0.2436823,47.9187197],[0.2436892,47.9186593],[0.2436981,47.9186145],[0.2437022,47.9185863],[0.243703,47.9185579],[0.2437007,47.918504],[0.2437035,47.9184602],[0.2437099,47.918407],[0.2437207,47.9183624],[0.2437254,47.9183351],[0.2437297,47.9182639],[0.2437357,47.9182108],[0.2437389,47.9181931],[0.2437486,47.9181567],[0.2437524,47.9181378],[0.243753,47.9181186],[0.2437494,47.9180815],[0.2437485,47.9180553],[0.243761,47.9178735],[0.2437608,47.9178082],[0.2437616,47.9177836],[0.2437648,47.9177515],[0.243777,47.9176621],[0.243779,47.9176347],[0.2437803,47.9175814],[0.2437882,47.9175284],[0.2437958,47.9174545],[0.2437971,47.9174266],[0.2437956,47.9173826],[0.2437979,47.9173653],[0.2438052,47.9173294],[0.2438068,47.9173106],[0.2438033,47.9172481],[0.2438057,47.9171974],[0.2438121,47.9171202],[0.243815,47.9171027],[0.2438255,47.9170559],[0.2438283,47.9170364],[0.2438295,47.9170074],[0.243828,47.9169525],[0.2438308,47.9168996],[0.2438367,47.9168378],[0.2438462,47.9167559],[0.2438492,47.9166839],[0.243856,47.916622],[0.2438583,47.9165768],[0.2438653,47.9164962],[0.2438739,47.9164326],[0.2438765,47.9163604],[0.2438851,47.9162981],[0.2438866,47.9162444],[0.2438988,47.9161008],[0.2439003,47.916037],[0.2439035,47.9159922],[0.2439054,47.9159384],[0.2439086,47.9159026],[0.2439163,47.9158396],[0.2439167,47.9157572],[0.2439134,47.9157056],[0.243916,47.9156885],[0.2439237,47.9156621],[0.2439271,47.9156437],[0.2439278,47.9155971],[0.2439297,47.9155611],[0.2439292,47.9155348],[0.2439307,47.9155176],[0.2439453,47.9154652],[0.2439494,47.9154375],[0.2439531,47.9153639],[0.2439584,47.9152908],[0.24396,47.9152381],[0.2439677,47.9151687],[0.2439783,47.9149936],[0.243981,47.9149675],[0.2439931,47.9148864],[0.2439971,47.9148473],[0.243998,47.9148177],[0.2439963,47.9147982],[0.243992,47.914779],[0.2439824,47.9147508],[0.24397,47.9147234],[0.2439511,47.9146872],[0.2439357,47.9146603],[0.2439128,47.9146257],[0.2438874,47.9145733],[0.243864,47.9145313],[0.2438603,47.9145229],[0.2438556,47.9145057],[0.2438505,47.9144794],[0.2438428,47.9144531],[0.2438187,47.914392],[0.2437266,47.9141471],[0.2436697,47.9140079],[0.2436424,47.9139383],[0.2435981,47.9138342],[0.243502,47.9136],[0.2434859,47.9135634],[0.2434711,47.9135349],[0.2434588,47.9135156],[0.2434438,47.9134965],[0.2434259,47.9134781],[0.2434052,47.9134608],[0.2433823,47.9134447],[0.2433577,47.9134297],[0.2433307,47.9134161],[0.243301,47.9134044],[0.2432687,47.9133952],[0.2432344,47.9133887],[0.2432167,47.9133866],[0.2431989,47.9133854],[0.2431633,47.9133853],[0.2431457,47.9133864],[0.2431115,47.9133905],[0.2430951,47.9133935],[0.2430637,47.9134006],[0.2430345,47.9134088],[0.2430077,47.9134173],[0.2429717,47.9134301],[0.2429285,47.9134486],[0.2428603,47.9134748],[0.2428486,47.9134788],[0.2428243,47.9134855],[0.2427755,47.9134958],[0.2426779,47.9135145],[0.242433,47.9135569],[0.2423298,47.9135766],[0.2421524,47.9136093],[0.2421151,47.9136141],[0.2420491,47.9136155],[0.2419115,47.9136207],[0.2418974,47.9136218],[0.2418562,47.9136279],[0.2417629,47.9136444],[0.2416608,47.913664],[0.2415727,47.9136783],[0.2415466,47.9136811],[0.2414679,47.9136865],[0.2414148,47.9136881],[0.2413881,47.9136901],[0.2413615,47.9136939],[0.2412528,47.913713],[0.241159,47.9137299],[0.241069,47.9137488],[0.2408644,47.9137883],[0.2407481,47.913808],[0.2406676,47.9138237],[0.2406407,47.9138298],[0.2406147,47.9138371],[0.2405901,47.9138461],[0.2405552,47.9138602],[0.2405434,47.9138641],[0.2405193,47.9138701],[0.2404949,47.9138749],[0.2404065,47.9138901],[0.2401494,47.913937],[0.2400595,47.9139545],[0.2399328,47.9139776],[0.2397493,47.9140092],[0.2394904,47.914058],[0.2394113,47.9140711],[0.2393178,47.9140888],[0.2392556,47.914102],[0.2391948,47.9141131],[0.2391183,47.9141256],[0.2390268,47.9141432],[0.2387957,47.9141849],[0.2387348,47.9141966],[0.2386304,47.9142141],[0.2384067,47.9142559],[0.2383056,47.9142731],[0.2381877,47.9142962],[0.2380674,47.9143174],[0.2380056,47.9143303],[0.2379811,47.9143344],[0.2379429,47.914339],[0.2379171,47.914343],[0.2378177,47.9143643],[0.237662,47.9143902],[0.2373499,47.9144481],[0.2372465,47.9144662],[0.2369506,47.9145214],[0.2368325,47.9145421],[0.2367557,47.9145565],[0.2366777,47.9145687],[0.2364588,47.9146125],[0.2362785,47.9146442],[0.2357099,47.9147474],[0.2356205,47.9147633],[0.2355949,47.914767],[0.2355174,47.9147765],[0.2354355,47.9147823],[0.2354073,47.9147864],[0.2353664,47.9147958],[0.2353409,47.9148038],[0.2353052,47.9148168],[0.2352812,47.9148237],[0.2352688,47.9148261],[0.2352175,47.9148336],[0.2351013,47.9148554],[0.2350493,47.9148667],[0.2349999,47.9148799],[0.2349756,47.9148856],[0.2349508,47.9148899],[0.2348729,47.9148995],[0.234819,47.9149074],[0.2347924,47.9149128],[0.234666,47.9149424],[0.2346409,47.9149472],[0.2345891,47.9149545],[0.2344591,47.914975],[0.234406,47.9149821],[0.2343794,47.9149864],[0.234289,47.9150059],[0.2342114,47.9150196],[0.2341461,47.9150327],[0.2340938,47.9150441],[0.2340058,47.9150653],[0.23393,47.9150793],[0.2338517,47.9150952],[0.2336988,47.915131],[0.2335227,47.915176],[0.2334486,47.9151963],[0.2333368,47.9152286],[0.2332148,47.9152673],[0.2331897,47.9152727],[0.2331512,47.9152787],[0.2331,47.9152883],[0.2330329,47.9152994],[0.2330072,47.9153064],[0.2329065,47.9153375],[0.2328816,47.9153462],[0.2328449,47.9153601],[0.2327606,47.9153953],[0.2327268,47.9154125],[0.2326879,47.9154372],[0.2326682,47.9154475],[0.2326471,47.9154561],[0.2325194,47.9155016],[0.2324837,47.9155152],[0.2324498,47.9155307],[0.2323976,47.9155584],[0.2323757,47.9155675],[0.2323036,47.9155888],[0.2322439,47.9156087],[0.2322199,47.9156159],[0.2321952,47.915622],[0.2321441,47.9156329],[0.2321185,47.9156395],[0.2320813,47.9156519],[0.2319632,47.9156948],[0.2317791,47.9157506],[0.2317549,47.9157598],[0.2316762,47.9157948],[0.231654,47.9158039],[0.2316304,47.9158113],[0.2315809,47.915824],[0.2315562,47.9158315],[0.2315321,47.9158401],[0.2314868,47.9158596],[0.231464,47.915868],[0.2313807,47.9158937],[0.2313163,47.9159112],[0.231291,47.9159199],[0.2312678,47.9159305],[0.2312362,47.9159482],[0.2312153,47.9159589],[0.2311822,47.9159721],[0.2311085,47.9159914],[0.2310482,47.9160112],[0.2309141,47.9160529],[0.2308442,47.9160796],[0.2307711,47.9161013],[0.2306875,47.916131],[0.2306149,47.9161546],[0.2305215,47.9161897],[0.2303903,47.9162337],[0.2301277,47.9163235],[0.2300331,47.9163573],[0.229974,47.9163755],[0.22995,47.9163821],[0.2298611,47.9164029],[0.229813,47.916419],[0.229777,47.9164294],[0.2297521,47.9164348],[0.2296991,47.9164439],[0.2296726,47.9164503],[0.2296472,47.9164584],[0.2295757,47.9164846],[0.2295025,47.9165055],[0.2294169,47.9165334],[0.2293926,47.9165421],[0.2293212,47.9165704],[0.2292759,47.9165898],[0.229242,47.9166029],[0.2289933,47.916689],[0.2288392,47.916743],[0.2287691,47.9167685],[0.2287334,47.9167802],[0.2286709,47.9167988],[0.2286464,47.9168076],[0.2286227,47.9168174],[0.2285313,47.9168584],[0.2284793,47.9168869],[0.2284232,47.91691],[0.2283792,47.9169294],[0.2282495,47.9169737],[0.2281797,47.9169994],[0.2281556,47.9170066],[0.2280928,47.9170236],[0.2280678,47.9170316],[0.2280439,47.9170412],[0.2279979,47.9170614],[0.227976,47.9170719],[0.2279444,47.9170886],[0.2279216,47.9170975],[0.2278734,47.9171123],[0.2277905,47.9171402],[0.2277442,47.9171571],[0.2277206,47.9171649],[0.2276959,47.9171714],[0.2276181,47.9171888],[0.22758,47.9171997],[0.2275561,47.9172085],[0.2274993,47.9172329],[0.2273435,47.9172861],[0.2272743,47.9173121],[0.2272122,47.9173299],[0.2271413,47.9173549],[0.2271049,47.9173645],[0.2270658,47.9173718],[0.2270397,47.9173776],[0.2270022,47.9173893],[0.2269634,47.9174004],[0.2269508,47.9174048],[0.2268468,47.9174514],[0.2267376,47.9175027],[0.2266821,47.9175267],[0.2266227,47.9175497],[0.2265759,47.9175699],[0.2265085,47.9176021],[0.2264017,47.9176558],[0.2263366,47.9176871],[0.2262292,47.9177431],[0.2261222,47.9177973],[0.2260895,47.9178147],[0.226059,47.9178339],[0.2259657,47.9178984],[0.2259563,47.9179043],[0.2259361,47.9179151],[0.2258613,47.9179512],[0.2257878,47.9179886],[0.2257669,47.9179983],[0.2257445,47.9180063],[0.2256964,47.9180207],[0.2256342,47.9180413],[0.2255977,47.9180561],[0.2255632,47.9180724],[0.2254557,47.9181268],[0.2253789,47.9181637],[0.2253571,47.9181752],[0.2253367,47.9181876],[0.2253004,47.9182137],[0.2252813,47.9182248],[0.2252604,47.9182344],[0.2252139,47.9182511],[0.225179,47.9182659],[0.2251038,47.9183055],[0.2250425,47.9183426],[0.2250217,47.9183541],[0.2249793,47.9183757],[0.2249143,47.9184063],[0.2248658,47.918435],[0.2248557,47.9184403],[0.2248449,47.9184451],[0.2247859,47.9184674],[0.2247515,47.9184839],[0.2247302,47.9184964],[0.2247205,47.9185033],[0.2246844,47.9185316],[0.2246748,47.9185377],[0.2246547,47.9185487],[0.224614,47.9185682],[0.2245829,47.9185816],[0.2245604,47.9185893],[0.224511,47.9186034],[0.2244854,47.9186115],[0.2244603,47.9186212],[0.2244362,47.9186321],[0.2243594,47.9186718],[0.2242729,47.9187132],[0.2242519,47.9187254],[0.2242127,47.9187505],[0.2241836,47.9187681],[0.2241631,47.9187789],[0.2241182,47.9187984],[0.2240959,47.9188091],[0.2240444,47.918839],[0.2239931,47.9188656],[0.2239552,47.9188887],[0.2239353,47.9188997],[0.2238686,47.9189285],[0.2237899,47.9189651],[0.2237317,47.9189898],[0.223709,47.9190009],[0.2236882,47.9190136],[0.2236507,47.9190405],[0.2236309,47.9190521],[0.2236094,47.9190619],[0.2235754,47.9190747],[0.2235316,47.9190932],[0.2234747,47.9191142],[0.2234211,47.9191394],[0.2233764,47.919159],[0.2232603,47.9192127],[0.223227,47.9192298],[0.2231747,47.9192583],[0.2231098,47.9192889],[0.223014,47.9193366],[0.222994,47.9193492],[0.2229116,47.919412],[0.2228931,47.9194246],[0.2228013,47.9194737],[0.2227492,47.9195003],[0.2226749,47.9195355],[0.2226529,47.9195451],[0.2226294,47.9195536],[0.2225455,47.9195811],[0.2225103,47.9195941],[0.2224178,47.9196374],[0.2223954,47.9196495],[0.2223745,47.9196626],[0.2223169,47.9197038],[0.2222674,47.9197341],[0.2222126,47.9197711],[0.222184,47.9197888],[0.2221332,47.9198174],[0.2220696,47.9198509],[0.2219554,47.9199135],[0.2218755,47.9199595],[0.2218541,47.9199699],[0.221809,47.9199903],[0.2217764,47.9200076],[0.221746,47.9200264],[0.221699,47.9200592],[0.2216698,47.9200774],[0.2216173,47.9201044],[0.2213153,47.920268],[0.2212536,47.9203022],[0.2211998,47.9203289],[0.2211787,47.9203402],[0.2211187,47.9203771],[0.2210665,47.9204056],[0.2210268,47.9204294],[0.2209755,47.920458],[0.2209151,47.9204941],[0.2208734,47.9205177],[0.220811,47.9205548],[0.2207705,47.9205805],[0.2207194,47.9206113],[0.2206912,47.9206311],[0.2206551,47.9206585],[0.2205838,47.9207141],[0.2205407,47.9207496],[0.2205126,47.9207702],[0.2204775,47.9207995],[0.2204396,47.9208288],[0.2204151,47.9208535],[0.220401,47.9208709],[0.2203883,47.9208886],[0.2203599,47.9209329],[0.2203389,47.9209681],[0.2203242,47.9209947],[0.2203063,47.9210304],[0.2202246,47.9212131],[0.2201438,47.9213833],[0.2201048,47.9214791],[0.2200559,47.9215801],[0.2199962,47.921718],[0.2199302,47.9218546],[0.2198719,47.9219646],[0.2198252,47.922058],[0.2198075,47.9220896],[0.2197828,47.9221273],[0.219755,47.9221627],[0.2197248,47.9221968],[0.219705,47.9222162],[0.2196908,47.9222283],[0.2196668,47.9222443],[0.2196402,47.9222581],[0.2196116,47.9222699],[0.2195706,47.922283],[0.2195269,47.9222943],[0.2194919,47.9223007],[0.2194548,47.9223048],[0.2194023,47.922307],[0.2193234,47.9223061],[0.2192881,47.9223073],[0.2192658,47.922307],[0.2192443,47.9223049],[0.2192041,47.9222965],[0.2191641,47.9222912],[0.2191538,47.9222891],[0.2191228,47.922281],[0.2190783,47.9222713],[0.2190341,47.9222594],[0.218975,47.9222457],[0.2188371,47.9222094],[0.2187645,47.9221894],[0.2185834,47.9221436],[0.2184327,47.9221003],[0.2183255,47.9220751],[0.2182626,47.9220584],[0.2181499,47.92203],[0.2180145,47.9219927],[0.2179034,47.9219639],[0.2178794,47.9219564],[0.217808,47.9219313],[0.2177116,47.9218952],[0.2176729,47.9218834],[0.2175371,47.9218571],[0.2174459,47.9218438],[0.2173994,47.9218329],[0.2173394,47.921821],[0.2172902,47.921809],[0.2171442,47.9217694],[0.2170573,47.921748],[0.2170326,47.9217411],[0.2170094,47.9217326],[0.216976,47.9217181],[0.2169288,47.9217006],[0.2168938,47.9216857],[0.2168319,47.9216653],[0.2168063,47.9216576],[0.2167529,47.9216446],[0.2167256,47.9216389],[0.2166979,47.9216349],[0.2166435,47.9216302],[0.216618,47.9216267],[0.2164558,47.9215902],[0.2163578,47.9215637],[0.2163092,47.9215494],[0.2162735,47.9215375],[0.2162259,47.9215198],[0.2161878,47.9215082],[0.2160715,47.9214773],[0.2159498,47.9214501],[0.2159152,47.9214417],[0.215879,47.9214313],[0.215812,47.9214088],[0.2157808,47.9214011],[0.2157643,47.9213983],[0.2157304,47.9213953],[0.2156964,47.9213946],[0.2156625,47.9213952],[0.2156286,47.9213973],[0.2156116,47.9213991],[0.2155776,47.9214044],[0.2155606,47.9214079],[0.2155273,47.9214173],[0.215511,47.9214231],[0.2154797,47.9214369],[0.2154505,47.9214533],[0.2154373,47.9214625],[0.2154254,47.9214723],[0.2154151,47.9214827],[0.2154066,47.9214934],[0.2153932,47.9215149],[0.2153827,47.9215358],[0.2153704,47.921566],[0.215327,47.9217113],[0.2152862,47.9218341],[0.2152708,47.9218773],[0.2152269,47.9219922],[0.21522,47.92202],[0.215207,47.922101],[0.2151933,47.9221529],[0.2151829,47.9221873],[0.2151574,47.9222569],[0.2151455,47.9223108],[0.2151282,47.9223734],[0.2151049,47.9224427],[0.2150752,47.922521],[0.2150614,47.9225655],[0.2150131,47.9227051],[0.214993,47.9227663],[0.2149605,47.9228534],[0.2149366,47.922924],[0.2149158,47.9229765],[0.2148946,47.9230468],[0.2148433,47.9231862],[0.2148049,47.9233003],[0.2147503,47.9234491],[0.2146945,47.9236155],[0.2146702,47.9236852],[0.2146471,47.9237465],[0.2145526,47.9240184],[0.2144853,47.9242029],[0.2144572,47.9242869],[0.214433,47.9243488],[0.214389,47.9244804],[0.2143385,47.924612],[0.2142651,47.9248329],[0.2142269,47.924935],[0.2142009,47.9250141],[0.214138,47.925189],[0.2141299,47.9252061],[0.214125,47.9252143],[0.2141009,47.9252453],[0.2140904,47.9252607],[0.2140818,47.9252768],[0.21407,47.9253029],[0.2140329,47.9253961],[0.2140062,47.9254723],[0.213949,47.9256292],[0.2139431,47.9256484],[0.2139391,47.9256675],[0.2139317,47.9257224],[0.2139217,47.9257759],[0.2139165,47.9258128],[0.2139091,47.9258403],[0.2138917,47.9258934],[0.2138654,47.925967],[0.2138443,47.9260142],[0.2138277,47.9260452],[0.2137905,47.9261004],[0.2137807,47.9261169],[0.2137433,47.9261982],[0.213736,47.926218],[0.2137309,47.9262379],[0.2137285,47.9262574],[0.2137266,47.9262939],[0.2137253,47.9263025],[0.2137204,47.9263193],[0.2137096,47.926344],[0.2136814,47.9264021],[0.2136439,47.9264856],[0.2136231,47.9265253],[0.2136121,47.9265399],[0.2136055,47.926547],[0.2135652,47.9265834],[0.2135506,47.9266003],[0.2135383,47.926618],[0.2134662,47.926735],[0.2134051,47.9268285],[0.2133626,47.9268917],[0.2133179,47.9269537],[0.213294,47.9269838],[0.213253,47.9270297],[0.2132251,47.9270649],[0.2132136,47.9270828],[0.2131917,47.9271243],[0.2131762,47.9271465],[0.2131394,47.9271922],[0.2131012,47.9272419],[0.2130426,47.9273226],[0.2129901,47.9273895],[0.2128537,47.9275704],[0.2127937,47.9276456],[0.2126501,47.9278333],[0.2126132,47.9278801],[0.2125763,47.9279297],[0.2125642,47.9279476],[0.2125548,47.9279665],[0.2125514,47.927976],[0.2125444,47.928004],[0.2125381,47.928021],[0.2125289,47.9280367],[0.2125181,47.9280518],[0.2124506,47.9281402],[0.212403,47.9281983],[0.2123379,47.928288],[0.2122144,47.9284471],[0.2121852,47.9284881],[0.2121421,47.9285435],[0.2119635,47.9287866],[0.2119226,47.9288404],[0.2118889,47.9288877],[0.2118755,47.9289028],[0.2118429,47.9289312],[0.2117955,47.9289771],[0.2117792,47.9289938],[0.2117644,47.9290119],[0.2117515,47.9290303],[0.2117151,47.9290873],[0.2116734,47.9291412],[0.2115696,47.929286],[0.2115347,47.9293374],[0.2115241,47.9293564],[0.21152,47.9293662],[0.2115169,47.929376],[0.2115096,47.929413],[0.2115069,47.9294211],[0.2114995,47.9294361],[0.2114901,47.9294498],[0.2114476,47.9294994],[0.2113776,47.9295683],[0.2113565,47.9295929],[0.2113257,47.929635],[0.2112749,47.929709],[0.2111468,47.9298902],[0.2111029,47.9299455],[0.2110205,47.9300548],[0.2109743,47.9301115],[0.2109396,47.9301578],[0.210902,47.9302022],[0.2108453,47.9302722],[0.2107923,47.9303327],[0.2107688,47.9303621],[0.2106915,47.9304435],[0.210621,47.9305243],[0.2105998,47.9305463],[0.2105163,47.9306253],[0.2104733,47.93067],[0.2104208,47.9307221],[0.2103413,47.9307963],[0.2103205,47.9308207],[0.2102991,47.9308544],[0.2102931,47.9308622],[0.2102651,47.9308913],[0.2102381,47.9309219],[0.2101941,47.9309671],[0.2101786,47.9309821],[0.2101101,47.9310412],[0.2100681,47.9310843],[0.2100211,47.9311249],[0.2099829,47.9311618],[0.2099357,47.9312058],[0.2098217,47.9313065],[0.2097698,47.9313589],[0.2096519,47.9314702],[0.2095993,47.9315239],[0.2095652,47.9315634],[0.2095145,47.9316176],[0.2094434,47.9317048],[0.2093938,47.9317585],[0.2093733,47.9317825],[0.2093218,47.9318476],[0.2092747,47.9319134],[0.2092377,47.9319607],[0.2091712,47.9320529],[0.2091585,47.9320669],[0.2091508,47.9320736],[0.2091135,47.9321014],[0.2091041,47.9321094],[0.2090954,47.9321179],[0.2090799,47.9321358],[0.209067,47.932154],[0.2090392,47.9321976],[0.2090038,47.9322501],[0.2089946,47.9322692],[0.2089916,47.932279],[0.2089716,47.9323735],[0.2089623,47.9324279],[0.2089598,47.9324369],[0.2089464,47.9324731],[0.2089437,47.932492],[0.2089419,47.9325202],[0.208932,47.9326208],[0.2089301,47.9326586],[0.2089312,47.932687],[0.2089376,47.9327704],[0.2089419,47.9328077],[0.2089541,47.9328718],[0.2089598,47.9329088],[0.2089641,47.9329274],[0.2089786,47.9329734],[0.2090019,47.9330365],[0.2090279,47.9330897],[0.209053,47.9331328],[0.209135,47.9332597],[0.2091642,47.9333013],[0.209189,47.9333345],[0.209209,47.9333594],[0.2092305,47.9333839],[0.2092533,47.9334077],[0.2092694,47.933423],[0.2093537,47.933497],[0.2093807,47.9335182],[0.2094358,47.9335585],[0.2095424,47.9336397],[0.209615,47.9336934],[0.209698,47.9337528],[0.2098461,47.9338567],[0.2100004,47.933967],[0.2100337,47.9339941],[0.2100707,47.934032],[0.2100872,47.9340469],[0.2101145,47.9340678],[0.2102956,47.9342003],[0.2103738,47.9342603],[0.2104412,47.9343153],[0.2104818,47.9343519],[0.2105229,47.9343872],[0.2105376,47.9344013],[0.2105946,47.9344637],[0.2106526,47.9345392],[0.2106679,47.9345628],[0.2107047,47.9346266],[0.2107464,47.9347038],[0.2107844,47.9347841],[0.2107959,47.9348144],[0.2108043,47.9348478],[0.2108132,47.9348928],[0.2108247,47.9349355],[0.2108314,47.9349757],[0.2108336,47.9349999],[0.2108344,47.9350338],[0.2108317,47.9351303],[0.2108256,47.9352096],[0.2108176,47.9352705],[0.2108117,47.9353261],[0.2108104,47.9353545],[0.2108108,47.9354529],[0.2108094,47.9354972],[0.2108064,47.9355326],[0.2107934,47.9356473],[0.2107874,47.9356727],[0.2107702,47.9357165],[0.210765,47.9357348],[0.2107535,47.9358258],[0.2107397,47.935913],[0.210728,47.9359742],[0.2106982,47.9361125],[0.2106813,47.936168],[0.2106621,47.9362203],[0.210642,47.9362638],[0.2106151,47.9363127],[0.2105941,47.9363439],[0.2105418,47.9364137],[0.210511,47.9364515],[0.2104845,47.9364811],[0.2104217,47.9365468],[0.2103998,47.936568],[0.2103443,47.9366162],[0.2103028,47.9366491],[0.2102237,47.9367063],[0.2101859,47.9367305],[0.2100563,47.9368055],[0.2099645,47.9368563],[0.2098182,47.9369351],[0.2097554,47.9369702],[0.2096337,47.9370426],[0.2095538,47.9370931],[0.2095149,47.9371198],[0.2094865,47.9371405],[0.2094502,47.9371686],[0.2094153,47.9371972],[0.2093815,47.9372264],[0.2093487,47.9372561],[0.2092789,47.9373244],[0.2092349,47.9373712],[0.2092002,47.9374111],[0.209161,47.9374597],[0.2091299,47.9375009],[0.2091008,47.9375431],[0.2090793,47.9375775],[0.2090595,47.9376123],[0.209037,47.9376561],[0.2090168,47.9377005],[0.2089989,47.9377452],[0.2089833,47.9377903],[0.20897,47.9378358],[0.2089609,47.9378723],[0.2089516,47.9379181],[0.2089382,47.9380008],[0.2089341,47.9380378],[0.2089327,47.9380844],[0.208934,47.9381308],[0.2089378,47.9381772],[0.2089438,47.9382233],[0.208952,47.9382694],[0.2089626,47.9383153],[0.2089755,47.9383608],[0.2089906,47.938406],[0.2090077,47.9384508],[0.2090273,47.9384956],[0.2090495,47.9385396],[0.2090781,47.9385911],[0.2091032,47.9386338],[0.2091308,47.9386766],[0.2091609,47.9387186],[0.2091935,47.9387598],[0.2092216,47.9387922],[0.2092584,47.9388314],[0.2093043,47.9388771],[0.2093445,47.9389147],[0.2093783,47.9389441],[0.2094222,47.9389799],[0.2094765,47.9390215],[0.2095324,47.9390623],[0.2096093,47.9391149],[0.2096988,47.9391716],[0.20974,47.9391954],[0.209814,47.9392351],[0.209906,47.9392865],[0.2099552,47.9393155],[0.2100435,47.9393694],[0.2100911,47.9393996],[0.2101368,47.9394303],[0.2101711,47.9394554],[0.2101952,47.939475],[0.2102176,47.9394956],[0.2102683,47.9395462],[0.2103074,47.939581],[0.2103219,47.9395951],[0.2103411,47.9396171],[0.2103763,47.9396621],[0.210393,47.939685],[0.210412,47.9397168],[0.2104459,47.9397825],[0.2104801,47.9398634],[0.2104933,47.9399053],[0.2105027,47.9399398],[0.2105099,47.9399744],[0.2105151,47.9400088],[0.210521,47.9400597],[0.2105219,47.9400853],[0.2105208,47.9401112],[0.2105177,47.940146],[0.210513,47.9401812],[0.2104885,47.9403127],[0.2104737,47.9403744],[0.2104278,47.9405881],[0.2103687,47.9408467],[0.2103559,47.9408994],[0.2103433,47.9409608],[0.2103005,47.9411483],[0.210268,47.9412997],[0.2101987,47.9416113],[0.2101847,47.9416834],[0.2101673,47.941784],[0.210157,47.9418933],[0.2101561,47.9419302],[0.2101609,47.9420135],[0.2101637,47.9420409],[0.2101753,47.9421233],[0.2101991,47.9422323],[0.210227,47.9423487],[0.2102912,47.9426313],[0.2103,47.9426834],[0.2103051,47.9427268],[0.2103067,47.9427611],[0.2103053,47.9427868],[0.2103013,47.9428214],[0.2102959,47.942856],[0.210283,47.9429157],[0.2102679,47.9429656],[0.2102587,47.9429902],[0.2102448,47.9430229],[0.2102251,47.9430641],[0.2102037,47.9431055],[0.210148,47.9432049],[0.2100598,47.9433544],[0.2099762,47.9434872],[0.2099608,47.9435137],[0.2099467,47.9435407],[0.209923,47.9435947],[0.2098846,47.9436902],[0.2098506,47.943768],[0.2098135,47.9438644],[0.209788,47.943925],[0.2097393,47.9440469],[0.2097084,47.9441292],[0.209704,47.9441476],[0.2096998,47.9441832],[0.2096963,47.9442],[0.2096758,47.9442604],[0.2096686,47.9442881],[0.2096519,47.9443708],[0.2096451,47.9444265],[0.2096434,47.9444626],[0.20964,47.9444798],[0.2096283,47.9445127],[0.2096038,47.9445712],[0.2095594,47.9446826],[0.2095406,47.9447228],[0.209526,47.944746],[0.2094961,47.9447843],[0.2094427,47.9448463],[0.2094153,47.9448797],[0.2093959,47.9449067],[0.2093856,47.9449255],[0.2093772,47.9449443],[0.2093529,47.9450069],[0.2093057,47.9451204],[0.209227,47.9453201],[0.2091773,47.945442],[0.2091548,47.9454933],[0.2091286,47.9455633],[0.209073,47.9457017],[0.2090445,47.945768],[0.2090002,47.9458636],[0.2089846,47.9459012],[0.2089776,47.9459208],[0.208972,47.9459408],[0.2089682,47.945961],[0.2089659,47.9459811],[0.2089633,47.9460389],[0.2089627,47.9462197],[0.2089618,47.9462536],[0.2089545,47.9463233],[0.2089484,47.9463676],[0.2089436,47.9463936],[0.208936,47.9464193],[0.208916,47.9464709],[0.2087934,47.9467729],[0.2087781,47.9468056],[0.2087647,47.946829],[0.2087546,47.9468439],[0.2087374,47.9468653],[0.2087186,47.9468858],[0.2086984,47.9469053],[0.2086839,47.9469177],[0.2086608,47.9469355],[0.2086361,47.946952],[0.2086184,47.9469621],[0.2085903,47.9469759],[0.2085607,47.9469886],[0.20854,47.9469966],[0.2085068,47.9470075],[0.2084332,47.947028],[0.2083943,47.9470401],[0.2083423,47.9470589],[0.2082908,47.9470802],[0.2082545,47.947099],[0.2082216,47.9471203],[0.2081823,47.947151],[0.2081643,47.947167],[0.2081479,47.9471836],[0.2081181,47.9472182],[0.2080983,47.9472451],[0.2080825,47.9472732],[0.2080745,47.9472924],[0.208028,47.9474482],[0.2079482,47.947731],[0.2078878,47.9479513],[0.2078765,47.9479844],[0.2078668,47.948008],[0.2078527,47.9480375],[0.2078413,47.9480577],[0.2078317,47.9480699],[0.2078196,47.9480807],[0.2078046,47.9480898],[0.207787,47.9480967],[0.2077674,47.9481015],[0.2077017,47.9481121],[0.2075938,47.9481335],[0.2075487,47.9481461],[0.2075187,47.9481571],[0.2075042,47.9481636],[0.2074773,47.9481788],[0.2074651,47.9481873],[0.207443,47.9482057],[0.2074243,47.9482257],[0.2074163,47.9482362],[0.2074093,47.9482471],[0.2073984,47.9482695],[0.2073915,47.9482921],[0.2073874,47.9483145],[0.2073792,47.9484052],[0.2073778,47.9484329],[0.2073801,47.9484933],[0.2073791,47.9485094],[0.2073724,47.9485417],[0.2073562,47.9485959],[0.207354,47.948615],[0.207354,47.9486337],[0.2073554,47.94867],[0.2073582,47.9486968],[0.2073703,47.9487428],[0.2073893,47.9488369],[0.2073931,47.9488623],[0.2073961,47.9489124],[0.2074022,47.9489747],[0.207403,47.9490287],[0.2074065,47.9490823],[0.2074108,47.9492005],[0.2074197,47.9493136],[0.2074175,47.9493606],[0.2074154,47.9493765],[0.2073987,47.949436],[0.2073746,47.9495117],[0.2073705,47.9495319],[0.2073694,47.9495524],[0.2073709,47.9495728],[0.2073809,47.94964],[0.2073867,47.9496935],[0.2073917,47.9497634],[0.2073954,47.9498446],[0.207403,47.9499252],[0.2074062,47.950006],[0.2074076,47.9500787],[0.207414,47.9502039],[0.2074147,47.9502757],[0.2074188,47.9503385],[0.2074196,47.9504106],[0.2074306,47.9506082],[0.2074325,47.9506885],[0.2074419,47.9508787],[0.2074429,47.9509147]],[[0.2076918,47.9509077],[0.2076975,47.9510073],[0.2077076,47.9512319],[0.207709,47.9513124],[0.207721,47.9515289],[0.2077285,47.9516278],[0.2077342,47.9517648],[0.2077353,47.9518647],[0.2077346,47.9518836],[0.2077333,47.9518928],[0.2077232,47.9519368],[0.2077204,47.9519614],[0.207719,47.9519847],[0.2077181,47.9522285],[0.2077198,47.9522872],[0.2077234,47.9523173],[0.2077298,47.9523478],[0.2077397,47.9523801],[0.2077546,47.9524154],[0.2077573,47.9524253],[0.2077608,47.9524463],[0.2077626,47.952468],[0.2077644,47.9525295],[0.2077673,47.9525844],[0.2077749,47.9526654],[0.2077811,47.9527635],[0.207793,47.9528696],[0.2078139,47.9530235],[0.2078365,47.9531344],[0.2078564,47.9532543],[0.2078977,47.9534305],[0.208008,47.9538434],[0.2080298,47.9539177],[0.2080372,47.9539337],[0.2080421,47.9539414],[0.2080726,47.9539796],[0.2080934,47.9540035],[0.2081405,47.954053],[0.2081551,47.9540706],[0.2081812,47.9541073],[0.2081921,47.9541258],[0.2081961,47.954135],[0.2082019,47.9541534],[0.208234,47.9542852],[0.2082582,47.9543648],[0.2082623,47.9543831],[0.2082717,47.9544375],[0.2082838,47.9544892],[0.2082999,47.9545395],[0.208317,47.9545807],[0.20836,47.9546562],[0.2084344,47.9547988],[0.208467,47.9548582],[0.208492,47.9549092],[0.2085019,47.9549253],[0.208524,47.9549571],[0.2085532,47.9550074],[0.2085805,47.9550482],[0.2086054,47.9550892],[0.2086583,47.9551714],[0.2087069,47.9552404],[0.2087554,47.9553011],[0.208802,47.9553535],[0.2088307,47.9553828],[0.2088532,47.9554042],[0.2089234,47.9554663],[0.2089474,47.9554864],[0.2090235,47.9555451],[0.2090937,47.9555945],[0.2091209,47.955612],[0.2091869,47.9556512],[0.2092684,47.9556957],[0.2092996,47.9557115],[0.2093958,47.9557549],[0.2095672,47.955825],[0.2096656,47.9558706],[0.2096978,47.9558845],[0.2097314,47.9558976],[0.2098029,47.9559212],[0.2098381,47.9559347],[0.2099653,47.9559884],[0.2101829,47.9560762],[0.2102836,47.9561196],[0.2103883,47.9561601],[0.2104903,47.9562032],[0.210571,47.9562341],[0.2107317,47.9563019],[0.2108816,47.9563626],[0.2109051,47.956373],[0.2109406,47.9563907],[0.2109764,47.9564105],[0.2110119,47.9564322],[0.211034,47.9564485],[0.2110538,47.9564663],[0.2110709,47.9564854],[0.2110923,47.9565154],[0.2111041,47.9565361],[0.2111181,47.9565682],[0.2111251,47.9565904],[0.2111297,47.9566129],[0.2111308,47.9566355],[0.21113,47.9566466],[0.2111258,47.956668],[0.211119,47.9566882],[0.2111034,47.9567251],[0.2110935,47.9567513],[0.2110791,47.9567942],[0.2110606,47.9568553],[0.2110381,47.9569167],[0.2110313,47.9569419],[0.211028,47.9569658],[0.2110283,47.956995],[0.2110316,47.9570217],[0.2110368,47.9570406],[0.2110444,47.9570593],[0.2110543,47.9570782],[0.2110679,47.9570966],[0.2110857,47.9571145],[0.2111063,47.9571321],[0.211122,47.9571431],[0.2111493,47.9571579],[0.2112721,47.9572156],[0.2113384,47.9572458],[0.2114175,47.9572793],[0.2115103,47.9573139],[0.2115888,47.9573475],[0.2116591,47.9573765],[0.2116817,47.9573869],[0.2117357,47.957414],[0.2117689,47.957429],[0.2120287,47.9575387],[0.2121188,47.9575795],[0.2122314,47.957626],[0.2123306,47.9576702],[0.2124799,47.957732],[0.2125598,47.9577662],[0.212636,47.9578018],[0.212864,47.9579025],[0.2129881,47.9579595],[0.21301,47.9579703],[0.2130309,47.9579819],[0.2131425,47.9580507],[0.2132044,47.9580917],[0.2132965,47.9581604],[0.2133921,47.9582376],[0.2134434,47.9582819],[0.2135151,47.9583486],[0.213546,47.9583784],[0.2135975,47.9584317],[0.2136349,47.9584687],[0.2137035,47.9585344],[0.2137655,47.9585921],[0.2138126,47.9586344],[0.213853,47.9586691],[0.2139026,47.9587101],[0.2139448,47.9587433],[0.213988,47.9587756],[0.2140327,47.958807],[0.2140787,47.9588374],[0.2141164,47.9588609],[0.2141551,47.9588838],[0.2142046,47.9589115],[0.2142556,47.9589382],[0.2142968,47.9589586],[0.2143384,47.9589776],[0.214381,47.9589953],[0.2144251,47.959012],[0.2144711,47.9590276],[0.2145069,47.9590384],[0.2145432,47.9590482],[0.2145922,47.9590594],[0.2146429,47.9590695],[0.2146679,47.959076],[0.2147045,47.9590875],[0.214767,47.9591048],[0.214804,47.9591161],[0.2148962,47.9591494],[0.2149414,47.9591638],[0.2149762,47.9591728],[0.2150364,47.9591859],[0.2151743,47.959209],[0.2152624,47.9592223],[0.2153644,47.959234],[0.2154156,47.9592384],[0.2154936,47.9592427],[0.2155725,47.959246],[0.215665,47.9592486],[0.2162401,47.9592606],[0.216441,47.9592651],[0.2165491,47.9592683],[0.2166173,47.9592712],[0.2166585,47.9592739],[0.2168106,47.9592887],[0.2168812,47.9592976],[0.2169368,47.9593077],[0.2170047,47.9593238],[0.2170585,47.9593396],[0.2171103,47.9593581],[0.217182,47.959388],[0.2172512,47.9594199],[0.2173078,47.9594495],[0.2173405,47.9594688],[0.2173616,47.9594822],[0.2173821,47.9594961],[0.2174115,47.9595177],[0.2174568,47.9595551],[0.217498,47.959594],[0.2175211,47.959618],[0.2175432,47.9596425],[0.217577,47.9596849],[0.2176066,47.9597288],[0.217632,47.9597739],[0.2176488,47.959811],[0.217662,47.9598485],[0.2176711,47.9598861],[0.2176802,47.9599333],[0.2176922,47.9600264],[0.2176931,47.9600542],[0.2176928,47.9601174],[0.2176958,47.9601612],[0.2177078,47.9602566],[0.217714,47.9602905],[0.2177221,47.9603238],[0.2177297,47.9603484],[0.2177386,47.9603726],[0.2177492,47.9603968],[0.2177618,47.9604214],[0.217818,47.9605145],[0.2178336,47.9605352],[0.2178524,47.9605556],[0.2178735,47.9605758],[0.217918,47.9606159],[0.217942,47.9606353],[0.2179761,47.96066],[0.2180038,47.9606775],[0.2180663,47.9607118],[0.2181175,47.9607422],[0.2181572,47.9607645],[0.2184117,47.9608992],[0.2186338,47.9610144],[0.2187177,47.961057],[0.2187918,47.9610928],[0.2188894,47.9611377],[0.2189659,47.9611713],[0.2190431,47.9612034],[0.2191218,47.9612341],[0.219202,47.9612636],[0.2192953,47.9612963],[0.219389,47.9613275],[0.2194477,47.9613459],[0.2195192,47.9613669],[0.2197396,47.9614279],[0.2200275,47.9615025],[0.2201272,47.9615275],[0.2204503,47.9616123],[0.2207499,47.9616888],[0.2208261,47.9617065],[0.2209239,47.9617305],[0.2210029,47.9617484],[0.2210984,47.961772],[0.2211237,47.961777],[0.221191,47.9617886],[0.2212833,47.9618076],[0.2213195,47.9618138],[0.2213545,47.9618187],[0.2213893,47.9618217],[0.2214244,47.9618225],[0.2214595,47.9618217],[0.2214942,47.9618191],[0.2215282,47.9618147],[0.2215506,47.9618105],[0.2216294,47.9617904],[0.2216633,47.9617802],[0.2217323,47.9617575],[0.2219814,47.9616707],[0.222016,47.9616576],[0.2221064,47.9616205],[0.2222802,47.961555],[0.2223586,47.9615234],[0.2224588,47.9614807],[0.2227274,47.9613629],[0.2229934,47.9612443],[0.2230682,47.9612071],[0.223134,47.961178],[0.2231648,47.9611629],[0.223247,47.9611192],[0.2233227,47.9610804],[0.2234479,47.9610136],[0.2234978,47.9609853],[0.2235773,47.9609372],[0.2236908,47.9608726],[0.2237196,47.9608555],[0.2239626,47.9606977],[0.2240158,47.9606601],[0.2240591,47.9606266],[0.2241015,47.9605955],[0.2241677,47.960542],[0.2242199,47.9605032],[0.2242349,47.9604896],[0.2242412,47.9604823],[0.224283,47.9604281],[0.2243054,47.9603941],[0.2243196,47.9603776],[0.2244526,47.9602612],[0.2245003,47.9602177],[0.2246749,47.9600485],[0.2247321,47.9599884],[0.2248287,47.959891],[0.2249064,47.9598068],[0.2249786,47.9597317],[0.2250618,47.9596489],[0.2251154,47.9595974],[0.225172,47.959537],[0.225232,47.959477],[0.2252901,47.959416],[0.2253358,47.9593713],[0.2253783,47.9593266],[0.225474,47.9592294],[0.2255226,47.9591757],[0.2255518,47.9591449],[0.2256728,47.959024],[0.2257405,47.958955],[0.2257766,47.9589167],[0.2258284,47.9588664],[0.2258964,47.9587917],[0.2259876,47.9587033],[0.2260459,47.9586429],[0.2261159,47.9585766],[0.226313,47.9583742],[0.2263909,47.9582894],[0.2264556,47.9582215],[0.2265485,47.958115],[0.2266089,47.9580525],[0.2266761,47.9579736],[0.2267342,47.9579081],[0.2268086,47.957815],[0.22682,47.957798],[0.2268393,47.9577637],[0.2268497,47.9577472],[0.2268722,47.9577144],[0.2268847,47.9576982],[0.2269271,47.9576521],[0.226973,47.9575971],[0.227001,47.9575653],[0.2270301,47.957534],[0.2270802,47.9574828],[0.2271132,47.9574463],[0.2271311,47.9574233],[0.2271532,47.9573913],[0.2272067,47.9573189],[0.2272748,47.9572142],[0.227302,47.9571647],[0.2273175,47.9571387],[0.2273348,47.9571131],[0.22737,47.9570642],[0.227413,47.9570006],[0.2274864,47.9568722],[0.2275072,47.9568317],[0.2275228,47.9567963],[0.2275406,47.9567507],[0.2275538,47.9567239],[0.2275975,47.9566459],[0.2276668,47.9565382],[0.2276852,47.9565072],[0.2277041,47.9564682],[0.2277363,47.9563896],[0.227758,47.9563447],[0.2277769,47.9563098],[0.2278297,47.9562179],[0.2279577,47.9559818],[0.2280735,47.9557424],[0.2281287,47.9556316],[0.2282202,47.9554343],[0.2283073,47.9552564],[0.2283141,47.9552397],[0.2283182,47.9552225],[0.2283191,47.9551857],[0.2283217,47.9551671],[0.2283408,47.9551035],[0.2283732,47.9550323],[0.2283826,47.9550148],[0.2283936,47.9549977],[0.2284222,47.9549561],[0.2284755,47.9548832],[0.2284976,47.9548509],[0.228512,47.9548262],[0.2285605,47.9547249],[0.2285945,47.9546469],[0.2286256,47.954587],[0.2286719,47.9544932],[0.2287697,47.9542888],[0.2287834,47.9542544],[0.228794,47.9542091],[0.2288007,47.9541907],[0.2288103,47.9541728],[0.2288416,47.9541321],[0.2288568,47.954108],[0.2288769,47.9540665],[0.228902,47.9540046],[0.2289104,47.9539865],[0.2289498,47.9539195],[0.2289792,47.9538623],[0.2290057,47.9537932],[0.2290539,47.953699],[0.2290652,47.953674],[0.2290709,47.953657],[0.2290794,47.9536216],[0.2291029,47.9535402],[0.2291064,47.9535314],[0.229121,47.9535064],[0.2291288,47.95349],[0.2291477,47.9534189],[0.2291549,47.9534002],[0.2291802,47.9533564],[0.2292071,47.9533055],[0.2292344,47.953265],[0.2292638,47.9532069],[0.2292775,47.9531735],[0.229295,47.9531107],[0.2293015,47.9530917],[0.2293103,47.9530732],[0.2293248,47.9530463],[0.2293488,47.952983],[0.2293767,47.9529278],[0.2293918,47.9528956],[0.229424,47.9528176],[0.2294406,47.9527829],[0.2294676,47.9527312],[0.2295007,47.9526612],[0.2295164,47.9526353],[0.2295446,47.9525942],[0.2295652,47.9525541],[0.2295863,47.9525053],[0.229608,47.9524431],[0.2296199,47.9524152],[0.2296346,47.9523881],[0.2296616,47.9523462],[0.2296742,47.9523217],[0.2296911,47.9522804],[0.2297102,47.9522396],[0.2297305,47.9521782],[0.2297583,47.9521147],[0.2297721,47.9520883],[0.2298344,47.9519798],[0.2298458,47.9519564],[0.2298704,47.9518879],[0.2299673,47.9516784],[0.2299815,47.9516449],[0.229997,47.9516014],[0.2300276,47.9515498],[0.2300783,47.9514541],[0.2300894,47.9514373],[0.2301132,47.9514051],[0.2301228,47.951389],[0.2301714,47.9512889],[0.2302193,47.951194],[0.2302354,47.9511601],[0.2302566,47.9511091],[0.230289,47.9510415],[0.2302989,47.9510158],[0.2303121,47.9509712],[0.2303417,47.9509096],[0.2303557,47.950874],[0.2303642,47.9508564],[0.2304013,47.9507985],[0.2304316,47.9507436],[0.230444,47.950719],[0.2304726,47.9506577],[0.2305635,47.9504812],[0.2305747,47.9504634],[0.2305811,47.9504549],[0.2306175,47.950417],[0.2306288,47.9504025],[0.2306376,47.9503878],[0.2306576,47.9503484],[0.2306972,47.9502603],[0.2307324,47.9501918],[0.2307583,47.9501349],[0.2308753,47.9498927],[0.2309224,47.9497912],[0.2309454,47.9497374],[0.2309864,47.9496615],[0.2310565,47.9495167],[0.2310743,47.9494742],[0.2310904,47.9494403],[0.2310968,47.9494232],[0.2311032,47.9493982],[0.2311109,47.9493489],[0.2311162,47.9493316],[0.2311326,47.9492957],[0.2311634,47.9492216],[0.231204,47.9491356],[0.2312304,47.9490762],[0.2312639,47.9489876],[0.2312714,47.94897],[0.2313024,47.9489194],[0.2313552,47.948815],[0.2313934,47.9487296],[0.2314132,47.948679],[0.2314272,47.9486534],[0.2314433,47.9486191],[0.2314739,47.9485711],[0.2314871,47.9485479],[0.2314942,47.948532],[0.2315119,47.948479],[0.2315434,47.9484033],[0.2315569,47.9483753],[0.231573,47.9483489],[0.2315852,47.9483325],[0.2315993,47.948317],[0.2316223,47.9482952],[0.2316351,47.9482804],[0.23166,47.9482418],[0.2316828,47.9482105],[0.2316924,47.948194],[0.2317067,47.9481593],[0.2317185,47.9481244],[0.2317256,47.9480983],[0.2317374,47.9480439],[0.2317456,47.9480163],[0.2317592,47.9479804],[0.231771,47.9479536],[0.2318124,47.9478755],[0.2318408,47.9478178],[0.2318708,47.9477508],[0.2319068,47.9476738],[0.2319495,47.9475903],[0.2320103,47.9474625],[0.2320954,47.9472881],[0.2321286,47.9472171],[0.2321855,47.9470999],[0.2322294,47.9470045],[0.2322693,47.9469213],[0.2323141,47.946833],[0.2323533,47.9467487],[0.2323819,47.9466936],[0.2324113,47.9466322],[0.2324369,47.9465824],[0.2324636,47.9465218],[0.2324768,47.9464946],[0.2324965,47.9464578],[0.2325087,47.9464398],[0.2325293,47.9464146],[0.2325629,47.946377],[0.2325723,47.9463621],[0.2325965,47.946305],[0.2326241,47.9462533],[0.2326489,47.9462016],[0.2326874,47.9461255],[0.2327184,47.9460582],[0.2327468,47.9460001],[0.2327677,47.945949],[0.2327727,47.9459318],[0.2327899,47.9458512],[0.2327965,47.9458327],[0.2328126,47.9457969],[0.2328268,47.9457511],[0.2328338,47.9457325],[0.2328381,47.9457233],[0.2328486,47.9457057],[0.2328727,47.9456728],[0.2328831,47.9456567],[0.2329049,47.9456159],[0.2329195,47.9455822],[0.2329407,47.9455403],[0.2329519,47.9455148],[0.2329608,47.9454889],[0.2329727,47.9454441],[0.2329802,47.9454258],[0.232996,47.9453988],[0.2330434,47.94533],[0.2330751,47.9452899],[0.2330842,47.9452738],[0.2331054,47.9452261],[0.2331139,47.9452026],[0.2331168,47.9451865],[0.233121,47.9451436],[0.2331316,47.945089],[0.2331443,47.9450458],[0.2331637,47.9450056],[0.2331784,47.9449682],[0.2331814,47.9449539],[0.2331815,47.9449468],[0.2331794,47.9449325],[0.2331702,47.9449032],[0.2331532,47.9448646],[0.2331185,47.9448033],[0.2331087,47.9447884],[0.2330967,47.9447745],[0.2330753,47.9447546],[0.2330434,47.944728],[0.2329796,47.9446795],[0.2329618,47.9446639],[0.2329451,47.9446474],[0.2329143,47.9446133],[0.2328938,47.9445872],[0.2328754,47.9445605],[0.2328594,47.9445325],[0.2328466,47.9445034],[0.2328371,47.9444735],[0.2328309,47.9444433],[0.2328276,47.9444029],[0.2328291,47.9443629],[0.2328349,47.9443228],[0.2328423,47.9442927],[0.2328544,47.9442634],[0.2328707,47.9442355],[0.2329068,47.9441819],[0.2329283,47.9441554],[0.2329538,47.9441297],[0.2329821,47.9441053],[0.2330119,47.9440827],[0.2330522,47.9440554],[0.2331011,47.9440252],[0.2331191,47.9440123],[0.2331788,47.9439628],[0.2332293,47.9439193],[0.233265,47.9438913],[0.2332939,47.9438717],[0.2333442,47.9438402],[0.2333757,47.9438225],[0.2334099,47.9438071],[0.2334683,47.9437841],[0.2335361,47.9437555],[0.2335822,47.9437376],[0.2336033,47.9437271],[0.2336328,47.9437094],[0.2336712,47.9436837],[0.2337292,47.9436419],[0.2337655,47.9436139],[0.2338044,47.9435813],[0.2338319,47.9435558],[0.233863,47.9435235],[0.2339098,47.9434711],[0.2339256,47.9434512],[0.2339562,47.9434076],[0.2339923,47.94336],[0.2340084,47.9433356],[0.2340219,47.9433122],[0.2340326,47.9432894],[0.2340478,47.9432391],[0.234059,47.9432119],[0.2340871,47.9431585],[0.2341245,47.9430808],[0.2341774,47.9429642],[0.2342221,47.942877],[0.2342637,47.9427905],[0.2342903,47.94274],[0.2343278,47.9426546],[0.2344463,47.9424122],[0.2345311,47.9422272],[0.2345418,47.9422087],[0.2345547,47.942191],[0.2346115,47.9421269],[0.2346237,47.942111],[0.2346331,47.9420945],[0.2346692,47.9420215],[0.2346903,47.9419812],[0.2347461,47.9418522],[0.2347744,47.9417915],[0.2348712,47.9415925],[0.2349653,47.9413954],[0.2350348,47.9412597],[0.2351049,47.9411042],[0.2351979,47.9409177],[0.2353479,47.9406003],[0.2354116,47.9404717],[0.2354665,47.9403515],[0.2355157,47.9402492],[0.2355494,47.9401824],[0.2356006,47.9400685],[0.2356096,47.9400508],[0.2356344,47.9400076],[0.2356514,47.9399744],[0.2356724,47.9399254],[0.2357006,47.9398657],[0.2357506,47.9397627],[0.235777,47.9397112],[0.2358174,47.9396242],[0.2358725,47.9395134],[0.2359131,47.9394283],[0.235958,47.9393416],[0.2359731,47.9393062],[0.2360142,47.9392174],[0.236075,47.9390999],[0.2361099,47.939021],[0.2361449,47.9389487],[0.236156,47.9389238],[0.2361916,47.9388374],[0.2362181,47.9387638],[0.2362302,47.9387353],[0.2362412,47.938717],[0.2362479,47.9387085],[0.2362761,47.9386769],[0.2362815,47.938669],[0.2362902,47.9386531],[0.236319,47.9385862],[0.2363985,47.9384228],[0.2364249,47.9383632],[0.2364746,47.938264],[0.2364969,47.9382131],[0.2365098,47.9381785],[0.2365231,47.9381131],[0.2365289,47.9380937],[0.2365364,47.9380746],[0.2365465,47.9380565],[0.2365528,47.9380479],[0.2365737,47.9380234],[0.2365858,47.938007],[0.2366238,47.9379506],[0.2366377,47.9379269],[0.2367118,47.9377665],[0.2367465,47.9376962],[0.2367749,47.9376339],[0.23681,47.9375666],[0.2368783,47.9374229],[0.2369306,47.937321],[0.236958,47.9372621],[0.2369747,47.9372211],[0.236983,47.9371967],[0.2370032,47.9371267],[0.2370307,47.9370377],[0.237044,47.9370006],[0.2370564,47.9369725],[0.2371022,47.9368866],[0.2371489,47.936792],[0.2371589,47.9367738],[0.237171,47.9367561],[0.237204,47.9367149],[0.2372322,47.936677],[0.237242,47.9366624],[0.2372478,47.9366472],[0.2372668,47.9365512],[0.2372774,47.9365214],[0.2373181,47.9364435],[0.2373403,47.9363963],[0.2373668,47.9363359],[0.2374214,47.9362309],[0.2374569,47.936157],[0.2374876,47.9360985],[0.2375188,47.9360286],[0.2375323,47.9360013],[0.2375467,47.9359739],[0.2375737,47.9359297],[0.2376194,47.9358486],[0.2376243,47.9358326],[0.2376295,47.935798],[0.2376348,47.9357802],[0.2376425,47.9357626],[0.2376561,47.9357366],[0.237667,47.9357103],[0.2377127,47.9356287],[0.2377409,47.9355674],[0.2378052,47.9354395],[0.2378537,47.935333],[0.2378808,47.9352803],[0.237909,47.935229],[0.2379295,47.9351871],[0.2379399,47.9351713],[0.2379602,47.9351488],[0.2379721,47.9351336],[0.2379998,47.9350856],[0.2380155,47.9350502],[0.238034,47.9350147],[0.2380706,47.9349394],[0.2381268,47.9348188],[0.2381575,47.9347592],[0.2382616,47.9345365],[0.2383418,47.934375],[0.2383564,47.934342],[0.2383652,47.9343166],[0.238376,47.9342621],[0.2383815,47.9342435],[0.2383888,47.9342254],[0.2384073,47.9341921],[0.2384147,47.9341761],[0.2384191,47.9341594],[0.2384254,47.9341239],[0.2384344,47.9340963],[0.238454,47.934051],[0.2384841,47.9339907],[0.2385112,47.9339285],[0.2385356,47.9338842],[0.2385586,47.9338497],[0.2385782,47.9338249],[0.2386131,47.933787],[0.2386247,47.933772],[0.2386295,47.9337642],[0.238649,47.9337229],[0.2386685,47.9336895],[0.2386772,47.9336725],[0.2387011,47.9336212],[0.2388286,47.9333593],[0.2388388,47.9333354],[0.2388426,47.9333189],[0.2388447,47.9332646],[0.2388485,47.9332354],[0.2388576,47.9332066],[0.2388697,47.9331786],[0.2388835,47.9331512],[0.2388942,47.9331334],[0.2389256,47.9330927],[0.2389352,47.9330771],[0.2389856,47.932966],[0.2390006,47.9329389],[0.2390138,47.9329215],[0.2390582,47.9328744],[0.2390639,47.9328667],[0.2390731,47.9328511],[0.2391002,47.9327847],[0.239123,47.9327423],[0.2391473,47.9326913],[0.2391687,47.9326493],[0.2392329,47.9325136],[0.2392384,47.9324971],[0.239245,47.9324715],[0.2392508,47.9324342],[0.2392552,47.9324143],[0.2392667,47.9323848],[0.2393144,47.9322899],[0.2393479,47.9322161],[0.2394184,47.9320704],[0.2394455,47.9320099],[0.2394838,47.9319333],[0.2395231,47.9318493],[0.2395419,47.9318064],[0.2395709,47.9317458],[0.2396052,47.9316652],[0.2396476,47.9315894],[0.2396712,47.9315392],[0.2397051,47.9314713],[0.2397534,47.9313688],[0.239786,47.9312933],[0.2397947,47.9312676],[0.2398048,47.9312308],[0.2398121,47.9312119],[0.239822,47.9311935],[0.2398537,47.9311423],[0.2398721,47.9311093],[0.2399358,47.9309821],[0.2399748,47.9309069],[0.2399866,47.9308819],[0.2400072,47.9308296],[0.2400272,47.9307855],[0.2400469,47.9307338],[0.2400656,47.9307009],[0.2400779,47.9306751],[0.240104,47.9306318],[0.240143,47.9305623],[0.240161,47.930537],[0.2401961,47.9304973],[0.2402118,47.9304732],[0.2402894,47.9303144],[0.2403368,47.9302087],[0.2403642,47.9301584],[0.2403934,47.9301001],[0.2404127,47.9300586],[0.240427,47.930025],[0.2404324,47.9300076],[0.2404404,47.9299708],[0.2404481,47.9299523],[0.2404947,47.9298665],[0.2405168,47.9298348],[0.2405313,47.9298103],[0.2405805,47.9297059],[0.2406016,47.9296644],[0.2406462,47.9295707],[0.240652,47.9295548],[0.2406534,47.9295467],[0.2406533,47.9295209],[0.2406547,47.9295026],[0.2406568,47.9294933],[0.2406635,47.9294744],[0.2407247,47.9293525],[0.240806,47.9291784],[0.2408384,47.9291132],[0.2408472,47.9290888],[0.2408566,47.9290516],[0.2408643,47.9290324],[0.2408695,47.9290231],[0.2408928,47.9289887],[0.2409028,47.9289719],[0.2409462,47.928887],[0.2410037,47.9287612],[0.2410376,47.9286911],[0.2410683,47.9286248],[0.2411043,47.9285524],[0.2411152,47.9285253],[0.2411298,47.9284844],[0.2411393,47.9284625],[0.2411458,47.9284518],[0.2411538,47.9284415],[0.2411729,47.9284224],[0.2412046,47.9283964],[0.2412388,47.9283732],[0.241263,47.9283596],[0.2413003,47.9283415],[0.2413844,47.9283063],[0.2414643,47.928271],[0.2414896,47.9282615],[0.24153,47.9282482],[0.2415715,47.9282363],[0.2415992,47.9282293],[0.2416814,47.9282116],[0.2418081,47.9281887],[0.2418416,47.9281806],[0.2418523,47.9281771],[0.2418726,47.9281686],[0.2419122,47.9281489],[0.2419633,47.928126],[0.2419921,47.9281118],[0.2420193,47.9280968],[0.2420534,47.9280755],[0.2420769,47.9280579],[0.2420907,47.9280451],[0.2421416,47.9279911],[0.2421531,47.9279775],[0.2421631,47.9279635],[0.2421716,47.927949],[0.2421852,47.9279188],[0.2421929,47.9278952],[0.2421966,47.927879],[0.2422098,47.9277987],[0.2422102,47.927783],[0.2422062,47.9277594],[0.2421982,47.9277358],[0.2421203,47.9275473],[0.2420643,47.9274279],[0.2420082,47.9272953],[0.2419956,47.9272591],[0.2419741,47.9271864],[0.2419669,47.9271585],[0.2419589,47.9271119],[0.24195,47.927039],[0.2419486,47.927021],[0.2419483,47.9269941],[0.2419471,47.9269851],[0.2419385,47.9269475],[0.2419338,47.9269066],[0.2419326,47.9268756],[0.2419331,47.9268459],[0.2419379,47.9267913],[0.2419389,47.9267643],[0.2419413,47.9267461],[0.2419506,47.9267184],[0.241976,47.9266619],[0.2420241,47.9265696],[0.2420761,47.9264651],[0.2421183,47.9263935],[0.2421478,47.9263262],[0.2421636,47.9263002],[0.2421928,47.9262619],[0.242206,47.92624],[0.2422163,47.9262168],[0.2422425,47.9261436],[0.2422512,47.9261245],[0.242274,47.9260798],[0.2422946,47.9260349],[0.2423061,47.9260165],[0.2423211,47.9259988],[0.2423699,47.9259543],[0.2423948,47.925927],[0.2424061,47.9259123],[0.2424149,47.9258961],[0.2424263,47.9258702],[0.2424468,47.9258359],[0.2424782,47.9257769],[0.2425005,47.9257284],[0.2425069,47.925712],[0.2425117,47.9256953],[0.2425159,47.9256607],[0.2425158,47.9256238],[0.2425168,47.9256141],[0.242523,47.9255844],[0.2425297,47.9255647],[0.2425393,47.925546],[0.2425649,47.925503],[0.2425782,47.9254782],[0.2426128,47.9254009],[0.242645,47.925341],[0.2426809,47.9252711],[0.2427226,47.9251951],[0.2427496,47.9251367],[0.2427607,47.9251191],[0.2428188,47.9250469],[0.2428277,47.9250322],[0.2428419,47.9250015],[0.2428775,47.9249109],[0.2428935,47.9248518],[0.2429242,47.9247484],[0.2429276,47.9247307],[0.2429336,47.9246863],[0.2429357,47.9246301],[0.2429392,47.9245914],[0.2429419,47.9245718],[0.2429461,47.924552],[0.2429567,47.9245232],[0.2429843,47.9244725],[0.2429902,47.9244566],[0.2429944,47.9244409],[0.2430021,47.9244014],[0.2430203,47.9242521],[0.2430243,47.9242068],[0.2430294,47.9241791],[0.2430524,47.9241162],[0.2430801,47.9240463],[0.2431006,47.9240026],[0.2431035,47.9239938],[0.2431068,47.9239762],[0.2431125,47.9239093],[0.2431115,47.9238922],[0.2430989,47.9238475],[0.2430884,47.9237931],[0.2430754,47.9237482],[0.2430696,47.9236947],[0.2430597,47.9236581],[0.2430568,47.9236393],[0.243059,47.9236024],[0.2430572,47.9235759],[0.2430575,47.9235583],[0.2430634,47.9235039],[0.2430768,47.9233404],[0.2430753,47.9232492],[0.2430787,47.9231563],[0.2430821,47.9231375],[0.2430897,47.9231097],[0.2430957,47.9230827],[0.2431056,47.9230242],[0.2431194,47.9228932],[0.2431195,47.9228672],[0.2431168,47.9228217],[0.2431178,47.922803],[0.2431212,47.9227845],[0.2431301,47.9227486],[0.243133,47.9227307],[0.2431402,47.9226491],[0.2431521,47.9225592],[0.2431613,47.9224607],[0.2431659,47.9223875],[0.2431745,47.9223081],[0.2432057,47.9219505],[0.243223,47.9217788],[0.243228,47.9217144],[0.2432333,47.9216625],[0.2432383,47.9215759],[0.2432368,47.9215307],[0.2432376,47.921512],[0.243241,47.9214935],[0.2432537,47.9214492],[0.2432571,47.921432],[0.2432588,47.9214148],[0.2432588,47.9213697],[0.2432598,47.9213505],[0.243265,47.9213106],[0.2432733,47.921281],[0.2432894,47.9212453],[0.2432959,47.9212286],[0.2433013,47.9212034],[0.2433111,47.9210969],[0.2433163,47.9210268],[0.2433245,47.9209667],[0.2433251,47.9209499],[0.2433236,47.9209334],[0.2433196,47.9209168],[0.2433059,47.920882],[0.2432998,47.920863],[0.2432968,47.9208433],[0.243297,47.9208234],[0.2433062,47.9207581],[0.2433076,47.9207034],[0.2433092,47.9206846],[0.2433201,47.9206225],[0.2433256,47.9205617],[0.2433383,47.9204618],[0.2433532,47.9203116],[0.2433593,47.9202287],[0.2433638,47.9201903],[0.2433683,47.9201614],[0.2433727,47.9201426],[0.2433791,47.9201248],[0.243395,47.9200917],[0.2433998,47.9200753],[0.2434143,47.9199525],[0.2434308,47.9197452],[0.243439,47.9196651],[0.2434534,47.9194966],[0.2434633,47.919395],[0.2434795,47.9191986],[0.2434985,47.9189931],[0.2435123,47.9188667],[0.2435246,47.9186962],[0.2435388,47.9185796],[0.2435399,47.918554],[0.2435382,47.9185184],[0.2435386,47.9184999],[0.243547,47.9184449],[0.2435554,47.9183636],[0.2435573,47.918337],[0.2435572,47.918283],[0.2435684,47.9182011],[0.2435742,47.9181311],[0.2435789,47.9180517],[0.2435874,47.9179692],[0.2435953,47.9178744],[0.2435952,47.9178578],[0.2435939,47.9178494],[0.2435816,47.9178143],[0.2435765,47.917795],[0.2435751,47.9177851],[0.2435744,47.917765],[0.2435763,47.9177357],[0.2435846,47.9176729],[0.2435898,47.9175742],[0.2435995,47.9174673],[0.2436006,47.9174327],[0.2435981,47.9173874],[0.2435981,47.9173686],[0.2436029,47.9173237],[0.243608,47.9172432],[0.2436114,47.9172145],[0.2436221,47.9171678],[0.2436291,47.9171305],[0.2436348,47.9171119],[0.2436501,47.9170765],[0.2436557,47.9170597],[0.2436588,47.9170432],[0.2436633,47.9170019],[0.243667,47.916949],[0.243669,47.9168755],[0.2436789,47.9168033],[0.2436823,47.9167417],[0.2436866,47.916697],[0.2436897,47.9166421],[0.2437034,47.9164714],[0.2437049,47.9164185],[0.2437131,47.9163649],[0.243715,47.9163468],[0.2437229,47.9162384],[0.2437249,47.9161748],[0.2437312,47.9161209],[0.2437423,47.9160057],[0.2437526,47.9158616],[0.2437592,47.9157912],[0.243761,47.9157087],[0.2437727,47.9156189],[0.2437807,47.9155012],[0.2437895,47.9154037],[0.2437911,47.9153773],[0.243792,47.9153241],[0.2437948,47.9152888],[0.2437945,47.9152708],[0.243792,47.915243],[0.2437922,47.915224],[0.2437956,47.9152051],[0.2438054,47.9151687],[0.2438079,47.9151511],[0.2438129,47.9150645],[0.2438138,47.9150295],[0.2438042,47.914947],[0.2438029,47.9149196],[0.2438023,47.9148601],[0.2437934,47.914769],[0.243784,47.9146923],[0.2437811,47.9146752],[0.2437748,47.9146494],[0.2437592,47.9145976],[0.2437215,47.9144908],[0.2437011,47.9144387],[0.2436691,47.9143517],[0.2436403,47.9142829],[0.243573,47.9141096],[0.2435529,47.914048],[0.2435433,47.9140217],[0.2433668,47.9135908],[0.2433594,47.9135757],[0.2433508,47.9135616],[0.243341,47.9135487],[0.2433298,47.9135368],[0.2433101,47.9135212],[0.2432949,47.9135121],[0.2432783,47.9135042],[0.2432521,47.9134947],[0.2432344,47.9134902],[0.2432168,47.9134871],[0.2431903,47.9134843],[0.243172,47.9134836],[0.243153,47.9134846],[0.2431434,47.9134859],[0.2431241,47.91349],[0.2430944,47.9134996],[0.2430045,47.9135372],[0.2428944,47.9135764],[0.2428558,47.9135873],[0.2428144,47.9135954],[0.2427448,47.9136066],[0.2426113,47.9136263],[0.2419928,47.9137243],[0.241868,47.9137424],[0.241792,47.9137553],[0.2416871,47.9137744],[0.2415795,47.9137901],[0.2414475,47.9138136],[0.2414081,47.9138183],[0.2413435,47.9138223],[0.2413064,47.9138272],[0.2411811,47.9138489],[0.2410782,47.9138682],[0.2407791,47.9139211],[0.2406317,47.91395],[0.2404842,47.9139759],[0.2402636,47.9140165],[0.2400683,47.9140503],[0.2399479,47.9140686],[0.2399202,47.9140709],[0.2398528,47.9140723],[0.2398274,47.9140746],[0.2398024,47.9140784],[0.2396242,47.9141125],[0.239599,47.9141182],[0.239549,47.9141314],[0.2395361,47.914134],[0.239409,47.9141555],[0.2393352,47.9141739],[0.2392717,47.9141943],[0.2392317,47.9142039],[0.2391915,47.9142111],[0.2391258,47.9142191],[0.2390748,47.9142279],[0.2390363,47.9142335],[0.2390113,47.914239],[0.2389618,47.914253],[0.2389227,47.9142612],[0.2388562,47.9142717],[0.2388031,47.9142826],[0.2387755,47.9142871],[0.2387472,47.9142892],[0.238733,47.9142893],[0.2386918,47.9142874],[0.2386657,47.9142875],[0.2386531,47.9142884],[0.2386283,47.9142918],[0.2386038,47.9142962],[0.2385671,47.9143042],[0.2384286,47.914339],[0.2383481,47.9143514],[0.2382824,47.914359],[0.2382317,47.9143672],[0.2381827,47.9143789],[0.2381457,47.9143865],[0.238122,47.9143937],[0.2380866,47.9144074],[0.2380614,47.9144158],[0.2380349,47.9144227],[0.2379946,47.9144308],[0.2378761,47.9144517],[0.2378485,47.9144556],[0.237779,47.9144602],[0.2377257,47.9144617],[0.2377001,47.9144641],[0.237675,47.9144681],[0.2375608,47.914489],[0.2374578,47.9145091],[0.2373671,47.914525],[0.2372628,47.9145417],[0.2371605,47.9145625],[0.23703,47.9145852],[0.2369266,47.9146019],[0.2368512,47.9146189],[0.2368124,47.9146268],[0.2366956,47.9146479],[0.2365922,47.9146652],[0.2363725,47.9147063],[0.2362813,47.9147214],[0.2361787,47.9147413],[0.2357913,47.9148126],[0.2356878,47.9148328],[0.2355417,47.9148562],[0.2354641,47.9148653],[0.2354156,47.9148725],[0.2354037,47.9148753],[0.2353559,47.9148898],[0.2353301,47.914896],[0.2353036,47.9149013],[0.2352376,47.9149133],[0.2351604,47.9149283],[0.2350969,47.9149393],[0.2349921,47.9149593],[0.234912,47.9149717],[0.234849,47.9149827],[0.2346694,47.915018],[0.23441,47.9150626],[0.2342696,47.9150898],[0.234119,47.9151209],[0.2340175,47.9151463],[0.2338409,47.9151849],[0.2335547,47.915259],[0.2334439,47.9152895],[0.2333683,47.9153069],[0.233296,47.9153285],[0.2332478,47.9153448],[0.2332225,47.9153523],[0.2331963,47.9153584],[0.2331065,47.9153765],[0.2330201,47.9153956],[0.2329714,47.9154079],[0.2329245,47.9154222],[0.2329018,47.9154303],[0.2328688,47.9154433],[0.2328163,47.9154669],[0.2327961,47.9154772],[0.2327565,47.9155022],[0.2327455,47.9155082],[0.2327212,47.9155188],[0.232645,47.9155436],[0.2325162,47.9155888],[0.2324436,47.9156134],[0.2323949,47.9156312],[0.2321775,47.9157041],[0.2319053,47.9157992],[0.2315847,47.9159081],[0.2315131,47.9159333],[0.231403,47.9159684],[0.2313238,47.9159957],[0.2312766,47.9160123],[0.2311798,47.9160481],[0.2311088,47.9160732],[0.2310243,47.9161008],[0.2308946,47.9161465],[0.2307395,47.9161989],[0.2305379,47.9162702],[0.2304417,47.916302],[0.2301794,47.9163916],[0.2298685,47.9165003],[0.2297708,47.9165323],[0.2295959,47.9165939],[0.2294661,47.9166375],[0.2293134,47.916691],[0.2291681,47.91674],[0.2288589,47.9168473],[0.2286821,47.9169066],[0.2286022,47.9169367],[0.2283003,47.9170408],[0.2281203,47.9171],[0.2280746,47.9171161],[0.2280046,47.9171421],[0.227847,47.9171953],[0.2275038,47.9173159],[0.2274203,47.9173433],[0.2273376,47.9173737],[0.2272454,47.9174094],[0.2272011,47.9174308],[0.2271779,47.917441],[0.2270631,47.9174854],[0.2269756,47.9175205],[0.2269093,47.9175492],[0.2268199,47.91759],[0.2267961,47.9175992],[0.2267485,47.9176161],[0.2267262,47.9176253],[0.2266083,47.9176787],[0.2265213,47.9177201],[0.2264672,47.9177477],[0.2263921,47.9177842],[0.2262532,47.917854],[0.2261995,47.9178793],[0.2260191,47.9179717],[0.2259519,47.9180036],[0.2258435,47.918059],[0.2257102,47.9181209],[0.2255439,47.9182058],[0.2253618,47.9182975],[0.2252508,47.9183491],[0.2250287,47.9184616],[0.2249065,47.9185217],[0.2247687,47.9185862],[0.2246804,47.9186323],[0.2246567,47.9186434],[0.2246322,47.9186535],[0.2246071,47.9186618],[0.2245703,47.9186725],[0.2245056,47.9186982],[0.2244865,47.9187092],[0.2244519,47.9187363],[0.2244322,47.9187491],[0.2243875,47.9187702],[0.2243372,47.9187981],[0.2242606,47.9188351],[0.2242178,47.9188579],[0.2241548,47.9188896],[0.2241031,47.9189183],[0.2240811,47.9189296],[0.2240575,47.91894],[0.224045,47.9189445],[0.2239216,47.9189862],[0.2238533,47.9190125],[0.2238053,47.9190279],[0.2237827,47.9190367],[0.2237626,47.9190477],[0.2237088,47.9190866],[0.2236884,47.9190987],[0.2236666,47.9191101],[0.2236313,47.9191251],[0.2235809,47.919141],[0.2235454,47.9191547],[0.2233412,47.9192531],[0.2233113,47.919269],[0.2232826,47.9192867],[0.2232297,47.9193283],[0.223182,47.9193612],[0.2231454,47.9193888],[0.2231253,47.9194011],[0.2230927,47.9194165],[0.2230587,47.9194298],[0.2230369,47.9194393],[0.2229657,47.9194795],[0.2228059,47.9195668],[0.2227724,47.9195834],[0.2227153,47.9196089],[0.2226193,47.9196598],[0.2225853,47.9196742],[0.2225505,47.9196861],[0.2225286,47.9196946],[0.222498,47.9197089],[0.2224586,47.9197293],[0.2224201,47.9197515],[0.2223636,47.9197888],[0.2223326,47.919807],[0.2222577,47.9198484],[0.2221519,47.9199038],[0.2219975,47.9199903],[0.2218108,47.9200906],[0.2217396,47.9201316],[0.2216869,47.9201603],[0.2216157,47.9202018],[0.2215224,47.9202529],[0.2213271,47.9203625],[0.2212461,47.9204094],[0.2211431,47.9204656],[0.2209894,47.9205524],[0.2209496,47.9205755],[0.2209023,47.9206051],[0.2208762,47.9206241],[0.2208377,47.9206596],[0.2208215,47.9206736],[0.2207504,47.9207258],[0.2207078,47.9207594],[0.2206754,47.9207872],[0.2206368,47.9208227],[0.220602,47.920859],[0.2205657,47.9209024],[0.2205127,47.9209767],[0.2204921,47.9210077],[0.2204734,47.9210395],[0.2204613,47.921064],[0.220442,47.9211152],[0.2204168,47.9211757],[0.2203848,47.9212438],[0.2203624,47.9213044],[0.2203524,47.9213218],[0.2202772,47.9214387],[0.2202628,47.9214638],[0.2202115,47.9215677],[0.2201845,47.9216273],[0.2201474,47.9217137],[0.2201296,47.9217677],[0.2201227,47.9217855],[0.2200886,47.9218621],[0.2200706,47.9218966],[0.2200369,47.9219561],[0.2199617,47.9221105],[0.2199405,47.9221463],[0.2199164,47.922182],[0.2198953,47.9222083],[0.219862,47.9222416],[0.2198252,47.9222735],[0.2197944,47.9222965],[0.2197601,47.9223178],[0.2197227,47.922337],[0.219683,47.9223537],[0.2196411,47.9223673],[0.2195844,47.9223818],[0.2195419,47.9223906],[0.2195137,47.9223951],[0.2194449,47.9224034],[0.2193925,47.9224131],[0.2193521,47.9224218],[0.2192642,47.9224445],[0.2192319,47.9224509],[0.2192152,47.9224534],[0.2191814,47.9224562],[0.2191644,47.9224565],[0.2191308,47.9224553],[0.2190983,47.9224521],[0.2190512,47.9224464],[0.2190212,47.9224419],[0.2189926,47.9224352],[0.2189384,47.9224178],[0.2188406,47.9223806],[0.2187218,47.9223391],[0.218553,47.9222767],[0.218529,47.9222661],[0.2185061,47.922254],[0.218442,47.9222164],[0.218385,47.9221794],[0.218364,47.9221704],[0.2181959,47.9221242],[0.2180576,47.9220887],[0.2179453,47.9220583],[0.2178598,47.9220304],[0.2177983,47.9220122],[0.2177731,47.922006],[0.2176965,47.9219909],[0.21759,47.9219629],[0.2175539,47.9219548],[0.2175169,47.9219488],[0.217466,47.9219418],[0.2173833,47.9219328],[0.2173692,47.9219304],[0.2173417,47.9219242],[0.2172763,47.9219066],[0.2171872,47.9218842],[0.217112,47.9218623],[0.2170753,47.9218489],[0.2170305,47.9218271],[0.2169959,47.9218131],[0.2169096,47.9217871],[0.216789,47.9217524],[0.2167062,47.9217304],[0.2166461,47.9217173],[0.2165566,47.9216947],[0.2163173,47.9216301],[0.2162288,47.9216075],[0.2161558,47.9215878],[0.2161071,47.9215774],[0.216082,47.9215735],[0.2160301,47.9215675],[0.2159789,47.9215575],[0.2159378,47.9215511],[0.2159102,47.9215449],[0.2158834,47.9215368],[0.215779,47.9215007],[0.2157597,47.9214952],[0.2157404,47.9214928],[0.2157211,47.9214922],[0.2157114,47.9214926],[0.215673,47.921498],[0.2156455,47.9215037],[0.2156288,47.9215092],[0.2156073,47.9215196],[0.2155897,47.921531],[0.2155802,47.9215396],[0.2155719,47.9215494],[0.2155556,47.9215728],[0.2155396,47.9216008],[0.2155331,47.9216163],[0.2155056,47.9216925],[0.2154452,47.9218683],[0.2153919,47.9220156],[0.2153741,47.9220755],[0.2153479,47.9221463],[0.2153311,47.9222005],[0.215269,47.9223748],[0.215249,47.9224368],[0.2151858,47.9226118],[0.2151714,47.9226561],[0.2151402,47.9227437],[0.2151014,47.9228489],[0.2150813,47.9229101],[0.2150578,47.9229706],[0.2149737,47.9232164],[0.2149446,47.9232948],[0.2149166,47.9233741],[0.2148329,47.9236188],[0.2147572,47.9238286],[0.2146862,47.9240297],[0.2146691,47.9240817],[0.2146541,47.9241342],[0.2146366,47.9242051],[0.2146288,47.9242513],[0.2146231,47.9242698],[0.2146151,47.924288],[0.214572,47.9243731],[0.2145493,47.9244417],[0.2145333,47.9244959],[0.2145255,47.9245138],[0.2145081,47.9245483],[0.2144895,47.924591],[0.2144587,47.9246765],[0.214445,47.9247197],[0.2144369,47.9247538],[0.2144359,47.9247713],[0.2144371,47.9248081],[0.2144344,47.9248268],[0.2144267,47.9248545],[0.2144053,47.9249181],[0.2143855,47.9249709],[0.2143364,47.9250937],[0.2143235,47.9251197],[0.2143039,47.925153],[0.2142835,47.9252038],[0.2142765,47.9252305],[0.2142673,47.9252774],[0.2142619,47.9252962],[0.2142531,47.925314],[0.2142371,47.9253385],[0.2142294,47.9253543],[0.2142256,47.9253703],[0.2142231,47.9254127],[0.2142198,47.9254307],[0.2142144,47.925449],[0.2141766,47.9255589],[0.2141684,47.9255773],[0.2141575,47.9255946],[0.2141307,47.9256253],[0.2141198,47.9256404],[0.2141091,47.9256637],[0.2140862,47.9257402],[0.2140644,47.9258015],[0.214054,47.9258356],[0.2140496,47.9258615],[0.2140505,47.9259163],[0.2140486,47.9259449],[0.214046,47.9259642],[0.2140416,47.9259835],[0.2140358,47.9260026],[0.2140078,47.9260786],[0.2139923,47.9261156],[0.213982,47.9261328],[0.2139524,47.9261739],[0.213919,47.9262119],[0.2139074,47.9262264],[0.2138885,47.9262555],[0.2138819,47.926271],[0.2138714,47.9263052],[0.213857,47.9263416],[0.2138132,47.9264397],[0.2138037,47.9264573],[0.2137744,47.9264992],[0.2137513,47.9265435],[0.2137349,47.9265706],[0.2137154,47.9265964],[0.213688,47.9266266],[0.2136768,47.9266413],[0.2136689,47.9266569],[0.2136592,47.9266821],[0.2136352,47.9267246],[0.2136246,47.9267413],[0.2135999,47.926773],[0.2135902,47.9267894],[0.213582,47.9268059],[0.2135678,47.9268392],[0.2135377,47.9269189],[0.2135285,47.9269371],[0.2134871,47.9269967],[0.2134631,47.9270411],[0.2134516,47.9270584],[0.2134376,47.9270741],[0.2134162,47.9270952],[0.213405,47.9271094],[0.2134006,47.9271168],[0.2133937,47.9271327],[0.2133784,47.9271781],[0.2133684,47.9271967],[0.2133556,47.9272142],[0.2132935,47.9272843],[0.2132762,47.9273069],[0.2132632,47.9273308],[0.2132485,47.9273664],[0.2132436,47.9273756],[0.2132317,47.9273937],[0.2132179,47.9274113],[0.2132031,47.9274279],[0.2131728,47.9274591],[0.2131375,47.9274976],[0.2131085,47.9275271],[0.2130956,47.9275418],[0.2130564,47.927595],[0.2130462,47.9276113],[0.213023,47.9276554],[0.213004,47.927681],[0.212967,47.9277212],[0.2129137,47.9277728],[0.2129007,47.9277875],[0.2128738,47.9278269],[0.2128447,47.9278659],[0.2128254,47.9278993],[0.2128145,47.9279162],[0.2127887,47.9279484],[0.2127609,47.9279875],[0.2127409,47.9280082],[0.2127293,47.9280227],[0.2127148,47.9280469],[0.2126912,47.928081],[0.2126729,47.9281179],[0.2126556,47.9281452],[0.2126417,47.9281626],[0.2126259,47.928179],[0.2126085,47.928194],[0.212573,47.928221],[0.2125581,47.9282346],[0.2125518,47.9282418],[0.2125413,47.928257],[0.2125169,47.9282976],[0.212481,47.9283472],[0.212357,47.9285068],[0.2122841,47.9286032],[0.2122708,47.928619],[0.2122421,47.9286484],[0.2122296,47.9286633],[0.2122198,47.9286792],[0.2122036,47.9287138],[0.2121939,47.9287314],[0.2121753,47.9287564],[0.212154,47.9287795],[0.2121411,47.9287948],[0.2121305,47.9288109],[0.2121162,47.9288362],[0.2120988,47.9288615],[0.2120724,47.9288947],[0.2120342,47.9289334],[0.2120004,47.9289732],[0.2119879,47.9289892],[0.2119653,47.9290212],[0.2119357,47.9290567],[0.2119282,47.9290714],[0.2119202,47.9291049],[0.2119145,47.9291235],[0.2119059,47.9291424],[0.2118951,47.9291607],[0.2118511,47.929226],[0.2118163,47.9292743],[0.2117781,47.9293333],[0.2117585,47.9293579],[0.2117253,47.9293941],[0.2117148,47.9294081],[0.2116958,47.9294384],[0.2116716,47.929484],[0.2116587,47.9295031],[0.2116432,47.9295211],[0.2116033,47.9295611],[0.2115771,47.929592],[0.2115106,47.9296849],[0.2114777,47.9297332],[0.2114481,47.9297736],[0.2114093,47.9298311],[0.2113714,47.9298799],[0.21135,47.9299044],[0.2113182,47.9299364],[0.2113017,47.9299519],[0.2112672,47.9299807],[0.21126,47.9299882],[0.2111986,47.9300638],[0.2111759,47.9300946],[0.211149,47.9301345],[0.2111409,47.9301513],[0.211129,47.9301875],[0.2111249,47.9301966],[0.2111143,47.9302144],[0.2111016,47.9302317],[0.2110301,47.9303212],[0.2109833,47.930377],[0.21094,47.9304258],[0.2109239,47.9304422],[0.2109052,47.9304573],[0.2108378,47.9305028],[0.2108217,47.9305158],[0.2107532,47.9305897],[0.2106907,47.9306509],[0.2106486,47.9306973],[0.2106262,47.9307201],[0.2104933,47.9308434],[0.210434,47.9309009],[0.2103926,47.9309381],[0.2103419,47.9309812],[0.2102657,47.9310536],[0.2102523,47.9310682],[0.2102466,47.9310759],[0.2102236,47.9311191],[0.2102176,47.9311279],[0.210203,47.9311445],[0.2101699,47.9311755],[0.2100816,47.9312551],[0.2100134,47.9313216],[0.2099009,47.9314217],[0.2098699,47.9314505],[0.2098127,47.9315099],[0.2097537,47.9315688],[0.2096366,47.9316966],[0.2095838,47.9317593],[0.2095365,47.9318134],[0.2094563,47.9319138],[0.2094083,47.9319776],[0.2093486,47.9320599],[0.2093221,47.9320939],[0.209298,47.9321189],[0.2092545,47.9321541],[0.2092416,47.9321675],[0.2092312,47.9321811],[0.2092123,47.9322102],[0.2091699,47.9322811],[0.2091307,47.9323589],[0.2091199,47.9323839],[0.2091104,47.9324095],[0.2090859,47.932487],[0.2090785,47.9325208],[0.2090649,47.9326086],[0.2090606,47.9326516],[0.2090605,47.9326942],[0.2090632,47.9327378],[0.2090681,47.9327811],[0.2090734,47.9328068],[0.2090865,47.9328497],[0.209102,47.9329094],[0.2091102,47.9329344],[0.2091634,47.9330593],[0.2091813,47.9331108],[0.2091884,47.9331278],[0.2092063,47.9331607],[0.2092317,47.933201],[0.2092726,47.9332561],[0.2093054,47.9333034],[0.2093309,47.9333328],[0.2094014,47.9334046],[0.2094239,47.9334258],[0.2094638,47.9334597],[0.2095833,47.9335553],[0.2096986,47.9336415],[0.2098447,47.9337457],[0.2103355,47.9341032],[0.2104078,47.934157],[0.2104614,47.9341982],[0.2105139,47.9342402],[0.2105977,47.9343094],[0.2106165,47.9343224],[0.2106584,47.9343477],[0.2106894,47.9343686],[0.210709,47.9343837],[0.2107176,47.934392],[0.2107395,47.9344178],[0.2107652,47.9344519],[0.2108165,47.9345288],[0.210848,47.9345812],[0.2108888,47.9346569],[0.2109002,47.9346723],[0.2109425,47.9347213],[0.2109543,47.9347403],[0.2109587,47.9347502],[0.2109654,47.9347703],[0.2109886,47.9348627],[0.2110075,47.9349167],[0.2110143,47.934946],[0.2110166,47.9349759],[0.211016,47.9349956],[0.2110056,47.9350613],[0.2110011,47.9351163],[0.2110017,47.9351439],[0.2110069,47.9351897],[0.2110067,47.9352081],[0.2110043,47.9352451],[0.2109999,47.9352727],[0.2109873,47.9353078],[0.2109852,47.9353164],[0.2109843,47.9353334],[0.2109875,47.9353766],[0.2109849,47.9354128],[0.2109684,47.9355585],[0.2109596,47.9356214],[0.2109523,47.9356963],[0.210932,47.9358465],[0.210921,47.9359106],[0.2109073,47.9359742],[0.2108775,47.9360906],[0.2108696,47.9361187],[0.2108621,47.9361378],[0.2108571,47.9361473],[0.2108449,47.9361658],[0.2108135,47.9362097],[0.2107941,47.9362339],[0.2107832,47.93625],[0.210746,47.9363275],[0.2107203,47.9363713],[0.2106914,47.9364138],[0.210654,47.9364636],[0.21062,47.9365045],[0.2105838,47.9365442],[0.21053,47.9365985],[0.2104817,47.9366442],[0.2104554,47.9366657],[0.2103999,47.9367077],[0.2103618,47.936735],[0.2103221,47.9367608],[0.2102309,47.9368167],[0.210109,47.9368895],[0.2100776,47.936907],[0.2099821,47.9369569],[0.209848,47.93703],[0.2097484,47.9370882],[0.2096611,47.9371418],[0.2095976,47.9371847],[0.2095463,47.9372234],[0.2094711,47.9372836],[0.2094474,47.9373044],[0.2094096,47.9373402],[0.209366,47.9373841],[0.2093316,47.9374211],[0.2092988,47.9374589],[0.2092616,47.9375052],[0.2092383,47.9375364],[0.2092225,47.9375602],[0.2091757,47.9376408],[0.2091547,47.9376818],[0.2091358,47.9377234],[0.2090964,47.9378245],[0.2090863,47.9378587],[0.2090763,47.9379018],[0.2090684,47.9379452],[0.2090647,47.9379801],[0.2090606,47.9380496],[0.2090599,47.9380843],[0.2090611,47.9381277],[0.2090656,47.9381798],[0.2090731,47.9382319],[0.2090816,47.938275],[0.2090924,47.9383178],[0.2091116,47.9383865],[0.2091239,47.9384204],[0.2091391,47.9384536],[0.2091692,47.9385108],[0.209219,47.9386018],[0.2092287,47.9386179],[0.2092452,47.9386414],[0.2092802,47.9386878],[0.2093045,47.9387182],[0.2093303,47.9387479],[0.2093649,47.9387847],[0.2094087,47.9388285],[0.2094464,47.9388639],[0.2094778,47.9388916],[0.2095187,47.9389253],[0.2095614,47.9389584],[0.2096054,47.9389906],[0.2096599,47.9390281],[0.2097634,47.9390954],[0.209885,47.9391638],[0.2099554,47.9392054],[0.2100896,47.9392825],[0.2101399,47.939313],[0.2101993,47.9393511],[0.2102589,47.9393908],[0.2102874,47.9394119],[0.2103143,47.939434],[0.2103718,47.9394865],[0.2104258,47.9395404],[0.2104622,47.939581],[0.2104951,47.939623],[0.2105423,47.9396916],[0.2105675,47.9397348],[0.2105856,47.9397702],[0.210598,47.9397976],[0.2106087,47.9398256],[0.2106146,47.9398444],[0.2106291,47.9399093],[0.2106448,47.9399733],[0.2106488,47.9400014],[0.2106504,47.9400298],[0.2106496,47.9400584],[0.2106413,47.9401519],[0.2106333,47.9402156],[0.2106211,47.9402976],[0.2106156,47.940325],[0.2105903,47.9404318],[0.210538,47.9406725],[0.2105225,47.9407344],[0.2104959,47.9408491],[0.2104824,47.9409211],[0.2104482,47.9410632],[0.2103303,47.9415966],[0.2103176,47.9416584],[0.2103063,47.9417201],[0.2102996,47.9417639],[0.2102962,47.9417985],[0.210293,47.9419137],[0.2102927,47.9419659],[0.2102964,47.9420627],[0.2103003,47.9421065],[0.2103087,47.9421586],[0.2103196,47.942211],[0.2104102,47.9426023],[0.2104341,47.9427309],[0.210439,47.9427685],[0.2104408,47.9427967],[0.2104366,47.9429275],[0.2104301,47.9429845],[0.2104197,47.9430317],[0.2103977,47.9431053],[0.2103709,47.9431865],[0.2103352,47.9432836],[0.2102906,47.9433885],[0.2102519,47.9434864],[0.210243,47.9435032],[0.2102272,47.9435271],[0.2102181,47.9435431],[0.210203,47.9435756],[0.2101858,47.9436165],[0.2101028,47.9438238],[0.2100182,47.9440409],[0.2099807,47.9441344],[0.2099659,47.9441756],[0.2099464,47.9442385],[0.2099221,47.9443004],[0.2098968,47.9443587],[0.2098671,47.9444346],[0.2098514,47.944478],[0.2098267,47.944552],[0.2097814,47.9446577],[0.2097549,47.9447295],[0.2097184,47.9448123],[0.2096749,47.9449189],[0.2096674,47.9449352],[0.2096502,47.9449656],[0.2096433,47.944981],[0.2096018,47.9451008],[0.2095102,47.9453247],[0.2094387,47.9455077],[0.2093759,47.9456641],[0.2093494,47.9457245],[0.2093283,47.9457781],[0.2093122,47.9458142],[0.2092868,47.9458662],[0.20924,47.9459541],[0.2092231,47.9459919],[0.2092068,47.94604],[0.2092023,47.946057],[0.2091937,47.9461016],[0.2091704,47.9461717],[0.2091521,47.9462439],[0.2091428,47.9462722],[0.2091293,47.9462996],[0.2090997,47.9463518],[0.2090911,47.9463693],[0.2090565,47.9464493],[0.2090209,47.9465366],[0.2089828,47.9466227],[0.2089319,47.9467539],[0.2088969,47.9468342],[0.2088834,47.9468618],[0.2088729,47.9468802],[0.2088608,47.9468983],[0.208847,47.946916],[0.2088238,47.9469417],[0.2087977,47.9469664],[0.2087787,47.9469822],[0.2087481,47.9470046],[0.2087262,47.9470187],[0.208703,47.9470319],[0.2086787,47.9470441],[0.2086534,47.9470552],[0.2086274,47.9470653],[0.208575,47.947083],[0.2084873,47.9471076],[0.2084534,47.9471183],[0.2084116,47.947134],[0.2083824,47.9471471],[0.2083549,47.9471615],[0.2083301,47.9471778],[0.2083088,47.9471966],[0.2082627,47.9472431],[0.2082449,47.9472638],[0.208201,47.9473208],[0.2081868,47.9473435],[0.2081796,47.9473596],[0.2081511,47.9474547],[0.20813,47.9475343],[0.2080749,47.9477288],[0.2080517,47.9478261],[0.2080124,47.9479687],[0.207998,47.9480153],[0.2079908,47.9480344],[0.2079769,47.9480633],[0.2079652,47.9480829],[0.2079508,47.9481025],[0.2079424,47.9481122],[0.2079228,47.9481308],[0.2079,47.948148],[0.207862,47.9481711],[0.2078484,47.948178],[0.2078341,47.9481841],[0.2078192,47.9481891],[0.2078041,47.9481933],[0.2077594,47.9482023],[0.2076801,47.9482143],[0.2076573,47.9482184],[0.2076267,47.948226],[0.207609,47.9482323],[0.2076011,47.948236],[0.2075872,47.9482445],[0.20757,47.9482591],[0.2075549,47.9482744],[0.2075459,47.9482851],[0.2075386,47.9482965],[0.207536,47.9483026],[0.2075342,47.948309],[0.2075333,47.9483226],[0.2075374,47.9483446],[0.2075432,47.9483602],[0.2075669,47.9484102],[0.2075982,47.9484833],[0.2076042,47.9485032],[0.2076078,47.9485334],[0.2076111,47.9486051],[0.2076156,47.9486664],[0.2076168,47.9487025],[0.2076173,47.9488601],[0.2076144,47.9489539],[0.2076161,47.9490348],[0.2076151,47.949107],[0.2076175,47.9492132],[0.2076193,47.9492307],[0.2076214,47.9492394],[0.2076402,47.9492857],[0.2076466,47.9493059],[0.2076487,47.9493162],[0.2076505,47.9493372],[0.2076498,47.9493582],[0.2076484,47.9493686],[0.2076383,47.9494093],[0.2076158,47.9495135],[0.2076118,47.9495435],[0.2076112,47.9495729],[0.2076139,47.9496042],[0.2076297,47.9497212],[0.2076461,47.9499013],[0.207651,47.9500096],[0.2076642,47.9502526],[0.2076686,47.9503517],[0.2076706,47.9504577],[0.2076759,47.9505287],[0.2076838,47.9507652],[0.2076918,47.9509077]]]}},{"type":"Feature","properties":{"role":"pit_lane","name":"Pit Entry","osm_way":257057570,"quality":{"source":"osm","accuracy_m":5.0,"measured":false,"note":"OSM-traced pit-lane centerline; not measured"}},"geometry":{"type":"LineString","coordinates":[[0.2089437,47.9492011],[0.2087084,47.9487956],[0.2086177,47.9486394],[0.2085868,47.9485919],[0.208577,47.9485796],[0.2085672,47.948569],[0.2085573,47.9485593],[0.2085472,47.9485512],[0.2085365,47.9485437],[0.2085247,47.9485367],[0.2085129,47.9485307],[0.2084999,47.9485252],[0.2084862,47.9485196],[0.2084714,47.9485144],[0.208458,47.9485106],[0.2084409,47.9485061],[0.2084221,47.9485015],[0.2084067,47.9484984],[0.2083903,47.948496],[0.2083753,47.9484942],[0.2083605,47.9484927],[0.2083451,47.9484917],[0.2083312,47.9484908],[0.2083165,47.9484901],[0.2083018,47.9484903],[0.2082877,47.9484913],[0.2082716,47.9484926],[0.2082569,47.9484941],[0.2082414,47.9484966],[0.2082253,47.9484994],[0.2082109,47.9485028],[0.2081963,47.948507],[0.2081825,47.9485122],[0.2081693,47.9485174],[0.2081586,47.9485221],[0.208148,47.9485273],[0.2081311,47.948535],[0.2081087,47.9485458],[0.2080926,47.9485548],[0.2080641,47.9485799],[0.2080466,47.9485995],[0.2080295,47.9486271]]}},{"type":"Feature","properties":{"role":"pit_lane","name":"Pit Exit","osm_way":257063576,"quality":{"source":"osm","accuracy_m":5.0,"measured":false,"note":"OSM-traced pit-lane centerline; not measured"}},"geometry":{"type":"LineString","coordinates":[[0.2079165,47.9531171],[0.2080024,47.9535605],[0.2080639,47.9538326],[0.2081396,47.9540941],[0.2081926,47.9543026],[0.2082276,47.9544283],[0.2082413,47.9544778],[0.2082552,47.9545181],[0.208277,47.954568],[0.2083191,47.9546556],[0.2083992,47.9548052],[0.2084601,47.9549137],[0.2085095,47.9550059],[0.2085551,47.9550921],[0.2086088,47.9551855],[0.2086559,47.9552585],[0.208678,47.9552931],[0.2087008,47.9553277],[0.2087221,47.9553582],[0.2087397,47.9553792],[0.2087638,47.9554103]]}},{"type":"Feature","properties":{"role":"pit_lane","name":"Safety Car Pit Entry","osm_way":257067964,"quality":{"source":"osm","accuracy_m":5.0,"measured":false,"note":"OSM-traced pit-lane centerline; not measured"}},"geometry":{"type":"LineString","coordinates":[[0.2074591,47.9483686],[0.2074638,47.9483849],[0.2074674,47.9483935],[0.2074689,47.948397],[0.2074713,47.9484013],[0.2074731,47.9484044],[0.2074755,47.9484079],[0.2074777,47.9484108],[0.2074834,47.9484183],[0.2074894,47.9484256],[0.2074978,47.9484348],[0.2075062,47.9484438],[0.2075139,47.948451],[0.2075226,47.9484582],[0.2075328,47.9484665],[0.2075869,47.9485017],[0.2077961,47.9486269],[0.2078129,47.9486382],[0.2078281,47.9486499],[0.2078422,47.9486636],[0.2078538,47.9486785],[0.2078632,47.9486931],[0.2078709,47.9487099],[0.2078777,47.9487306],[0.2078833,47.9487569],[0.2078873,47.9487755],[0.2078897,47.9487959],[0.2078891,47.9488121],[0.207887,47.9488251],[0.2078837,47.9488386],[0.2078803,47.9488488],[0.2078752,47.9488579],[0.2078696,47.9488687],[0.2078622,47.9488777],[0.2078543,47.948885],[0.2078427,47.9488941]]}},{"type":"Feature","properties":{"role":"pit_lane","name":"Pit Entry","osm_way":258179494,"quality":{"source":"osm","accuracy_m":5.0,"measured":false,"note":"OSM-traced pit-lane centerline; not measured"}},"geometry":{"type":"LineString","coordinates":[[0.2095768,47.9449898],[0.2095243,47.9451328],[0.209468,47.9452918],[0.2094282,47.9454103],[0.2094059,47.9454764],[0.2093827,47.9455412],[0.2093424,47.9456619],[0.2092851,47.945873],[0.2091989,47.9461478],[0.2091761,47.9462341],[0.2091639,47.9462753],[0.2091177,47.9464269],[0.209104,47.946466],[0.208986,47.9467696],[0.2087734,47.9473165],[0.2087538,47.9473669],[0.2087512,47.9473728],[0.2087481,47.9473784],[0.2087448,47.9473833],[0.2087411,47.947388],[0.2087362,47.9473933],[0.2087306,47.9473989],[0.2087245,47.9474043],[0.2087173,47.9474095],[0.20871,47.9474149],[0.2087027,47.9474197],[0.2086949,47.9474245],[0.2086866,47.9474292],[0.2086796,47.9474327],[0.2086716,47.9474362],[0.208663,47.9474396],[0.2086545,47.9474427],[0.208644,47.9474462],[0.2086309,47.9474503],[0.2086182,47.9474539],[0.208599,47.9474587],[0.2085264,47.9474774],[0.208486,47.9474878],[0.20846,47.9474956],[0.2084416,47.9475013],[0.2084318,47.9475047],[0.2084232,47.9475079],[0.2084152,47.947511],[0.208407,47.9475145],[0.2083999,47.9475179],[0.2083928,47.9475212],[0.2083861,47.9475248],[0.2083791,47.9475285],[0.2083727,47.9475322],[0.2083663,47.9475359],[0.2083608,47.9475397],[0.2083547,47.9475441],[0.2083489,47.9475491],[0.2083437,47.947554],[0.2083393,47.9475585],[0.2083349,47.9475637],[0.2083307,47.947569],[0.2083265,47.9475746],[0.208323,47.9475803],[0.2083201,47.9475854],[0.2083181,47.9475898],[0.2083165,47.9475942],[0.2083063,47.9476273],[0.2082947,47.9476768],[0.2082845,47.9477295],[0.2082686,47.9477892],[0.2082277,47.9479276],[0.2081849,47.9480837],[0.208174,47.9481235],[0.2080295,47.9486271],[0.2080136,47.9486508]]}},{"type":"Feature","properties":{"role":"pit_lane","name":"Pit Lane","osm_way":354149765,"quality":{"source":"osm","accuracy_m":5.0,"measured":false,"note":"OSM-traced pit-lane centerline; not measured"}},"geometry":{"type":"LineString","coordinates":[[0.2078315,47.9489015],[0.2078188,47.9489098],[0.2078057,47.9489192],[0.2077929,47.948929],[0.207782,47.9489387],[0.2077701,47.9489503],[0.2077579,47.9489655],[0.2077456,47.9489847],[0.207734,47.9490067],[0.2077229,47.9490324],[0.207713,47.9490612],[0.2077067,47.9490887],[0.207703,47.9491102],[0.2077022,47.9491295],[0.2077039,47.9491503],[0.2077096,47.9492496],[0.2077193,47.9495549],[0.2077224,47.9497215],[0.2077319,47.9499018]]}},{"type":"Feature","properties":{"role":"pit_lane","name":"Moto Pit Exit","osm_way":354149773,"quality":{"source":"osm","accuracy_m":5.0,"measured":false,"note":"OSM-traced pit-lane centerline; not measured"}},"geometry":{"type":"LineString","coordinates":[[0.2079165,47.9531171],[0.2079461,47.9532491],[0.2079792,47.9533741],[0.2080265,47.9535416],[0.2080618,47.9536537],[0.2081252,47.953827],[0.2081821,47.9539784],[0.2083568,47.9543773],[0.2083959,47.9544552],[0.2084418,47.9545392],[0.2084842,47.9546143],[0.2085259,47.9546893],[0.2086879,47.9549655],[0.20877,47.9550942],[0.2088128,47.9551543],[0.2088439,47.9551942],[0.2088893,47.9552459],[0.2089491,47.9553068],[0.2090124,47.9553653],[0.2090727,47.9554162],[0.2091205,47.9554556],[0.2091716,47.9554959],[0.2092166,47.9555282],[0.2092723,47.9555643],[0.209335,47.9556007],[0.2094009,47.9556364],[0.2094581,47.955666],[0.2095247,47.9556958],[0.2108961,47.956273],[0.2109438,47.9562945],[0.2111514,47.9563983],[0.2112121,47.9564421],[0.2112389,47.956489],[0.2112495,47.9565391],[0.2112408,47.9566102],[0.2111883,47.9569908],[0.2111999,47.9570536],[0.2112265,47.95709],[0.2112888,47.9571364],[0.2113618,47.9571838],[0.2123152,47.9577202]]}},{"type":"Feature","properties":{"role":"pit_lane","name":"Pit Lane","osm_way":777191538,"quality":{"source":"osm","accuracy_m":5.0,"measured":false,"note":"OSM-traced pit-lane centerline; not measured"}},"geometry":{"type":"LineString","coordinates":[[0.2111926,47.9401457],[0.2111709,47.9401871],[0.2111797,47.9403875],[0.2111974,47.94041],[0.2111939,47.9404254],[0.2111797,47.9404456],[0.2111886,47.9405534],[0.211208,47.9405795],[0.2117973,47.9407526],[0.211838,47.9407514],[0.2119247,47.9407419],[0.2120312,47.9406566]]}},{"type":"Feature","properties":{"role":"pit_lane","name":"Pit Lane","osm_way":777192900,"quality":{"source":"osm","accuracy_m":5.0,"measured":false,"note":"OSM-traced pit-lane centerline; not measured"}},"geometry":{"type":"LineString","coordinates":[[0.2077319,47.9499018],[0.2077369,47.9500022]]}},{"type":"Feature","properties":{"role":"pit_lane","name":"Pit Lane","osm_way":777192901,"quality":{"source":"osm","accuracy_m":5.0,"measured":false,"note":"OSM-traced pit-lane centerline; not measured"}},"geometry":{"type":"LineString","coordinates":[[0.2077369,47.9500022],[0.2077411,47.9501991],[0.2078551,47.9526624],[0.2078633,47.9527718],[0.2078736,47.9528496],[0.2078882,47.9529572],[0.2079165,47.9531171]]}},{"type":"Feature","properties":{"role":"pit_lane","name":"Pitlane Circuit Maison Blanche","osm_way":791563015,"quality":{"source":"osm","accuracy_m":5.0,"measured":false,"note":"OSM-traced pit-lane centerline; not measured"}},"geometry":{"type":"LineString","coordinates":[[0.2103771,47.9410901],[0.210393,47.9413824],[0.2103581,47.9418227],[0.2103514,47.9419206],[0.2103554,47.9419924],[0.2103777,47.942061],[0.210409,47.9421146],[0.2104528,47.9421634],[0.2105204,47.9422234],[0.2106089,47.9422791],[0.2106585,47.942315],[0.2106754,47.9423323],[0.2106875,47.9423548],[0.2106961,47.9424048],[0.210668,47.9431999],[0.2106639,47.9432888],[0.2106371,47.943632],[0.2106205,47.9437212],[0.2106022,47.9437991],[0.21057,47.9438952],[0.2105319,47.9439754],[0.2104949,47.9440461],[0.2104367,47.9441344],[0.2103903,47.9441997],[0.210312,47.9442889],[0.2102401,47.944365],[0.2099719,47.9446417],[0.2099204,47.944704],[0.209886,47.9447495],[0.209848,47.9448136],[0.209827,47.9448618],[0.2095561,47.9455257],[0.2094623,47.9457826],[0.2093577,47.9461149],[0.2092879,47.9463207],[0.2092834,47.9463704],[0.2092879,47.9464123],[0.2092995,47.9464557],[0.2093121,47.946512],[0.2093169,47.9465303],[0.2093196,47.9465518],[0.2093176,47.9465738],[0.2093087,47.9465938],[0.2092751,47.9466351],[0.2091975,47.9467198],[0.209168,47.9467602],[0.2091377,47.9468031],[0.2090809,47.9469013],[0.2090398,47.9469809],[0.2090031,47.947054],[0.2089822,47.9471094],[0.2089535,47.9472094],[0.2089305,47.9472845],[0.2089144,47.9473506],[0.2088918,47.9473805],[0.2088682,47.9473937],[0.2088348,47.9474025],[0.2088071,47.9474022],[0.2087778,47.9473967],[0.2087448,47.9473833],[0.2082913,47.9472291],[0.2082695,47.9472197],[0.208254,47.9472054],[0.2082415,47.9471667],[0.208206,47.946871],[0.2082011,47.946846],[0.2081984,47.9468284],[0.2081307,47.9466313],[0.2081186,47.9465728],[0.2081287,47.9465061],[0.2081836,47.9462515],[0.2081846,47.9462258],[0.2081732,47.9462069],[0.2081314,47.94617],[0.2081149,47.9461393],[0.2080547,47.9454897],[0.2080122,47.9453629],[0.2079839,47.9452681],[0.2079326,47.944788],[0.2078972,47.9445758],[0.2078798,47.9444056]]}},{"type":"Feature","properties":{"role":"pit_lane","name":"Pitlane Circuit Maison Blanche","osm_way":791563016,"quality":{"source":"osm","accuracy_m":5.0,"measured":false,"note":"OSM-traced pit-lane centerline; not measured"}},"geometry":{"type":"LineString","coordinates":[[0.2100879,47.942883],[0.210355,47.9430226],[0.210595,47.9431435],[0.210625,47.9431591],[0.210643,47.9431747],[0.210668,47.9431999]]}},{"type":"Feature","properties":{"role":"pit_lane","name":"Pit Entry","osm_way":849478718,"quality":{"source":"osm","accuracy_m":5.0,"measured":false,"note":"OSM-traced pit-lane centerline; not measured"}},"geometry":{"type":"LineString","coordinates":[[0.2080136,47.9486508],[0.2078752,47.9488579]]}},{"type":"Feature","properties":{"role":"pit_lane","name":"Moto Pit Exit","osm_way":1172704747,"quality":{"source":"osm","accuracy_m":5.0,"measured":false,"note":"OSM-traced pit-lane centerline; not measured"}},"geometry":{"type":"LineString","coordinates":[[0.2109438,47.9562945],[0.210972,47.9563097],[0.2109935,47.956325],[0.2110057,47.9563357],[0.2110175,47.9563485],[0.211027,47.9563635],[0.2110343,47.95638],[0.2110415,47.9564014],[0.2110469,47.9564217],[0.2110532,47.9564505],[0.2110565,47.9564882],[0.2110578,47.9565244],[0.2110556,47.9565533],[0.2110522,47.9565771],[0.2110417,47.9566322]]}},{"type":"Feature","properties":{"role":"edge_unseen","side":"left","note":"bridged: the edge was not seen in the imagery here"},"geometry":{"type":"MultiLineString","coordinates":[[[0.2074491,47.9518975],[0.2074451,47.9519067],[0.2074411,47.9519162],[0.2074369,47.9519259],[0.2074325,47.9519361]],[[0.2074609,47.9523968],[0.2074658,47.9524063],[0.2074707,47.9524158],[0.2074756,47.9524253],[0.2074805,47.9524345],[0.2074856,47.9524432]],[[0.207554,47.9529972],[0.2075589,47.9530067],[0.2075638,47.9530162],[0.2075687,47.9530257],[0.2075745,47.9530351],[0.2075803,47.9530442],[0.2075866,47.953053],[0.2075927,47.9530615]],[[0.2076306,47.9531175],[0.2076349,47.9531253],[0.2076392,47.9531331],[0.2076435,47.9531408],[0.2076472,47.9531484]],[[0.2113716,47.9573914],[0.2113827,47.9573964],[0.2113939,47.9574014],[0.2114051,47.9574063],[0.2114164,47.9574111],[0.2114277,47.9574159],[0.2114391,47.9574207],[0.2114505,47.9574254],[0.2114618,47.9574302],[0.2114733,47.9574348],[0.2114848,47.9574394],[0.2114963,47.957444],[0.2115079,47.9574485],[0.2115193,47.9574531],[0.2115307,47.9574576],[0.211542,47.957462],[0.2115531,47.9574664],[0.211564,47.9574707],[0.2115746,47.9574752],[0.2115853,47.9574799],[0.2115961,47.9574847],[0.2116071,47.9574895],[0.2116182,47.9574944],[0.2116294,47.9574993],[0.2116407,47.9575043],[0.2116522,47.9575093]],[[0.2210078,47.9618847],[0.2210217,47.9618855],[0.2210358,47.9618862],[0.2210502,47.961887],[0.2210648,47.9618875],[0.2210794,47.9618878],[0.2210938,47.9618882]],[[0.2238857,47.9609076],[0.2238961,47.9609024],[0.2239067,47.9608974],[0.2239173,47.9608924],[0.2239281,47.9608873],[0.2239391,47.9608821],[0.2239503,47.9608768]],[[0.2240469,47.9608234],[0.2240574,47.9608176],[0.2240679,47.9608115],[0.2240784,47.9608051],[0.2240887,47.9607984],[0.2240987,47.9607913],[0.2241086,47.9607844]],[[0.2277159,47.9567388],[0.2277208,47.9567305],[0.2277257,47.9567222],[0.2277306,47.956714],[0.2277354,47.9567059]],[[0.2285209,47.9550706],[0.2285243,47.9550624],[0.2285277,47.9550544],[0.2285314,47.9550464],[0.2285351,47.9550382],[0.2285389,47.9550298],[0.2285428,47.9550213],[0.2285467,47.9550128],[0.2285506,47.9550042],[0.2285545,47.9549957],[0.2285583,47.9549872],[0.2285622,47.9549788],[0.228566,47.9549703],[0.2285699,47.9549618]],[[0.2285779,47.9549446],[0.2285822,47.9549361],[0.2285865,47.9549276],[0.2285909,47.9549191],[0.2285952,47.9549105],[0.2285996,47.954902],[0.228604,47.9548933],[0.2286084,47.9548846]],[[0.2296221,47.9528449],[0.2296257,47.9528366],[0.2296294,47.9528283],[0.2296332,47.95282],[0.2296369,47.9528117],[0.2296408,47.9528032],[0.2296446,47.9527946],[0.2296485,47.952786]],[[0.2298713,47.9523244],[0.2298758,47.9523158],[0.2298803,47.9523071],[0.2298848,47.9522983],[0.2298895,47.9522893]],[[0.2299259,47.9522011],[0.2299294,47.952193],[0.229933,47.9521848],[0.2299366,47.9521766],[0.2299403,47.9521684],[0.2299441,47.9521603],[0.2299481,47.9521523]],[[0.229956,47.9521362],[0.22996,47.9521281],[0.229964,47.9521199],[0.2299682,47.9521115],[0.2299723,47.9521031]],[[0.2300842,47.9518527],[0.2300889,47.9518444],[0.2300937,47.951836],[0.2300985,47.9518276],[0.2301033,47.9518192]],[[0.2308054,47.9503653],[0.2308093,47.9503567],[0.2308132,47.9503481],[0.2308171,47.9503395],[0.2308209,47.950331],[0.2308247,47.9503226],[0.2308287,47.9503143],[0.2308332,47.9503062]],[[0.2329292,47.9458867],[0.2329325,47.9458786],[0.2329358,47.9458706],[0.2329391,47.9458626],[0.2329424,47.9458545]],[[0.2330771,47.9455935],[0.2330811,47.9455848],[0.2330851,47.945576],[0.2330891,47.945567],[0.2330929,47.9455578],[0.2330967,47.9455485],[0.2331005,47.9455393],[0.2331042,47.9455302],[0.2331079,47.9455213],[0.2331115,47.9455125],[0.2331153,47.9455038]],[[0.2333469,47.9449455],[0.2333439,47.9449341],[0.2333405,47.9449229],[0.2333364,47.9449121],[0.2333321,47.9449017],[0.2333273,47.9448917],[0.2333223,47.944882],[0.2333169,47.9448727],[0.2333116,47.9448636],[0.2333065,47.9448547],[0.2333014,47.9448459],[0.2332963,47.9448371]],[[0.2341507,47.9434896],[0.2341553,47.9434806],[0.2341595,47.9434718],[0.2341631,47.943463],[0.2341667,47.9434543]],[[0.2347123,47.9423636],[0.2347149,47.9423539],[0.2347175,47.9423444],[0.2347197,47.9423348],[0.2347216,47.9423253],[0.2347233,47.942316],[0.2347247,47.9423068]],[[0.2348382,47.942058],[0.2348422,47.9420494],[0.2348462,47.9420407],[0.2348504,47.9420318],[0.2348546,47.9420227],[0.234859,47.9420133]],[[0.235006,47.9415754],[0.2350101,47.9415668],[0.2350142,47.9415583],[0.2350183,47.9415497],[0.2350224,47.9415412]],[[0.2351126,47.9413533],[0.2351168,47.9413448],[0.2351209,47.9413362],[0.235125,47.9413276],[0.2351291,47.9413191]],[[0.2352363,47.9410973],[0.235241,47.9410889],[0.2352458,47.9410805],[0.2352506,47.9410721],[0.2352554,47.9410637],[0.2352602,47.9410553],[0.2352649,47.9410469],[0.2352697,47.9410385],[0.2352745,47.9410301],[0.2352793,47.9410216],[0.2352841,47.9410132],[0.2352886,47.9410047]],[[0.2353061,47.9409694],[0.2353101,47.9409606],[0.2353138,47.9409517],[0.2353174,47.940943],[0.2353209,47.9409342],[0.2353245,47.9409256]],[[0.2354325,47.9406848],[0.2354364,47.9406761],[0.2354403,47.9406674],[0.2354441,47.9406588],[0.2354479,47.9406501],[0.2354517,47.9406415]],[[0.2355356,47.9404712],[0.2355397,47.9404627],[0.2355438,47.9404541],[0.235548,47.9404455],[0.2355521,47.940437],[0.2355562,47.9404284]],[[0.2358657,47.9397499],[0.2358693,47.9397412],[0.2358732,47.9397326],[0.2358771,47.939724],[0.235881,47.9397154],[0.2358849,47.9397069]],[[0.2359612,47.9395742],[0.2359662,47.9395658],[0.2359712,47.9395575],[0.2359762,47.939549],[0.2359812,47.9395406],[0.2359863,47.939532]],[[0.236116,47.9393186],[0.2361227,47.9393109],[0.2361294,47.9393033],[0.2361364,47.9392957],[0.2361435,47.9392883]],[[0.2389196,47.9335306],[0.2389237,47.9335221],[0.2389277,47.9335136],[0.2389317,47.9335052],[0.2389359,47.9334969],[0.2389403,47.9334886],[0.2389448,47.9334802]],[[0.2389581,47.9334548],[0.2389626,47.9334462],[0.2389672,47.9334376],[0.2389718,47.9334289],[0.2389765,47.93342],[0.2389805,47.9334109]],[[0.2423309,47.9277175],[0.2423275,47.927708],[0.2423242,47.9276987],[0.2423203,47.9276896],[0.2423164,47.9276807],[0.2423126,47.9276719],[0.2423088,47.9276632],[0.2423051,47.9276545],[0.2423013,47.9276459],[0.2422975,47.9276372],[0.2422938,47.9276286],[0.24229,47.92762],[0.2422863,47.9276113],[0.2422825,47.9276027],[0.2422788,47.9275941],[0.242275,47.9275855],[0.2422712,47.9275768],[0.2422675,47.9275682],[0.2422637,47.9275595],[0.24226,47.9275509],[0.2422562,47.9275422],[0.2422524,47.9275335],[0.2422486,47.9275248],[0.2422448,47.9275161],[0.2422411,47.9275074],[0.2422373,47.9274987],[0.2422335,47.9274901],[0.2422298,47.9274814],[0.242226,47.9274728],[0.2422225,47.9274641],[0.2422191,47.9274554],[0.2422157,47.9274468],[0.2422123,47.9274382],[0.2422089,47.9274296],[0.2422055,47.927421],[0.2422021,47.9274125],[0.2421987,47.9274039],[0.2421953,47.9273953],[0.2421919,47.9273867],[0.2421885,47.927378],[0.2421851,47.9273693],[0.2421816,47.9273606],[0.2421782,47.9273519],[0.2421748,47.9273433]],[[0.2422757,47.9265093],[0.2422815,47.9265022],[0.2422882,47.9264951],[0.2422954,47.9264876],[0.242303,47.9264795]],[[0.2423543,47.9263922],[0.2423573,47.9263841],[0.2423606,47.9263764],[0.2423639,47.926369],[0.2423672,47.9263615],[0.2423706,47.9263539],[0.2423741,47.926346],[0.2423777,47.9263377],[0.2423816,47.9263291],[0.2423855,47.9263201]],[[0.243009,47.9250577],[0.243012,47.9250476],[0.2430148,47.9250381],[0.2430174,47.9250288],[0.2430199,47.9250198]],[[0.2434313,47.9216668],[0.2434314,47.9216572],[0.2434316,47.921648],[0.243432,47.9216388],[0.2434324,47.9216298],[0.2434328,47.9216207],[0.2434332,47.9216115],[0.2434337,47.9216021],[0.243434,47.9215926],[0.2434338,47.921583],[0.2434336,47.9215735],[0.2434335,47.9215641],[0.2434333,47.9215549],[0.2434329,47.9215459],[0.2434322,47.9215371],[0.2434315,47.9215287]],[[0.2434239,47.9214396],[0.2434226,47.9214297],[0.2434214,47.92142],[0.2434201,47.9214105],[0.2434189,47.9214013],[0.2434178,47.9213922]],[[0.243438,47.9212241],[0.2434403,47.9212143],[0.2434425,47.9212048],[0.2434447,47.9211955],[0.2434468,47.9211865],[0.2434489,47.9211775]],[[0.2434533,47.9211598],[0.2434556,47.9211509],[0.2434579,47.921142],[0.2434601,47.9211331],[0.2434624,47.9211242]],[[0.2434671,47.9211063],[0.2434694,47.9210972],[0.2434717,47.9210881],[0.2434739,47.921079],[0.2434758,47.9210699],[0.2434777,47.9210609],[0.2434795,47.9210519],[0.2434814,47.9210428],[0.2434831,47.9210336],[0.2434843,47.9210243],[0.2434853,47.921015],[0.2434855,47.9210056]],[[0.2420356,47.913616],[0.2420223,47.9136165],[0.2420089,47.913617],[0.2419954,47.9136175],[0.241982,47.913618]],[[0.2417484,47.9136472],[0.2417353,47.9136497],[0.2417224,47.9136522],[0.2417095,47.9136547],[0.2416967,47.9136571],[0.241684,47.9136596]],[[0.2366519,47.9145739],[0.236639,47.9145764],[0.2366261,47.914579],[0.2366132,47.9145816],[0.2366004,47.9145842],[0.2365874,47.9145868],[0.2365745,47.9145894],[0.2365615,47.914592],[0.2365485,47.9145946],[0.2365355,47.9145971],[0.2365226,47.9145997],[0.2365098,47.9146023]],[[0.2341344,47.9150353],[0.2341214,47.9150381],[0.2341083,47.9150409],[0.2340951,47.9150438],[0.234082,47.9150469],[0.234069,47.9150501],[0.2340562,47.9150532]],[[0.233132,47.9152823],[0.2331193,47.9152847],[0.2331064,47.9152871],[0.2330934,47.9152894],[0.2330801,47.9152916]],[[0.2314319,47.9158779],[0.23142,47.9158816],[0.2314079,47.9158853],[0.2313958,47.915889],[0.2313836,47.9158928]],[[0.2284487,47.9168995],[0.2284375,47.9169041],[0.2284262,47.9169088],[0.228415,47.9169136],[0.228404,47.9169185]],[[0.2274675,47.9172438],[0.2274557,47.9172478],[0.2274438,47.9172518],[0.2274319,47.9172559],[0.22742,47.91726],[0.227408,47.9172641],[0.227396,47.9172682],[0.227384,47.9172723],[0.2273718,47.9172764],[0.2273596,47.9172806],[0.2273473,47.9172848],[0.2273353,47.9172892],[0.2273235,47.9172936],[0.2273117,47.917298]],[[0.2269177,47.9174196],[0.2269062,47.9174248],[0.2268948,47.9174299],[0.2268835,47.9174349],[0.2268722,47.91744]],[[0.2268265,47.9174609],[0.2268153,47.9174662],[0.2268042,47.9174714],[0.2267932,47.9174766],[0.2267824,47.9174817],[0.2267716,47.9174867],[0.2267611,47.9174917],[0.2267507,47.9174965],[0.2267405,47.9175014]],[[0.2264261,47.9176436],[0.2264153,47.9176489],[0.2264046,47.9176543],[0.2263938,47.9176596],[0.2263829,47.9176648],[0.226372,47.9176701]],[[0.2234012,47.9191481],[0.22339,47.919153],[0.2233788,47.919158],[0.2233677,47.919163],[0.2233567,47.9191681]],[[0.2215706,47.9201297],[0.2215603,47.9201353],[0.2215499,47.9201409],[0.2215396,47.9201465],[0.2215293,47.9201521],[0.2215189,47.9201577],[0.2215085,47.9201633]],[[0.2175183,47.9218544],[0.2175046,47.9218524],[0.217491,47.9218504],[0.2174778,47.9218485],[0.217465,47.9218466]],[[0.2173343,47.9218198],[0.217322,47.9218167],[0.2173096,47.9218137],[0.2172973,47.9218107],[0.2172852,47.9218076]],[[0.2157237,47.9213952],[0.2157066,47.9213948],[0.2156899,47.9213947],[0.2156735,47.921395],[0.2156573,47.9213955],[0.2156411,47.9213965],[0.2156247,47.9213977],[0.215608,47.9213997],[0.2155911,47.9214023],[0.2155737,47.9214052],[0.2155565,47.9214091],[0.2155397,47.9214138],[0.2155229,47.9214189]],[[0.2153908,47.9215198],[0.2153856,47.92153],[0.215381,47.92154],[0.2153769,47.9215501],[0.2153728,47.92156],[0.2153692,47.9215699],[0.2153663,47.9215798],[0.2153634,47.9215894],[0.2153606,47.9215988],[0.2153578,47.921608],[0.2153551,47.9216171],[0.2153525,47.921626],[0.2153498,47.9216348],[0.2153472,47.9216437]],[[0.2152165,47.9220417],[0.2152151,47.9220505],[0.2152137,47.9220592],[0.2152123,47.9220679],[0.2152109,47.9220766],[0.2152095,47.9220853]],[[0.2150578,47.922576],[0.2150547,47.9225848],[0.2150517,47.9225936],[0.2150487,47.9226023],[0.2150456,47.9226111],[0.2150426,47.9226198],[0.2150396,47.9226286],[0.2150365,47.9226374],[0.2150335,47.9226461],[0.2150305,47.9226549]],[[0.2150184,47.9226899],[0.2150153,47.9226987],[0.2150123,47.9227074],[0.2150094,47.9227162],[0.2150066,47.922725],[0.2150037,47.9227338],[0.2150008,47.9227425],[0.214998,47.9227512],[0.2149951,47.9227598]],[[0.2149793,47.9228031],[0.214976,47.9228119],[0.2149727,47.9228207],[0.2149694,47.9228297],[0.214966,47.9228385],[0.2149627,47.9228474]],[[0.2147818,47.9233634],[0.2147785,47.9233721],[0.2147753,47.9233809],[0.2147721,47.9233898],[0.2147688,47.9233986],[0.2147656,47.9234075],[0.2147623,47.9234163],[0.2147591,47.9234251],[0.2147559,47.9234338],[0.2147527,47.9234426]],[[0.2089369,47.9327617],[0.2089377,47.9327711],[0.2089388,47.9327805],[0.2089399,47.93279],[0.208941,47.9327995],[0.2089422,47.9328091],[0.208944,47.9328186]],[[0.2108104,47.935358],[0.2108105,47.935367],[0.2108105,47.935376],[0.2108105,47.9353847],[0.2108106,47.9353934],[0.2108106,47.935402],[0.2108106,47.9354106]],[[0.2108107,47.9354281],[0.2108107,47.9354369],[0.2108108,47.9354458],[0.2108107,47.9354546],[0.2108105,47.9354634],[0.2108102,47.9354723],[0.2108099,47.9354812],[0.2108096,47.9354901]],[[0.2108078,47.9355166],[0.210807,47.9355254],[0.2108062,47.9355341],[0.2108052,47.9355429],[0.2108042,47.9355517]],[[0.2099934,47.9368403],[0.2099832,47.9368459],[0.209973,47.9368516],[0.2099627,47.9368573],[0.2099522,47.9368629],[0.2099418,47.9368685],[0.2099313,47.9368742],[0.2099209,47.9368798],[0.2099104,47.9368854],[0.2099,47.936891],[0.2098896,47.9368967],[0.2098791,47.9369023],[0.2098686,47.9369079],[0.2098581,47.9369136],[0.2098475,47.9369193],[0.209837,47.936925],[0.2098264,47.9369307],[0.2098159,47.9369364],[0.2098055,47.9369422],[0.2097952,47.936948],[0.2097848,47.9369538],[0.2097743,47.9369596],[0.2097638,47.9369655],[0.2097532,47.9369715],[0.2097429,47.9369776],[0.2097327,47.9369837],[0.2097225,47.9369898],[0.2097124,47.9369958],[0.2097024,47.9370017],[0.2096924,47.9370077],[0.2096823,47.9370137],[0.2096722,47.9370197],[0.2096621,47.9370257],[0.2096519,47.9370318],[0.2096416,47.9370379],[0.2096314,47.937044],[0.2096215,47.9370503],[0.2096117,47.9370565],[0.2096018,47.9370628],[0.209592,47.937069],[0.209582,47.9370753],[0.209572,47.9370816],[0.2095619,47.937088],[0.2095518,47.9370945],[0.209542,47.9371012],[0.2095323,47.9371079],[0.2095225,47.9371146],[0.2095128,47.9371213],[0.2095034,47.9371282],[0.209494,47.9371351],[0.2094846,47.937142],[0.2094755,47.937149],[0.2094664,47.9371561],[0.2094574,47.9371631],[0.2094484,47.9371701],[0.2094397,47.9371772],[0.209431,47.9371843],[0.2094224,47.9371914],[0.2094138,47.9371985],[0.2094054,47.9372057],[0.209397,47.937213],[0.2093886,47.9372203],[0.2093801,47.9372277],[0.2093718,47.9372352],[0.2093635,47.9372427],[0.2093551,47.9372503],[0.2093469,47.9372579],[0.209339,47.9372655],[0.2093313,47.9372732],[0.2093236,47.9372807],[0.2093159,47.9372882],[0.2093083,47.9372957],[0.2093005,47.9373032],[0.2092928,47.9373108],[0.209285,47.9373185],[0.2092773,47.9373261],[0.2092699,47.9373339],[0.2092626,47.9373417],[0.2092553,47.9373495],[0.209248,47.9373573],[0.2092406,47.9373651],[0.2092333,47.937373],[0.2092264,47.937381],[0.2092194,47.937389],[0.2092125,47.937397],[0.2092055,47.937405],[0.2091987,47.937413],[0.2091922,47.9374211],[0.2091857,47.9374291],[0.2091792,47.9374372],[0.2091726,47.9374453],[0.2091661,47.9374534],[0.2091596,47.9374616],[0.2091533,47.9374699],[0.2091471,47.9374781],[0.2091408,47.9374864],[0.2091346,47.9374947],[0.2091284,47.9375031],[0.2091225,47.9375116],[0.2091166,47.9375201],[0.2091108,47.9375286],[0.2091049,47.9375371],[0.2090992,47.9375456],[0.2090939,47.9375542],[0.2090886,47.9375627],[0.2090832,47.9375712],[0.209078,47.9375798],[0.2090731,47.9375884],[0.2090682,47.937597]],[[0.2092914,47.9388642],[0.209299,47.9388719],[0.2093068,47.9388795],[0.2093149,47.938887],[0.2093229,47.9388945],[0.209331,47.938902]],[[0.2095544,47.9390773],[0.2095639,47.9390839],[0.2095735,47.9390904],[0.2095831,47.939097],[0.2095928,47.9391036],[0.2096024,47.9391102],[0.2096121,47.9391167],[0.2096219,47.9391229],[0.2096317,47.9391291],[0.2096415,47.9391353]],[[0.2102917,47.9426344],[0.2102932,47.942643],[0.2102946,47.9426517],[0.2102961,47.9426604],[0.2102976,47.9426693],[0.2102991,47.9426781],[0.2103004,47.9426871],[0.2103015,47.942696],[0.2103025,47.942705],[0.2103036,47.9427138],[0.2103046,47.9427226],[0.2103053,47.9427313],[0.2103057,47.9427398],[0.2103061,47.9427481],[0.2103065,47.9427564],[0.2103065,47.9427647],[0.210306,47.942773],[0.2103056,47.9427814],[0.210305,47.9427897],[0.210304,47.9427981],[0.210303,47.9428066],[0.210302,47.9428151],[0.2103009,47.9428237],[0.2102996,47.9428323],[0.2102982,47.9428411],[0.2102968,47.94285],[0.2102953,47.9428589],[0.2102934,47.9428677],[0.2102915,47.9428764],[0.2102896,47.9428849],[0.2102878,47.9428935],[0.210286,47.942902],[0.2102841,47.9429105],[0.210282,47.9429191],[0.2102794,47.9429275],[0.2102769,47.9429359],[0.2102744,47.9429441],[0.2102719,47.9429524],[0.2102694,47.9429606],[0.2102667,47.9429688],[0.2102637,47.9429768],[0.2102607,47.9429849],[0.2102575,47.942993],[0.2102541,47.9430011],[0.2102505,47.9430094],[0.210247,47.9430178],[0.2102433,47.943026],[0.2102394,47.9430343],[0.2102354,47.9430425],[0.2102315,47.9430508],[0.2102275,47.9430591],[0.2102234,47.9430673],[0.2102192,47.9430756],[0.2102149,47.9430839],[0.2102106,47.9430922],[0.2102062,47.9431006],[0.2102017,47.943109],[0.2101971,47.9431174],[0.2101924,47.9431256],[0.2101878,47.9431338],[0.2101833,47.9431419],[0.2101787,47.9431501],[0.2101741,47.9431583],[0.2101695,47.9431666],[0.2101648,47.943175],[0.2101601,47.9431834],[0.2101553,47.9431918],[0.2101506,47.9432002],[0.2101458,47.9432086],[0.2101409,47.943217],[0.210136,47.9432252],[0.2101312,47.9432335],[0.2101264,47.9432416],[0.2101216,47.9432496],[0.2101168,47.9432577],[0.210112,47.9432659],[0.2101071,47.9432742],[0.2101022,47.9432825],[0.2100973,47.9432908],[0.2100924,47.9432992],[0.2100874,47.9433076],[0.2100825,47.9433159],[0.2100776,47.9433243],[0.2100726,47.9433327],[0.2100677,47.943341],[0.2100627,47.9433494],[0.2100577,47.9433578],[0.2100525,47.9433661],[0.2100472,47.9433744],[0.210042,47.9433826],[0.2100368,47.9433909],[0.2100317,47.943399],[0.2100267,47.943407],[0.2100218,47.9434147],[0.2100171,47.9434222],[0.2100124,47.9434296],[0.2100078,47.9434371],[0.210003,47.9434447],[0.209998,47.9434526],[0.2099927,47.943461],[0.2099872,47.9434697],[0.2099815,47.9434788],[0.2099757,47.943488],[0.2099703,47.9434974],[0.2099649,47.9435067],[0.2099597,47.9435159],[0.2099548,47.9435252],[0.2099499,47.9435345],[0.2099453,47.9435438],[0.2099413,47.943553],[0.2099373,47.9435622],[0.2099333,47.9435713],[0.2099293,47.9435803],[0.2099254,47.9435893],[0.2099216,47.9435982],[0.2099181,47.943607],[0.2099145,47.9436158],[0.209911,47.9436245],[0.2099075,47.9436331],[0.209904,47.9436418],[0.2099006,47.9436505],[0.2098971,47.9436592],[0.2098936,47.9436678]],[[0.2096725,47.944273],[0.2096701,47.9442823],[0.2096679,47.9442918],[0.209666,47.9443012],[0.2096641,47.9443105],[0.2096622,47.9443197],[0.2096604,47.9443288]],[[0.2096468,47.9444128],[0.2096456,47.9444222],[0.2096449,47.9444316],[0.2096444,47.9444408],[0.209644,47.9444497]],[[0.2095928,47.9445988],[0.2095893,47.9446076],[0.2095858,47.9446165],[0.2095822,47.9446254],[0.2095787,47.9446343]],[[0.2095129,47.9447627],[0.2095069,47.9447705],[0.2095008,47.9447783],[0.2094946,47.944786],[0.2094881,47.9447936],[0.2094816,47.9448012],[0.209475,47.9448088]],[[0.2094417,47.9448475],[0.2094355,47.9448551],[0.2094292,47.9448628],[0.2094227,47.9448707],[0.2094158,47.9448791]],[[0.209028,47.9458035],[0.2090241,47.945812],[0.2090201,47.9458206],[0.2090162,47.9458292],[0.2090122,47.9458378],[0.2090082,47.9458464],[0.2090041,47.9458552],[0.209,47.9458641],[0.2089962,47.9458733],[0.2089923,47.9458827],[0.2089883,47.9458922],[0.2089843,47.9459019],[0.2089808,47.9459119],[0.2089772,47.9459221],[0.2089743,47.9459325],[0.2089716,47.9459429],[0.2089696,47.9459534],[0.2089679,47.9459639],[0.2089667,47.9459744],[0.2089657,47.9459846],[0.2089653,47.9459948],[0.2089648,47.9460047],[0.2089644,47.9460146],[0.208964,47.9460244],[0.2089635,47.9460341],[0.2089633,47.9460437],[0.2089633,47.9460532],[0.2089632,47.9460623],[0.2089632,47.9460712],[0.2089632,47.9460797],[0.2089631,47.9460881],[0.2089631,47.9460965],[0.2089631,47.9461051],[0.2089631,47.9461138],[0.208963,47.9461228],[0.208963,47.9461319],[0.208963,47.9461412],[0.2089629,47.9461505],[0.2089629,47.9461599],[0.2089629,47.9461693],[0.2089628,47.9461786],[0.2089628,47.9461877],[0.2089628,47.9461967],[0.2089627,47.9462056],[0.2089627,47.9462144],[0.2089626,47.9462229],[0.2089624,47.9462312],[0.2089622,47.9462393],[0.208962,47.9462472],[0.2089616,47.9462551],[0.2089608,47.946263],[0.20896,47.9462711],[0.2089591,47.9462795],[0.2089582,47.9462881],[0.2089573,47.946297],[0.2089563,47.946306],[0.2089554,47.9463151],[0.2089544,47.9463244],[0.2089531,47.9463336],[0.2089518,47.9463429],[0.2089505,47.9463521],[0.2089493,47.9463612],[0.2089479,47.9463701],[0.2089463,47.9463787],[0.2089448,47.9463873],[0.2089429,47.9463958],[0.2089404,47.9464043],[0.2089379,47.9464128],[0.2089352,47.9464213],[0.2089319,47.9464298],[0.2089286,47.9464384],[0.2089253,47.946447],[0.2089219,47.9464556],[0.2089185,47.9464643],[0.2089151,47.946473],[0.2089116,47.9464816],[0.2089081,47.9464903],[0.2089047,47.9464988],[0.2089012,47.9465074],[0.2088977,47.946516],[0.2088942,47.9465246],[0.2088907,47.9465332]],[[0.2073799,47.9484967],[0.2073795,47.9485034],[0.207379,47.9485098],[0.2073777,47.9485163],[0.2073762,47.9485232],[0.2073747,47.9485305],[0.2073732,47.948538],[0.2073711,47.9485459],[0.2073687,47.9485541],[0.2073661,47.9485628],[0.2073633,47.948572]],[[0.2073852,47.9488167],[0.207387,47.9488253],[0.2073887,47.9488338],[0.2073901,47.9488421],[0.2073913,47.9488503]]]}},{"type":"Feature","properties":{"role":"edge_unseen","side":"right","note":"bridged: the edge was not seen in the imagery here"},"geometry":{"type":"MultiLineString","coordinates":[[[0.2077237,47.9515642],[0.2077244,47.9515732],[0.207725,47.9515822],[0.2077257,47.9515912],[0.2077264,47.9516003],[0.2077271,47.9516094]],[[0.2077253,47.9519276],[0.2077234,47.9519361],[0.2077223,47.9519445],[0.2077214,47.9519527],[0.2077205,47.9519606],[0.20772,47.951968],[0.2077196,47.9519748],[0.2077192,47.9519809],[0.207719,47.9519867],[0.207719,47.9519926],[0.2077189,47.951999],[0.2077189,47.9520062],[0.2077189,47.9520141],[0.2077189,47.9520225],[0.2077188,47.9520313],[0.2077188,47.9520402],[0.2077188,47.9520492],[0.2077187,47.9520582],[0.2077187,47.9520672],[0.2077187,47.9520762],[0.2077186,47.9520852],[0.2077186,47.9520942],[0.2077186,47.9521032],[0.2077185,47.9521122],[0.2077185,47.9521212],[0.2077185,47.9521302],[0.2077184,47.9521392],[0.2077184,47.9521482],[0.2077184,47.9521572],[0.2077183,47.9521662],[0.2077183,47.9521751],[0.2077183,47.9521841],[0.2077182,47.9521931],[0.2077182,47.9522021],[0.2077182,47.9522111],[0.2077181,47.9522201],[0.2077181,47.9522291],[0.2077184,47.952238],[0.2077186,47.9522469],[0.2077189,47.9522555],[0.2077191,47.9522639],[0.2077194,47.9522721],[0.2077196,47.9522799],[0.2077198,47.9522875],[0.2077207,47.9522947],[0.2077215,47.9523014],[0.2077223,47.9523077],[0.207723,47.9523138],[0.207724,47.9523199],[0.2077253,47.9523263],[0.2077268,47.9523333],[0.2077284,47.9523409],[0.2077301,47.9523488],[0.2077325,47.9523566],[0.2077349,47.9523644],[0.2077373,47.9523722]],[[0.2081109,47.9540219],[0.2081182,47.9540296],[0.2081256,47.9540373],[0.2081331,47.9540452],[0.2081408,47.9540533],[0.2081479,47.9540619],[0.2081551,47.9540706],[0.2081615,47.9540796],[0.2081681,47.9540889],[0.2081748,47.9540983],[0.2081816,47.9541079]],[[0.2125104,47.957745],[0.2125219,47.95775],[0.2125334,47.9577549],[0.2125449,47.9577598],[0.2125565,47.9577648]],[[0.2147886,47.9591114],[0.2148012,47.9591152],[0.2148134,47.9591195],[0.2148254,47.9591238],[0.2148373,47.9591281],[0.2148491,47.9591324],[0.2148607,47.9591366],[0.2148722,47.9591407],[0.2148835,47.9591448],[0.2148946,47.9591488],[0.2149057,47.9591524],[0.2149169,47.959156],[0.2149279,47.9591595],[0.214939,47.959163],[0.2149503,47.9591661],[0.2149618,47.9591691],[0.2149734,47.9591721],[0.2149852,47.9591748]],[[0.217827,47.9605264],[0.217832,47.9605331],[0.2178378,47.9605398],[0.2178441,47.9605466],[0.2178505,47.9605535]],[[0.2239615,47.9606984],[0.2239701,47.9606924],[0.2239789,47.9606862],[0.2239878,47.9606799],[0.2239968,47.9606735]],[[0.2275354,47.956764],[0.2275391,47.9567546],[0.2275433,47.9567452],[0.2275479,47.9567359],[0.2275524,47.9567267],[0.2275572,47.9567178],[0.2275621,47.956709],[0.227567,47.9567004],[0.2275717,47.9566919],[0.2275765,47.9566834],[0.2275813,47.9566749],[0.2275861,47.9566662],[0.2275911,47.9566573],[0.2275962,47.9566482],[0.2276019,47.9566391],[0.2276077,47.95663],[0.2276136,47.9566209],[0.2276193,47.9566121],[0.2276249,47.9566034],[0.2276303,47.956595],[0.2276355,47.9565869],[0.2276405,47.9565791],[0.2276453,47.9565716],[0.22765,47.9565643],[0.2276547,47.956557],[0.2276594,47.9565497],[0.2276642,47.9565422],[0.2276689,47.9565346],[0.2276736,47.9565268],[0.2276782,47.956519],[0.2276829,47.9565111],[0.2276871,47.9565033],[0.2276909,47.9564955],[0.2276945,47.956488],[0.227698,47.9564808],[0.2277015,47.9564736],[0.2277048,47.9564664],[0.227708,47.9564588],[0.2277112,47.9564508],[0.2277147,47.9564424],[0.2277182,47.9564337],[0.2277219,47.9564248],[0.2277256,47.9564156],[0.2277295,47.9564062],[0.2277335,47.9563965],[0.2277377,47.9563867],[0.2277423,47.9563771],[0.2277469,47.9563676],[0.2277514,47.9563583],[0.2277558,47.9563492],[0.2277604,47.9563403],[0.2277651,47.9563316],[0.2277698,47.9563229],[0.2277745,47.9563142],[0.2277794,47.9563054],[0.2277844,47.9562968],[0.2277893,47.9562882],[0.2277942,47.9562797],[0.227799,47.9562713],[0.2278038,47.9562629],[0.2278086,47.9562547],[0.2278132,47.9562466],[0.2278178,47.9562385],[0.2278224,47.9562306],[0.227827,47.9562226],[0.2278316,47.9562144],[0.2278361,47.9562061],[0.2278406,47.9561977],[0.2278452,47.9561893],[0.2278498,47.9561808],[0.2278544,47.9561723],[0.2278591,47.9561637],[0.2278638,47.956155],[0.2278685,47.9561463],[0.2278732,47.9561376],[0.2278779,47.956129],[0.2278825,47.9561205],[0.2278871,47.956112],[0.2278917,47.9561035],[0.2278963,47.9560951],[0.2279008,47.9560867],[0.2279054,47.9560784],[0.2279098,47.9560701],[0.2279143,47.9560619],[0.2279187,47.9560537],[0.2279231,47.9560455],[0.2279276,47.9560373],[0.2279321,47.9560289],[0.2279367,47.9560205],[0.2279413,47.9560121],[0.2279459,47.9560036],[0.2279504,47.9559952],[0.227955,47.9559867],[0.2279594,47.9559782],[0.2279636,47.9559697],[0.2279677,47.9559611],[0.2279719,47.9559525],[0.227976,47.9559439],[0.2279802,47.9559352],[0.2279844,47.9559266],[0.2279886,47.9559179],[0.2279928,47.9559093],[0.2279969,47.9559007],[0.2280011,47.9558921],[0.2280052,47.9558836],[0.2280093,47.9558751],[0.2280134,47.9558667],[0.2280175,47.9558583],[0.2280215,47.9558499],[0.2280256,47.9558415],[0.2280296,47.9558331]],[[0.2281222,47.9556446],[0.2281264,47.9556363],[0.2281304,47.955628],[0.2281343,47.9556196],[0.2281382,47.9556112],[0.2281421,47.9556027]],[[0.2284369,47.954936],[0.2284429,47.9549278],[0.2284488,47.9549197],[0.2284548,47.9549115],[0.2284607,47.9549034]],[[0.2290758,47.9536368],[0.229078,47.9536276],[0.2290803,47.9536184],[0.229083,47.9536093],[0.2290856,47.9536003],[0.2290881,47.9535914]],[[0.2292486,47.953237],[0.2292528,47.9532286],[0.2292571,47.9532202],[0.2292613,47.9532118],[0.2292652,47.9532034],[0.2292687,47.953195],[0.229272,47.9531869]],[[0.2297988,47.9520418],[0.2298036,47.9520334],[0.2298084,47.952025],[0.2298133,47.9520166],[0.2298181,47.9520083],[0.2298228,47.9519999],[0.2298276,47.9519917]],[[0.2303268,47.9509406],[0.230331,47.9509319],[0.230335,47.9509234],[0.2303391,47.9509151],[0.2303429,47.9509066],[0.2303463,47.950898],[0.2303498,47.9508891],[0.2303534,47.9508799]],[[0.2317362,47.9480494],[0.2317388,47.9480391],[0.2317419,47.9480288],[0.2317449,47.9480188],[0.2317483,47.9480091]],[[0.2331611,47.9439775],[0.2331696,47.9439705],[0.233178,47.9439634],[0.2331863,47.9439563],[0.2331946,47.9439492],[0.2332029,47.943942],[0.2332113,47.9439348],[0.2332198,47.9439275]],[[0.2346825,47.941996],[0.2346867,47.941988],[0.2346907,47.9419803],[0.2346939,47.9419728],[0.2346972,47.9419653],[0.2347004,47.9419578]],[[0.2348912,47.9415506],[0.2348953,47.9415421],[0.2348994,47.9415335],[0.2349035,47.9415249],[0.2349075,47.9415164]],[[0.2349998,47.941328],[0.2350042,47.9413195],[0.2350085,47.941311],[0.2350129,47.9413025],[0.2350172,47.941294]],[[0.2351132,47.9410875],[0.2351175,47.9410789],[0.2351218,47.9410703],[0.2351261,47.9410618],[0.2351303,47.9410532],[0.2351346,47.9410447],[0.2351388,47.9410362],[0.2351431,47.9410277],[0.2351473,47.9410191]],[[0.2351601,47.9409936],[0.2351643,47.9409851],[0.2351685,47.9409766],[0.2351727,47.9409682],[0.2351768,47.94096],[0.2351809,47.9409518],[0.235185,47.9409436],[0.2351891,47.9409353],[0.2351933,47.940927],[0.2351975,47.9409185],[0.2352015,47.94091],[0.2352056,47.9409014],[0.2352096,47.9408929],[0.2352137,47.9408843],[0.2352177,47.9408757],[0.2352218,47.9408671],[0.2352258,47.9408586],[0.2352299,47.94085]],[[0.2353192,47.940661],[0.2353232,47.9406525],[0.2353272,47.9406441],[0.2353312,47.9406355],[0.2353353,47.940627],[0.2353393,47.9406184]],[[0.2355327,47.9402155],[0.2355367,47.9402075],[0.2355407,47.9401996],[0.2355447,47.9401917],[0.2355488,47.9401836]],[[0.2356433,47.9399902],[0.2356475,47.9399821],[0.2356514,47.9399743],[0.2356548,47.9399666],[0.235658,47.939959],[0.2356613,47.9399513]],[[0.2358427,47.9395733],[0.2358469,47.9395648],[0.2358512,47.9395563],[0.2358554,47.9395477],[0.2358597,47.9395392],[0.2358639,47.9395307],[0.2358681,47.9395222]],[[0.2363901,47.9384401],[0.2363942,47.9384316],[0.2363983,47.9384232],[0.2364021,47.9384148],[0.2364058,47.9384064],[0.2364095,47.9383979]],[[0.236597,47.9379904],[0.2366024,47.9379824],[0.2366079,47.9379742],[0.2366133,47.9379662],[0.2366187,47.9379582],[0.2366239,47.9379504]],[[0.2368565,47.9374688],[0.2368608,47.9374598],[0.2368651,47.9374507],[0.2368694,47.9374417],[0.2368737,47.9374325],[0.2368781,47.9374232],[0.2368828,47.9374141],[0.2368874,47.9374051],[0.2368919,47.9373963],[0.2368963,47.9373879],[0.2369005,47.9373796],[0.2369046,47.9373716],[0.2369088,47.9373635],[0.2369129,47.9373554],[0.2369172,47.9373472],[0.2369215,47.9373388],[0.2369258,47.9373304],[0.2369301,47.9373219],[0.2369342,47.9373133],[0.2369381,47.9373048],[0.2369421,47.9372964],[0.2369459,47.937288],[0.2369498,47.9372798],[0.2369536,47.9372715],[0.2369575,47.9372632],[0.236961,47.9372548],[0.2369644,47.9372464],[0.2369678,47.9372382],[0.236971,47.9372301],[0.2369743,47.9372222],[0.236977,47.9372144],[0.2369796,47.9372068],[0.2369821,47.9371993],[0.2369845,47.9371915],[0.2369868,47.9371836],[0.2369892,47.9371753],[0.2369917,47.9371666],[0.2369943,47.9371576],[0.236997,47.9371482],[0.2369997,47.9371387],[0.2370025,47.9371292],[0.2370054,47.9371197],[0.2370082,47.9371105],[0.237011,47.9371015],[0.2370137,47.9370926],[0.2370165,47.9370838],[0.2370192,47.937075],[0.2370219,47.9370662],[0.2370246,47.9370573],[0.2370274,47.9370484],[0.2370302,47.9370394],[0.2370334,47.9370303],[0.2370367,47.9370209],[0.2370401,47.9370114],[0.2370436,47.9370016],[0.2370479,47.9369919],[0.2370522,47.9369821],[0.2370565,47.9369723],[0.2370616,47.9369628],[0.2370666,47.9369534],[0.2370714,47.9369443],[0.2370761,47.9369355],[0.2370806,47.9369272],[0.2370848,47.9369193],[0.2370888,47.9369118],[0.2370928,47.9369043],[0.2370968,47.9368967],[0.237101,47.9368888],[0.2371052,47.9368805],[0.2371095,47.9368719]],[[0.2386434,47.9337348],[0.2386475,47.9337261],[0.2386522,47.9337174],[0.2386572,47.9337089],[0.2386621,47.9337005]],[[0.2412601,47.9283612],[0.2412728,47.9283549],[0.2412853,47.9283488],[0.2412976,47.9283428],[0.24131,47.9283374]],[[0.2419546,47.9270766],[0.2419535,47.9270674],[0.2419523,47.9270581],[0.2419512,47.9270488],[0.2419501,47.9270394]],[[0.241935,47.9268242],[0.2419358,47.9268151],[0.2419366,47.926806],[0.2419374,47.9267969],[0.241938,47.9267877],[0.2419384,47.9267783],[0.2419387,47.9267685]],[[0.2430757,47.9232387],[0.243076,47.9232292],[0.2430764,47.9232197],[0.2430767,47.9232101],[0.2430771,47.9232007],[0.2430774,47.9231914],[0.2430778,47.9231821]],[[0.2433147,47.9206534],[0.2433162,47.9206447],[0.2433176,47.9206365],[0.243319,47.9206288],[0.2433202,47.9206212],[0.2433209,47.9206135],[0.2433216,47.9206055],[0.2433224,47.920597]],[[0.2434167,47.9199229],[0.2434174,47.919914],[0.2434181,47.9199051],[0.2434188,47.9198962],[0.2434195,47.9198872]],[[0.2435202,47.9187575],[0.2435208,47.9187487],[0.2435215,47.9187397],[0.2435221,47.9187306],[0.2435228,47.9187214],[0.2435235,47.918712]],[[0.2435785,47.9180582],[0.2435792,47.9180487],[0.2435802,47.9180392],[0.2435811,47.9180299],[0.2435821,47.9180207],[0.243583,47.9180116]],[[0.2437457,47.9159581],[0.2437464,47.915949],[0.243747,47.9159398],[0.2437477,47.9159305],[0.2437483,47.9159212],[0.243749,47.9159121]],[[0.2437819,47.9154876],[0.2437828,47.9154784],[0.2437836,47.9154695],[0.2437843,47.9154609],[0.2437851,47.9154525],[0.2437858,47.9154442]],[[0.2430843,47.9135038],[0.2430743,47.913508],[0.243064,47.9135123],[0.2430534,47.9135167],[0.2430426,47.9135213],[0.2430314,47.9135259],[0.2430199,47.9135308],[0.243008,47.9135357],[0.2429956,47.9135404],[0.2429831,47.9135448],[0.2429708,47.9135492],[0.2429585,47.9135536]],[[0.241714,47.9137695],[0.2417006,47.9137719],[0.241687,47.9137744],[0.2416732,47.9137764],[0.2416595,47.9137784],[0.2416458,47.9137804]],[[0.2331536,47.915367],[0.2331408,47.9153696],[0.2331281,47.9153721],[0.2331156,47.9153747],[0.2331033,47.9153772]],[[0.232996,47.9154017],[0.2329841,47.9154047],[0.2329722,47.9154077],[0.2329608,47.9154111],[0.2329495,47.9154146]],[[0.2315533,47.9159192],[0.2315412,47.9159234],[0.2315288,47.9159278],[0.2315163,47.9159322],[0.2315035,47.9159363],[0.2314908,47.9159404],[0.2314783,47.9159444],[0.231466,47.9159483],[0.2314538,47.9159522],[0.2314417,47.9159561],[0.2314296,47.9159599],[0.2314175,47.9159638],[0.2314055,47.9159676],[0.2313938,47.9159716]],[[0.2242324,47.9188501],[0.2242215,47.9188559],[0.2242106,47.9188615],[0.2241999,47.9188669],[0.2241896,47.9188721],[0.2241795,47.9188772],[0.2241695,47.9188822],[0.2241595,47.9188873],[0.2241493,47.9188926],[0.2241391,47.9188983],[0.2241286,47.9189042]],[[0.2240366,47.9189474],[0.2240239,47.9189516],[0.2240112,47.9189559],[0.2239985,47.9189602],[0.2239859,47.9189645],[0.2239734,47.9189687]],[[0.2229708,47.9194766],[0.2229598,47.9194827],[0.2229488,47.9194887],[0.222938,47.9194947],[0.2229273,47.9195005],[0.2229168,47.9195062],[0.2229064,47.9195119],[0.222896,47.9195176],[0.2228856,47.9195233]],[[0.2228543,47.9195403],[0.2228438,47.9195461],[0.2228332,47.9195519],[0.2228225,47.9195577],[0.2228117,47.9195637],[0.2228006,47.9195694],[0.2227893,47.919575],[0.2227781,47.9195806],[0.2227668,47.9195859],[0.2227553,47.919591]],[[0.222285,47.9198333],[0.2222742,47.9198393],[0.2222633,47.9198453],[0.2222524,47.9198512],[0.2222415,47.9198569],[0.2222307,47.9198625],[0.2222201,47.9198681],[0.2222095,47.9198736],[0.2221989,47.9198792]],[[0.2217868,47.9201044],[0.2217765,47.9201104],[0.2217659,47.9201164],[0.2217552,47.9201226],[0.2217445,47.9201288],[0.2217337,47.9201348],[0.2217229,47.9201407],[0.2217123,47.9201465]],[[0.2192645,47.9224444],[0.2192473,47.9224479],[0.2192297,47.9224512],[0.2192121,47.9224537],[0.2191949,47.9224551],[0.219178,47.9224563],[0.2191612,47.9224564],[0.2191443,47.9224558],[0.2191271,47.9224549],[0.21911,47.9224533],[0.2190934,47.9224515],[0.2190775,47.9224496]],[[0.2185118,47.922257],[0.2185002,47.9222505],[0.218489,47.922244],[0.2184781,47.9222376],[0.2184675,47.9222313],[0.218457,47.9222252],[0.2184467,47.9222192]],[[0.214901,47.9234196],[0.2148981,47.9234283],[0.2148951,47.9234369],[0.2148921,47.9234456],[0.2148891,47.9234544],[0.2148861,47.9234631]],[[0.2148801,47.9234807],[0.2148772,47.9234894],[0.2148742,47.9234982],[0.2148712,47.923507],[0.2148682,47.9235157]],[[0.2146659,47.924093],[0.2146634,47.9241016],[0.2146609,47.9241104],[0.2146584,47.9241192],[0.2146559,47.924128],[0.2146534,47.9241368]],[[0.2146004,47.9243171],[0.214596,47.9243257],[0.2145917,47.9243343],[0.2145874,47.9243427],[0.2145832,47.9243511],[0.214579,47.9243593]],[[0.2138475,47.926363],[0.2138435,47.9263719],[0.2138395,47.9263807],[0.2138356,47.9263894],[0.2138318,47.9263981]],[[0.2118319,47.9292526],[0.2118262,47.9292606],[0.2118205,47.9292685],[0.2118149,47.9292764],[0.2118097,47.9292844],[0.2118045,47.9292925]],[[0.2102283,47.9435254],[0.2102237,47.9435333],[0.2102193,47.9435409],[0.2102156,47.9435485],[0.2102121,47.9435561],[0.2102085,47.9435637],[0.2102049,47.9435715],[0.2102015,47.9435793],[0.2101982,47.9435871],[0.2101948,47.943595],[0.2101915,47.943603],[0.210188,47.9436112],[0.2101847,47.9436194],[0.2101813,47.9436276],[0.210178,47.943636],[0.2101746,47.9436444],[0.2101712,47.9436529],[0.2101678,47.9436616],[0.2101643,47.9436702],[0.2101608,47.9436789],[0.2101573,47.9436876],[0.2101539,47.9436963],[0.2101504,47.943705],[0.2101469,47.9437138],[0.2101433,47.9437226],[0.2101398,47.9437314],[0.2101362,47.9437403],[0.2101327,47.9437492],[0.2101291,47.943758],[0.2101256,47.9437668],[0.2101221,47.9437755],[0.2101187,47.9437842],[0.2101152,47.9437929],[0.2101118,47.9438014],[0.2101083,47.94381],[0.210105,47.9438184],[0.2101016,47.9438268],[0.2100983,47.9438353],[0.210095,47.9438438],[0.2100917,47.9438524],[0.2100883,47.943861],[0.2100849,47.9438697],[0.2100815,47.9438784],[0.2100781,47.9438871],[0.2100747,47.9438958],[0.2100714,47.9439045],[0.210068,47.9439132],[0.2100646,47.9439219],[0.2100612,47.9439306],[0.2100578,47.9439393],[0.2100544,47.943948],[0.210051,47.9439567],[0.2100476,47.9439654],[0.2100442,47.9439741],[0.2100408,47.9439828],[0.2100375,47.9439915],[0.2100341,47.9440002],[0.2100307,47.9440089],[0.2100273,47.9440176],[0.2100239,47.9440263],[0.2100205,47.944035],[0.2100171,47.9440437],[0.2100136,47.9440524],[0.2100101,47.9440611],[0.2100066,47.9440697],[0.2100031,47.9440784],[0.2099997,47.9440871],[0.2099962,47.9440958],[0.2099927,47.9441045],[0.2099892,47.9441131],[0.2099858,47.9441218],[0.2099823,47.9441303],[0.2099792,47.9441387],[0.2099762,47.9441468],[0.2099735,47.9441546],[0.2099708,47.944162],[0.2099682,47.9441693]],[[0.2096261,47.9450306],[0.2096231,47.9450394],[0.20962,47.9450482],[0.209617,47.945057],[0.2096139,47.9450658],[0.2096108,47.9450748]],[[0.2095657,47.9451891],[0.2095622,47.9451976],[0.2095587,47.9452062],[0.2095552,47.9452148],[0.2095516,47.9452234],[0.2095481,47.9452321],[0.2095446,47.9452407],[0.209541,47.9452494],[0.2095375,47.9452581],[0.2095339,47.9452667]],[[0.2095268,47.9452841],[0.2095233,47.9452928],[0.2095197,47.9453014],[0.2095162,47.9453101],[0.2095126,47.9453188]],[[0.2094989,47.9453536],[0.2094955,47.9453623],[0.2094921,47.945371],[0.2094887,47.9453797],[0.2094853,47.9453884],[0.2094819,47.945397],[0.2094785,47.9454057],[0.2094751,47.9454144],[0.2094717,47.9454231],[0.2094683,47.9454318],[0.2094649,47.9454405],[0.2094615,47.9454493]],[[0.2094513,47.9454755],[0.2094478,47.9454844],[0.2094443,47.9454933],[0.2094409,47.9455021],[0.2094374,47.9455109],[0.2094339,47.9455196],[0.2094305,47.9455282],[0.2094271,47.9455367],[0.2094237,47.9455451],[0.2094203,47.9455536]],[[0.2093231,47.9457898],[0.2093191,47.9457987],[0.2093152,47.9458075],[0.2093111,47.9458164],[0.2093068,47.9458254],[0.2093023,47.9458344],[0.209298,47.9458434],[0.2092936,47.9458522],[0.2092893,47.945861],[0.209285,47.9458696],[0.2092805,47.9458781],[0.2092759,47.9458866],[0.2092715,47.945895],[0.209267,47.9459034],[0.2092626,47.9459117],[0.2092582,47.9459199],[0.209254,47.9459278],[0.2092498,47.9459356],[0.2092458,47.9459433],[0.2092418,47.9459507],[0.2092382,47.945958],[0.209235,47.9459652],[0.2092318,47.9459724]],[[0.2091271,47.9463035],[0.2091221,47.9463124],[0.2091171,47.946321],[0.2091123,47.9463296],[0.2091075,47.946338],[0.2091028,47.9463464]],[[0.2079859,47.9480447],[0.2079813,47.9480541],[0.2079767,47.9480636],[0.2079711,47.9480731],[0.2079653,47.9480827],[0.2079583,47.9480924],[0.207951,47.9481023],[0.2079425,47.9481121],[0.2079326,47.9481215],[0.2079225,47.948131],[0.2079109,47.9481398],[0.2078991,47.9481485],[0.2078861,47.9481564]],[[0.2076392,47.9494057],[0.207637,47.9494152],[0.207635,47.9494244],[0.2076331,47.9494336]],[[0.2076252,47.9494701],[0.2076232,47.9494791],[0.2076213,47.9494881],[0.2076194,47.9494969],[0.2076175,47.9495056],[0.2076157,47.9495139],[0.2076147,47.9495219],[0.2076137,47.9495292],[0.2076128,47.949536],[0.2076119,47.9495425],[0.2076117,47.9495488],[0.2076116,47.9495553],[0.2076114,47.949562],[0.2076113,47.9495691],[0.2076115,47.9495766],[0.2076122,47.9495845],[0.2076129,47.9495928],[0.2076137,47.9496014],[0.2076147,47.9496101],[0.2076159,47.949619],[0.2076171,47.949628],[0.2076183,47.949637],[0.2076196,47.9496461],[0.2076208,47.9496552],[0.207622,47.9496644],[0.2076233,47.9496736],[0.2076245,47.9496829],[0.2076258,47.9496921],[0.207627,47.9497015],[0.2076283,47.9497108],[0.2076296,47.9497202],[0.2076305,47.9497295],[0.2076313,47.9497387],[0.2076321,47.9497477],[0.2076329,47.9497567],[0.2076338,47.9497657],[0.2076346,47.9497747],[0.2076354,47.9497837],[0.2076362,47.9497926],[0.207637,47.9498016],[0.2076378,47.9498105],[0.2076386,47.9498193],[0.2076394,47.9498281],[0.2076402,47.9498369],[0.207641,47.9498458],[0.2076419,47.9498547],[0.2076427,47.9498636],[0.2076435,47.9498726],[0.2076443,47.9498816],[0.2076451,47.9498907],[0.207646,47.9498999],[0.2076465,47.9499093],[0.2076469,47.9499188],[0.2076473,47.9499283],[0.2076477,47.9499377],[0.2076482,47.9499469],[0.2076486,47.9499561]],[[0.2076494,47.9499741],[0.2076498,47.9499831],[0.2076502,47.9499921],[0.2076506,47.9500011],[0.207651,47.9500101]],[[0.2076578,47.9501351],[0.2076583,47.9501441],[0.2076588,47.9501531],[0.2076593,47.9501622],[0.2076598,47.9501713]],[[0.2076618,47.9502081],[0.2076623,47.9502172],[0.2076628,47.9502262],[0.2076633,47.9502352]],[[0.2076658,47.9502881],[0.2076662,47.950297],[0.2076666,47.950306],[0.207667,47.9503151],[0.2076674,47.9503244],[0.2076678,47.9503338]],[[0.2076691,47.9503797],[0.2076693,47.9503886],[0.2076695,47.9503975],[0.2076696,47.9504063],[0.2076698,47.950415],[0.20767,47.9504237],[0.2076701,47.9504323],[0.2076703,47.950441],[0.2076705,47.9504498],[0.2076707,47.9504587],[0.2076713,47.9504677],[0.207672,47.9504766],[0.2076727,47.9504856],[0.2076734,47.9504946]]]}},{"type":"Feature","properties":{"role":"start_finish","id":"start_finish","marker":0.0,"width_m":18.59,"quality":{"source":"ign-bdortho-2022","accuracy_m":1.45,"relative_accuracy_m":0.15,"measured":true,"date":"2022"}},"geometry":{"type":"LineString","coordinates":[[0.2074426,47.9509051],[0.2076913,47.9508993]]}},{"type":"Feature","properties":{"role":"pit_entry","id":"pit_entry","marker":0.99002,"width_m":17.79,"quality":{"source":"ign-bdortho-2022","accuracy_m":2.19,"relative_accuracy_m":1.65,"measured":false,"date":"2022"}},"geometry":{"type":"LineString","coordinates":[[0.2073859,47.9496862],[0.2076233,47.9496736]]}},{"type":"Feature","properties":{"role":"pit_exit","id":"pit_exit","marker":0.03012,"width_m":12.89,"quality":{"source":"ign-bdortho-2022","accuracy_m":1.45,"relative_accuracy_m":0.15,"measured":true,"date":"2022"}},"geometry":{"type":"LineString","coordinates":[[0.2081299,47.9545593],[0.2082966,47.9545292]]}},{"type":"Feature","properties":{"role":"corner_entry","id":"t1-entry","marker":0.03905,"width_m":12.27,"quality":{"source":"ign-bdortho-2022","accuracy_m":1.45,"relative_accuracy_m":0.15,"measured":true,"date":"2022"},"corner":"t1"},"geometry":{"type":"LineString","coordinates":[[0.2088356,47.9555681],[0.2089607,47.9554966]]}},{"type":"Feature","properties":{"role":"corner_exit","id":"t1-exit","marker":0.04264,"width_m":12.86,"quality":{"source":"ign-bdortho-2022","accuracy_m":1.45,"relative_accuracy_m":0.15,"measured":true,"date":"2022"},"corner":"t1"},"geometry":{"type":"LineString","coordinates":[[0.2093451,47.9558695],[0.2094354,47.9557711]]}},{"type":"Feature","properties":{"role":"corner_entry","id":"t2-entry","marker":0.05202,"width_m":12.49,"quality":{"source":"ign-bdortho-2022","accuracy_m":1.45,"relative_accuracy_m":0.15,"measured":true,"date":"2022"},"corner":"t2"},"geometry":{"type":"LineString","coordinates":[[0.2108083,47.9564647],[0.2109001,47.9563708]]}},{"type":"Feature","properties":{"role":"corner_exit","id":"t2-exit","marker":0.05473,"width_m":12.57,"quality":{"source":"ign-bdortho-2022","accuracy_m":1.45,"relative_accuracy_m":0.15,"measured":true,"date":"2022"},"corner":"t2"},"geometry":{"type":"LineString","coordinates":[[0.2109447,47.9566871],[0.211108,47.9567143]]}},{"type":"Feature","properties":{"role":"corner_entry","id":"t3-entry","marker":0.05649,"width_m":12.81,"quality":{"source":"ign-bdortho-2022","accuracy_m":1.45,"relative_accuracy_m":0.15,"measured":true,"date":"2022"},"corner":"t3"},"geometry":{"type":"LineString","coordinates":[[0.2108688,47.9568989],[0.2110365,47.9569226]]}},{"type":"Feature","properties":{"role":"corner_exit","id":"t3-exit","marker":0.05943,"width_m":12.71,"quality":{"source":"ign-bdortho-2022","accuracy_m":1.45,"relative_accuracy_m":0.15,"measured":true,"date":"2022"},"corner":"t3"},"geometry":{"type":"LineString","coordinates":[[0.2110866,47.9572679],[0.2111831,47.9571738]]}},{"type":"Feature","properties":{"role":"corner_entry","id":"t4-entry","marker":0.09564,"width_m":10.78,"quality":{"source":"ign-bdortho-2022","accuracy_m":1.45,"relative_accuracy_m":0.15,"measured":true,"date":"2022"},"corner":"t4"},"geometry":{"type":"LineString","coordinates":[[0.2166295,47.9593694],[0.2166411,47.9592728]]}},{"type":"Feature","properties":{"role":"corner_exit","id":"t4-exit","marker":0.10421,"width_m":10.57,"quality":{"source":"ign-bdortho-2022","accuracy_m":1.45,"relative_accuracy_m":0.15,"measured":true,"date":"2022"},"corner":"t4"},"geometry":{"type":"LineString","coordinates":[[0.2175483,47.9600109],[0.2176895,47.9600051]]}},{"type":"Feature","properties":{"role":"corner_entry","id":"t5-entry","marker":0.10583,"width_m":10.99,"quality":{"source":"ign-bdortho-2022","accuracy_m":1.45,"relative_accuracy_m":0.15,"measured":true,"date":"2022"},"corner":"t5"},"geometry":{"type":"LineString","coordinates":[[0.2175543,47.9602092],[0.217701,47.9602023]]}},{"type":"Feature","properties":{"role":"corner_exit","id":"t5-exit","marker":0.11037,"width_m":11.96,"quality":{"source":"ign-bdortho-2022","accuracy_m":1.45,"relative_accuracy_m":0.15,"measured":true,"date":"2022"},"corner":"t5"},"geometry":{"type":"LineString","coordinates":[[0.21788,47.960747],[0.217991,47.9606694]]}},{"type":"Feature","properties":{"role":"corner_entry","id":"t6-entry","marker":0.13119,"width_m":11.18,"quality":{"source":"ign-bdortho-2022","accuracy_m":1.45,"relative_accuracy_m":0.15,"measured":true,"date":"2022"},"corner":"t6"},"geometry":{"type":"LineString","coordinates":[[0.2212572,47.9619069],[0.2212944,47.9618095]]}},{"type":"Feature","properties":{"role":"corner_exit","id":"t6-exit","marker":0.13368,"width_m":11.33,"quality":{"source":"ign-bdortho-2022","accuracy_m":1.45,"relative_accuracy_m":0.15,"measured":true,"date":"2022"},"corner":"t6"},"geometry":{"type":"LineString","coordinates":[[0.2217485,47.9618656],[0.2216824,47.9617739]]}},{"type":"Feature","properties":{"role":"corner_entry","id":"t7-entry","marker":0.28769,"width_m":14.62,"quality":{"source":"ign-bdortho-2022","accuracy_m":1.45,"relative_accuracy_m":0.15,"measured":true,"date":"2022"},"corner":"t7"},"geometry":{"type":"LineString","coordinates":[[0.2333373,47.9450702],[0.2331464,47.9450415]]}},{"type":"Feature","properties":{"role":"corner_exit","id":"t7-exit","marker":0.29048,"width_m":9.81,"quality":{"source":"ign-bdortho-2022","accuracy_m":1.45,"relative_accuracy_m":0.15,"measured":true,"date":"2022"},"corner":"t7"},"geometry":{"type":"LineString","coordinates":[[0.2331877,47.9447086],[0.2330821,47.9447609]]}},{"type":"Feature","properties":{"role":"corner_entry","id":"t8-entry","marker":0.43166,"width_m":14.12,"quality":{"source":"ign-bdortho-2022","accuracy_m":1.45,"relative_accuracy_m":0.15,"measured":true,"date":"2022"},"corner":"t8"},"geometry":{"type":"LineString","coordinates":[[0.2412946,47.9285651],[0.2411097,47.9285391]]}},{"type":"Feature","properties":{"role":"corner_exit","id":"t8-exit","marker":0.43532,"width_m":9.24,"quality":{"source":"ign-bdortho-2022","accuracy_m":1.45,"relative_accuracy_m":0.15,"measured":true,"date":"2022"},"corner":"t8"},"geometry":{"type":"LineString","coordinates":[[0.2416885,47.9282973],[0.2416508,47.9282182]]}},{"type":"Feature","properties":{"role":"corner_entry","id":"t9-entry","marker":0.5584,"width_m":9.41,"quality":{"source":"ign-bdortho-2022","accuracy_m":1.45,"relative_accuracy_m":0.15,"measured":true,"date":"2022"},"corner":"t9"},"geometry":{"type":"LineString","coordinates":[[0.2434892,47.9135709],[0.2433688,47.9135956]]}},{"type":"Feature","properties":{"role":"corner_exit","id":"t9-exit","marker":0.56118,"width_m":11.24,"quality":{"source":"ign-bdortho-2022","accuracy_m":2.19,"relative_accuracy_m":1.65,"measured":false,"date":"2022"},"corner":"t9"},"geometry":{"type":"LineString","coordinates":[[0.2430023,47.9134192],[0.2430743,47.913508]]}},{"type":"Feature","properties":{"role":"corner_entry","id":"t10-entry","marker":0.69936,"width_m":10.3,"quality":{"source":"ign-bdortho-2022","accuracy_m":1.45,"relative_accuracy_m":0.15,"measured":true,"date":"2022"},"corner":"t10"},"geometry":{"type":"LineString","coordinates":[[0.2206155,47.9206894],[0.2207205,47.9207494]]}},{"type":"Feature","properties":{"role":"corner_exit","id":"t10-exit","marker":0.70266,"width_m":12.27,"quality":{"source":"ign-bdortho-2022","accuracy_m":1.45,"relative_accuracy_m":0.15,"measured":true,"date":"2022"},"corner":"t10"},"geometry":{"type":"LineString","coordinates":[[0.2202961,47.9210532],[0.2204538,47.9210838]]}},{"type":"Feature","properties":{"role":"corner_entry","id":"t11-entry","marker":0.71519,"width_m":11.88,"quality":{"source":"ign-bdortho-2022","accuracy_m":1.45,"relative_accuracy_m":0.15,"measured":true,"date":"2022"},"corner":"t11"},"geometry":{"type":"LineString","coordinates":[[0.2193734,47.9223067],[0.2193961,47.9224124]]}},{"type":"Feature","properties":{"role":"corner_exit","id":"t11-exit","marker":0.71754,"width_m":18.74,"quality":{"source":"ign-bdortho-2022","accuracy_m":1.45,"relative_accuracy_m":0.15,"measured":true,"date":"2022"},"corner":"t11"},"geometry":{"type":"LineString","coordinates":[[0.2190218,47.9222566],[0.2189174,47.9224098]]}},{"type":"Feature","properties":{"role":"corner_entry","id":"t12-entry","marker":0.73623,"width_m":10.26,"quality":{"source":"ign-bdortho-2022","accuracy_m":1.45,"relative_accuracy_m":0.15,"measured":true,"date":"2022"},"corner":"t12"},"geometry":{"type":"LineString","coordinates":[[0.215852,47.9214222],[0.2157932,47.9215056]]}},{"type":"Feature","properties":{"role":"corner_exit","id":"t12-exit","marker":0.73894,"width_m":13.1,"quality":{"source":"ign-bdortho-2022","accuracy_m":2.19,"relative_accuracy_m":1.65,"measured":false,"date":"2022"},"corner":"t12"},"geometry":{"type":"LineString","coordinates":[[0.2153663,47.9215798],[0.2155361,47.9216091]]}},{"type":"Feature","properties":{"role":"corner_entry","id":"t13-entry","marker":0.81342,"width_m":14.13,"quality":{"source":"ign-bdortho-2022","accuracy_m":1.45,"relative_accuracy_m":0.15,"measured":true,"date":"2022"},"corner":"t13"},"geometry":{"type":"LineString","coordinates":[[0.2109543,47.9301382],[0.2111295,47.930186]]}},{"type":"Feature","properties":{"role":"corner_exit","id":"t13-exit","marker":0.81598,"width_m":13.83,"quality":{"source":"ign-bdortho-2022","accuracy_m":1.45,"relative_accuracy_m":0.15,"measured":true,"date":"2022"},"corner":"t13"},"geometry":{"type":"LineString","coordinates":[[0.2107365,47.9303961],[0.210882,47.930473]]}},{"type":"Feature","properties":{"role":"corner_entry","id":"t14-entry","marker":0.83233,"width_m":11.75,"quality":{"source":"ign-bdortho-2022","accuracy_m":1.45,"relative_accuracy_m":0.15,"measured":true,"date":"2022"},"corner":"t14"},"geometry":{"type":"LineString","coordinates":[[0.2091355,47.932085],[0.2092587,47.9321507]]}},{"type":"Feature","properties":{"role":"corner_exit","id":"t14-exit","marker":0.84428,"width_m":8.93,"quality":{"source":"ign-bdortho-2022","accuracy_m":1.45,"relative_accuracy_m":0.15,"measured":true,"date":"2022"},"corner":"t14"},"geometry":{"type":"LineString","coordinates":[[0.2093819,47.9335191],[0.2094731,47.9334671]]}},{"type":"Feature","properties":{"role":"corner_entry","id":"t15-entry","marker":0.85366,"width_m":9.97,"quality":{"source":"ign-bdortho-2022","accuracy_m":1.45,"relative_accuracy_m":0.15,"measured":true,"date":"2022"},"corner":"t15"},"geometry":{"type":"LineString","coordinates":[[0.2105164,47.9343816],[0.2106171,47.9343228]]}},{"type":"Feature","properties":{"role":"corner_exit","id":"t15-exit","marker":0.85578,"width_m":11.77,"quality":{"source":"ign-bdortho-2022","accuracy_m":1.45,"relative_accuracy_m":0.15,"measured":true,"date":"2022"},"corner":"t15"},"geometry":{"type":"LineString","coordinates":[[0.2106868,47.9345956],[0.2108333,47.9345568]]}},{"type":"Feature","properties":{"role":"corner_entry","id":"t16-entry","marker":0.87778,"width_m":9.56,"quality":{"source":"ign-bdortho-2022","accuracy_m":2.19,"relative_accuracy_m":1.65,"measured":false,"date":"2022"},"corner":"t16"},"geometry":{"type":"LineString","coordinates":[[0.2097532,47.9369715],[0.2098363,47.9370369]]}},{"type":"Feature","properties":{"role":"corner_exit","id":"t16-exit","marker":0.89808,"width_m":9.64,"quality":{"source":"ign-bdortho-2022","accuracy_m":1.45,"relative_accuracy_m":0.15,"measured":true,"date":"2022"},"corner":"t16"},"geometry":{"type":"LineString","coordinates":[[0.2097442,47.9391976],[0.2098264,47.9391308]]}},{"type":"Feature","properties":{"role":"corner_entry","id":"t17-entry","marker":0.90006,"width_m":9.47,"quality":{"source":"ign-bdortho-2022","accuracy_m":1.45,"relative_accuracy_m":0.15,"measured":true,"date":"2022"},"corner":"t17"},"geometry":{"type":"LineString","coordinates":[[0.2100176,47.9393536],[0.2101025,47.9392903]]}},{"type":"Feature","properties":{"role":"corner_exit","id":"t17-exit","marker":0.90834,"width_m":9.45,"quality":{"source":"ign-bdortho-2022","accuracy_m":1.45,"relative_accuracy_m":0.15,"measured":true,"date":"2022"},"corner":"t17"},"geometry":{"type":"LineString","coordinates":[[0.2105043,47.9402277],[0.2106301,47.9402369]]}},{"type":"Feature","properties":{"role":"corner_entry","id":"t18-entry","marker":0.96303,"width_m":9.35,"quality":{"source":"ign-bdortho-2022","accuracy_m":1.45,"relative_accuracy_m":0.15,"measured":true,"date":"2022"},"corner":"t18"},"geometry":{"type":"LineString","coordinates":[[0.2087956,47.9467675],[0.208916,47.9467905]]}},{"type":"Feature","properties":{"role":"corner_exit","id":"t18-exit","marker":0.96589,"width_m":9.76,"quality":{"source":"ign-bdortho-2022","accuracy_m":1.45,"relative_accuracy_m":0.15,"measured":true,"date":"2022"},"corner":"t18"},"geometry":{"type":"LineString","coordinates":[[0.2085161,47.9470044],[0.2085716,47.9470839]]}},{"type":"Feature","properties":{"role":"corner_entry","id":"t19-entry","marker":0.96654,"width_m":9.74,"quality":{"source":"ign-bdortho-2022","accuracy_m":1.45,"relative_accuracy_m":0.15,"measured":true,"date":"2022"},"corner":"t19"},"geometry":{"type":"LineString","coordinates":[[0.2084047,47.9470369],[0.2084619,47.9471156]]}},{"type":"Feature","properties":{"role":"corner_exit","id":"t19-exit","marker":0.9697,"width_m":9.17,"quality":{"source":"ign-bdortho-2022","accuracy_m":1.45,"relative_accuracy_m":0.15,"measured":true,"date":"2022"},"corner":"t19"},"geometry":{"type":"LineString","coordinates":[[0.2080514,47.9473699],[0.2081716,47.9473864]]}},{"type":"Feature","properties":{"role":"corner_entry","id":"t20-entry","marker":0.97475,"width_m":9.58,"quality":{"source":"ign-bdortho-2022","accuracy_m":1.45,"relative_accuracy_m":0.15,"measured":true,"date":"2022"},"corner":"t20"},"geometry":{"type":"LineString","coordinates":[[0.2078786,47.9479784],[0.2080034,47.9479977]]}},{"type":"Feature","properties":{"role":"corner_exit","id":"t20-exit","marker":0.97659,"width_m":10.73,"quality":{"source":"ign-bdortho-2022","accuracy_m":1.45,"relative_accuracy_m":0.15,"measured":true,"date":"2022"},"corner":"t20"},"geometry":{"type":"LineString","coordinates":[[0.2077298,47.9481076],[0.2077685,47.9482005]]}},{"type":"Feature","properties":{"role":"corner_entry","id":"t21-entry","marker":0.97717,"width_m":10.41,"quality":{"source":"ign-bdortho-2022","accuracy_m":1.45,"relative_accuracy_m":0.15,"measured":true,"date":"2022"},"corner":"t21"},"geometry":{"type":"LineString","coordinates":[[0.207625,47.9481273],[0.2076659,47.9482168]]}},{"type":"Feature","properties":{"role":"corner_exit","id":"t21-exit","marker":0.9793,"width_m":12.37,"quality":{"source":"ign-bdortho-2022","accuracy_m":1.45,"relative_accuracy_m":0.15,"measured":true,"date":"2022"},"corner":"t21"},"geometry":{"type":"LineString","coordinates":[[0.2073816,47.9483782],[0.2075464,47.9483669]]}},{"type":"Feature","properties":{"role":"brake_point","id":"t1-brake","marker":0.03801,"width_m":12.69,"quality":{"source":"ign-bdortho-2022","accuracy_m":1.45,"relative_accuracy_m":0.15,"measured":true,"date":"2022"},"corner":"t1","speed_kmh":257.6},"geometry":{"type":"LineString","coordinates":[[0.2087126,47.9554682],[0.208849,47.9554002]]}},{"type":"Feature","properties":{"role":"brake_point","id":"t2-brake","marker":0.04386,"width_m":12.64,"quality":{"source":"ign-bdortho-2022","accuracy_m":1.45,"relative_accuracy_m":0.15,"measured":true,"date":"2022"},"corner":"t2","speed_kmh":252.4},"geometry":{"type":"LineString","coordinates":[[0.2095376,47.9559493],[0.2096287,47.9558535]]}},{"type":"Feature","properties":{"role":"brake_point","id":"t3-brake","marker":0.05623,"width_m":12.75,"quality":{"source":"ign-bdortho-2022","accuracy_m":1.45,"relative_accuracy_m":0.15,"measured":true,"date":"2022"},"corner":"t3","speed_kmh":129.0},"geometry":{"type":"LineString","coordinates":[[0.2108824,47.9568621],[0.2110481,47.9568895]]}},{"type":"Feature","properties":{"role":"brake_point","id":"t4-brake","marker":0.0918,"width_m":11.01,"quality":{"source":"ign-bdortho-2022","accuracy_m":1.45,"relative_accuracy_m":0.15,"measured":true,"date":"2022"},"corner":"t4","speed_kmh":228.2},"geometry":{"type":"LineString","coordinates":[[0.2159376,47.9593533],[0.2159422,47.9592544]]}},{"type":"Feature","properties":{"role":"brake_point","id":"t6-brake","marker":0.13265,"width_m":11.14,"quality":{"source":"ign-bdortho-2022","accuracy_m":1.45,"relative_accuracy_m":0.15,"measured":true,"date":"2022"},"corner":"t6","speed_kmh":198.5},"geometry":{"type":"LineString","coordinates":[[0.2215558,47.9619131],[0.2215255,47.9618151]]}},{"type":"Feature","properties":{"role":"brake_point","id":"t7-brake","marker":0.29071,"width_m":9.77,"quality":{"source":"ign-bdortho-2022","accuracy_m":1.45,"relative_accuracy_m":0.15,"measured":true,"date":"2022"},"corner":"t7","speed_kmh":149.5},"geometry":{"type":"LineString","coordinates":[[0.2331606,47.9446858],[0.2330594,47.9447413]]}},{"type":"Feature","properties":{"role":"brake_point","id":"t8-brake","marker":0.43492,"width_m":9.44,"quality":{"source":"ign-bdortho-2022","accuracy_m":1.45,"relative_accuracy_m":0.15,"measured":true,"date":"2022"},"corner":"t8","speed_kmh":161.3},"geometry":{"type":"LineString","coordinates":[[0.2416312,47.9283119],[0.2415821,47.9282336]]}},{"type":"Feature","properties":{"role":"brake_point","id":"t9-brake","marker":0.5481,"width_m":14.9,"quality":{"source":"ign-bdortho-2022","accuracy_m":1.45,"relative_accuracy_m":0.15,"measured":true,"date":"2022"},"corner":"t9","speed_kmh":281.0},"geometry":{"type":"LineString","coordinates":[[0.2439957,47.9147957],[0.2437972,47.9148082]]}},{"type":"Feature","properties":{"role":"brake_point","id":"t10-brake","marker":0.69512,"width_m":9.06,"quality":{"source":"ign-bdortho-2022","accuracy_m":1.45,"relative_accuracy_m":0.15,"measured":true,"date":"2022"},"corner":"t10","speed_kmh":286.3},"geometry":{"type":"LineString","coordinates":[[0.2211942,47.9203319],[0.2212719,47.9203944]]}},{"type":"Feature","properties":{"role":"brake_point","id":"t11-brake","marker":0.70463,"width_m":12.79,"quality":{"source":"ign-bdortho-2022","accuracy_m":1.45,"relative_accuracy_m":0.15,"measured":true,"date":"2022"},"corner":"t11","speed_kmh":240.0},"geometry":{"type":"LineString","coordinates":[[0.2201917,47.9212823],[0.2203532,47.9213204]]}},{"type":"Feature","properties":{"role":"brake_point","id":"t12-brake","marker":0.73078,"width_m":10.21,"quality":{"source":"ign-bdortho-2022","accuracy_m":1.45,"relative_accuracy_m":0.15,"measured":true,"date":"2022"},"corner":"t12","speed_kmh":192.3},"geometry":{"type":"LineString","coordinates":[[0.2167746,47.9216499],[0.2167267,47.9217359]]}},{"type":"Feature","properties":{"role":"brake_point","id":"t14-brake","marker":0.82913,"width_m":12.24,"quality":{"source":"ign-bdortho-2022","accuracy_m":1.45,"relative_accuracy_m":0.15,"measured":true,"date":"2022"},"corner":"t14","speed_kmh":274.9},"geometry":{"type":"LineString","coordinates":[[0.2094081,47.931743],[0.2095488,47.9317993]]}},{"type":"Feature","properties":{"role":"brake_point","id":"t16-brake","marker":0.87812,"width_m":9.51,"quality":{"source":"ign-bdortho-2022","accuracy_m":2.19,"relative_accuracy_m":1.65,"measured":false,"date":"2022"},"corner":"t16","speed_kmh":244.6},"geometry":{"type":"LineString","coordinates":[[0.2097024,47.9370017],[0.2097865,47.9370659]]}},{"type":"Feature","properties":{"role":"brake_point","id":"t17-brake","marker":0.90008,"width_m":9.47,"quality":{"source":"ign-bdortho-2022","accuracy_m":1.45,"relative_accuracy_m":0.15,"measured":true,"date":"2022"},"corner":"t17","speed_kmh":206.9},"geometry":{"type":"LineString","coordinates":[[0.2100176,47.9393536],[0.2101025,47.9392903]]}},{"type":"Feature","properties":{"role":"brake_point","id":"t18-brake","marker":0.96581,"width_m":9.77,"quality":{"source":"ign-bdortho-2022","accuracy_m":1.45,"relative_accuracy_m":0.15,"measured":true,"date":"2022"},"corner":"t18","speed_kmh":154.0},"geometry":{"type":"LineString","coordinates":[[0.2085272,47.9470008],[0.2085847,47.9470797]]}},{"type":"Feature","properties":{"role":"brake_point","id":"t19-brake","marker":0.96581,"width_m":9.77,"quality":{"source":"ign-bdortho-2022","accuracy_m":1.45,"relative_accuracy_m":0.15,"measured":true,"date":"2022"},"corner":"t19","speed_kmh":154.0},"geometry":{"type":"LineString","coordinates":[[0.2085272,47.9470008],[0.2085847,47.9470797]]}},{"type":"Feature","properties":{"role":"brake_point","id":"t20-brake","marker":0.97216,"width_m":9.26,"quality":{"source":"ign-bdortho-2022","accuracy_m":1.45,"relative_accuracy_m":0.15,"measured":true,"date":"2022"},"corner":"t20","speed_kmh":145.0},"geometry":{"type":"LineString","coordinates":[[0.2079652,47.9476708],[0.208087,47.9476862]]}},{"type":"Feature","properties":{"role":"brake_point","id":"t21-brake","marker":0.97711,"width_m":10.44,"quality":{"source":"ign-bdortho-2022","accuracy_m":1.45,"relative_accuracy_m":0.15,"measured":true,"date":"2022"},"corner":"t21","speed_kmh":118.0},"geometry":{"type":"LineString","coordinates":[[0.2076391,47.9481245],[0.2076777,47.9482147]]}},{"type":"Feature","properties":{"role":"racing_line","model":"gt3","lap_time_s":229.97,"speed_kmh":[205,205,206,207,207,208,209,210,210,211,211,212,213,213,214,215,215,216,216,217,218,218,219,219,220,220,221,221,222,223,223,224,224,225,225,226,226,227,227,228,228,229,229,229,230,230,231,231,232,232,233,233,233,234,234,235,235,235,236,236,237,237,237,238,238,239,239,239,240,240,240,241,241,242,242,242,243,243,243,244,244,244,245,245,245,246,246,246,247,247,247,247,248,248,248,249,249,249,250,250,250,250,251,251,251,251,252,252,252,253,253,253,253,254,254,254,254,255,255,255,255,256,256,256,256,257,257,257,257,258,257,255,253,252,251,250,250,250,250,250,250,250,250,251,251,251,252,252,252,252,249,244,239,234,229,223,218,213,207,201,196,190,184,179,173,167,161,155,148,142,136,131,125,120,115,110,107,104,104,104,105,105,106,108,110,113,116,119,122,125,128,127,123,120,117,114,112,110,109,109,109,110,112,115,117,120,123,126,128,131,133,136,138,140,142,144,146,148,150,151,153,155,156,158,159,161,162,164,165,167,168,169,171,172,173,174,175,177,178,179,180,181,182,183,184,185,186,187,188,189,190,191,192,193,194,194,195,196,197,198,199,199,200,201,202,203,203,204,205,205,206,207,208,208,209,210,210,211,212,212,213,213,214,215,215,216,216,216,217,217,218,219,219,220,220,221,221,222,222,223,223,224,224,225,226,226,226,227,227,228,226,221,215,210,205,200,195,190,185,181,176,172,168,164,161,157,154,150,146,143,139,136,133,131,130,129,129,128,128,128,129,130,131,133,135,137,139,141,143,145,147,149,151,153,154,156,157,159,160,162,163,165,166,168,169,170,171,173,174,175,176,177,178,180,181,182,183,184,185,186,187,188,189,190,191,192,192,193,194,195,196,197,198,198,199,200,201,202,202,203,204,205,205,206,207,207,208,209,209,210,211,211,212,213,213,214,215,215,216,216,217,217,218,219,219,220,220,221,221,222,222,223,223,219,216,212,209,206,204,201,199,197,196,196,196,197,197,198,198,196,195,195,195,195,196,197,197,198,199,200,201,201,202,203,204,204,205,206,206,207,208,209,209,210,211,211,212,213,213,214,214,215,216,216,217,217,218,219,219,220,220,221,221,222,222,223,223,224,224,225,225,226,226,227,227,228,228,229,229,230,230,231,231,232,232,232,233,233,234,234,234,235,235,236,236,237,237,237,238,238,238,239,239,240,240,240,241,241,241,242,242,242,243,243,243,244,244,244,245,245,245,246,246,246,247,247,247,248,248,248,249,249,249,249,250,250,250,251,251,251,251,252,252,252,252,253,253,253,254,254,254,254,255,255,255,255,256,256,256,256,257,257,257,257,257,258,258,258,258,259,259,259,259,259,260,260,260,260,261,261,261,261,261,262,262,262,262,262,263,263,263,263,263,264,264,264,264,264,264,265,265,265,265,265,266,266,266,266,266,266,267,267,267,267,267,267,268,268,268,268,268,268,268,269,269,269,269,269,269,270,270,270,270,270,270,270,271,271,271,271,271,271,271,272,272,272,272,272,272,272,272,273,273,273,273,273,273,273,273,274,274,274,274,274,274,274,274,275,275,275,275,275,275,275,275,275,276,276,276,276,276,276,276,276,276,277,277,277,277,277,277,277,277,277,277,278,278,278,278,278,278,278,278,278,278,279,279,279,279,279,279,279,279,279,279,279,280,280,280,280,280,280,280,280,280,280,280,280,281,281,281,281,281,281,281,281,281,281,281,281,281,282,282,282,282,282,282,282,282,282,282,282,282,282,282,283,283,283,283,283,283,283,283,283,283,283,283,283,283,283,284,284,284,284,284,284,284,284,284,284,284,284,284,284,284,284,285,285,285,285,285,285,285,285,285,285,285,285,285,285,285,285,285,285,286,286,286,286,286,286,286,286,286,286,286,286,286,286,286,286,286,286,286,286,286,287,287,287,287,287,287,287,287,287,287,287,287,287,287,287,287,287,287,287,287,287,287,288,288,288,288,288,288,288,288,288,288,288,288,288,288,288,288,288,288,288,288,288,288,288,288,288,288,288,289,289,289,289,289,289,289,289,289,289,289,289,289,289,289,289,289,289,289,289,289,289,289,289,289,289,289,289,289,289,289,290,290,290,290,290,290,290,290,290,290,287,282,276,271,266,260,255,250,244,239,234,228,223,218,212,207,201,196,190,185,180,174,169,164,160,155,151,147,144,141,139,139,139,140,141,141,142,144,146,148,149,144,137,131,125,120,115,111,107,105,104,104,105,107,108,110,113,115,118,120,123,126,128,131,133,135,138,140,142,144,146,148,149,151,153,155,156,158,159,161,162,164,165,166,168,169,170,172,173,174,175,176,178,179,180,181,182,183,184,185,186,187,188,189,190,191,192,193,194,194,195,196,197,198,199,199,200,201,202,202,203,204,205,205,206,207,208,208,209,210,210,211,212,212,213,213,214,215,215,216,216,217,218,218,219,219,220,220,221,222,222,223,223,224,224,225,225,226,226,227,227,228,228,229,229,229,230,230,231,231,232,232,233,233,233,234,234,235,235,235,236,236,237,237,237,238,238,239,239,239,240,240,240,241,241,242,242,242,243,243,243,244,244,244,245,245,245,246,246,246,247,247,247,247,248,248,248,249,249,249,250,250,250,250,251,251,251,252,252,252,252,253,253,253,253,254,254,254,254,255,255,255,255,256,256,256,256,257,257,257,257,258,258,258,258,258,259,259,259,259,260,260,260,260,260,261,261,261,261,261,262,262,262,262,262,263,263,263,263,263,264,264,264,264,264,265,265,265,265,265,265,266,266,266,266,266,266,267,267,267,267,267,267,268,268,268,268,268,268,269,269,269,269,269,269,269,270,270,270,270,270,270,270,271,271,271,271,271,271,271,272,272,272,272,272,272,272,273,273,273,273,273,273,273,273,274,274,274,274,274,274,274,274,275,275,275,275,275,275,275,275,275,276,276,276,276,276,276,276,276,276,277,277,277,277,277,277,277,277,277,277,278,278,278,278,278,278,278,278,278,278,278,279,279,279,279,279,279,279,279,279,279,279,280,280,280,280,280,280,280,280,280,280,280,280,281,281,281,281,281,281,281,281,281,281,281,281,282,282,282,282,282,282,282,282,282,282,282,282,282,282,283,283,283,283,283,283,283,283,283,283,283,283,283,283,283,284,284,284,284,284,284,284,284,284,284,284,284,284,284,284,284,284,285,285,285,285,285,285,285,285,285,285,285,285,285,285,285,285,285,285,286,283,277,272,267,261,256,251,246,240,235,230,225,220,215,210,205,201,196,191,187,183,179,176,172,169,166,165,165,166,167,165,161,159,158,158,158,160,161,158,151,145,139,132,126,121,116,111,107,104,103,103,103,104,106,107,109,112,114,117,120,123,126,128,131,133,135,138,140,142,144,146,148,149,151,153,155,156,158,159,161,162,164,165,166,168,169,170,172,173,174,175,176,178,179,180,181,182,183,184,185,186,187,188,189,190,191,192,193,194,194,195,196,197,198,199,199,200,201,202,202,203,204,205,205,206,207,208,208,209,210,210,211,212,212,213,213,214,215,215,216,216,217,218,218,219,219,220,220,221,222,222,223,223,224,224,225,225,226,226,227,227,228,228,229,229,229,230,230,231,231,232,232,233,233,233,234,234,235,235,235,236,236,237,237,237,238,238,239,239,239,240,240,240,241,241,242,242,242,243,243,243,244,244,244,245,245,245,246,246,246,247,247,247,247,248,248,248,249,249,249,250,250,250,250,251,251,251,252,252,252,252,253,253,253,253,254,254,254,254,255,255,255,255,256,256,256,256,257,257,257,257,258,258,258,258,258,259,259,259,259,260,260,260,260,260,261,261,261,261,261,262,262,262,262,262,263,263,263,263,263,264,264,264,264,264,265,265,265,265,265,265,266,266,266,266,266,266,267,267,267,267,267,267,268,268,268,268,268,268,269,269,269,269,269,269,269,270,270,270,270,270,270,270,271,271,271,271,271,271,271,272,272,272,272,272,272,272,273,273,273,273,273,273,273,273,274,274,274,274,274,274,274,274,275,275,275,275,275,275,275,275,275,276,276,276,276,276,276,276,276,276,277,277,277,277,277,277,277,277,277,277,278,278,278,278,278,278,278,278,278,278,278,279,279,279,279,279,279,279,279,279,279,279,280,280,280,280,280,280,280,280,280,280,280,280,281,281,281,281,281,281,281,276,271,266,260,255,250,245,240,235,230,224,219,214,208,203,197,192,186,180,175,169,163,157,150,144,137,131,124,117,110,103,97,91,86,83,81,80,80,80,82,83,85,87,89,92,97,101,105,109,113,116,119,122,125,128,130,132,135,137,139,141,143,145,147,149,151,152,154,156,157,159,160,162,163,165,166,167,169,170,171,173,174,175,176,177,178,180,181,182,183,184,185,186,187,188,189,190,191,191,192,193,194,195,196,197,198,198,199,200,201,201,202,203,204,204,205,206,207,207,208,209,209,210,211,211,212,213,213,214,214,215,216,216,217,217,218,219,219,220,220,221,221,222,222,223,223,224,225,225,226,226,226,227,227,228,228,229,229,230,230,231,231,232,232,232,233,233,234,234,235,235,235,236,236,237,237,237,238,238,239,239,239,240,240,240,241,241,241,242,242,243,243,243,244,244,244,245,245,245,245,246,246,246,247,247,247,248,248,248,249,249,249,249,250,250,250,251,251,251,251,252,252,252,253,253,253,253,254,254,254,254,255,255,255,255,256,256,256,256,257,257,257,257,257,258,258,258,258,259,259,259,259,259,260,260,260,260,261,261,261,261,261,262,262,262,262,262,263,263,263,263,263,264,264,264,264,264,264,265,265,265,265,265,266,266,266,266,266,266,267,267,267,267,267,267,268,268,268,268,268,268,269,269,269,269,269,269,269,270,270,270,270,270,270,270,271,271,271,271,271,271,271,272,272,272,272,272,272,272,273,273,273,273,273,273,273,273,274,274,274,274,274,274,274,274,274,275,275,275,275,275,275,275,275,276,276,276,276,276,276,276,276,276,276,277,277,277,277,277,277,277,277,277,278,278,278,278,278,278,278,278,278,278,278,279,279,279,279,279,279,279,279,279,279,279,280,280,280,280,280,280,280,280,280,280,280,280,281,281,281,281,281,281,281,281,281,281,281,281,281,282,282,282,282,282,282,282,282,282,282,282,282,282,283,283,283,283,283,283,283,283,283,283,283,283,283,283,283,284,284,284,284,284,284,284,284,284,284,284,284,284,284,284,284,284,285,285,285,285,285,285,285,285,285,285,285,285,285,285,285,285,285,285,286,286,286,286,286,286,286,286,286,286,286,286,286,286,286,286,283,279,275,271,267,263,260,256,253,250,247,244,242,239,238,236,235,235,235,235,236,236,237,237,237,238,238,238,239,239,240,240,236,231,226,221,215,210,204,199,193,187,182,176,170,164,159,153,148,143,138,133,129,124,121,118,115,113,112,112,110,109,108,108,109,109,109,109,110,113,116,119,122,125,127,130,132,135,137,139,141,143,145,147,149,151,152,154,156,157,159,160,162,163,165,166,167,169,170,171,172,174,175,176,177,178,179,181,182,183,184,185,186,187,188,189,190,191,191,192,188,183,177,171,165,159,152,146,139,133,126,119,113,106,100,94,89,85,84,84,85,86,88,90,89,88,88,90,93,96,100,104,108,111,115,118,121,124,126,129,132,134,136,138,140,143,144,146,148,150,152,153,155,157,158,160,161,163,164,166,167,168,170,171,172,173,175,176,177,178,179,180,181,182,183,184,185,186,187,188,189,190,191,192,193,194,195,196,196,197,198,199,200,200,201,202,203,203,204,205,206,206,207,208,208,209,210,210,211,212,212,213,214,214,215,215,216,217,217,218,218,219,220,220,221,221,222,222,223,223,224,224,225,225,226,226,227,227,228,228,229,229,230,230,231,231,231,232,232,233,233,234,234,234,235,235,236,236,236,237,237,238,238,238,239,239,240,240,240,241,241,241,242,242,242,243,243,243,244,244,244,245,245,245,246,246,246,247,247,247,248,248,248,248,249,249,249,250,250,250,250,251,251,251,252,252,252,252,253,253,253,253,254,254,254,254,255,255,255,255,256,256,256,256,257,257,257,257,258,258,258,258,259,259,259,259,259,260,260,260,260,260,261,261,261,261,262,262,262,262,262,263,263,263,263,263,263,264,264,264,264,264,265,265,265,265,265,265,266,266,266,266,266,267,267,267,267,267,267,267,268,268,268,268,268,268,269,269,269,269,269,269,270,270,270,270,270,270,270,271,271,271,271,271,271,271,272,272,272,272,272,272,272,272,273,273,273,273,273,273,273,273,274,274,274,274,274,274,274,274,275,275,275,275,272,268,264,260,256,253,249,246,242,239,236,233,230,227,223,220,217,214,211,209,207,204,202,200,199,197,196,195,195,195,195,195,195,196,196,197,197,198,198,199,199,200,201,201,202,203,204,204,205,206,207,207,208,209,209,210,211,211,212,213,213,214,214,215,216,216,217,217,218,219,219,220,220,221,221,222,222,223,223,224,224,225,225,226,226,227,227,228,228,229,229,230,230,230,231,231,232,232,232,233,233,234,234,235,235,235,236,236,237,237,237,238,238,238,239,239,240,240,240,241,241,241,242,242,242,243,243,243,244,244,244,245,245,245,246,246,246,247,247,247,245,244,242,241,239,239,238,238,239,239,240,240,240,241,241,241,242,242,242,243,243,243,244,244,244,243,238,233,229,224,220,216,212,208,205,202,199,197,194,192,191,189,189,188,188,188,188,189,189,189,189,190,190,191,191,191,192,192,193,193,194,194,194,195,195,195,195,194,193,192,191,191,190,191,190,190,190,190,191,192,193,194,195,195,196,197,198,199,199,200,201,202,203,203,204,205,206,206,207,204,199,195,191,187,183,180,177,174,172,170,169,169,169,170,171,172,173,175,176,177,178,179,180,181,182,183,185,186,187,187,188,189,190,191,192,193,194,195,196,196,197,198,199,200,201,201,202,203,204,204,205,206,206,207,208,209,209,210,211,211,212,212,213,214,214,215,216,216,217,217,218,218,219,220,220,221,221,222,222,223,223,224,224,225,225,226,226,227,227,228,228,229,229,230,230,231,231,231,232,232,233,233,234,234,234,235,235,236,236,236,237,237,238,238,238,239,239,240,240,240,241,241,241,242,242,242,243,243,243,244,244,244,245,245,245,246,246,246,247,247,247,248,248,248,249,249,249,249,250,250,250,251,251,251,251,252,252,252,252,253,253,253,254,254,254,254,255,255,255,255,256,256,256,256,256,257,257,257,257,258,258,258,258,259,259,259,259,259,260,260,257,252,246,241,236,230,225,220,214,209,204,199,194,188,183,179,174,170,166,162,159,156,154,152,151,149,149,149,150,152,153,151,145,139,133,129,125,123,122,122,123,124,125,127,129,131,133,136,138,140,142,144,145,139,133,127,121,116,111,107,104,102,102,102,105,108,111,115,118,115,110,107,103,100,99,98,99,102,104,108,112,115,118,121,124,127,129,132,134,136,139,141,143,145,147,148,150,152,154,155,157,158,160,161,163,164,166,167,168,170,171,172,173,175,176,177,178,179,180,181,182,183,184,186,186,187,188,189,190,191,192,193,194,195,196,196,197,198,199,200,200,201,202,203,204,204],"quality":{"source":"model","measured":false,"note":"minimum-curvature line inside the measured edges; not driven, no elevation"}},"geometry":{"type":"LineString","coordinates":[[0.2075058,47.9509126],[0.2075063,47.9509486],[0.2075068,47.9509846],[0.2075074,47.9510206],[0.207508,47.9510565],[0.2075085,47.9510925],[0.2075092,47.9511285],[0.2075098,47.9511644],[0.2075105,47.9512004],[0.2075112,47.9512364],[0.2075119,47.9512723],[0.2075127,47.9513083],[0.2075136,47.9513443],[0.2075144,47.9513803],[0.2075154,47.9514162],[0.2075163,47.9514522],[0.2075174,47.9514882],[0.2075185,47.9515241],[0.2075196,47.9515601],[0.2075209,47.951596],[0.2075221,47.951632],[0.2075235,47.951668],[0.2075249,47.9517039],[0.2075264,47.9517399],[0.207528,47.9517758],[0.2075297,47.9518118],[0.2075314,47.9518477],[0.2075333,47.9518837],[0.2075352,47.9519196],[0.2075372,47.9519556],[0.2075393,47.9519915],[0.2075415,47.9520275],[0.2075438,47.9520634],[0.2075462,47.9520994],[0.2075488,47.9521353],[0.2075514,47.9521712],[0.2075541,47.9522071],[0.207557,47.9522431],[0.20756,47.952279],[0.2075631,47.9523149],[0.2075664,47.9523508],[0.2075697,47.9523867],[0.2075732,47.9524226],[0.2075769,47.9524585],[0.2075807,47.9524944],[0.2075846,47.9525302],[0.2075887,47.9525661],[0.2075929,47.952602],[0.2075972,47.9526378],[0.2076017,47.9526737],[0.2076064,47.9527095],[0.2076112,47.9527453],[0.2076162,47.9527811],[0.2076213,47.9528169],[0.2076267,47.9528527],[0.2076322,47.9528885],[0.2076378,47.9529243],[0.2076437,47.9529601],[0.2076497,47.9529958],[0.2076559,47.9530315],[0.2076623,47.9530672],[0.207669,47.9531029],[0.2076758,47.9531386],[0.2076828,47.9531743],[0.20769,47.9532099],[0.2076974,47.9532455],[0.2077049,47.9532812],[0.2077127,47.9533167],[0.2077208,47.9533523],[0.207729,47.9533879],[0.2077374,47.9534234],[0.2077461,47.9534589],[0.207755,47.9534944],[0.2077641,47.9535298],[0.2077734,47.9535652],[0.207783,47.9536006],[0.2077928,47.953636],[0.2078029,47.9536713],[0.2078132,47.9537066],[0.2078237,47.9537419],[0.2078345,47.9537771],[0.2078455,47.9538123],[0.2078568,47.9538475],[0.2078683,47.9538826],[0.2078801,47.9539177],[0.2078922,47.9539527],[0.2079045,47.9539877],[0.2079172,47.9540227],[0.2079302,47.9540576],[0.2079435,47.9540924],[0.2079571,47.9541272],[0.2079709,47.954162],[0.2079849,47.9541967],[0.2079991,47.9542314],[0.2080137,47.954266],[0.2080285,47.9543006],[0.2080437,47.9543351],[0.2080591,47.9543695],[0.2080748,47.9544039],[0.2080909,47.9544382],[0.2081073,47.9544724],[0.2081241,47.9545066],[0.2081412,47.9545407],[0.2081588,47.9545746],[0.2081769,47.9546085],[0.2081953,47.9546423],[0.2082143,47.9546759],[0.2082337,47.9547094],[0.2082536,47.9547429],[0.2082739,47.9547761],[0.2082948,47.9548092],[0.2083162,47.9548422],[0.2083381,47.954875],[0.2083606,47.9549077],[0.2083836,47.9549402],[0.2084072,47.9549724],[0.2084315,47.9550045],[0.2084563,47.9550364],[0.2084818,47.955068],[0.2085079,47.9550994],[0.2085346,47.9551306],[0.208562,47.9551615],[0.2085901,47.9551921],[0.2086189,47.9552224],[0.2086484,47.9552525],[0.2086786,47.9552822],[0.2087094,47.9553116],[0.208741,47.9553406],[0.2087733,47.9553693],[0.2088062,47.9553977],[0.2088399,47.9554256],[0.2088743,47.9554532],[0.2089094,47.9554804],[0.2089453,47.955507],[0.2089819,47.9555333],[0.2090193,47.955559],[0.2090574,47.9555842],[0.2090963,47.955609],[0.2091359,47.9556332],[0.2091761,47.9556569],[0.209217,47.9556801],[0.2092587,47.9557027],[0.2093009,47.9557249],[0.2093436,47.9557465],[0.2093868,47.9557678],[0.2094304,47.9557886],[0.2094745,47.955809],[0.209519,47.955829],[0.2095638,47.9558487],[0.209609,47.955868],[0.2096545,47.955887],[0.2097002,47.9559057],[0.2097461,47.9559242],[0.2097922,47.9559425],[0.2098384,47.9559606],[0.2098848,47.9559786],[0.2099313,47.9559964],[0.2099779,47.9560141],[0.2100245,47.9560318],[0.2100711,47.9560495],[0.2101178,47.9560671],[0.2101643,47.9560848],[0.2102109,47.9561026],[0.2102573,47.9561205],[0.2103036,47.9561385],[0.2103498,47.9561567],[0.2103958,47.9561751],[0.2104416,47.9561938],[0.2104872,47.9562127],[0.2105324,47.9562319],[0.2105771,47.9562517],[0.210621,47.9562722],[0.2106641,47.9562936],[0.2107059,47.9563161],[0.2107462,47.9563397],[0.2107848,47.9563646],[0.2108212,47.956391],[0.2108545,47.9564191],[0.2108847,47.9564488],[0.2109114,47.95648],[0.210934,47.9565126],[0.2109533,47.9565461],[0.2109686,47.9565806],[0.2109801,47.9566157],[0.2109886,47.9566512],[0.2109939,47.956687],[0.2109966,47.9567229],[0.2109973,47.9567589],[0.2109967,47.9567949],[0.2109958,47.9568308],[0.2109953,47.9568668],[0.210996,47.9569028],[0.2109989,47.9569387],[0.2110042,47.9569745],[0.2110128,47.95701],[0.2110245,47.9570451],[0.2110394,47.9570796],[0.2110578,47.9571134],[0.2110793,47.9571463],[0.2111047,47.957178],[0.2111331,47.9572084],[0.2111646,47.9572375],[0.2111992,47.957265],[0.211236,47.9572911],[0.2112746,47.957316],[0.2113148,47.9573398],[0.2113563,47.9573624],[0.2113989,47.9573842],[0.2114424,47.9574052],[0.2114865,47.9574256],[0.2115311,47.9574454],[0.2115761,47.957465],[0.2116212,47.9574843],[0.2116665,47.9575035],[0.211712,47.9575225],[0.2117576,47.9575413],[0.2118033,47.95756],[0.2118491,47.9575786],[0.211895,47.9575972],[0.2119409,47.9576157],[0.2119868,47.9576342],[0.2120327,47.9576527],[0.2120786,47.9576712],[0.2121245,47.9576897],[0.2121703,47.9577084],[0.212216,47.9577271],[0.2122616,47.9577459],[0.2123071,47.9577649],[0.2123524,47.957784],[0.2123976,47.9578033],[0.2124426,47.9578228],[0.2124873,47.9578425],[0.2125319,47.9578625],[0.2125761,47.9578828],[0.2126201,47.9579033],[0.2126637,47.9579242],[0.212707,47.9579453],[0.2127499,47.9579668],[0.2127924,47.9579887],[0.2128344,47.9580109],[0.2128761,47.9580335],[0.2129172,47.9580566],[0.2129579,47.9580799],[0.2129981,47.9581037],[0.2130377,47.9581279],[0.2130767,47.9581525],[0.2131153,47.9581775],[0.2131533,47.9582028],[0.213191,47.9582284],[0.2132282,47.9582542],[0.213265,47.9582803],[0.2133015,47.9583066],[0.2133377,47.9583331],[0.2133737,47.9583597],[0.2134096,47.9583865],[0.2134452,47.9584133],[0.2134808,47.9584402],[0.2135163,47.9584671],[0.2135518,47.958494],[0.2135874,47.9585209],[0.2136231,47.9585477],[0.2136589,47.9585745],[0.2136949,47.9586011],[0.2137311,47.9586276],[0.2137676,47.9586539],[0.2138045,47.9586799],[0.2138417,47.9587058],[0.2138794,47.9587314],[0.2139175,47.9587566],[0.213956,47.9587816],[0.2139951,47.9588062],[0.2140348,47.9588303],[0.214075,47.9588541],[0.2141159,47.9588773],[0.2141573,47.9589],[0.2141995,47.9589222],[0.2142424,47.9589438],[0.2142859,47.9589647],[0.2143302,47.9589849],[0.2143751,47.9590044],[0.2144207,47.9590233],[0.2144669,47.9590415],[0.2145137,47.9590589],[0.2145611,47.9590756],[0.2146091,47.9590916],[0.2146575,47.9591069],[0.2147066,47.9591213],[0.2147561,47.959135],[0.214806,47.959148],[0.2148564,47.9591602],[0.2149071,47.9591716],[0.2149582,47.9591824],[0.2150095,47.9591925],[0.2150612,47.959202],[0.2151131,47.9592108],[0.2151652,47.9592189],[0.2152176,47.9592263],[0.2152702,47.9592329],[0.215323,47.959239],[0.2153759,47.9592443],[0.215429,47.959249],[0.2154822,47.959253],[0.2155355,47.9592566],[0.2155888,47.9592596],[0.2156422,47.9592623],[0.2156956,47.9592645],[0.2157491,47.9592665],[0.2158025,47.9592683],[0.215856,47.95927],[0.2159095,47.9592716],[0.215963,47.9592732],[0.2160164,47.9592749],[0.2160699,47.9592767],[0.2161233,47.9592788],[0.2161768,47.9592811],[0.2162301,47.9592838],[0.2162835,47.9592869],[0.2163367,47.9592905],[0.2163899,47.9592948],[0.2164429,47.9592996],[0.2164958,47.9593052],[0.2165485,47.9593116],[0.2166009,47.9593188],[0.2166531,47.959327],[0.2167048,47.9593362],[0.2167561,47.9593464],[0.2168069,47.9593578],[0.2168571,47.9593704],[0.2169066,47.959384],[0.2169553,47.9593989],[0.2170032,47.959415],[0.2170501,47.9594323],[0.2170958,47.959451],[0.2171403,47.959471],[0.2171829,47.9594928],[0.2172239,47.9595159],[0.2172631,47.9595404],[0.2173001,47.9595663],[0.2173352,47.9595935],[0.2173678,47.959622],[0.2173983,47.9596516],[0.2174264,47.9596822],[0.2174521,47.9597138],[0.2174758,47.959746],[0.2174973,47.959779],[0.217517,47.9598124],[0.2175349,47.9598463],[0.2175512,47.9598805],[0.2175663,47.9599151],[0.21758,47.9599498],[0.2175928,47.9599848],[0.2176047,47.9600198],[0.2176159,47.960055],[0.2176267,47.9600902],[0.2176373,47.9601255],[0.2176479,47.9601608],[0.2176587,47.960196],[0.2176698,47.9602312],[0.2176817,47.9602663],[0.2176943,47.9603012],[0.217708,47.960336],[0.2177228,47.9603706],[0.2177388,47.9604049],[0.2177566,47.9604388],[0.217776,47.9604723],[0.2177967,47.9605055],[0.2178188,47.9605383],[0.217842,47.9605707],[0.2178664,47.9606027],[0.2178921,47.9606343],[0.217919,47.9606654],[0.2179471,47.960696],[0.2179764,47.9607261],[0.2180068,47.9607557],[0.2180384,47.9607847],[0.218071,47.9608133],[0.2181046,47.9608413],[0.2181392,47.9608687],[0.2181748,47.9608956],[0.2182111,47.960922],[0.2182484,47.9609478],[0.2182864,47.9609731],[0.2183252,47.9609979],[0.2183647,47.9610222],[0.2184048,47.961046],[0.2184456,47.9610693],[0.218487,47.9610921],[0.2185289,47.9611145],[0.2185714,47.9611364],[0.2186144,47.9611578],[0.218658,47.9611787],[0.2187019,47.9611992],[0.2187464,47.9612193],[0.2187913,47.9612389],[0.2188365,47.9612581],[0.2188821,47.9612769],[0.2189281,47.9612953],[0.2189745,47.9613133],[0.2190211,47.961331],[0.2190681,47.9613483],[0.2191153,47.9613652],[0.2191627,47.9613819],[0.2192104,47.9613982],[0.2192584,47.9614142],[0.2193065,47.9614299],[0.2193548,47.9614454],[0.2194034,47.9614606],[0.219452,47.9614756],[0.2195008,47.9614903],[0.2195498,47.9615049],[0.2195989,47.9615192],[0.2196481,47.9615334],[0.2196974,47.9615474],[0.2197468,47.9615613],[0.2197962,47.9615751],[0.2198458,47.9615887],[0.2198953,47.9616023],[0.219945,47.9616158],[0.2199947,47.9616291],[0.2200444,47.9616424],[0.2200943,47.9616555],[0.2201442,47.9616684],[0.2201943,47.9616811],[0.2202445,47.9616936],[0.2202949,47.9617057],[0.2203455,47.9617176],[0.2203962,47.9617291],[0.2204471,47.9617402],[0.2204982,47.9617509],[0.2205495,47.9617612],[0.220601,47.961771],[0.2206527,47.9617802],[0.2207046,47.961789],[0.2207568,47.9617971],[0.2208092,47.9618046],[0.2208617,47.9618115],[0.2209145,47.9618175],[0.2209674,47.9618229],[0.2210205,47.9618274],[0.2210737,47.9618312],[0.2211271,47.9618341],[0.2211805,47.9618361],[0.221234,47.9618371],[0.2212876,47.9618371],[0.2213411,47.9618362],[0.2213945,47.9618343],[0.2214479,47.9618315],[0.2215012,47.9618278],[0.2215542,47.9618232],[0.2216071,47.9618177],[0.2216598,47.9618112],[0.2217122,47.9618038],[0.2217642,47.9617953],[0.2218159,47.9617859],[0.2218672,47.9617757],[0.2219181,47.9617646],[0.2219686,47.9617526],[0.2220186,47.9617399],[0.2220683,47.9617265],[0.2221175,47.9617123],[0.2221663,47.9616975],[0.2222147,47.9616821],[0.2222626,47.9616661],[0.2223102,47.9616495],[0.2223573,47.9616325],[0.222404,47.961615],[0.2224503,47.9615969],[0.2224963,47.9615785],[0.2225419,47.9615596],[0.2225871,47.9615404],[0.222632,47.9615208],[0.2226766,47.9615009],[0.222721,47.9614808],[0.222765,47.9614603],[0.2228088,47.9614396],[0.2228523,47.9614186],[0.2228955,47.9613974],[0.2229384,47.9613759],[0.222981,47.9613541],[0.2230233,47.9613321],[0.2230653,47.9613098],[0.2231071,47.9612873],[0.2231486,47.9612645],[0.2231897,47.9612416],[0.2232306,47.9612183],[0.2232712,47.9611949],[0.2233115,47.9611712],[0.2233516,47.9611473],[0.2233913,47.9611233],[0.2234308,47.961099],[0.22347,47.9610745],[0.223509,47.9610498],[0.2235476,47.9610249],[0.223586,47.9609999],[0.2236242,47.9609746],[0.2236621,47.9609492],[0.2236996,47.9609236],[0.223737,47.9608978],[0.2237741,47.9608719],[0.2238109,47.9608458],[0.2238475,47.9608195],[0.2238838,47.9607931],[0.2239199,47.9607665],[0.2239558,47.9607398],[0.2239914,47.960713],[0.2240268,47.960686],[0.224062,47.9606589],[0.224097,47.9606316],[0.2241318,47.9606043],[0.2241663,47.9605768],[0.2242007,47.9605493],[0.2242348,47.9605215],[0.2242688,47.9604937],[0.2243025,47.9604658],[0.224336,47.9604378],[0.2243694,47.9604096],[0.2244025,47.9603814],[0.2244355,47.960353],[0.2244682,47.9603246],[0.2245008,47.960296],[0.2245331,47.9602674],[0.2245653,47.9602386],[0.2245974,47.9602098],[0.2246292,47.9601809],[0.2246609,47.9601519],[0.2246925,47.9601228],[0.2247238,47.9600937],[0.2247551,47.9600645],[0.2247861,47.9600352],[0.2248171,47.9600058],[0.2248479,47.9599764],[0.2248785,47.9599469],[0.224909,47.9599174],[0.2249395,47.9598878],[0.2249697,47.9598581],[0.2249999,47.9598284],[0.2250299,47.9597986],[0.2250599,47.9597688],[0.2250897,47.9597389],[0.2251194,47.959709],[0.2251491,47.959679],[0.2251786,47.959649],[0.2252081,47.959619],[0.2252375,47.9595889],[0.2252668,47.9595588],[0.225296,47.9595287],[0.2253252,47.9594985],[0.2253543,47.9594683],[0.2253833,47.9594381],[0.2254123,47.9594079],[0.2254412,47.9593776],[0.2254701,47.9593473],[0.225499,47.959317],[0.2255278,47.9592867],[0.2255566,47.9592564],[0.2255854,47.9592261],[0.2256141,47.9591957],[0.2256428,47.9591654],[0.2256715,47.959135],[0.2257002,47.9591046],[0.2257289,47.9590742],[0.2257575,47.9590438],[0.2257861,47.9590134],[0.2258146,47.958983],[0.2258432,47.9589526],[0.2258717,47.9589221],[0.2259001,47.9588916],[0.2259285,47.9588611],[0.2259568,47.9588306],[0.2259852,47.9588001],[0.2260134,47.9587695],[0.2260416,47.958739],[0.2260698,47.9587084],[0.2260978,47.9586777],[0.2261259,47.9586471],[0.2261538,47.9586164],[0.2261817,47.9585857],[0.2262096,47.958555],[0.2262373,47.9585242],[0.226265,47.9584934],[0.2262926,47.9584626],[0.2263202,47.9584318],[0.2263476,47.9584009],[0.226375,47.95837],[0.2264023,47.9583391],[0.2264295,47.9583081],[0.2264566,47.9582771],[0.2264837,47.958246],[0.2265106,47.9582149],[0.2265374,47.9581838],[0.2265642,47.9581526],[0.2265908,47.9581214],[0.2266173,47.9580902],[0.2266438,47.9580589],[0.2266701,47.9580276],[0.2266963,47.9579962],[0.2267223,47.9579648],[0.2267483,47.9579333],[0.2267742,47.9579018],[0.2267999,47.9578703],[0.2268255,47.9578387],[0.226851,47.9578071],[0.2268764,47.9577754],[0.2269016,47.9577437],[0.2269267,47.9577119],[0.2269517,47.9576801],[0.2269765,47.9576482],[0.2270012,47.9576163],[0.2270257,47.9575843],[0.22705,47.9575523],[0.2270742,47.9575202],[0.2270983,47.957488],[0.2271222,47.9574559],[0.227146,47.9574236],[0.2271696,47.9573913],[0.227193,47.957359],[0.2272163,47.9573266],[0.2272394,47.9572942],[0.2272624,47.9572617],[0.2272852,47.9572291],[0.2273079,47.9571965],[0.2273304,47.9571639],[0.2273527,47.9571312],[0.2273749,47.9570985],[0.2273969,47.9570657],[0.2274188,47.9570329],[0.2274405,47.957],[0.2274621,47.9569671],[0.2274836,47.9569341],[0.2275049,47.9569011],[0.2275261,47.9568681],[0.2275471,47.956835],[0.2275681,47.9568019],[0.2275888,47.9567687],[0.2276095,47.9567355],[0.22763,47.9567023],[0.2276503,47.956669],[0.2276706,47.9566357],[0.2276907,47.9566024],[0.2277106,47.956569],[0.2277305,47.9565356],[0.2277503,47.9565022],[0.2277699,47.9564687],[0.2277894,47.9564352],[0.2278089,47.9564017],[0.2278282,47.9563682],[0.2278474,47.9563346],[0.2278664,47.956301],[0.2278854,47.9562673],[0.2279043,47.9562337],[0.2279231,47.9562],[0.2279418,47.9561663],[0.2279603,47.9561326],[0.2279788,47.9560988],[0.2279972,47.956065],[0.2280155,47.9560312],[0.2280337,47.9559974],[0.2280518,47.9559635],[0.2280699,47.9559297],[0.2280878,47.9558958],[0.2281057,47.9558619],[0.2281235,47.9558279],[0.2281412,47.955794],[0.2281589,47.95576],[0.2281764,47.955726],[0.2281939,47.9556921],[0.2282114,47.955658],[0.2282287,47.955624],[0.228246,47.95559],[0.2282633,47.9555559],[0.2282804,47.9555218],[0.2282975,47.9554878],[0.2283146,47.9554537],[0.2283316,47.9554196],[0.2283486,47.9553854],[0.2283655,47.9553513],[0.2283823,47.9553172],[0.2283992,47.955283],[0.2284159,47.9552488],[0.2284326,47.9552147],[0.2284493,47.9551805],[0.228466,47.9551463],[0.2284826,47.9551121],[0.2284992,47.9550779],[0.2285157,47.9550437],[0.2285322,47.9550095],[0.2285487,47.9549753],[0.2285652,47.954941],[0.2285817,47.9549068],[0.2285981,47.9548726],[0.2286145,47.9548383],[0.2286309,47.9548041],[0.2286473,47.9547698],[0.2286636,47.9547356],[0.2286799,47.9547013],[0.2286963,47.9546671],[0.2287126,47.9546328],[0.2287288,47.9545985],[0.2287451,47.9545643],[0.2287614,47.95453],[0.2287776,47.9544957],[0.2287939,47.9544614],[0.2288101,47.9544272],[0.2288263,47.9543929],[0.2288425,47.9543586],[0.2288587,47.9543243],[0.2288749,47.95429],[0.2288911,47.9542557],[0.2289073,47.9542214],[0.2289234,47.9541871],[0.2289396,47.9541528],[0.2289557,47.9541186],[0.2289719,47.9540843],[0.228988,47.95405],[0.2290042,47.9540157],[0.2290203,47.9539814],[0.2290364,47.9539471],[0.2290526,47.9539128],[0.2290687,47.9538785],[0.2290848,47.9538441],[0.2291009,47.9538098],[0.229117,47.9537755],[0.2291331,47.9537412],[0.2291492,47.9537069],[0.2291653,47.9536726],[0.2291813,47.9536383],[0.2291974,47.953604],[0.2292135,47.9535697],[0.2292296,47.9535354],[0.2292456,47.953501],[0.2292617,47.9534667],[0.2292778,47.9534324],[0.2292938,47.9533981],[0.2293099,47.9533638],[0.2293259,47.9533295],[0.229342,47.9532952],[0.229358,47.9532608],[0.2293741,47.9532265],[0.2293901,47.9531922],[0.2294061,47.9531579],[0.2294222,47.9531236],[0.2294382,47.9530892],[0.2294543,47.9530549],[0.2294703,47.9530206],[0.2294863,47.9529863],[0.2295024,47.952952],[0.2295184,47.9529176],[0.2295344,47.9528833],[0.2295505,47.952849],[0.2295665,47.9528147],[0.2295825,47.9527803],[0.2295985,47.952746],[0.2296146,47.9527117],[0.2296306,47.9526774],[0.2296466,47.9526431],[0.2296627,47.9526087],[0.2296787,47.9525744],[0.2296947,47.9525401],[0.2297107,47.9525058],[0.2297268,47.9524715],[0.2297428,47.9524371],[0.2297588,47.9524028],[0.2297749,47.9523685],[0.2297909,47.9523342],[0.2298069,47.9522998],[0.229823,47.9522655],[0.229839,47.9522312],[0.229855,47.9521969],[0.2298711,47.9521626],[0.2298871,47.9521282],[0.2299032,47.9520939],[0.2299192,47.9520596],[0.2299353,47.9520253],[0.2299513,47.951991],[0.2299674,47.9519567],[0.2299834,47.9519223],[0.2299995,47.951888],[0.2300156,47.9518537],[0.2300316,47.9518194],[0.2300477,47.9517851],[0.2300637,47.9517508],[0.2300798,47.9517165],[0.2300959,47.9516821],[0.230112,47.9516478],[0.2301281,47.9516135],[0.2301441,47.9515792],[0.2301602,47.9515449],[0.2301763,47.9515106],[0.2301924,47.9514763],[0.2302085,47.951442],[0.2302246,47.9514077],[0.2302407,47.9513734],[0.2302568,47.9513391],[0.2302729,47.9513048],[0.230289,47.9512705],[0.2303052,47.9512362],[0.2303213,47.9512019],[0.2303374,47.9511676],[0.2303536,47.9511333],[0.2303697,47.951099],[0.2303858,47.9510647],[0.230402,47.9510304],[0.2304181,47.9509961],[0.2304343,47.9509618],[0.2304504,47.9509275],[0.2304666,47.9508932],[0.2304828,47.9508589],[0.2304989,47.9508246],[0.2305151,47.9507903],[0.2305313,47.950756],[0.2305475,47.9507217],[0.2305637,47.9506874],[0.2305799,47.9506532],[0.2305961,47.9506189],[0.2306123,47.9505846],[0.2306285,47.9505503],[0.2306447,47.950516],[0.2306609,47.9504817],[0.2306772,47.9504475],[0.2306934,47.9504132],[0.2307096,47.9503789],[0.2307259,47.9503446],[0.2307421,47.9503103],[0.2307584,47.9502761],[0.2307746,47.9502418],[0.2307909,47.9502075],[0.2308072,47.9501733],[0.2308235,47.950139],[0.2308397,47.9501047],[0.230856,47.9500705],[0.2308723,47.9500362],[0.2308886,47.9500019],[0.2309049,47.9499677],[0.2309212,47.9499334],[0.2309375,47.9498991],[0.2309539,47.9498649],[0.2309702,47.9498306],[0.2309865,47.9497964],[0.2310029,47.9497621],[0.2310192,47.9497279],[0.2310356,47.9496936],[0.2310519,47.9496594],[0.2310683,47.9496251],[0.2310847,47.9495909],[0.2311011,47.9495566],[0.2311174,47.9495224],[0.2311338,47.9494881],[0.2311502,47.9494539],[0.2311666,47.9494196],[0.231183,47.9493854],[0.2311994,47.9493512],[0.2312159,47.9493169],[0.2312323,47.9492827],[0.2312487,47.9492484],[0.2312652,47.9492142],[0.2312816,47.94918],[0.2312981,47.9491457],[0.2313146,47.9491115],[0.231331,47.9490773],[0.2313475,47.9490431],[0.231364,47.9490088],[0.2313805,47.9489746],[0.231397,47.9489404],[0.2314135,47.9489062],[0.23143,47.948872],[0.2314465,47.9488377],[0.231463,47.9488035],[0.2314796,47.9487693],[0.2314961,47.9487351],[0.2315127,47.9487009],[0.2315292,47.9486667],[0.2315458,47.9486325],[0.2315624,47.9485983],[0.2315789,47.9485641],[0.2315955,47.9485299],[0.2316121,47.9484957],[0.2316287,47.9484615],[0.2316453,47.9484273],[0.231662,47.9483931],[0.2316786,47.9483589],[0.2316952,47.9483247],[0.2317119,47.9482905],[0.2317285,47.9482563],[0.2317452,47.9482221],[0.2317618,47.9481879],[0.2317785,47.9481538],[0.2317952,47.9481196],[0.2318119,47.9480854],[0.2318286,47.9480512],[0.2318453,47.9480171],[0.231862,47.9479829],[0.2318787,47.9479487],[0.2318955,47.9479145],[0.2319122,47.9478804],[0.231929,47.9478462],[0.2319457,47.947812],[0.2319625,47.9477779],[0.2319793,47.9477437],[0.2319961,47.9477096],[0.2320129,47.9476754],[0.2320297,47.9476413],[0.2320465,47.9476071],[0.2320633,47.947573],[0.2320801,47.9475388],[0.232097,47.9475047],[0.2321138,47.9474705],[0.2321307,47.9474364],[0.2321475,47.9474022],[0.2321644,47.9473681],[0.2321813,47.947334],[0.2321982,47.9472998],[0.2322151,47.9472657],[0.232232,47.9472316],[0.232249,47.9471974],[0.2322659,47.9471633],[0.2322829,47.9471292],[0.2322998,47.9470951],[0.2323168,47.947061],[0.2323338,47.9470268],[0.2323508,47.9469927],[0.2323678,47.9469586],[0.2323848,47.9469245],[0.2324018,47.9468904],[0.2324188,47.9468563],[0.2324359,47.9468222],[0.2324529,47.9467881],[0.23247,47.946754],[0.2324871,47.9467199],[0.2325042,47.9466858],[0.2325213,47.9466517],[0.2325384,47.9466177],[0.2325555,47.9465836],[0.2325726,47.9465495],[0.2325898,47.9465154],[0.2326069,47.9464813],[0.2326241,47.9464473],[0.2326413,47.9464132],[0.2326585,47.9463791],[0.2326757,47.9463451],[0.2326929,47.946311],[0.2327101,47.946277],[0.2327274,47.9462429],[0.2327446,47.9462088],[0.2327619,47.9461748],[0.2327791,47.9461407],[0.2327964,47.9461067],[0.2328137,47.9460727],[0.232831,47.9460386],[0.2328484,47.9460046],[0.2328657,47.9459706],[0.2328831,47.9459365],[0.2329004,47.9459025],[0.2329178,47.9458685],[0.2329352,47.9458345],[0.2329526,47.9458004],[0.23297,47.9457664],[0.2329874,47.9457324],[0.2330047,47.9456984],[0.2330219,47.9456643],[0.2330389,47.9456302],[0.2330556,47.945596],[0.233072,47.9455617],[0.233088,47.9455274],[0.2331035,47.945493],[0.2331185,47.9454585],[0.2331331,47.9454239],[0.2331471,47.9453891],[0.2331604,47.9453543],[0.2331726,47.9453193],[0.2331837,47.9452841],[0.2331934,47.9452487],[0.2332016,47.9452132],[0.2332079,47.9451774],[0.2332125,47.9451416],[0.2332152,47.9451057],[0.2332153,47.9450697],[0.2332131,47.9450338],[0.2332083,47.944998],[0.2332009,47.9449623],[0.2331915,47.9449269],[0.2331798,47.9448918],[0.2331655,47.9448572],[0.233149,47.944823],[0.233131,47.9447891],[0.2331118,47.9447555],[0.233092,47.9447221],[0.233072,47.9446887],[0.2330523,47.9446553],[0.2330335,47.9446216],[0.2330158,47.9445876],[0.2330001,47.9445533],[0.2329865,47.9445185],[0.2329756,47.9444832],[0.2329678,47.9444477],[0.2329636,47.9444118],[0.2329637,47.9443759],[0.2329678,47.94434],[0.2329764,47.9443045],[0.2329884,47.9442695],[0.2330043,47.9442351],[0.2330233,47.9442015],[0.2330454,47.9441688],[0.2330698,47.9441367],[0.2330967,47.9441056],[0.233126,47.9440755],[0.2331572,47.9440463],[0.2331902,47.944018],[0.2332248,47.9439905],[0.2332605,47.9439638],[0.2332973,47.9439376],[0.2333349,47.9439121],[0.2333732,47.9438869],[0.233412,47.9438621],[0.2334511,47.9438376],[0.2334904,47.9438131],[0.2335296,47.9437886],[0.2335686,47.943764],[0.2336073,47.9437392],[0.2336456,47.943714],[0.2336831,47.9436884],[0.2337199,47.9436622],[0.2337557,47.9436355],[0.2337906,47.9436082],[0.2338247,47.9435805],[0.2338581,47.9435524],[0.2338909,47.9435239],[0.233923,47.9434952],[0.2339546,47.9434661],[0.2339855,47.9434367],[0.2340157,47.943407],[0.2340452,47.943377],[0.2340739,47.9433466],[0.2341018,47.943316],[0.2341291,47.943285],[0.2341557,47.9432538],[0.2341816,47.9432223],[0.2342069,47.9431906],[0.2342315,47.9431587],[0.2342554,47.9431265],[0.2342788,47.9430941],[0.2343016,47.9430616],[0.2343237,47.9430288],[0.2343453,47.9429959],[0.2343664,47.9429629],[0.2343869,47.9429296],[0.234407,47.9428963],[0.2344266,47.9428628],[0.2344458,47.9428292],[0.2344645,47.9427955],[0.2344828,47.9427617],[0.2345006,47.9427278],[0.2345181,47.9426938],[0.2345353,47.9426597],[0.2345521,47.9426256],[0.2345686,47.9425913],[0.2345848,47.9425571],[0.2346007,47.9425227],[0.2346164,47.9424883],[0.2346317,47.9424539],[0.2346468,47.9424193],[0.2346617,47.9423848],[0.2346763,47.9423502],[0.2346906,47.9423155],[0.2347048,47.9422808],[0.2347188,47.9422461],[0.2347327,47.9422114],[0.2347465,47.9421766],[0.2347601,47.9421418],[0.2347736,47.942107],[0.234787,47.9420722],[0.2348004,47.9420374],[0.2348136,47.9420025],[0.2348268,47.9419676],[0.23484,47.9419328],[0.2348532,47.9418979],[0.2348663,47.941863],[0.2348795,47.9418282],[0.2348926,47.9417933],[0.2349059,47.9417585],[0.2349192,47.9417236],[0.2349325,47.9416888],[0.234946,47.941654],[0.2349595,47.9416191],[0.2349731,47.9415843],[0.2349867,47.9415496],[0.2350004,47.9415148],[0.2350142,47.94148],[0.2350281,47.9414453],[0.235042,47.9414106],[0.235056,47.9413758],[0.2350701,47.9413411],[0.2350842,47.9413064],[0.2350984,47.9412718],[0.2351127,47.9412371],[0.235127,47.9412024],[0.2351414,47.9411678],[0.2351559,47.9411331],[0.2351704,47.9410985],[0.2351849,47.9410639],[0.2351996,47.9410293],[0.2352142,47.9409947],[0.235229,47.9409601],[0.2352438,47.9409256],[0.2352587,47.940891],[0.2352736,47.9408564],[0.2352885,47.9408219],[0.2353035,47.9407874],[0.2353186,47.9407529],[0.2353337,47.9407184],[0.2353489,47.9406839],[0.2353641,47.9406494],[0.2353794,47.9406149],[0.2353947,47.9405804],[0.2354101,47.940546],[0.2354255,47.9405115],[0.235441,47.9404771],[0.2354565,47.9404426],[0.235472,47.9404082],[0.2354876,47.9403738],[0.2355032,47.9403394],[0.2355189,47.940305],[0.2355346,47.9402706],[0.2355503,47.9402362],[0.2355661,47.9402019],[0.2355819,47.9401675],[0.2355978,47.9401331],[0.2356137,47.9400988],[0.2356296,47.9400645],[0.2356456,47.9400301],[0.2356616,47.9399958],[0.2356777,47.9399615],[0.2356937,47.9399272],[0.2357098,47.9398928],[0.2357259,47.9398585],[0.2357421,47.9398243],[0.2357583,47.93979],[0.2357745,47.9397557],[0.2357907,47.9397214],[0.235807,47.9396871],[0.2358233,47.9396529],[0.2358396,47.9396186],[0.2358559,47.9395843],[0.2358723,47.9395501],[0.2358887,47.9395158],[0.2359051,47.9394816],[0.2359215,47.9394474],[0.2359379,47.9394131],[0.2359544,47.9393789],[0.2359709,47.9393447],[0.2359874,47.9393105],[0.2360039,47.9392762],[0.2360204,47.939242],[0.236037,47.9392078],[0.2360536,47.9391736],[0.2360701,47.9391394],[0.2360867,47.9391052],[0.2361033,47.939071],[0.2361199,47.9390368],[0.2361365,47.9390026],[0.2361531,47.9389684],[0.2361698,47.9389342],[0.2361865,47.9389],[0.2362031,47.9388659],[0.2362198,47.9388317],[0.2362365,47.9387975],[0.2362533,47.9387633],[0.23627,47.9387292],[0.2362868,47.938695],[0.2363035,47.9386608],[0.2363202,47.9386267],[0.236337,47.9385925],[0.2363538,47.9385584],[0.2363706,47.9385242],[0.2363874,47.93849],[0.2364042,47.9384559],[0.236421,47.9384217],[0.2364378,47.9383876],[0.2364547,47.9383534],[0.2364715,47.9383193],[0.2364884,47.9382851],[0.2365052,47.938251],[0.2365221,47.9382169],[0.236539,47.9381827],[0.2365558,47.9381486],[0.2365727,47.9381145],[0.2365896,47.9380803],[0.2366065,47.9380462],[0.2366234,47.9380121],[0.2366403,47.9379779],[0.2366572,47.9379438],[0.2366741,47.9379097],[0.2366911,47.9378755],[0.236708,47.9378414],[0.2367249,47.9378073],[0.2367418,47.9377732],[0.2367588,47.937739],[0.2367757,47.9377049],[0.2367927,47.9376708],[0.2368096,47.9376367],[0.2368266,47.9376025],[0.2368435,47.9375684],[0.2368605,47.9375343],[0.2368774,47.9375002],[0.2368944,47.9374661],[0.2369113,47.9374319],[0.2369283,47.9373978],[0.2369453,47.9373637],[0.2369622,47.9373296],[0.2369792,47.9372955],[0.2369962,47.9372614],[0.2370132,47.9372272],[0.2370301,47.9371931],[0.2370471,47.937159],[0.2370641,47.9371249],[0.2370811,47.9370908],[0.237098,47.9370567],[0.237115,47.9370225],[0.237132,47.9369884],[0.2371489,47.9369543],[0.2371659,47.9369202],[0.2371829,47.9368861],[0.2371999,47.936852],[0.2372168,47.9368178],[0.2372338,47.9367837],[0.2372508,47.9367496],[0.2372677,47.9367155],[0.2372847,47.9366814],[0.2373017,47.9366473],[0.2373187,47.9366131],[0.2373356,47.936579],[0.2373526,47.9365449],[0.2373695,47.9365108],[0.2373865,47.9364767],[0.2374035,47.9364425],[0.2374204,47.9364084],[0.2374374,47.9363743],[0.2374543,47.9363402],[0.2374713,47.9363061],[0.2374882,47.9362719],[0.2375052,47.9362378],[0.2375221,47.9362037],[0.2375391,47.9361696],[0.237556,47.9361355],[0.2375729,47.9361013],[0.2375899,47.9360672],[0.2376068,47.9360331],[0.2376237,47.935999],[0.2376407,47.9359648],[0.2376576,47.9359307],[0.2376745,47.9358966],[0.2376914,47.9358624],[0.2377084,47.9358283],[0.2377253,47.9357942],[0.2377422,47.9357601],[0.2377591,47.9357259],[0.237776,47.9356918],[0.2377929,47.9356577],[0.2378098,47.9356235],[0.2378267,47.9355894],[0.2378436,47.9355553],[0.2378605,47.9355211],[0.2378774,47.935487],[0.2378943,47.9354529],[0.2379112,47.9354187],[0.2379281,47.9353846],[0.2379449,47.9353505],[0.2379618,47.9353163],[0.2379787,47.9352822],[0.2379956,47.935248],[0.2380124,47.9352139],[0.2380293,47.9351798],[0.2380461,47.9351456],[0.238063,47.9351115],[0.2380799,47.9350773],[0.2380967,47.9350432],[0.2381136,47.935009],[0.2381304,47.9349749],[0.2381473,47.9349408],[0.2381641,47.9349066],[0.2381809,47.9348725],[0.2381978,47.9348383],[0.2382146,47.9348042],[0.2382314,47.93477],[0.2382482,47.9347359],[0.2382651,47.9347017],[0.2382819,47.9346676],[0.2382987,47.9346334],[0.2383155,47.9345993],[0.2383323,47.9345651],[0.2383491,47.934531],[0.2383659,47.9344968],[0.2383827,47.9344626],[0.2383995,47.9344285],[0.2384163,47.9343943],[0.2384331,47.9343602],[0.2384498,47.934326],[0.2384666,47.9342918],[0.2384834,47.9342577],[0.2385002,47.9342235],[0.2385169,47.9341894],[0.2385337,47.9341552],[0.2385504,47.934121],[0.2385672,47.9340869],[0.2385839,47.9340527],[0.2386007,47.9340185],[0.2386174,47.9339844],[0.2386342,47.9339502],[0.2386509,47.933916],[0.2386676,47.9338819],[0.2386844,47.9338477],[0.2387011,47.9338135],[0.2387178,47.9337793],[0.2387345,47.9337452],[0.2387512,47.933711],[0.2387679,47.9336768],[0.2387846,47.9336426],[0.2388013,47.9336085],[0.238818,47.9335743],[0.2388346,47.9335401],[0.2388513,47.9335059],[0.238868,47.9334717],[0.2388846,47.9334375],[0.2389013,47.9334033],[0.2389179,47.9333692],[0.2389346,47.933335],[0.2389512,47.9333008],[0.2389678,47.9332666],[0.2389844,47.9332324],[0.2390011,47.9331982],[0.2390177,47.933164],[0.2390343,47.9331298],[0.2390509,47.9330956],[0.2390674,47.9330614],[0.239084,47.9330272],[0.2391006,47.932993],[0.2391172,47.9329588],[0.2391337,47.9329246],[0.2391503,47.9328904],[0.2391668,47.9328561],[0.2391833,47.9328219],[0.2391998,47.9327877],[0.2392163,47.9327535],[0.2392328,47.9327193],[0.2392493,47.932685],[0.2392658,47.9326508],[0.2392823,47.9326166],[0.2392987,47.9325824],[0.2393152,47.9325481],[0.2393316,47.9325139],[0.239348,47.9324797],[0.2393644,47.9324454],[0.2393808,47.9324112],[0.2393972,47.9323769],[0.2394136,47.9323427],[0.23943,47.9323084],[0.2394463,47.9322742],[0.2394627,47.9322399],[0.239479,47.9322057],[0.2394953,47.9321714],[0.2395116,47.9321371],[0.2395279,47.9321029],[0.2395441,47.9320686],[0.2395604,47.9320343],[0.2395766,47.932],[0.2395928,47.9319658],[0.2396091,47.9319315],[0.2396252,47.9318972],[0.2396414,47.9318629],[0.2396576,47.9318286],[0.2396737,47.9317943],[0.2396898,47.93176],[0.2397059,47.9317257],[0.239722,47.9316914],[0.2397381,47.9316571],[0.2397541,47.9316228],[0.2397701,47.9315884],[0.2397861,47.9315541],[0.2398021,47.9315198],[0.2398181,47.9314854],[0.239834,47.9314511],[0.23985,47.9314168],[0.2398659,47.9313824],[0.2398817,47.9313481],[0.2398976,47.9313137],[0.2399134,47.9312793],[0.2399293,47.931245],[0.239945,47.9312106],[0.2399608,47.9311762],[0.2399765,47.9311418],[0.2399923,47.9311074],[0.2400079,47.9310731],[0.2400236,47.9310387],[0.2400392,47.9310043],[0.2400548,47.9309698],[0.2400704,47.9309354],[0.240086,47.930901],[0.2401015,47.9308666],[0.240117,47.9308322],[0.2401325,47.9307977],[0.2401479,47.9307633],[0.2401633,47.9307288],[0.2401787,47.9306944],[0.2401941,47.9306599],[0.2402094,47.9306254],[0.2402247,47.930591],[0.2402399,47.9305565],[0.2402552,47.930522],[0.2402704,47.9304875],[0.2402855,47.930453],[0.2403007,47.9304185],[0.2403158,47.930384],[0.2403308,47.9303495],[0.2403458,47.9303149],[0.2403608,47.9302804],[0.2403758,47.9302459],[0.2403907,47.9302113],[0.2404056,47.9301768],[0.2404204,47.9301422],[0.2404352,47.9301076],[0.24045,47.9300731],[0.2404647,47.9300385],[0.2404794,47.9300039],[0.2404941,47.9299693],[0.2405087,47.9299347],[0.2405233,47.9299001],[0.2405378,47.9298655],[0.2405523,47.9298308],[0.2405668,47.9297962],[0.2405812,47.9297615],[0.2405956,47.9297269],[0.2406099,47.9296922],[0.2406242,47.9296576],[0.2406384,47.9296229],[0.2406526,47.9295882],[0.2406668,47.9295535],[0.2406809,47.9295188],[0.2406951,47.9294841],[0.2407092,47.9294494],[0.2407234,47.9294147],[0.2407376,47.9293801],[0.240752,47.9293454],[0.2407664,47.9293108],[0.240781,47.9292762],[0.2407958,47.9292416],[0.2408108,47.9292071],[0.2408259,47.9291726],[0.2408413,47.9291381],[0.240857,47.9291037],[0.2408729,47.9290694],[0.2408893,47.9290351],[0.2409063,47.929001],[0.2409237,47.928967],[0.2409418,47.9289331],[0.2409607,47.9288995],[0.2409802,47.928866],[0.2410005,47.9288327],[0.2410218,47.9287997],[0.2410439,47.9287669],[0.2410673,47.9287346],[0.2410918,47.9287026],[0.2411175,47.9286711],[0.2411445,47.92864],[0.2411729,47.9286095],[0.2412027,47.9285796],[0.2412341,47.9285505],[0.2412672,47.9285222],[0.2413015,47.9284946],[0.241337,47.9284677],[0.2413734,47.9284413],[0.2414112,47.9284159],[0.2414503,47.9283913],[0.2414909,47.9283678],[0.2415328,47.9283454],[0.2415757,47.928324],[0.2416198,47.9283035],[0.2416644,47.9282836],[0.2417094,47.9282642],[0.2417546,47.9282449],[0.2417997,47.9282256],[0.2418444,47.9282057],[0.2418884,47.9281852],[0.2419314,47.9281638],[0.241973,47.9281412],[0.2420128,47.9281172],[0.2420506,47.9280917],[0.2420858,47.9280646],[0.2421179,47.9280358],[0.2421463,47.9280053],[0.2421711,47.9279735],[0.2421919,47.9279404],[0.2422093,47.9279064],[0.2422228,47.9278716],[0.2422332,47.9278363],[0.2422401,47.9278006],[0.2422443,47.9277648],[0.2422459,47.9277288],[0.2422449,47.9276928],[0.2422417,47.9276569],[0.2422365,47.9276211],[0.2422294,47.9275855],[0.242221,47.92755],[0.2422116,47.9275145],[0.2422012,47.9274793],[0.2421903,47.927444],[0.2421791,47.9274089],[0.2421678,47.9273737],[0.2421568,47.9273385],[0.2421462,47.9273032],[0.2421364,47.9272679],[0.2421272,47.9272324],[0.2421189,47.9271969],[0.2421116,47.9271613],[0.242105,47.9271256],[0.2420994,47.9270898],[0.2420948,47.927054],[0.2420912,47.9270181],[0.2420887,47.9269821],[0.2420875,47.9269462],[0.2420875,47.9269102],[0.2420886,47.9268742],[0.2420906,47.9268383],[0.2420937,47.9268024],[0.2420979,47.9267665],[0.242103,47.9267307],[0.242109,47.926695],[0.2421159,47.9266593],[0.2421237,47.9266237],[0.2421325,47.9265882],[0.2421421,47.9265528],[0.2421525,47.9265175],[0.2421637,47.9264824],[0.2421756,47.9264473],[0.2421882,47.9264123],[0.2422015,47.9263775],[0.2422152,47.9263427],[0.2422295,47.9263081],[0.2422443,47.9262735],[0.2422596,47.926239],[0.2422752,47.9262046],[0.2422912,47.9261703],[0.2423076,47.926136],[0.2423243,47.9261019],[0.2423413,47.9260677],[0.2423585,47.9260337],[0.2423759,47.9259997],[0.2423935,47.9259657],[0.2424113,47.9259318],[0.2424291,47.9258978],[0.2424469,47.9258639],[0.2424647,47.92583],[0.2424825,47.9257961],[0.2425002,47.9257621],[0.2425179,47.9257282],[0.2425355,47.9256942],[0.242553,47.9256602],[0.2425704,47.9256262],[0.2425876,47.9255921],[0.2426047,47.925558],[0.2426217,47.9255239],[0.2426386,47.9254898],[0.2426553,47.9254556],[0.2426718,47.9254214],[0.2426882,47.9253871],[0.2427043,47.9253528],[0.2427204,47.9253185],[0.2427361,47.9252841],[0.2427517,47.9252497],[0.2427671,47.9252153],[0.2427822,47.9251808],[0.2427971,47.9251462],[0.2428118,47.9251116],[0.2428261,47.925077],[0.2428402,47.9250423],[0.2428541,47.9250075],[0.2428677,47.9249727],[0.2428811,47.9249379],[0.2428942,47.924903],[0.242907,47.9248681],[0.2429195,47.9248331],[0.2429317,47.9247981],[0.2429436,47.924763],[0.2429553,47.9247279],[0.2429667,47.9246928],[0.2429778,47.9246576],[0.2429887,47.9246224],[0.2429992,47.9245871],[0.2430095,47.9245518],[0.2430195,47.9245164],[0.2430292,47.9244811],[0.2430387,47.9244457],[0.243048,47.9244102],[0.2430571,47.9243748],[0.243066,47.9243393],[0.2430746,47.9243038],[0.243083,47.9242683],[0.2430912,47.9242327],[0.2430991,47.9241972],[0.2431069,47.9241616],[0.2431144,47.924126],[0.2431218,47.9240903],[0.2431289,47.9240547],[0.2431359,47.924019],[0.2431426,47.9239833],[0.2431492,47.9239476],[0.2431556,47.9239119],[0.2431619,47.9238762],[0.243168,47.9238405],[0.2431739,47.9238047],[0.2431797,47.9237689],[0.2431853,47.9237332],[0.2431907,47.9236974],[0.2431961,47.9236616],[0.2432012,47.9236258],[0.2432063,47.92359],[0.2432112,47.9235542],[0.243216,47.9235183],[0.2432207,47.9234825],[0.2432252,47.9234466],[0.2432297,47.9234108],[0.243234,47.9233749],[0.2432383,47.9233391],[0.2432424,47.9233032],[0.2432465,47.9232674],[0.2432505,47.9232315],[0.2432543,47.9231956],[0.2432582,47.9231597],[0.2432619,47.9231238],[0.2432655,47.9230879],[0.2432691,47.9230521],[0.2432726,47.9230162],[0.243276,47.9229803],[0.2432793,47.9229444],[0.2432826,47.9229085],[0.2432858,47.9228725],[0.2432889,47.9228366],[0.243292,47.9228007],[0.2432951,47.9227648],[0.243298,47.9227289],[0.243301,47.922693],[0.2433038,47.9226571],[0.2433067,47.9226211],[0.2433095,47.9225852],[0.2433123,47.9225493],[0.243315,47.9225134],[0.2433177,47.9224774],[0.2433203,47.9224415],[0.2433229,47.9224056],[0.2433255,47.9223696],[0.2433281,47.9223337],[0.2433306,47.9222978],[0.2433332,47.9222618],[0.2433357,47.9222259],[0.2433381,47.92219],[0.2433406,47.922154],[0.243343,47.9221181],[0.2433455,47.9220822],[0.2433479,47.9220462],[0.2433503,47.9220103],[0.2433527,47.9219744],[0.2433551,47.9219384],[0.2433574,47.9219025],[0.2433598,47.9218666],[0.2433622,47.9218306],[0.2433646,47.9217947],[0.243367,47.9217587],[0.2433694,47.9217228],[0.2433717,47.9216869],[0.2433742,47.9216509],[0.2433766,47.921615],[0.243379,47.9215791],[0.2433814,47.9215431],[0.2433839,47.9215072],[0.2433864,47.9214713],[0.2433889,47.9214353],[0.2433914,47.9213994],[0.2433939,47.9213635],[0.2433965,47.9213275],[0.2433991,47.9212916],[0.2434017,47.9212557],[0.2434044,47.9212198],[0.2434071,47.9211838],[0.2434098,47.9211479],[0.2434125,47.921112],[0.2434153,47.921076],[0.2434181,47.9210401],[0.2434209,47.9210042],[0.2434237,47.9209683],[0.2434266,47.9209324],[0.2434295,47.9208964],[0.2434324,47.9208605],[0.2434354,47.9208246],[0.2434384,47.9207887],[0.2434414,47.9207528],[0.2434444,47.9207169],[0.2434474,47.9206809],[0.2434505,47.920645],[0.2434536,47.9206091],[0.2434567,47.9205732],[0.2434598,47.9205373],[0.243463,47.9205014],[0.2434661,47.9204655],[0.2434693,47.9204296],[0.2434725,47.9203937],[0.2434758,47.9203578],[0.243479,47.9203218],[0.2434823,47.9202859],[0.2434856,47.92025],[0.2434889,47.9202141],[0.2434922,47.9201782],[0.2434956,47.9201423],[0.2434989,47.9201064],[0.2435023,47.9200705],[0.2435057,47.9200346],[0.2435091,47.9199987],[0.2435125,47.9199628],[0.243516,47.9199269],[0.2435194,47.919891],[0.2435229,47.9198551],[0.2435264,47.9198192],[0.2435298,47.9197833],[0.2435334,47.9197475],[0.2435369,47.9197116],[0.2435404,47.9196757],[0.243544,47.9196398],[0.2435475,47.9196039],[0.2435511,47.919568],[0.2435546,47.9195321],[0.2435582,47.9194962],[0.2435618,47.9194603],[0.2435654,47.9194244],[0.243569,47.9193885],[0.2435727,47.9193526],[0.2435763,47.9193167],[0.2435799,47.9192809],[0.2435836,47.919245],[0.2435872,47.9192091],[0.2435909,47.9191732],[0.2435946,47.9191373],[0.2435982,47.9191014],[0.2436019,47.9190655],[0.2436056,47.9190296],[0.2436093,47.9189938],[0.243613,47.9189579],[0.2436167,47.918922],[0.2436204,47.9188861],[0.2436241,47.9188502],[0.2436278,47.9188143],[0.2436315,47.9187784],[0.2436352,47.9187426],[0.2436389,47.9187067],[0.2436426,47.9186708],[0.2436463,47.9186349],[0.24365,47.918599],[0.2436537,47.9185631],[0.2436574,47.9185272],[0.2436611,47.9184914],[0.2436648,47.9184555],[0.2436685,47.9184196],[0.2436722,47.9183837],[0.2436759,47.9183478],[0.2436796,47.9183119],[0.2436833,47.918276],[0.243687,47.9182401],[0.2436906,47.9182043],[0.2436943,47.9181684],[0.243698,47.9181325],[0.2437016,47.9180966],[0.2437053,47.9180607],[0.2437089,47.9180248],[0.2437126,47.9179889],[0.2437162,47.917953],[0.2437198,47.9179171],[0.2437234,47.9178813],[0.243727,47.9178454],[0.2437306,47.9178095],[0.2437342,47.9177736],[0.2437378,47.9177377],[0.2437413,47.9177018],[0.2437449,47.9176659],[0.2437484,47.91763],[0.243752,47.9175941],[0.2437555,47.9175582],[0.243759,47.9175223],[0.2437625,47.9174864],[0.243766,47.9174505],[0.2437694,47.9174146],[0.2437729,47.9173787],[0.2437763,47.9173428],[0.2437797,47.9173069],[0.2437831,47.917271],[0.2437865,47.9172351],[0.2437898,47.9171992],[0.2437932,47.9171633],[0.2437965,47.9171274],[0.2437998,47.9170915],[0.2438031,47.9170556],[0.2438064,47.9170197],[0.2438096,47.9169838],[0.2438128,47.9169479],[0.243816,47.916912],[0.2438192,47.9168761],[0.2438224,47.9168402],[0.2438255,47.9168043],[0.2438286,47.9167684],[0.2438317,47.9167325],[0.2438347,47.9166965],[0.2438377,47.9166606],[0.2438406,47.9166247],[0.2438435,47.9165888],[0.2438464,47.9165529],[0.2438492,47.9165169],[0.2438519,47.916481],[0.2438545,47.9164451],[0.2438571,47.9164092],[0.2438596,47.9163732],[0.2438621,47.9163373],[0.2438644,47.9163013],[0.2438667,47.9162654],[0.2438689,47.9162295],[0.2438709,47.9161935],[0.2438729,47.9161576],[0.2438748,47.9161216],[0.2438766,47.9160857],[0.2438782,47.9160497],[0.2438798,47.9160138],[0.2438812,47.9159778],[0.2438825,47.9159418],[0.2438836,47.9159059],[0.2438847,47.9158699],[0.2438855,47.9158339],[0.2438863,47.915798],[0.2438869,47.915762],[0.2438873,47.915726],[0.2438876,47.9156901],[0.2438878,47.9156541],[0.2438877,47.9156181],[0.2438875,47.9155821],[0.2438871,47.9155462],[0.2438866,47.9155102],[0.2438859,47.9154742],[0.243885,47.9154383],[0.2438839,47.9154023],[0.2438825,47.9153663],[0.243881,47.9153304],[0.2438794,47.9152944],[0.2438774,47.9152585],[0.2438753,47.9152225],[0.243873,47.9151866],[0.2438704,47.9151507],[0.2438676,47.9151147],[0.2438646,47.9150788],[0.2438613,47.9150429],[0.2438579,47.915007],[0.2438542,47.9149711],[0.2438502,47.9149353],[0.2438459,47.9148994],[0.2438415,47.9148636],[0.2438367,47.9148277],[0.2438318,47.9147919],[0.2438266,47.9147561],[0.2438212,47.9147203],[0.2438155,47.9146845],[0.2438095,47.9146488],[0.2438033,47.9146131],[0.2437967,47.9145774],[0.2437899,47.9145417],[0.2437827,47.914506],[0.2437753,47.9144704],[0.2437675,47.9144348],[0.2437594,47.9143993],[0.243751,47.9143637],[0.2437423,47.9143283],[0.2437332,47.9142928],[0.2437239,47.9142574],[0.2437142,47.914222],[0.2437041,47.9141867],[0.2436937,47.9141514],[0.243683,47.9141161],[0.2436719,47.9140809],[0.2436605,47.9140458],[0.2436488,47.9140107],[0.2436366,47.9139757],[0.2436241,47.9139407],[0.2436113,47.9139058],[0.243598,47.9138709],[0.2435844,47.9138361],[0.2435704,47.9138014],[0.2435559,47.9137668],[0.2435404,47.9137324],[0.2435231,47.9136983],[0.2435034,47.9136649],[0.2434808,47.9136323],[0.2434543,47.9136011],[0.2434232,47.9135718],[0.2433874,47.9135451],[0.243347,47.9135216],[0.2433023,47.9135018],[0.2432544,47.9134859],[0.2432038,47.9134743],[0.2431515,47.9134666],[0.2430983,47.9134627],[0.2430449,47.913463],[0.2429917,47.9134669],[0.2429392,47.9134737],[0.2428874,47.9134828],[0.242836,47.9134929],[0.2427848,47.9135035],[0.2427336,47.913514],[0.2426824,47.9135245],[0.2426312,47.9135349],[0.24258,47.9135453],[0.2425287,47.9135557],[0.2424774,47.913566],[0.2424261,47.9135763],[0.2423748,47.9135865],[0.2423234,47.9135967],[0.2422721,47.9136068],[0.2422207,47.9136169],[0.2421693,47.913627],[0.2421179,47.913637],[0.2420664,47.9136469],[0.242015,47.9136569],[0.2419635,47.9136668],[0.241912,47.9136766],[0.2418605,47.9136864],[0.241809,47.9136962],[0.2417575,47.9137059],[0.2417059,47.9137156],[0.2416544,47.9137253],[0.2416028,47.9137349],[0.2415512,47.9137445],[0.2414996,47.9137541],[0.241448,47.9137636],[0.2413963,47.9137731],[0.2413447,47.9137826],[0.241293,47.913792],[0.2412414,47.9138014],[0.2411897,47.9138108],[0.241138,47.9138201],[0.2410863,47.9138295],[0.2410346,47.9138388],[0.2409829,47.913848],[0.2409311,47.9138572],[0.2408794,47.9138665],[0.2408276,47.9138756],[0.2407758,47.9138848],[0.2407241,47.9138939],[0.2406723,47.913903],[0.2406205,47.9139121],[0.2405687,47.9139212],[0.2405169,47.9139302],[0.240465,47.9139393],[0.2404132,47.9139483],[0.2403614,47.9139572],[0.2403095,47.9139662],[0.2402577,47.9139752],[0.2402058,47.9139841],[0.240154,47.913993],[0.2401021,47.9140019],[0.2400502,47.9140108],[0.2399983,47.9140196],[0.2399465,47.9140285],[0.2398946,47.9140373],[0.2398427,47.9140461],[0.2397908,47.9140549],[0.2397389,47.9140637],[0.2396869,47.9140725],[0.239635,47.9140813],[0.2395831,47.91409],[0.2395312,47.9140988],[0.2394793,47.9141075],[0.2394273,47.9141162],[0.2393754,47.914125],[0.2393235,47.9141337],[0.2392715,47.9141424],[0.2392196,47.9141511],[0.2391676,47.9141598],[0.2391157,47.9141685],[0.2390637,47.9141772],[0.2390118,47.9141858],[0.2389598,47.9141945],[0.2389079,47.9142032],[0.2388559,47.9142119],[0.238804,47.9142206],[0.238752,47.9142292],[0.2387001,47.9142379],[0.2386481,47.9142466],[0.2385962,47.9142553],[0.2385442,47.9142639],[0.2384923,47.9142726],[0.2384403,47.9142813],[0.2383884,47.91429],[0.2383365,47.9142987],[0.2382845,47.9143074],[0.2382326,47.9143161],[0.2381806,47.9143248],[0.2381287,47.9143335],[0.2380768,47.9143423],[0.2380248,47.914351],[0.2379729,47.9143597],[0.237921,47.9143685],[0.2378691,47.9143773],[0.2378172,47.914386],[0.2377652,47.9143948],[0.2377133,47.9144036],[0.2376614,47.9144124],[0.2376095,47.9144212],[0.2375576,47.9144301],[0.2375058,47.9144389],[0.2374539,47.9144478],[0.237402,47.9144567],[0.2373501,47.9144656],[0.2372983,47.9144745],[0.2372464,47.9144834],[0.2371946,47.9144924],[0.2371427,47.9145014],[0.2370909,47.9145103],[0.2370391,47.9145194],[0.2369873,47.9145284],[0.2369355,47.9145374],[0.2368837,47.9145465],[0.2368319,47.9145556],[0.2367801,47.9145647],[0.2367283,47.9145739],[0.2366766,47.9145831],[0.2366248,47.9145923],[0.2365731,47.9146015],[0.2365213,47.9146107],[0.2364696,47.91462],[0.2364179,47.9146293],[0.2363662,47.9146386],[0.2363145,47.914648],[0.2362628,47.9146574],[0.2362112,47.9146668],[0.2361595,47.9146763],[0.2361079,47.9146858],[0.2360563,47.9146953],[0.2360047,47.9147049],[0.2359531,47.9147145],[0.2359015,47.9147241],[0.23585,47.9147338],[0.2357984,47.9147436],[0.2357469,47.9147534],[0.2356954,47.9147632],[0.235644,47.9147731],[0.2355925,47.914783],[0.2355411,47.914793],[0.2354897,47.914803],[0.2354383,47.9148131],[0.2353869,47.9148232],[0.2353356,47.9148334],[0.2352843,47.9148437],[0.235233,47.914854],[0.2351817,47.9148643],[0.2351305,47.9148748],[0.2350793,47.9148852],[0.2350281,47.9148958],[0.234977,47.9149064],[0.2349259,47.9149171],[0.2348748,47.9149279],[0.2348237,47.9149387],[0.2347727,47.9149496],[0.2347217,47.9149606],[0.2346708,47.9149716],[0.2346199,47.9149827],[0.234569,47.9149939],[0.2345181,47.9150052],[0.2344673,47.9150165],[0.2344166,47.9150279],[0.2343659,47.9150394],[0.2343152,47.915051],[0.2342646,47.9150627],[0.234214,47.9150745],[0.2341634,47.9150863],[0.2341129,47.9150982],[0.2340625,47.9151103],[0.2340121,47.9151224],[0.2339617,47.9151346],[0.2339114,47.9151469],[0.2338611,47.9151592],[0.2338109,47.9151717],[0.2337608,47.9151843],[0.2337107,47.915197],[0.2336606,47.9152097],[0.2336106,47.9152226],[0.2335607,47.9152356],[0.2335108,47.9152486],[0.233461,47.9152618],[0.2334113,47.9152751],[0.2333616,47.9152885],[0.233312,47.915302],[0.2332624,47.9153156],[0.2332129,47.9153293],[0.2331635,47.9153431],[0.2331142,47.9153571],[0.2330649,47.9153711],[0.2330157,47.9153853],[0.2329665,47.9153996],[0.2329175,47.9154139],[0.2328685,47.9154284],[0.2328195,47.915443],[0.2327707,47.9154577],[0.2327219,47.9154725],[0.2326732,47.9154874],[0.2326245,47.9155024],[0.2325759,47.9155175],[0.2325274,47.9155327],[0.2324789,47.915548],[0.2324305,47.9155633],[0.2323822,47.9155788],[0.2323339,47.9155943],[0.2322856,47.9156099],[0.2322374,47.9156255],[0.2321893,47.9156413],[0.2321412,47.915657],[0.2320931,47.9156729],[0.2320451,47.9156888],[0.2319971,47.9157047],[0.2319492,47.9157207],[0.2319013,47.9157368],[0.2318534,47.9157529],[0.2318056,47.915769],[0.2317577,47.9157852],[0.2317099,47.9158014],[0.2316622,47.9158176],[0.2316144,47.9158339],[0.2315667,47.9158501],[0.231519,47.9158664],[0.2314712,47.9158827],[0.2314235,47.9158991],[0.2313758,47.9159154],[0.2313282,47.9159317],[0.2312805,47.9159481],[0.2312328,47.9159644],[0.2311851,47.9159808],[0.2311374,47.9159971],[0.2310897,47.9160134],[0.231042,47.9160297],[0.2309943,47.916046],[0.2309465,47.9160623],[0.2308988,47.9160787],[0.2308511,47.916095],[0.2308034,47.9161113],[0.2307557,47.9161276],[0.230708,47.9161439],[0.2306602,47.9161602],[0.2306125,47.9161765],[0.2305648,47.9161928],[0.2305171,47.9162091],[0.2304694,47.9162254],[0.2304217,47.9162417],[0.2303739,47.916258],[0.2303262,47.9162743],[0.2302786,47.9162907],[0.2302309,47.916307],[0.2301832,47.9163234],[0.2301355,47.9163397],[0.2300878,47.9163561],[0.2300402,47.9163725],[0.2299925,47.9163889],[0.2299449,47.9164053],[0.2298973,47.9164217],[0.2298497,47.9164381],[0.2298021,47.9164546],[0.2297545,47.9164711],[0.2297069,47.9164875],[0.2296593,47.9165041],[0.2296118,47.9165206],[0.2295642,47.9165371],[0.2295167,47.9165537],[0.2294692,47.9165703],[0.2294217,47.9165869],[0.2293743,47.9166035],[0.2293268,47.9166202],[0.2292794,47.9166369],[0.229232,47.9166536],[0.2291846,47.9166703],[0.2291372,47.9166871],[0.2290899,47.9167039],[0.2290426,47.9167207],[0.2289953,47.9167375],[0.228948,47.9167544],[0.2289008,47.9167713],[0.2288535,47.9167883],[0.2288064,47.9168052],[0.2287592,47.9168222],[0.228712,47.9168393],[0.2286649,47.9168564],[0.2286179,47.9168735],[0.2285708,47.9168906],[0.2285238,47.9169078],[0.2284768,47.9169251],[0.2284298,47.9169423],[0.2283829,47.9169597],[0.228336,47.916977],[0.2282892,47.9169944],[0.2282424,47.9170119],[0.2281956,47.9170293],[0.2281488,47.9170469],[0.2281021,47.9170644],[0.2280554,47.9170821],[0.2280088,47.9170997],[0.2279622,47.9171174],[0.2279157,47.9171352],[0.2278692,47.917153],[0.2278227,47.9171709],[0.2277763,47.9171888],[0.2277299,47.9172068],[0.2276836,47.9172248],[0.2276373,47.9172429],[0.2275911,47.917261],[0.2275449,47.9172792],[0.2274987,47.9172974],[0.2274526,47.9173157],[0.2274066,47.917334],[0.2273606,47.9173525],[0.2273147,47.9173709],[0.2272688,47.9173895],[0.2272229,47.917408],[0.2271772,47.9174267],[0.2271314,47.9174454],[0.2270858,47.9174642],[0.2270402,47.917483],[0.2269946,47.9175019],[0.2269491,47.9175208],[0.2269036,47.9175398],[0.2268582,47.9175588],[0.2268128,47.9175779],[0.2267675,47.9175971],[0.2267222,47.9176163],[0.226677,47.9176355],[0.2266319,47.9176548],[0.2265867,47.9176742],[0.2265417,47.9176936],[0.2264966,47.917713],[0.2264516,47.9177325],[0.2264067,47.9177521],[0.2263618,47.9177717],[0.226317,47.9177913],[0.2262722,47.917811],[0.2262274,47.9178308],[0.2261827,47.9178506],[0.2261381,47.9178704],[0.2260934,47.9178902],[0.2260488,47.9179102],[0.2260043,47.9179301],[0.2259598,47.9179501],[0.2259154,47.9179702],[0.2258709,47.9179902],[0.2258266,47.9180104],[0.2257822,47.9180305],[0.2257379,47.9180507],[0.2256937,47.9180709],[0.2256495,47.9180912],[0.2256053,47.9181115],[0.2255611,47.9181319],[0.225517,47.9181523],[0.2254729,47.9181727],[0.2254289,47.9181931],[0.2253849,47.9182136],[0.2253409,47.9182341],[0.225297,47.9182547],[0.2252531,47.9182753],[0.2252092,47.9182959],[0.2251654,47.9183165],[0.2251216,47.9183372],[0.2250778,47.9183579],[0.225034,47.9183786],[0.2249903,47.9183994],[0.2249466,47.9184201],[0.224903,47.918441],[0.2248593,47.9184618],[0.2248157,47.9184827],[0.2247721,47.9185035],[0.2247286,47.9185245],[0.224685,47.9185454],[0.2246415,47.9185664],[0.2245981,47.9185873],[0.2245546,47.9186083],[0.2245112,47.9186294],[0.2244677,47.9186504],[0.2244244,47.9186715],[0.224381,47.9186926],[0.2243377,47.9187137],[0.2242944,47.9187348],[0.2242511,47.918756],[0.2242078,47.9187772],[0.2241646,47.9187984],[0.2241214,47.9188196],[0.2240782,47.9188409],[0.224035,47.9188621],[0.2239919,47.9188834],[0.2239487,47.9189048],[0.2239056,47.9189261],[0.2238626,47.9189475],[0.2238195,47.9189688],[0.2237765,47.9189903],[0.2237335,47.9190117],[0.2236905,47.9190331],[0.2236476,47.9190546],[0.2236047,47.9190761],[0.2235618,47.9190976],[0.2235189,47.9191192],[0.223476,47.9191407],[0.2234332,47.9191623],[0.2233904,47.9191839],[0.2233477,47.9192056],[0.2233049,47.9192272],[0.2232622,47.9192489],[0.2232195,47.9192706],[0.2231768,47.9192923],[0.2231342,47.9193141],[0.2230916,47.9193358],[0.223049,47.9193576],[0.2230065,47.9193795],[0.2229639,47.9194013],[0.2229214,47.9194232],[0.222879,47.9194451],[0.2228365,47.919467],[0.2227941,47.9194889],[0.2227517,47.9195109],[0.2227094,47.9195329],[0.222667,47.9195549],[0.2226247,47.919577],[0.2225825,47.919599],[0.2225402,47.9196211],[0.222498,47.9196433],[0.2224558,47.9196654],[0.2224137,47.9196876],[0.2223716,47.9197099],[0.2223296,47.9197321],[0.2222875,47.9197544],[0.2222456,47.9197767],[0.2222036,47.9197991],[0.2221617,47.9198215],[0.2221199,47.9198439],[0.222078,47.9198663],[0.2220363,47.9198888],[0.2219945,47.9199113],[0.2219528,47.9199339],[0.2219112,47.9199565],[0.2218696,47.9199791],[0.221828,47.9200018],[0.2217865,47.9200245],[0.2217451,47.9200473],[0.2217036,47.9200701],[0.2216623,47.9200929],[0.221621,47.9201158],[0.2215798,47.9201388],[0.2215386,47.9201618],[0.2214976,47.9201849],[0.2214568,47.9202082],[0.2214161,47.9202315],[0.2213756,47.9202551],[0.2213354,47.9202788],[0.2212954,47.9203027],[0.2212557,47.9203268],[0.2212163,47.9203512],[0.2211772,47.9203758],[0.2211386,47.9204007],[0.2211003,47.9204258],[0.2210624,47.9204513],[0.2210251,47.920477],[0.2209882,47.9205031],[0.2209519,47.9205295],[0.2209162,47.9205563],[0.220881,47.9205835],[0.2208465,47.920611],[0.2208127,47.9206389],[0.2207796,47.9206671],[0.2207472,47.9206958],[0.2207158,47.9207249],[0.2206851,47.9207543],[0.2206553,47.9207842],[0.2206265,47.9208145],[0.2205986,47.9208452],[0.2205717,47.9208764],[0.2205458,47.9209078],[0.2205208,47.9209396],[0.2204968,47.9209718],[0.2204737,47.9210042],[0.2204516,47.921037],[0.2204302,47.92107],[0.2204097,47.9211032],[0.22039,47.9211367],[0.2203711,47.9211703],[0.2203529,47.9212041],[0.2203355,47.9212381],[0.2203186,47.9212723],[0.2203022,47.9213065],[0.2202865,47.9213409],[0.2202711,47.9213754],[0.2202562,47.9214099],[0.2202416,47.9214445],[0.2202273,47.9214792],[0.2202131,47.9215139],[0.2201992,47.9215486],[0.2201854,47.9215834],[0.2201716,47.9216181],[0.2201579,47.9216529],[0.220144,47.9216876],[0.2201301,47.9217224],[0.2201159,47.9217571],[0.2201012,47.9217916],[0.2200858,47.9218261],[0.2200694,47.9218603],[0.220052,47.9218944],[0.2200333,47.9219281],[0.2200132,47.9219614],[0.2199914,47.9219943],[0.219968,47.9220266],[0.2199425,47.9220582],[0.2199147,47.922089],[0.2198847,47.9221187],[0.2198521,47.9221473],[0.2198167,47.9221743],[0.219779,47.9221997],[0.2197387,47.9222234],[0.219696,47.9222451],[0.2196513,47.9222649],[0.2196045,47.9222824],[0.2195561,47.9222976],[0.219506,47.9223103],[0.2194548,47.9223208],[0.2194026,47.9223286],[0.2193497,47.922334],[0.2192963,47.9223368],[0.2192428,47.9223372],[0.2191893,47.9223362],[0.2191359,47.9223335],[0.2190827,47.9223296],[0.2190298,47.922324],[0.2189773,47.9223172],[0.2189252,47.922309],[0.2188735,47.9222995],[0.2188224,47.9222889],[0.2187717,47.9222774],[0.2187214,47.9222649],[0.2186716,47.9222518],[0.2186221,47.9222382],[0.2185729,47.922224],[0.2185239,47.9222094],[0.2184752,47.9221946],[0.2184265,47.9221796],[0.2183779,47.9221646],[0.2183292,47.9221496],[0.2182804,47.9221348],[0.2182316,47.92212],[0.2181828,47.9221053],[0.2181338,47.9220907],[0.2180849,47.9220761],[0.2180359,47.9220617],[0.2179868,47.9220473],[0.2179377,47.922033],[0.2178886,47.9220187],[0.2178394,47.9220045],[0.2177902,47.9219903],[0.217741,47.9219762],[0.2176917,47.9219621],[0.2176424,47.921948],[0.2175931,47.921934],[0.2175438,47.92192],[0.2174945,47.921906],[0.2174452,47.921892],[0.2173959,47.921878],[0.2173466,47.921864],[0.2172972,47.9218501],[0.2172479,47.9218361],[0.2171986,47.9218221],[0.2171493,47.921808],[0.2171,47.921794],[0.2170508,47.9217799],[0.2170015,47.9217658],[0.2169523,47.9217516],[0.2169032,47.9217374],[0.216854,47.9217232],[0.2168049,47.9217089],[0.2167558,47.9216945],[0.2167068,47.9216801],[0.2166578,47.9216656],[0.2166088,47.921651],[0.21656,47.9216363],[0.2165111,47.9216216],[0.2164624,47.9216068],[0.2164137,47.9215918],[0.216365,47.9215768],[0.2163165,47.9215617],[0.2162679,47.9215465],[0.2162193,47.9215315],[0.2161703,47.921517],[0.2161206,47.9215036],[0.2160702,47.9214915],[0.216019,47.9214809],[0.2159671,47.9214723],[0.2159144,47.9214661],[0.2158611,47.9214628],[0.2158076,47.9214634],[0.2157548,47.921469],[0.215703,47.9214782],[0.2156532,47.9214913],[0.2156058,47.9215079],[0.2155608,47.9215274],[0.2155183,47.9215492],[0.2154793,47.9215738],[0.215445,47.9216014],[0.2154151,47.9216312],[0.215389,47.9216626],[0.2153665,47.9216952],[0.2153471,47.9217288],[0.2153299,47.9217628],[0.2153148,47.9217973],[0.2153012,47.9218321],[0.2152887,47.9218671],[0.2152769,47.9219022],[0.2152659,47.9219374],[0.2152555,47.9219727],[0.2152455,47.922008],[0.215236,47.9220434],[0.2152267,47.9220788],[0.2152174,47.9221143],[0.2152082,47.9221497],[0.2151989,47.9221851],[0.2151896,47.9222206],[0.2151803,47.922256],[0.215171,47.9222914],[0.2151616,47.9223268],[0.2151522,47.9223622],[0.2151428,47.9223976],[0.2151333,47.922433],[0.2151238,47.9224684],[0.2151143,47.9225038],[0.2151048,47.9225392],[0.2150952,47.9225746],[0.2150856,47.92261],[0.2150759,47.9226454],[0.2150662,47.9226808],[0.2150565,47.9227162],[0.2150468,47.9227515],[0.215037,47.9227869],[0.2150272,47.9228223],[0.2150173,47.9228576],[0.2150074,47.922893],[0.2149975,47.9229283],[0.2149875,47.9229637],[0.2149775,47.922999],[0.2149675,47.9230343],[0.2149574,47.9230697],[0.2149473,47.923105],[0.2149371,47.9231403],[0.2149269,47.9231756],[0.2149167,47.9232109],[0.2149064,47.9232462],[0.214896,47.9232815],[0.2148857,47.9233168],[0.2148752,47.9233521],[0.2148648,47.9233874],[0.2148543,47.9234226],[0.2148437,47.9234579],[0.2148331,47.9234932],[0.2148224,47.9235284],[0.2148117,47.9235637],[0.214801,47.9235989],[0.2147902,47.9236341],[0.2147794,47.9236694],[0.2147685,47.9237046],[0.2147575,47.9237398],[0.2147465,47.923775],[0.2147355,47.9238102],[0.2147244,47.9238454],[0.2147132,47.9238806],[0.214702,47.9239158],[0.2146907,47.9239509],[0.2146794,47.9239861],[0.2146681,47.9240212],[0.2146566,47.9240564],[0.2146451,47.9240915],[0.2146336,47.9241266],[0.214622,47.9241618],[0.2146104,47.9241969],[0.2145986,47.924232],[0.2145869,47.9242671],[0.214575,47.9243021],[0.2145631,47.9243372],[0.2145512,47.9243723],[0.2145392,47.9244073],[0.2145271,47.9244424],[0.2145149,47.9244774],[0.2145027,47.9245124],[0.2144905,47.9245474],[0.2144781,47.9245824],[0.2144657,47.9246174],[0.2144533,47.9246524],[0.2144407,47.9246874],[0.2144281,47.9247224],[0.2144155,47.9247573],[0.2144027,47.9247923],[0.2143899,47.9248272],[0.2143771,47.9248621],[0.2143641,47.924897],[0.2143511,47.9249319],[0.2143379,47.9249668],[0.2143247,47.9250016],[0.2143115,47.9250365],[0.2142981,47.9250713],[0.2142846,47.9251061],[0.2142711,47.9251409],[0.2142575,47.9251757],[0.2142438,47.9252105],[0.21423,47.9252452],[0.2142161,47.92528],[0.2142021,47.9253147],[0.214188,47.9253494],[0.2141738,47.9253841],[0.2141595,47.9254188],[0.2141452,47.9254534],[0.2141307,47.925488],[0.2141161,47.9255227],[0.2141014,47.9255573],[0.2140866,47.9255918],[0.2140717,47.9256264],[0.2140567,47.9256609],[0.2140416,47.9256954],[0.2140264,47.9257299],[0.2140111,47.9257644],[0.2139956,47.9257988],[0.21398,47.9258332],[0.2139643,47.9258676],[0.2139485,47.925902],[0.2139326,47.9259363],[0.2139166,47.9259706],[0.2139004,47.9260049],[0.2138841,47.9260392],[0.2138677,47.9260734],[0.2138512,47.9261077],[0.2138346,47.9261419],[0.2138178,47.926176],[0.2138009,47.9262101],[0.2137838,47.9262442],[0.2137666,47.9262783],[0.2137493,47.9263123],[0.2137318,47.9263463],[0.2137142,47.9263803],[0.2136965,47.9264143],[0.2136786,47.9264482],[0.2136606,47.926482],[0.2136425,47.9265159],[0.2136242,47.9265497],[0.2136058,47.9265835],[0.2135872,47.9266172],[0.2135685,47.9266509],[0.2135497,47.9266846],[0.2135307,47.9267182],[0.2135115,47.9267518],[0.2134923,47.9267854],[0.2134729,47.9268189],[0.2134534,47.9268524],[0.2134337,47.9268859],[0.2134139,47.9269193],[0.213394,47.9269527],[0.213374,47.9269861],[0.2133539,47.9270194],[0.2133336,47.9270527],[0.2133132,47.9270859],[0.2132927,47.9271192],[0.2132721,47.9271524],[0.2132514,47.9271855],[0.2132306,47.9272187],[0.2132096,47.9272518],[0.2131886,47.9272849],[0.2131674,47.9273179],[0.2131461,47.9273509],[0.2131248,47.9273839],[0.2131033,47.9274168],[0.2130817,47.9274498],[0.21306,47.9274826],[0.2130382,47.9275155],[0.2130164,47.9275483],[0.2129944,47.9275811],[0.2129723,47.9276139],[0.2129502,47.9276467],[0.2129279,47.9276794],[0.2129056,47.9277121],[0.2128832,47.9277447],[0.2128606,47.9277774],[0.212838,47.92781],[0.2128154,47.9278426],[0.2127926,47.9278751],[0.2127698,47.9279077],[0.2127468,47.9279402],[0.2127239,47.9279726],[0.2127008,47.9280051],[0.2126777,47.9280375],[0.2126544,47.92807],[0.2126312,47.9281024],[0.2126078,47.9281347],[0.2125844,47.9281671],[0.2125608,47.9281994],[0.2125373,47.9282317],[0.2125136,47.9282639],[0.2124899,47.9282962],[0.2124662,47.9283284],[0.2124423,47.9283606],[0.2124185,47.9283928],[0.2123945,47.928425],[0.2123705,47.9284572],[0.2123465,47.9284893],[0.2123224,47.9285214],[0.2122982,47.9285535],[0.212274,47.9285856],[0.2122498,47.9286177],[0.2122255,47.9286498],[0.2122012,47.9286818],[0.2121768,47.9287138],[0.2121523,47.9287458],[0.2121279,47.9287778],[0.2121033,47.9288098],[0.2120787,47.9288417],[0.2120541,47.9288737],[0.2120294,47.9289056],[0.2120046,47.9289375],[0.2119798,47.9289693],[0.2119549,47.9290012],[0.21193,47.929033],[0.2119051,47.9290649],[0.2118801,47.9290967],[0.211855,47.9291284],[0.2118298,47.9291602],[0.2118046,47.9291919],[0.2117793,47.9292236],[0.211754,47.9292553],[0.2117285,47.929287],[0.211703,47.9293186],[0.2116775,47.9293502],[0.2116519,47.9293818],[0.2116262,47.9294134],[0.2116004,47.9294449],[0.2115746,47.9294764],[0.2115487,47.9295079],[0.2115227,47.9295393],[0.2114967,47.9295708],[0.2114705,47.9296022],[0.2114443,47.9296335],[0.211418,47.9296649],[0.2113917,47.9296962],[0.2113652,47.9297274],[0.2113387,47.9297587],[0.2113121,47.9297899],[0.2112854,47.9298211],[0.2112586,47.9298522],[0.2112317,47.9298833],[0.2112048,47.9299144],[0.2111778,47.9299455],[0.2111507,47.9299765],[0.2111234,47.9300075],[0.2110962,47.9300384],[0.2110688,47.9300693],[0.2110413,47.9301002],[0.2110137,47.930131],[0.210986,47.9301618],[0.2109582,47.9301926],[0.2109304,47.9302233],[0.2109024,47.930254],[0.2108744,47.9302846],[0.2108462,47.9303152],[0.210818,47.9303457],[0.2107896,47.9303763],[0.2107612,47.9304068],[0.2107327,47.9304372],[0.2107041,47.9304676],[0.2106753,47.9304979],[0.2106465,47.9305282],[0.2106175,47.9305585],[0.2105885,47.9305887],[0.2105593,47.9306189],[0.21053,47.930649],[0.2105006,47.9306791],[0.2104711,47.9307091],[0.2104416,47.930739],[0.2104118,47.930769],[0.210382,47.9307988],[0.2103521,47.9308287],[0.210322,47.9308584],[0.2102918,47.9308881],[0.2102616,47.9309178],[0.2102312,47.9309474],[0.2102006,47.930977],[0.21017,47.9310065],[0.2101393,47.9310359],[0.2101084,47.9310653],[0.2100775,47.9310947],[0.2100466,47.9311241],[0.2100157,47.9311534],[0.2099848,47.9311828],[0.2099539,47.9312122],[0.2099231,47.9312416],[0.2098924,47.9312711],[0.2098618,47.9313006],[0.2098314,47.9313302],[0.2098011,47.9313598],[0.209771,47.9313896],[0.2097411,47.9314194],[0.2097115,47.9314494],[0.2096821,47.9314795],[0.209653,47.9315097],[0.2096243,47.93154],[0.2095959,47.9315705],[0.2095679,47.9316012],[0.2095402,47.931632],[0.209513,47.9316629],[0.2094863,47.9316941],[0.20946,47.9317254],[0.2094342,47.931757],[0.209409,47.9317887],[0.2093843,47.9318206],[0.2093603,47.9318528],[0.2093369,47.9318851],[0.2093142,47.9319177],[0.2092921,47.9319505],[0.2092708,47.9319835],[0.2092503,47.9320167],[0.2092305,47.9320501],[0.2092115,47.9320838],[0.2091934,47.9321176],[0.2091762,47.9321517],[0.20916,47.932186],[0.2091447,47.9322204],[0.2091303,47.9322551],[0.209117,47.9322899],[0.2091046,47.9323249],[0.2090932,47.9323601],[0.209083,47.9323954],[0.2090739,47.9324308],[0.2090661,47.9324664],[0.2090596,47.9325021],[0.2090542,47.9325379],[0.2090502,47.9325738],[0.2090476,47.9326097],[0.2090463,47.9326456],[0.2090465,47.9326816],[0.209048,47.9327176],[0.2090512,47.9327535],[0.2090558,47.9327893],[0.2090617,47.9328251],[0.2090692,47.9328607],[0.2090781,47.9328961],[0.2090884,47.9329314],[0.2091001,47.9329665],[0.2091131,47.9330014],[0.2091275,47.9330361],[0.2091433,47.9330705],[0.2091604,47.9331045],[0.2091788,47.9331383],[0.2091985,47.9331718],[0.2092193,47.9332049],[0.2092415,47.9332376],[0.2092649,47.93327],[0.2092894,47.933302],[0.2093151,47.9333335],[0.2093416,47.9333648],[0.2093691,47.9333956],[0.2093976,47.9334261],[0.2094268,47.9334563],[0.2094568,47.933486],[0.2094876,47.9335155],[0.209519,47.9335446],[0.2095511,47.9335734],[0.2095838,47.9336019],[0.2096169,47.9336301],[0.2096506,47.9336581],[0.2096847,47.9336858],[0.2097191,47.9337134],[0.2097538,47.9337407],[0.2097888,47.933768],[0.2098241,47.933795],[0.2098595,47.933822],[0.209895,47.9338489],[0.2099307,47.9338758],[0.2099663,47.9339026],[0.210002,47.9339294],[0.2100376,47.9339562],[0.2100732,47.9339831],[0.2101086,47.9340101],[0.2101438,47.9340372],[0.2101788,47.9340644],[0.2102135,47.9340918],[0.2102479,47.9341194],[0.2102819,47.9341472],[0.2103155,47.9341752],[0.2103486,47.9342034],[0.2103812,47.934232],[0.2104132,47.9342608],[0.2104447,47.9342899],[0.2104754,47.9343194],[0.2105053,47.9343492],[0.2105345,47.9343794],[0.2105627,47.9344099],[0.2105901,47.9344408],[0.2106167,47.934472],[0.2106424,47.9345036],[0.2106672,47.9345355],[0.2106908,47.9345678],[0.2107135,47.9346003],[0.2107353,47.9346332],[0.2107559,47.9346664],[0.2107754,47.9346999],[0.2107939,47.9347336],[0.2108114,47.9347676],[0.2108281,47.9348018],[0.2108438,47.9348362],[0.2108586,47.9348708],[0.2108724,47.9349055],[0.2108851,47.9349405],[0.210897,47.9349756],[0.2109079,47.9350108],[0.2109178,47.9350461],[0.2109268,47.9350816],[0.2109348,47.9351172],[0.2109416,47.9351528],[0.2109476,47.9351886],[0.2109527,47.9352244],[0.2109566,47.9352603],[0.2109595,47.9352962],[0.2109616,47.9353321],[0.2109628,47.9353681],[0.2109631,47.9354041],[0.2109626,47.93544],[0.210961,47.935476],[0.2109585,47.9355119],[0.2109552,47.9355478],[0.210951,47.9355837],[0.2109459,47.9356195],[0.21094,47.9356552],[0.210933,47.9356909],[0.2109252,47.9357265],[0.2109165,47.935762],[0.210907,47.9357974],[0.2108966,47.9358327],[0.2108853,47.9358678],[0.210873,47.9359028],[0.2108598,47.9359377],[0.2108457,47.9359724],[0.2108307,47.9360069],[0.2108147,47.9360412],[0.2107977,47.9360754],[0.2107799,47.9361093],[0.210761,47.936143],[0.2107413,47.9361764],[0.2107207,47.9362096],[0.2106991,47.9362425],[0.2106765,47.9362751],[0.2106531,47.9363075],[0.2106286,47.9363395],[0.2106033,47.9363712],[0.2105771,47.9364025],[0.2105499,47.9364335],[0.2105219,47.9364642],[0.2104929,47.9364944],[0.210463,47.9365242],[0.2104323,47.9365537],[0.2104005,47.9365826],[0.2103679,47.9366112],[0.2103345,47.9366393],[0.2103004,47.936667],[0.2102656,47.9366944],[0.2102303,47.9367214],[0.2101944,47.9367481],[0.2101581,47.9367745],[0.2101214,47.9368007],[0.2100843,47.9368266],[0.210047,47.9368524],[0.2100095,47.9368781],[0.2099718,47.9369037],[0.2099341,47.9369292],[0.2098964,47.9369547],[0.2098587,47.9369802],[0.2098211,47.9370058],[0.2097836,47.9370315],[0.2097464,47.9370574],[0.2097095,47.9370834],[0.209673,47.9371097],[0.2096368,47.9371363],[0.2096012,47.9371631],[0.2095661,47.9371903],[0.2095316,47.9372178],[0.2094978,47.9372457],[0.2094648,47.937274],[0.2094326,47.9373027],[0.2094013,47.9373319],[0.2093711,47.9373616],[0.2093419,47.9373918],[0.2093138,47.9374224],[0.209287,47.9374535],[0.2092613,47.9374851],[0.2092371,47.9375171],[0.2092141,47.9375497],[0.2091926,47.9375826],[0.2091726,47.9376159],[0.2091539,47.9376496],[0.2091367,47.9376837],[0.209121,47.9377181],[0.2091066,47.9377527],[0.2090938,47.9377877],[0.2090825,47.9378228],[0.2090726,47.9378582],[0.2090643,47.9378937],[0.2090573,47.9379294],[0.2090518,47.9379652],[0.2090479,47.938001],[0.2090454,47.938037],[0.2090444,47.9380729],[0.2090448,47.9381089],[0.2090466,47.9381448],[0.20905,47.9381807],[0.2090547,47.9382166],[0.2090608,47.9382523],[0.2090685,47.9382879],[0.2090776,47.9383234],[0.209088,47.9383586],[0.2091,47.9383937],[0.2091133,47.9384285],[0.209128,47.9384631],[0.2091442,47.9384974],[0.2091616,47.9385314],[0.2091807,47.938565],[0.2092011,47.9385983],[0.2092228,47.9386312],[0.209246,47.9386636],[0.2092705,47.9386956],[0.2092963,47.9387271],[0.2093236,47.938758],[0.209352,47.9387885],[0.2093816,47.9388185],[0.2094123,47.9388479],[0.209444,47.9388769],[0.2094766,47.9389055],[0.20951,47.9389336],[0.2095441,47.9389613],[0.2095789,47.9389887],[0.2096142,47.9390157],[0.2096499,47.9390425],[0.209686,47.939069],[0.2097224,47.9390954],[0.209759,47.9391216],[0.2097958,47.9391478],[0.2098326,47.9391739],[0.2098694,47.9392],[0.2099061,47.9392262],[0.2099426,47.9392525],[0.2099789,47.939279],[0.2100148,47.9393057],[0.2100503,47.9393326],[0.2100853,47.9393598],[0.2101196,47.9393874],[0.2101533,47.9394154],[0.2101862,47.9394437],[0.2102183,47.9394725],[0.2102495,47.9395018],[0.2102796,47.9395315],[0.2103084,47.9395618],[0.2103361,47.9395926],[0.2103622,47.939624],[0.2103869,47.9396559],[0.2104101,47.9396884],[0.2104314,47.9397213],[0.2104512,47.9397548],[0.2104692,47.9397886],[0.2104857,47.9398229],[0.2105007,47.9398574],[0.210514,47.9398922],[0.210526,47.9399273],[0.2105365,47.9399626],[0.2105455,47.939998],[0.2105534,47.9400336],[0.2105599,47.9400693],[0.2105651,47.9401051],[0.2105693,47.940141],[0.2105722,47.9401769],[0.210574,47.9402128],[0.2105747,47.9402488],[0.2105745,47.9402848],[0.2105732,47.9403207],[0.2105711,47.9403567],[0.2105682,47.9403926],[0.2105644,47.9404285],[0.21056,47.9404643],[0.2105549,47.9405001],[0.2105492,47.9405359],[0.2105429,47.9405716],[0.2105361,47.9406073],[0.2105289,47.9406429],[0.2105213,47.9406786],[0.2105133,47.9407141],[0.210505,47.9407497],[0.2104965,47.9407852],[0.2104877,47.9408207],[0.2104788,47.9408561],[0.2104697,47.9408916],[0.2104605,47.940927],[0.2104512,47.9409624],[0.2104418,47.9409979],[0.2104325,47.9410333],[0.2104231,47.9410687],[0.2104137,47.9411041],[0.2104044,47.9411395],[0.2103952,47.941175],[0.2103861,47.9412104],[0.2103772,47.9412459],[0.2103684,47.9412814],[0.2103599,47.9413169],[0.2103517,47.9413524],[0.2103437,47.941388],[0.210336,47.9414236],[0.2103287,47.9414592],[0.2103218,47.9414949],[0.2103152,47.9415306],[0.2103092,47.9415664],[0.2103036,47.9416021],[0.2102984,47.9416379],[0.2102939,47.9416738],[0.2102899,47.9417096],[0.2102865,47.9417455],[0.2102837,47.9417815],[0.2102816,47.9418174],[0.21028,47.9418534],[0.2102792,47.9418893],[0.2102789,47.9419253],[0.2102791,47.9419613],[0.2102798,47.9419973],[0.2102809,47.9420332],[0.2102824,47.9420692],[0.2102843,47.9421051],[0.2102865,47.9421411],[0.2102889,47.942177],[0.2102915,47.9422129],[0.2102943,47.9422489],[0.2102971,47.9422848],[0.2103,47.9423207],[0.2103029,47.9423566],[0.2103058,47.9423925],[0.2103085,47.9424285],[0.2103111,47.9424644],[0.2103135,47.9425003],[0.2103157,47.9425363],[0.2103175,47.9425722],[0.210319,47.9426082],[0.2103201,47.9426441],[0.2103207,47.9426801],[0.2103209,47.9427161],[0.2103204,47.9427521],[0.2103195,47.942788],[0.210318,47.942824],[0.2103159,47.9428599],[0.2103133,47.9428959],[0.2103101,47.9429318],[0.2103064,47.9429676],[0.2103022,47.9430035],[0.2102974,47.9430393],[0.2102922,47.9430751],[0.2102865,47.9431109],[0.2102803,47.9431466],[0.2102736,47.9431823],[0.2102665,47.943218],[0.2102589,47.9432536],[0.2102509,47.9432892],[0.2102425,47.9433247],[0.2102336,47.9433602],[0.2102244,47.9433956],[0.2102148,47.943431],[0.2102048,47.9434663],[0.2101945,47.9435016],[0.2101838,47.9435369],[0.2101729,47.9435721],[0.2101616,47.9436073],[0.2101502,47.9436424],[0.2101384,47.9436775],[0.2101265,47.9437125],[0.2101142,47.9437476],[0.2101018,47.9437826],[0.2100891,47.9438175],[0.2100763,47.9438524],[0.2100632,47.9438873],[0.21005,47.9439222],[0.2100367,47.943957],[0.2100231,47.9439918],[0.2100095,47.9440266],[0.2099957,47.9440614],[0.2099819,47.9440961],[0.2099679,47.9441308],[0.2099538,47.9441655],[0.2099397,47.9442002],[0.2099255,47.9442349],[0.2099113,47.9442696],[0.2098969,47.9443043],[0.2098825,47.9443389],[0.2098681,47.9443735],[0.2098535,47.9444082],[0.209839,47.9444428],[0.2098244,47.9444774],[0.2098097,47.944512],[0.209795,47.9445466],[0.2097803,47.9445812],[0.2097656,47.9446157],[0.2097508,47.9446503],[0.209736,47.9446849],[0.2097212,47.9447195],[0.2097064,47.944754],[0.2096916,47.9447886],[0.2096767,47.9448232],[0.2096619,47.9448577],[0.2096471,47.9448923],[0.2096323,47.9449269],[0.2096175,47.9449614],[0.2096028,47.944996],[0.209588,47.9450306],[0.2095733,47.9450652],[0.2095587,47.9450998],[0.2095441,47.9451344],[0.2095295,47.945169],[0.2095149,47.9452036],[0.2095005,47.9452382],[0.209486,47.9452729],[0.2094717,47.9453075],[0.2094574,47.9453422],[0.2094432,47.9453769],[0.209429,47.9454116],[0.209415,47.9454463],[0.209401,47.945481],[0.2093871,47.9455158],[0.2093733,47.9455505],[0.2093597,47.9455853],[0.2093461,47.9456201],[0.2093326,47.9456549],[0.2093192,47.9456897],[0.209306,47.9457246],[0.2092929,47.9457595],[0.2092799,47.9457944],[0.209267,47.9458293],[0.2092543,47.9458642],[0.2092418,47.9458992],[0.2092293,47.9459342],[0.209217,47.9459692],[0.2092049,47.9460042],[0.2091928,47.9460393],[0.2091808,47.9460743],[0.2091688,47.9461094],[0.2091569,47.9461445],[0.2091448,47.9461795],[0.2091326,47.9462145],[0.2091202,47.9462495],[0.2091075,47.9462845],[0.2090945,47.9463194],[0.2090812,47.9463542],[0.2090674,47.946389],[0.2090532,47.9464236],[0.2090384,47.9464582],[0.209023,47.9464927],[0.2090069,47.946527],[0.2089899,47.9465611],[0.208972,47.946595],[0.2089531,47.9466286],[0.2089328,47.9466619],[0.2089113,47.9466949],[0.2088883,47.9467274],[0.2088637,47.9467593],[0.2088374,47.9467906],[0.2088093,47.9468212],[0.2087794,47.9468511],[0.2087478,47.9468801],[0.2087145,47.9469082],[0.2086793,47.9469354],[0.2086425,47.9469615],[0.2086042,47.9469866],[0.2085651,47.9470111],[0.2085253,47.9470352],[0.2084854,47.9470592],[0.2084459,47.9470835],[0.2084072,47.9471083],[0.2083698,47.9471341],[0.208334,47.9471608],[0.2083004,47.9471888],[0.2082691,47.947218],[0.2082408,47.9472485],[0.2082149,47.94728],[0.2081918,47.9473124],[0.2081713,47.9473456],[0.2081533,47.9473795],[0.2081379,47.9474139],[0.2081245,47.9474488],[0.2081131,47.9474839],[0.2081033,47.9475193],[0.2080946,47.9475548],[0.2080868,47.9475904],[0.2080794,47.947626],[0.2080722,47.9476616],[0.2080647,47.9476972],[0.2080565,47.9477328],[0.2080475,47.9477683],[0.208037,47.9478035],[0.2080248,47.9478386],[0.2080107,47.9478733],[0.2079941,47.9479074],[0.2079745,47.9479409],[0.207952,47.9479735],[0.2079259,47.9480049],[0.2078958,47.9480346],[0.2078622,47.9480626],[0.2078255,47.9480888],[0.2077865,47.9481134],[0.207746,47.9481369],[0.2077047,47.9481599],[0.2076636,47.9481829],[0.207624,47.9482071],[0.2075862,47.9482326],[0.2075511,47.9482597],[0.2075186,47.9482883],[0.2074889,47.9483182],[0.2074632,47.9483497],[0.207442,47.9483827],[0.2074251,47.9484168],[0.2074121,47.9484517],[0.2074025,47.9484871],[0.2073959,47.9485228],[0.2073908,47.9485586],[0.2073877,47.9485945],[0.2073865,47.9486305],[0.2073871,47.9486664],[0.207389,47.9487024],[0.2073922,47.9487383],[0.207396,47.9487742],[0.2074002,47.94881],[0.2074047,47.9488459],[0.2074091,47.9488817],[0.2074134,47.9489176],[0.2074176,47.9489535],[0.2074217,47.9489893],[0.2074255,47.9490252],[0.2074293,47.9490611],[0.2074329,47.949097],[0.2074364,47.9491329],[0.2074398,47.9491688],[0.207443,47.9492047],[0.2074462,47.9492406],[0.2074491,47.9492765],[0.2074519,47.9493124],[0.2074546,47.9493484],[0.2074572,47.9493843],[0.2074597,47.9494202],[0.2074622,47.9494562],[0.2074645,47.9494921],[0.2074668,47.949528],[0.2074689,47.949564],[0.207471,47.9495999],[0.2074729,47.9496359],[0.2074748,47.9496718],[0.2074766,47.9497078],[0.2074783,47.9497437],[0.2074799,47.9497797],[0.2074814,47.9498156],[0.2074829,47.9498516],[0.2074843,47.9498876],[0.2074856,47.9499235],[0.2074868,47.9499595],[0.207488,47.9499954],[0.2074891,47.9500314],[0.2074902,47.9500674],[0.2074912,47.9501033],[0.2074922,47.9501393],[0.2074931,47.9501753],[0.207494,47.9502112],[0.2074948,47.9502472],[0.2074955,47.9502832],[0.2074963,47.9503191],[0.207497,47.9503551],[0.2074976,47.9503911],[0.2074983,47.9504271],[0.2074989,47.950463],[0.2074995,47.950499],[0.2075,47.950535],[0.2075006,47.9505709],[0.2075011,47.9506069],[0.2075016,47.9506429],[0.2075021,47.9506788],[0.2075026,47.9507148],[0.2075031,47.9507508],[0.2075036,47.9507868],[0.207504,47.9508227],[0.2075045,47.9508587],[0.207505,47.9508947]]}},{"type":"Feature","properties":{"role":"apex","id":"t1-apex","corner":"t1","edge":"right","marker":0.04088,"quality":{"source":"ign-bdortho-2022","accuracy_m":1.45,"relative_accuracy_m":0.15,"measured":true,"date":"2022"}},"geometry":{"type":"Point","coordinates":[0.2091845,47.9556498]}},{"type":"Feature","properties":{"role":"geometric_apex","id":"t1-geometric-apex","corner":"t1","edge":"right","marker":0.04029,"quality":{"source":"ign-bdortho-2022","accuracy_m":1.45,"relative_accuracy_m":0.15,"measured":true,"date":"2022"}},"geometry":{"type":"Point","coordinates":[0.2091099,47.9556049]}},{"type":"Feature","properties":{"role":"apex","id":"t2-apex","corner":"t2","edge":"left","marker":0.05365,"quality":{"source":"ign-bdortho-2022","accuracy_m":1.45,"relative_accuracy_m":0.15,"measured":true,"date":"2022"}},"geometry":{"type":"Point","coordinates":[0.2109549,47.9565816]}},{"type":"Feature","properties":{"role":"geometric_apex","id":"t2-geometric-apex","corner":"t2","edge":"left","marker":0.05356,"quality":{"source":"ign-bdortho-2022","accuracy_m":1.45,"relative_accuracy_m":0.15,"measured":true,"date":"2022"}},"geometry":{"type":"Point","coordinates":[0.2109525,47.9565749]}},{"type":"Feature","properties":{"role":"apex","id":"t3-apex","corner":"t3","edge":"right","marker":0.0579,"quality":{"source":"ign-bdortho-2022","accuracy_m":1.45,"relative_accuracy_m":0.15,"measured":true,"date":"2022"}},"geometry":{"type":"Point","coordinates":[0.2110438,47.9570579]}},{"type":"Feature","properties":{"role":"geometric_apex","id":"t3-geometric-apex","corner":"t3","edge":"right","marker":0.05833,"quality":{"source":"ign-bdortho-2022","accuracy_m":1.45,"relative_accuracy_m":0.15,"measured":true,"date":"2022"}},"geometry":{"type":"Point","coordinates":[0.2110659,47.9570939]}},{"type":"Feature","properties":{"role":"apex","id":"t4-apex","corner":"t4","edge":"left","marker":0.10172,"quality":{"source":"ign-bdortho-2022","accuracy_m":1.45,"relative_accuracy_m":0.15,"measured":true,"date":"2022"}},"geometry":{"type":"Point","coordinates":[0.2174516,47.9597336]}},{"type":"Feature","properties":{"role":"geometric_apex","id":"t4-geometric-apex","corner":"t4","edge":"left","marker":0.09784,"quality":{"source":"ign-bdortho-2022","accuracy_m":1.45,"relative_accuracy_m":0.15,"measured":true,"date":"2022"}},"geometry":{"type":"Point","coordinates":[0.2169939,47.9594237]}},{"type":"Feature","properties":{"role":"apex","id":"t5-apex","corner":"t5","edge":"right","marker":0.10803,"quality":{"source":"ign-bdortho-2022","accuracy_m":1.45,"relative_accuracy_m":0.15,"measured":true,"date":"2022"}},"geometry":{"type":"Point","coordinates":[0.2177806,47.9604525]}},{"type":"Feature","properties":{"role":"geometric_apex","id":"t5-geometric-apex","corner":"t5","edge":"right","marker":0.10883,"quality":{"source":"ign-bdortho-2022","accuracy_m":2.19,"relative_accuracy_m":1.65,"measured":false,"date":"2022"}},"geometry":{"type":"Point","coordinates":[0.217832,47.9605331]}},{"type":"Feature","properties":{"role":"apex","id":"t6-apex","corner":"t6","edge":"right","marker":0.13233,"quality":{"source":"ign-bdortho-2022","accuracy_m":1.45,"relative_accuracy_m":0.15,"measured":true,"date":"2022"}},"geometry":{"type":"Point","coordinates":[0.2214673,47.9618211]}},{"type":"Feature","properties":{"role":"geometric_apex","id":"t6-geometric-apex","corner":"t6","edge":"right","marker":0.13251,"quality":{"source":"ign-bdortho-2022","accuracy_m":1.45,"relative_accuracy_m":0.15,"measured":true,"date":"2022"}},"geometry":{"type":"Point","coordinates":[0.2215025,47.961818]}},{"type":"Feature","properties":{"role":"apex","id":"t7-apex","corner":"t7","edge":"right","marker":0.28917,"quality":{"source":"ign-bdortho-2022","accuracy_m":1.45,"relative_accuracy_m":0.15,"measured":true,"date":"2022"}},"geometry":{"type":"Point","coordinates":[0.233167,47.9448959]}},{"type":"Feature","properties":{"role":"geometric_apex","id":"t7-geometric-apex","corner":"t7","edge":"right","marker":0.28864,"quality":{"source":"ign-bdortho-2022","accuracy_m":1.45,"relative_accuracy_m":0.15,"measured":true,"date":"2022"}},"geometry":{"type":"Point","coordinates":[0.2331815,47.944947]}},{"type":"Feature","properties":{"role":"apex","id":"t8-apex","corner":"t8","edge":"left","marker":0.43476,"quality":{"source":"ign-bdortho-2022","accuracy_m":1.45,"relative_accuracy_m":0.15,"measured":true,"date":"2022"}},"geometry":{"type":"Point","coordinates":[0.2416009,47.9283228]}},{"type":"Feature","properties":{"role":"geometric_apex","id":"t8-geometric-apex","corner":"t8","edge":"left","marker":0.43195,"quality":{"source":"ign-bdortho-2022","accuracy_m":1.45,"relative_accuracy_m":0.15,"measured":true,"date":"2022"}},"geometry":{"type":"Point","coordinates":[0.2413042,47.9285342]}},{"type":"Feature","properties":{"role":"apex","id":"t9-apex","corner":"t9","edge":"right","marker":0.55979,"quality":{"source":"ign-bdortho-2022","accuracy_m":1.45,"relative_accuracy_m":0.15,"measured":true,"date":"2022"}},"geometry":{"type":"Point","coordinates":[0.2432484,47.9134937]}},{"type":"Feature","properties":{"role":"geometric_apex","id":"t9-geometric-apex","corner":"t9","edge":"right","marker":0.56052,"quality":{"source":"ign-bdortho-2022","accuracy_m":1.45,"relative_accuracy_m":0.15,"measured":true,"date":"2022"}},"geometry":{"type":"Point","coordinates":[0.2431594,47.9134843]}},{"type":"Feature","properties":{"role":"apex","id":"t10-apex","corner":"t10","edge":"right","marker":0.70072,"quality":{"source":"ign-bdortho-2022","accuracy_m":1.45,"relative_accuracy_m":0.15,"measured":true,"date":"2022"}},"geometry":{"type":"Point","coordinates":[0.2205804,47.9208848]}},{"type":"Feature","properties":{"role":"geometric_apex","id":"t10-geometric-apex","corner":"t10","edge":"right","marker":0.70207,"quality":{"source":"ign-bdortho-2022","accuracy_m":1.45,"relative_accuracy_m":0.15,"measured":true,"date":"2022"}},"geometry":{"type":"Point","coordinates":[0.2204849,47.92102]}},{"type":"Feature","properties":{"role":"apex","id":"t11-apex","corner":"t11","edge":"left","marker":0.71535,"quality":{"source":"ign-bdortho-2022","accuracy_m":1.45,"relative_accuracy_m":0.15,"measured":true,"date":"2022"}},"geometry":{"type":"Point","coordinates":[0.2193444,47.9223063]}},{"type":"Feature","properties":{"role":"geometric_apex","id":"t11-geometric-apex","corner":"t11","edge":"left","marker":0.71578,"quality":{"source":"ign-bdortho-2022","accuracy_m":1.45,"relative_accuracy_m":0.15,"measured":true,"date":"2022"}},"geometry":{"type":"Point","coordinates":[0.2192624,47.9223067]}},{"type":"Feature","properties":{"role":"apex","id":"t12-apex","corner":"t12","edge":"right","marker":0.73746,"quality":{"source":"ign-bdortho-2022","accuracy_m":1.45,"relative_accuracy_m":0.15,"measured":true,"date":"2022"}},"geometry":{"type":"Point","coordinates":[0.215632,47.9215081]}},{"type":"Feature","properties":{"role":"geometric_apex","id":"t12-geometric-apex","corner":"t12","edge":"right","marker":0.73777,"quality":{"source":"ign-bdortho-2022","accuracy_m":1.45,"relative_accuracy_m":0.15,"measured":true,"date":"2022"}},"geometry":{"type":"Point","coordinates":[0.2156042,47.9215216]}},{"type":"Feature","properties":{"role":"apex","id":"t13-apex","corner":"t13","edge":"left","marker":0.81565,"quality":{"source":"ign-bdortho-2022","accuracy_m":1.45,"relative_accuracy_m":0.15,"measured":true,"date":"2022"}},"geometry":{"type":"Point","coordinates":[0.2107675,47.9303634]}},{"type":"Feature","properties":{"role":"geometric_apex","id":"t13-geometric-apex","corner":"t13","edge":"left","marker":0.81569,"quality":{"source":"ign-bdortho-2022","accuracy_m":1.45,"relative_accuracy_m":0.15,"measured":true,"date":"2022"}},"geometry":{"type":"Point","coordinates":[0.2107616,47.9303697]}},{"type":"Feature","properties":{"role":"apex","id":"t14-apex","corner":"t14","edge":"right","marker":0.84269,"quality":{"source":"ign-bdortho-2022","accuracy_m":1.45,"relative_accuracy_m":0.15,"measured":true,"date":"2022"}},"geometry":{"type":"Point","coordinates":[0.2093124,47.9333115]}},{"type":"Feature","properties":{"role":"geometric_apex","id":"t14-geometric-apex","corner":"t14","edge":"right","marker":0.83255,"quality":{"source":"ign-bdortho-2022","accuracy_m":1.45,"relative_accuracy_m":0.15,"measured":true,"date":"2022"}},"geometry":{"type":"Point","coordinates":[0.2092403,47.9321692]}},{"type":"Feature","properties":{"role":"apex","id":"t15-apex","corner":"t15","edge":"left","marker":0.85451,"quality":{"source":"ign-bdortho-2022","accuracy_m":1.45,"relative_accuracy_m":0.15,"measured":true,"date":"2022"}},"geometry":{"type":"Point","coordinates":[0.2105891,47.9344577]}},{"type":"Feature","properties":{"role":"geometric_apex","id":"t15-geometric-apex","corner":"t15","edge":"left","marker":0.85388,"quality":{"source":"ign-bdortho-2022","accuracy_m":1.45,"relative_accuracy_m":0.15,"measured":true,"date":"2022"}},"geometry":{"type":"Point","coordinates":[0.2105394,47.9344033]}},{"type":"Feature","properties":{"role":"apex","id":"t16-apex","corner":"t16","edge":"right","marker":0.882,"quality":{"source":"ign-bdortho-2022","accuracy_m":1.45,"relative_accuracy_m":0.15,"measured":true,"date":"2022"}},"geometry":{"type":"Point","coordinates":[0.209337,47.9374153]}},{"type":"Feature","properties":{"role":"geometric_apex","id":"t16-geometric-apex","corner":"t16","edge":"right","marker":0.89258,"quality":{"source":"ign-bdortho-2022","accuracy_m":1.45,"relative_accuracy_m":0.15,"measured":true,"date":"2022"}},"geometry":{"type":"Point","coordinates":[0.2092302,47.9386201]}},{"type":"Feature","properties":{"role":"apex","id":"t17-apex","corner":"t17","edge":"left","marker":0.90324,"quality":{"source":"ign-bdortho-2022","accuracy_m":1.45,"relative_accuracy_m":0.15,"measured":true,"date":"2022"}},"geometry":{"type":"Point","coordinates":[0.2103606,47.939642]}},{"type":"Feature","properties":{"role":"geometric_apex","id":"t17-geometric-apex","corner":"t17","edge":"left","marker":0.90284,"quality":{"source":"ign-bdortho-2022","accuracy_m":1.45,"relative_accuracy_m":0.15,"measured":true,"date":"2022"}},"geometry":{"type":"Point","coordinates":[0.2103304,47.9396049]}},{"type":"Feature","properties":{"role":"apex","id":"t18-apex","corner":"t18","edge":"left","marker":0.9647,"quality":{"source":"ign-bdortho-2022","accuracy_m":1.45,"relative_accuracy_m":0.15,"measured":true,"date":"2022"}},"geometry":{"type":"Point","coordinates":[0.208667,47.9469307]}},{"type":"Feature","properties":{"role":"geometric_apex","id":"t18-geometric-apex","corner":"t18","edge":"left","marker":0.96501,"quality":{"source":"ign-bdortho-2022","accuracy_m":1.45,"relative_accuracy_m":0.15,"measured":true,"date":"2022"}},"geometry":{"type":"Point","coordinates":[0.2086344,47.946953]}},{"type":"Feature","properties":{"role":"apex","id":"t19-apex","corner":"t19","edge":"right","marker":0.96777,"quality":{"source":"ign-bdortho-2022","accuracy_m":1.45,"relative_accuracy_m":0.15,"measured":true,"date":"2022"}},"geometry":{"type":"Point","coordinates":[0.2083085,47.9471969]}},{"type":"Feature","properties":{"role":"geometric_apex","id":"t19-geometric-apex","corner":"t19","edge":"right","marker":0.96742,"quality":{"source":"ign-bdortho-2022","accuracy_m":1.45,"relative_accuracy_m":0.15,"measured":true,"date":"2022"}},"geometry":{"type":"Point","coordinates":[0.2083447,47.9471682]}},{"type":"Feature","properties":{"role":"apex","id":"t20-apex","corner":"t20","edge":"left","marker":0.97587,"quality":{"source":"ign-bdortho-2022","accuracy_m":1.45,"relative_accuracy_m":0.15,"measured":true,"date":"2022"}},"geometry":{"type":"Point","coordinates":[0.2078171,47.9480822]}},{"type":"Feature","properties":{"role":"geometric_apex","id":"t20-geometric-apex","corner":"t20","edge":"left","marker":0.97593,"quality":{"source":"ign-bdortho-2022","accuracy_m":1.45,"relative_accuracy_m":0.15,"measured":true,"date":"2022"}},"geometry":{"type":"Point","coordinates":[0.2078103,47.9480864]}},{"type":"Feature","properties":{"role":"apex","id":"t21-apex","corner":"t21","edge":"right","marker":0.97796,"quality":{"source":"ign-bdortho-2022","accuracy_m":1.45,"relative_accuracy_m":0.15,"measured":true,"date":"2022"}},"geometry":{"type":"Point","coordinates":[0.2075764,47.9482536]}},{"type":"Feature","properties":{"role":"geometric_apex","id":"t21-geometric-apex","corner":"t21","edge":"right","marker":0.97864,"quality":{"source":"ign-bdortho-2022","accuracy_m":1.45,"relative_accuracy_m":0.15,"measured":true,"date":"2022"}},"geometry":{"type":"Point","coordinates":[0.2075361,47.9483025]}},{"type":"Feature","properties":{"role":"sector_boundary","id":"s1-start","marker":0.0,"width_m":18.59,"quality":{"source":"ign-bdortho-2022","accuracy_m":1.45,"relative_accuracy_m":0.15,"measured":true,"date":"2022"},"range":"s1"},"geometry":{"type":"LineString","coordinates":[[0.2074426,47.9509051],[0.2076913,47.9508993]]}},{"type":"Feature","properties":{"role":"sector_boundary","id":"s2-start","marker":0.13993,"width_m":11.76,"quality":{"source":"ign-bdortho-2022","accuracy_m":1.45,"relative_accuracy_m":0.15,"measured":true,"date":"2022"},"range":"s2"},"geometry":{"type":"LineString","coordinates":[[0.2227433,47.9614823],[0.2226565,47.961394]]}},{"type":"Feature","properties":{"role":"sector_boundary","id":"s3-start","marker":0.57009,"width_m":13.32,"quality":{"source":"ign-bdortho-2022","accuracy_m":1.45,"relative_accuracy_m":0.15,"measured":true,"date":"2022"},"range":"s3"},"geometry":{"type":"LineString","coordinates":[[0.2414682,47.9136865],[0.2414984,47.9138045]]}},{"type":"Feature","properties":{"role":"complex_entry","id":"dunlop-entry","marker":0.05202,"width_m":12.49,"quality":{"source":"ign-bdortho-2022","accuracy_m":1.45,"relative_accuracy_m":0.15,"measured":true,"date":"2022"},"complex":"dunlop"},"geometry":{"type":"LineString","coordinates":[[0.2108083,47.9564647],[0.2109001,47.9563708]]}},{"type":"Feature","properties":{"role":"complex_exit","id":"dunlop-exit","marker":0.05943,"width_m":12.71,"quality":{"source":"ign-bdortho-2022","accuracy_m":1.45,"relative_accuracy_m":0.15,"measured":true,"date":"2022"},"complex":"dunlop"},"geometry":{"type":"LineString","coordinates":[[0.2110866,47.9572679],[0.2111831,47.9571738]]}},{"type":"Feature","properties":{"role":"complex_entry","id":"fordchicanes-entry","marker":0.96303,"width_m":9.35,"quality":{"source":"ign-bdortho-2022","accuracy_m":1.45,"relative_accuracy_m":0.15,"measured":true,"date":"2022"},"complex":"fordchicanes"},"geometry":{"type":"LineString","coordinates":[[0.2087956,47.9467675],[0.208916,47.9467905]]}},{"type":"Feature","properties":{"role":"complex_exit","id":"fordchicanes-exit","marker":0.9793,"width_m":12.37,"quality":{"source":"ign-bdortho-2022","accuracy_m":1.45,"relative_accuracy_m":0.15,"measured":true,"date":"2022"},"complex":"fordchicanes"},"geometry":{"type":"LineString","coordinates":[[0.2073816,47.9483782],[0.2075464,47.9483669]]}}]}