{
  "type": "FeatureCollection",
  "features": [
    {
      "type": "Feature",
      "properties": {
        "role": "outline",
        "layout": "24h",
        "basis": "midline"
      },
      "geometry": {
        "type": "LineString",
        "coordinates": [
          [
            0.207567,
            47.950905
          ],
          [
            0.2075724,
            47.951007
          ],
          [
            0.2075779,
            47.9511089
          ],
          [
            0.2075811,
            47.9512033
          ],
          [
            0.2075844,
            47.9512978
          ],
          [
            0.2075896,
            47.9514146
          ],
          [
            0.2075954,
            47.951518
          ],
          [
            0.2076013,
            47.9516213
          ],
          [
            0.2076085,
            47.9517921
          ],
          [
            0.2076076,
            47.9518281
          ],
          [
            0.2076041,
            47.951855
          ],
          [
            0.2075996,
            47.9518727
          ],
          [
            0.2075852,
            47.9519166
          ],
          [
            0.2075748,
            47.9519519
          ],
          [
            0.2075705,
            47.9519697
          ],
          [
            0.2075684,
            47.9519876
          ],
          [
            0.2075711,
            47.9521315
          ],
          [
            0.2075738,
            47.9522754
          ],
          [
            0.2075765,
            47.9523113
          ],
          [
            0.2075821,
            47.952338
          ],
          [
            0.2075851,
            47.9523467
          ],
          [
            0.207602,
            47.9523903
          ],
          [
            0.2076267,
            47.9524416
          ],
          [
            0.2076302,
            47.9524503
          ],
          [
            0.2076333,
            47.952459
          ],
          [
            0.2076372,
            47.9524768
          ],
          [
            0.2076379,
            47.9524858
          ],
          [
            0.2076418,
            47.9525847
          ],
          [
            0.2076471,
            47.9526565
          ],
          [
            0.2076553,
            47.9527913
          ],
          [
            0.2076669,
            47.952926
          ],
          [
            0.2076713,
            47.9529528
          ],
          [
            0.2076738,
            47.9529616
          ],
          [
            0.2076881,
            47.9530056
          ],
          [
            0.2077253,
            47.953092
          ],
          [
            0.2077409,
            47.9531357
          ],
          [
            0.2077477,
            47.9531623
          ],
          [
            0.2077495,
            47.9531712
          ],
          [
            0.2077635,
            47.9532516
          ],
          [
            0.207792,
            47.9533669
          ],
          [
            0.2078108,
            47.9534469
          ],
          [
            0.2078389,
            47.9535486
          ],
          [
            0.2078669,
            47.9536503
          ],
          [
            0.2078959,
            47.9537473
          ],
          [
            0.2079153,
            47.953818
          ],
          [
            0.2079504,
            47.9539325
          ],
          [
            0.207957,
            47.9539499
          ],
          [
            0.2079611,
            47.9539585
          ],
          [
            0.2079749,
            47.9539838
          ],
          [
            0.2080004,
            47.9540254
          ],
          [
            0.208044,
            47.9540911
          ],
          [
            0.2080635,
            47.9541246
          ],
          [
            0.2080721,
            47.9541417
          ],
          [
            0.2080757,
            47.9541503
          ],
          [
            0.2080821,
            47.9541678
          ],
          [
            0.2081175,
            47.954273
          ],
          [
            0.2081562,
            47.9543778
          ],
          [
            0.2081843,
            47.9544657
          ],
          [
            0.2082064,
            47.9545269
          ],
          [
            0.2082238,
            47.9545703
          ],
          [
            0.20824,
            47.9546046
          ],
          [
            0.2082444,
            47.9546131
          ],
          [
            0.2083307,
            47.9547738
          ],
          [
            0.2084171,
            47.9549346
          ],
          [
            0.2084729,
            47.9550261
          ],
          [
            0.2085727,
            47.9551833
          ],
          [
            0.2085946,
            47.9552161
          ],
          [
            0.2086235,
            47.9552566
          ],
          [
            0.2086803,
            47.955328
          ],
          [
            0.208707,
            47.9553592
          ],
          [
            0.2087281,
            47.9553822
          ],
          [
            0.2087577,
            47.9554121
          ],
          [
            0.2087808,
            47.9554342
          ],
          [
            0.2088639,
            47.9555047
          ],
          [
            0.2088982,
            47.9555323
          ],
          [
            0.2089681,
            47.9555868
          ],
          [
            0.2090411,
            47.9556395
          ],
          [
            0.2090801,
            47.9556641
          ],
          [
            0.2091308,
            47.9556934
          ],
          [
            0.2092357,
            47.9557493
          ],
          [
            0.2092785,
            47.9557709
          ],
          [
            0.2093448,
            47.9558013
          ],
          [
            0.2093561,
            47.9558062
          ],
          [
            0.2095043,
            47.9558673
          ],
          [
            0.2096284,
            47.9559206
          ],
          [
            0.209686,
            47.9559435
          ],
          [
            0.2097688,
            47.9559729
          ],
          [
            0.2098154,
            47.9559906
          ],
          [
            0.2099293,
            47.9560378
          ],
          [
            0.2100669,
            47.9560936
          ],
          [
            0.2101685,
            47.956137
          ],
          [
            0.2103416,
            47.9562053
          ],
          [
            0.2104327,
            47.9562432
          ],
          [
            0.2105365,
            47.9562842
          ],
          [
            0.210639,
            47.9563267
          ],
          [
            0.2107523,
            47.9563746
          ],
          [
            0.2108655,
            47.9564226
          ],
          [
            0.2108765,
            47.9564277
          ],
          [
            0.2109088,
            47.9564437
          ],
          [
            0.2109297,
            47.956455
          ],
          [
            0.2109496,
            47.956467
          ],
          [
            0.2109678,
            47.9564802
          ],
          [
            0.210976,
            47.9564872
          ],
          [
            0.2109838,
            47.9564945
          ],
          [
            0.2109909,
            47.9565021
          ],
          [
            0.2110043,
            47.9565177
          ],
          [
            0.2110102,
            47.9565258
          ],
          [
            0.2110212,
            47.9565422
          ],
          [
            0.21103,
            47.9565592
          ],
          [
            0.2110334,
            47.9565679
          ],
          [
            0.2110392,
            47.9565854
          ],
          [
            0.2110413,
            47.9565943
          ],
          [
            0.2110445,
            47.9566121
          ],
          [
            0.2110454,
            47.9566301
          ],
          [
            0.2110436,
            47.956648
          ],
          [
            0.2110392,
            47.9566658
          ],
          [
            0.2110003,
            47.9567705
          ],
          [
            0.2109781,
            47.9568409
          ],
          [
            0.2109586,
            47.9568932
          ],
          [
            0.2109498,
            47.9569195
          ],
          [
            0.2109432,
            47.9569461
          ],
          [
            0.2109386,
            47.9569729
          ],
          [
            0.2109366,
            47.9569999
          ],
          [
            0.2109371,
            47.9570179
          ],
          [
            0.2109416,
            47.9570447
          ],
          [
            0.2109473,
            47.9570622
          ],
          [
            0.2109552,
            47.9570794
          ],
          [
            0.2109655,
            47.957096
          ],
          [
            0.2109778,
            47.9571119
          ],
          [
            0.2109921,
            47.9571271
          ],
          [
            0.2110079,
            47.9571417
          ],
          [
            0.2110334,
            47.9571625
          ],
          [
            0.2110613,
            47.9571819
          ],
          [
            0.2110813,
            47.9571939
          ],
          [
            0.2111131,
            47.9572103
          ],
          [
            0.2111461,
            47.9572257
          ],
          [
            0.2112364,
            47.9572644
          ],
          [
            0.2113136,
            47.9573
          ],
          [
            0.2113585,
            47.9573196
          ],
          [
            0.2114841,
            47.9573712
          ],
          [
            0.2116096,
            47.9574229
          ],
          [
            0.2117204,
            47.9574733
          ],
          [
            0.2118453,
            47.9575257
          ],
          [
            0.2119127,
            47.9575551
          ],
          [
            0.2119922,
            47.9575884
          ],
          [
            0.2120924,
            47.9576332
          ],
          [
            0.2121605,
            47.9576619
          ],
          [
            0.2122503,
            47.9577011
          ],
          [
            0.2122844,
            47.9577153
          ],
          [
            0.2123656,
            47.9577467
          ],
          [
            0.212377,
            47.9577514
          ],
          [
            0.2124563,
            47.9577849
          ],
          [
            0.2125124,
            47.9578094
          ],
          [
            0.21259,
            47.9578447
          ],
          [
            0.2126915,
            47.9578883
          ],
          [
            0.2128024,
            47.9579387
          ],
          [
            0.2128351,
            47.9579543
          ],
          [
            0.2129206,
            47.9579977
          ],
          [
            0.2129626,
            47.9580199
          ],
          [
            0.2129728,
            47.9580257
          ],
          [
            0.2130635,
            47.958079
          ],
          [
            0.2131497,
            47.9581356
          ],
          [
            0.2132669,
            47.958222
          ],
          [
            0.2133362,
            47.9582768
          ],
          [
            0.2133777,
            47.9583121
          ],
          [
            0.2134644,
            47.958392
          ],
          [
            0.2135849,
            47.958511
          ],
          [
            0.2137093,
            47.9586281
          ],
          [
            0.2137907,
            47.9586995
          ],
          [
            0.2138579,
            47.9587555
          ],
          [
            0.2138838,
            47.9587761
          ],
          [
            0.2139291,
            47.9588092
          ],
          [
            0.2139849,
            47.958848
          ],
          [
            0.2140328,
            47.9588794
          ],
          [
            0.2140915,
            47.9589162
          ],
          [
            0.2141425,
            47.9589453
          ],
          [
            0.2142701,
            47.9590109
          ],
          [
            0.2143147,
            47.9590308
          ],
          [
            0.2143611,
            47.9590487
          ],
          [
            0.2144087,
            47.9590652
          ],
          [
            0.2145409,
            47.9591087
          ],
          [
            0.21464,
            47.9591359
          ],
          [
            0.2147503,
            47.9591684
          ],
          [
            0.2148473,
            47.9591989
          ],
          [
            0.2148841,
            47.9592097
          ],
          [
            0.2149216,
            47.9592194
          ],
          [
            0.2149597,
            47.959228
          ],
          [
            0.214998,
            47.9592359
          ],
          [
            0.2150368,
            47.959243
          ],
          [
            0.2150498,
            47.9592451
          ],
          [
            0.2151541,
            47.9592612
          ],
          [
            0.2152198,
            47.9592699
          ],
          [
            0.2153386,
            47.9592831
          ],
          [
            0.2154051,
            47.9592883
          ],
          [
            0.2154184,
            47.959289
          ],
          [
            0.2155253,
            47.9592937
          ],
          [
            0.2156322,
            47.9592973
          ],
          [
            0.2158775,
            47.9593025
          ],
          [
            0.2161227,
            47.9593077
          ],
          [
            0.2163679,
            47.9593129
          ],
          [
            0.2165819,
            47.959319
          ],
          [
            0.216622,
            47.9593204
          ],
          [
            0.216662,
            47.9593227
          ],
          [
            0.2167417,
            47.9593292
          ],
          [
            0.2168079,
            47.9593357
          ],
          [
            0.2168605,
            47.9593426
          ],
          [
            0.2169121,
            47.9593521
          ],
          [
            0.2169753,
            47.9593669
          ],
          [
            0.2170244,
            47.9593812
          ],
          [
            0.2170364,
            47.9593852
          ],
          [
            0.2170482,
            47.9593893
          ],
          [
            0.2170714,
            47.9593984
          ],
          [
            0.2171832,
            47.9594478
          ],
          [
            0.217227,
            47.9594684
          ],
          [
            0.2172689,
            47.9594909
          ],
          [
            0.2172988,
            47.9595089
          ],
          [
            0.2173178,
            47.9595215
          ],
          [
            0.2173624,
            47.9595551
          ],
          [
            0.2173877,
            47.959576
          ],
          [
            0.2174118,
            47.9595976
          ],
          [
            0.2174576,
            47.9596419
          ],
          [
            0.2174856,
            47.9596726
          ],
          [
            0.2175167,
            47.9597124
          ],
          [
            0.2175439,
            47.9597534
          ],
          [
            0.2175668,
            47.9597957
          ],
          [
            0.2175819,
            47.9598302
          ],
          [
            0.2175912,
            47.9598564
          ],
          [
            0.2176034,
            47.9599007
          ],
          [
            0.2176106,
            47.9599363
          ],
          [
            0.2176182,
            47.959999
          ],
          [
            0.2176213,
            47.960035
          ],
          [
            0.2176218,
            47.9601339
          ],
          [
            0.2176257,
            47.9601878
          ],
          [
            0.2176306,
            47.9602326
          ],
          [
            0.2176357,
            47.9602684
          ],
          [
            0.2176426,
            47.9603041
          ],
          [
            0.2176511,
            47.9603396
          ],
          [
            0.217662,
            47.9603748
          ],
          [
            0.2176724,
            47.9604009
          ],
          [
            0.2177069,
            47.960469
          ],
          [
            0.2177274,
            47.9605118
          ],
          [
            0.217737,
            47.9605286
          ],
          [
            0.2177483,
            47.9605449
          ],
          [
            0.2177613,
            47.9605606
          ],
          [
            0.2177827,
            47.9605834
          ],
          [
            0.2178055,
            47.9606057
          ],
          [
            0.2178373,
            47.9606346
          ],
          [
            0.2178623,
            47.9606557
          ],
          [
            0.2178888,
            47.960676
          ],
          [
            0.2179354,
            47.9607083
          ],
          [
            0.2180053,
            47.9607502
          ],
          [
            0.2180147,
            47.9607566
          ],
          [
            0.2180973,
            47.9608155
          ],
          [
            0.2181267,
            47.9608338
          ],
          [
            0.218137,
            47.9608396
          ],
          [
            0.2182207,
            47.9608844
          ],
          [
            0.2183578,
            47.9609565
          ],
          [
            0.2184691,
            47.9610141
          ],
          [
            0.2185803,
            47.9610718
          ],
          [
            0.2186766,
            47.9611205
          ],
          [
            0.2187751,
            47.9611671
          ],
          [
            0.2188751,
            47.9612122
          ],
          [
            0.2189541,
            47.961246
          ],
          [
            0.2190346,
            47.9612782
          ],
          [
            0.2191515,
            47.961322
          ],
          [
            0.2192823,
            47.9613674
          ],
          [
            0.2193787,
            47.9613987
          ],
          [
            0.2194888,
            47.9614315
          ],
          [
            0.2196126,
            47.9614657
          ],
          [
            0.2197364,
            47.9614999
          ],
          [
            0.2198993,
            47.9615409
          ],
          [
            0.2201233,
            47.9616006
          ],
          [
            0.2203472,
            47.9616602
          ],
          [
            0.2205034,
            47.9617004
          ],
          [
            0.2206596,
            47.9617407
          ],
          [
            0.2208981,
            47.9618001
          ],
          [
            0.2209362,
            47.9618085
          ],
          [
            0.2209492,
            47.9618106
          ],
          [
            0.221067,
            47.9618277
          ],
          [
            0.2211065,
            47.9618322
          ],
          [
            0.2211464,
            47.9618355
          ],
          [
            0.2211728,
            47.9618386
          ],
          [
            0.2211857,
            47.9618409
          ],
          [
            0.2212757,
            47.9618583
          ],
          [
            0.2213148,
            47.9618644
          ],
          [
            0.2213544,
            47.961869
          ],
          [
            0.2213943,
            47.9618719
          ],
          [
            0.2214344,
            47.9618726
          ],
          [
            0.2214745,
            47.9618707
          ],
          [
            0.2215143,
            47.9618672
          ],
          [
            0.2215537,
            47.9618622
          ],
          [
            0.2215796,
            47.9618576
          ],
          [
            0.2216176,
            47.9618489
          ],
          [
            0.2216549,
            47.9618389
          ],
          [
            0.2217514,
            47.9618077
          ],
          [
            0.2219775,
            47.9617295
          ],
          [
            0.2220481,
            47.9617039
          ],
          [
            0.2221412,
            47.9616683
          ],
          [
            0.2223174,
            47.9616036
          ],
          [
            0.2223753,
            47.9615811
          ],
          [
            0.2224773,
            47.961538
          ],
          [
            0.222644,
            47.9614629
          ],
          [
            0.2228394,
            47.9613761
          ],
          [
            0.2230348,
            47.9612893
          ],
          [
            0.2231112,
            47.9612529
          ],
          [
            0.2231779,
            47.9612228
          ],
          [
            0.2231997,
            47.9612124
          ],
          [
            0.2232309,
            47.9611954
          ],
          [
            0.2232704,
            47.9611711
          ],
          [
            0.2232906,
            47.9611593
          ],
          [
            0.2233009,
            47.9611536
          ],
          [
            0.2234057,
            47.9610976
          ],
          [
            0.2235115,
            47.9610426
          ],
          [
            0.2236631,
            47.9609541
          ],
          [
            0.2236838,
            47.9609428
          ],
          [
            0.2237381,
            47.9609164
          ],
          [
            0.2237592,
            47.9609054
          ],
          [
            0.2238398,
            47.9608581
          ],
          [
            0.2239121,
            47.960818
          ],
          [
            0.2240206,
            47.9607512
          ],
          [
            0.2240951,
            47.9606995
          ],
          [
            0.224113,
            47.9606861
          ],
          [
            0.2241213,
            47.9606791
          ],
          [
            0.2241782,
            47.9606291
          ],
          [
            0.2242398,
            47.9605702
          ],
          [
            0.2242799,
            47.9605342
          ],
          [
            0.2242954,
            47.9605195
          ],
          [
            0.2243025,
            47.9605119
          ],
          [
            0.2243433,
            47.9604655
          ],
          [
            0.224375,
            47.9604259
          ],
          [
            0.2243886,
            47.9604104
          ],
          [
            0.2244338,
            47.9603658
          ],
          [
            0.2244782,
            47.9603208
          ],
          [
            0.2245853,
            47.9602175
          ],
          [
            0.2247108,
            47.96009
          ],
          [
            0.2248054,
            47.9599918
          ],
          [
            0.2249,
            47.9598937
          ],
          [
            0.2249704,
            47.9598172
          ],
          [
            0.2250858,
            47.959696
          ],
          [
            0.2251685,
            47.9596142
          ],
          [
            0.2252256,
            47.9595533
          ],
          [
            0.2253425,
            47.9594327
          ],
          [
            0.2254595,
            47.9593122
          ],
          [
            0.2255166,
            47.9592514
          ],
          [
            0.2255724,
            47.9591899
          ],
          [
            0.2256245,
            47.9591376
          ],
          [
            0.2256754,
            47.9590848
          ],
          [
            0.2257437,
            47.9590181
          ],
          [
            0.2257519,
            47.959011
          ],
          [
            0.2257948,
            47.9589765
          ],
          [
            0.2258368,
            47.9589415
          ],
          [
            0.2258809,
            47.9589076
          ],
          [
            0.2258974,
            47.9588935
          ],
          [
            0.225905,
            47.9588861
          ],
          [
            0.2259196,
            47.958871
          ],
          [
            0.2259616,
            47.958825
          ],
          [
            0.2259689,
            47.9588175
          ],
          [
            0.2260519,
            47.9587358
          ],
          [
            0.2261093,
            47.9586751
          ],
          [
            0.2261918,
            47.9585931
          ],
          [
            0.226276,
            47.9585065
          ],
          [
            0.2263601,
            47.9584199
          ],
          [
            0.2264523,
            47.9583208
          ],
          [
            0.2264752,
            47.9582986
          ],
          [
            0.2265083,
            47.9582703
          ],
          [
            0.2265237,
            47.9582556
          ],
          [
            0.2265308,
            47.958248
          ],
          [
            0.2265853,
            47.9581861
          ],
          [
            0.2265916,
            47.9581781
          ],
          [
            0.2266154,
            47.9581459
          ],
          [
            0.2266217,
            47.958138
          ],
          [
            0.2266288,
            47.9581304
          ],
          [
            0.2266737,
            47.9580856
          ],
          [
            0.2267237,
            47.9580324
          ],
          [
            0.2267313,
            47.958025
          ],
          [
            0.2267708,
            47.9579887
          ],
          [
            0.2267782,
            47.9579812
          ],
          [
            0.2268066,
            47.9579507
          ],
          [
            0.2268133,
            47.957943
          ],
          [
            0.2268977,
            47.9578407
          ],
          [
            0.2269689,
            47.957744
          ],
          [
            0.2270076,
            47.9576967
          ],
          [
            0.2270322,
            47.9576647
          ],
          [
            0.2270388,
            47.9576569
          ],
          [
            0.2271545,
            47.9575253
          ],
          [
            0.2271872,
            47.957486
          ],
          [
            0.2272058,
            47.9574621
          ],
          [
            0.2272116,
            47.957454
          ],
          [
            0.2272453,
            47.957405
          ],
          [
            0.2273093,
            47.9573159
          ],
          [
            0.2273544,
            47.9572507
          ],
          [
            0.2273753,
            47.9572176
          ],
          [
            0.2274147,
            47.9571507
          ],
          [
            0.227464,
            47.9570768
          ],
          [
            0.2275014,
            47.9570191
          ],
          [
            0.2275064,
            47.9570108
          ],
          [
            0.2275685,
            47.9569016
          ],
          [
            0.2275724,
            47.956893
          ],
          [
            0.227579,
            47.9568755
          ],
          [
            0.2275817,
            47.9568667
          ],
          [
            0.2275909,
            47.9568313
          ],
          [
            0.2275965,
            47.9568137
          ],
          [
            0.2276104,
            47.956779
          ],
          [
            0.2276226,
            47.9567533
          ],
          [
            0.2276271,
            47.9567448
          ],
          [
            0.2276704,
            47.9566693
          ],
          [
            0.2276757,
            47.956661
          ],
          [
            0.2276871,
            47.9566447
          ],
          [
            0.2277179,
            47.9566048
          ],
          [
            0.2277296,
            47.9565886
          ],
          [
            0.227735,
            47.9565804
          ],
          [
            0.2277499,
            47.9565554
          ],
          [
            0.2277679,
            47.9565215
          ],
          [
            0.2277764,
            47.9565044
          ],
          [
            0.2277837,
            47.9564871
          ],
          [
            0.2277866,
            47.9564784
          ],
          [
            0.2278024,
            47.9564163
          ],
          [
            0.2278083,
            47.9563988
          ],
          [
            0.2278156,
            47.9563815
          ],
          [
            0.2278197,
            47.9563729
          ],
          [
            0.2278461,
            47.9563219
          ],
          [
            0.2278846,
            47.9562548
          ],
          [
            0.2278891,
            47.9562463
          ],
          [
            0.227931,
            47.9561609
          ],
          [
            0.2279809,
            47.9560679
          ],
          [
            0.2280381,
            47.955948
          ],
          [
            0.2280807,
            47.9558627
          ],
          [
            0.2281285,
            47.9557597
          ],
          [
            0.2281887,
            47.9556404
          ],
          [
            0.2282314,
            47.9555457
          ],
          [
            0.2282755,
            47.9554514
          ],
          [
            0.2283193,
            47.9553616
          ],
          [
            0.2283632,
            47.9552719
          ],
          [
            0.228367,
            47.9552633
          ],
          [
            0.2283739,
            47.9552459
          ],
          [
            0.2283767,
            47.9552371
          ],
          [
            0.2283851,
            47.9552016
          ],
          [
            0.2283875,
            47.9551928
          ],
          [
            0.2283935,
            47.9551752
          ],
          [
            0.2284184,
            47.9551145
          ],
          [
            0.2284496,
            47.9550457
          ],
          [
            0.2284539,
            47.9550372
          ],
          [
            0.2284967,
            47.9549615
          ],
          [
            0.2285564,
            47.9548613
          ],
          [
            0.2285745,
            47.9548275
          ],
          [
            0.2285992,
            47.9547762
          ],
          [
            0.2286495,
            47.9546642
          ],
          [
            0.2286802,
            47.9546048
          ],
          [
            0.2287182,
            47.9545279
          ],
          [
            0.2287838,
            47.954391
          ],
          [
            0.2288143,
            47.954322
          ],
          [
            0.2288343,
            47.9542791
          ],
          [
            0.2288379,
            47.9542704
          ],
          [
            0.2288536,
            47.9542267
          ],
          [
            0.2288608,
            47.9542094
          ],
          [
            0.228865,
            47.9542009
          ],
          [
            0.2288746,
            47.9541841
          ],
          [
            0.2288796,
            47.9541757
          ],
          [
            0.2289067,
            47.9541346
          ],
          [
            0.2289208,
            47.9541094
          ],
          [
            0.2289328,
            47.9540836
          ],
          [
            0.2289569,
            47.9540228
          ],
          [
            0.2289651,
            47.9540057
          ],
          [
            0.2289696,
            47.9539972
          ],
          [
            0.2289852,
            47.9539724
          ],
          [
            0.2290026,
            47.953948
          ],
          [
            0.229008,
            47.9539398
          ],
          [
            0.2290218,
            47.9539145
          ],
          [
            0.2290494,
            47.9538543
          ],
          [
            0.2290555,
            47.9538368
          ],
          [
            0.2290635,
            47.9538104
          ],
          [
            0.2290703,
            47.953793
          ],
          [
            0.2291196,
            47.9536903
          ],
          [
            0.2291233,
            47.9536816
          ],
          [
            0.2291418,
            47.9536291
          ],
          [
            0.2291596,
            47.9535858
          ],
          [
            0.2291693,
            47.9535596
          ],
          [
            0.2291729,
            47.953551
          ],
          [
            0.2291944,
            47.9535083
          ],
          [
            0.2291982,
            47.9534997
          ],
          [
            0.2292187,
            47.9534383
          ],
          [
            0.2292257,
            47.953421
          ],
          [
            0.2292298,
            47.9534124
          ],
          [
            0.2292581,
            47.9533619
          ],
          [
            0.2292799,
            47.9533194
          ],
          [
            0.2292992,
            47.9532858
          ],
          [
            0.2293079,
            47.9532688
          ],
          [
            0.2293404,
            47.9532003
          ],
          [
            0.2293442,
            47.9531917
          ],
          [
            0.2293701,
            47.9531218
          ],
          [
            0.2293774,
            47.9531045
          ],
          [
            0.2293817,
            47.953096
          ],
          [
            0.2293867,
            47.9530877
          ],
          [
            0.2294085,
            47.9530548
          ],
          [
            0.2294332,
            47.9530131
          ],
          [
            0.2294548,
            47.9529802
          ],
          [
            0.229464,
            47.9529633
          ],
          [
            0.2294959,
            47.9528946
          ],
          [
            0.2295337,
            47.9528083
          ],
          [
            0.2295874,
            47.9526971
          ],
          [
            0.2296051,
            47.9526631
          ],
          [
            0.2296349,
            47.9526131
          ],
          [
            0.2296522,
            47.952579
          ],
          [
            0.2296711,
            47.9525359
          ],
          [
            0.2296986,
            47.9524663
          ],
          [
            0.229714,
            47.9524319
          ],
          [
            0.2297271,
            47.9524064
          ],
          [
            0.2297602,
            47.9523475
          ],
          [
            0.2298012,
            47.9522619
          ],
          [
            0.2298083,
            47.9522445
          ],
          [
            0.2298308,
            47.9521834
          ],
          [
            0.229854,
            47.9521318
          ],
          [
            0.229867,
            47.9521062
          ],
          [
            0.2299263,
            47.9519963
          ],
          [
            0.2299348,
            47.9519793
          ],
          [
            0.2299386,
            47.9519706
          ],
          [
            0.2299485,
            47.9519445
          ],
          [
            0.2299596,
            47.9519093
          ],
          [
            0.2299627,
            47.9519006
          ],
          [
            0.2299776,
            47.951866
          ],
          [
            0.230061,
            47.9517046
          ],
          [
            0.2300771,
            47.9516703
          ],
          [
            0.2300808,
            47.9516616
          ],
          [
            0.2300944,
            47.9516268
          ],
          [
            0.2301023,
            47.9516097
          ],
          [
            0.2301643,
            47.9514908
          ],
          [
            0.2301689,
            47.9514824
          ],
          [
            0.2302036,
            47.9514239
          ],
          [
            0.2302213,
            47.95139
          ],
          [
            0.2302626,
            47.9513044
          ],
          [
            0.2302905,
            47.9512443
          ],
          [
            0.2303251,
            47.9511762
          ],
          [
            0.2303688,
            47.9510818
          ],
          [
            0.2304132,
            47.9509781
          ],
          [
            0.230434,
            47.9509353
          ],
          [
            0.2304537,
            47.9508923
          ],
          [
            0.2304626,
            47.9508754
          ],
          [
            0.2304916,
            47.9508251
          ],
          [
            0.2305132,
            47.9507825
          ],
          [
            0.2305241,
            47.9507565
          ],
          [
            0.2305426,
            47.950704
          ],
          [
            0.2305692,
            47.9506343
          ],
          [
            0.2305728,
            47.9506257
          ],
          [
            0.2305808,
            47.9506085
          ],
          [
            0.230639,
            47.9504983
          ],
          [
            0.230644,
            47.95049
          ],
          [
            0.2306556,
            47.9504738
          ],
          [
            0.2306618,
            47.9504658
          ],
          [
            0.2306759,
            47.9504505
          ],
          [
            0.2306893,
            47.950435
          ],
          [
            0.2306953,
            47.9504269
          ],
          [
            0.2307054,
            47.9504103
          ],
          [
            0.2307101,
            47.9504019
          ],
          [
            0.2307619,
            47.9502903
          ],
          [
            0.2308059,
            47.9502053
          ],
          [
            0.2308099,
            47.9501967
          ],
          [
            0.2308166,
            47.9501793
          ],
          [
            0.2308283,
            47.9501442
          ],
          [
            0.2308317,
            47.9501355
          ],
          [
            0.2308559,
            47.9500841
          ],
          [
            0.2308901,
            47.9500159
          ],
          [
            0.2309194,
            47.9499657
          ],
          [
            0.230951,
            47.9499064
          ],
          [
            0.2309806,
            47.9498467
          ],
          [
            0.2310201,
            47.9497607
          ],
          [
            0.2310244,
            47.9497522
          ],
          [
            0.231064,
            47.9496854
          ],
          [
            0.2310686,
            47.9496769
          ],
          [
            0.2311087,
            47.9495911
          ],
          [
            0.2311434,
            47.9495231
          ],
          [
            0.2311935,
            47.9494111
          ],
          [
            0.231197,
            47.9494024
          ],
          [
            0.2312028,
            47.9493849
          ],
          [
            0.2312115,
            47.9493494
          ],
          [
            0.2312172,
            47.9493318
          ],
          [
            0.2312337,
            47.9492882
          ],
          [
            0.2312486,
            47.9492537
          ],
          [
            0.2312724,
            47.9492021
          ],
          [
            0.2313017,
            47.9491424
          ],
          [
            0.2313712,
            47.9489873
          ],
          [
            0.2313754,
            47.9489788
          ],
          [
            0.2314167,
            47.9489028
          ],
          [
            0.2314209,
            47.9488943
          ],
          [
            0.2314483,
            47.948834
          ],
          [
            0.2314526,
            47.9488255
          ],
          [
            0.2314625,
            47.9488088
          ],
          [
            0.2314844,
            47.948776
          ],
          [
            0.2314941,
            47.9487593
          ],
          [
            0.2314984,
            47.9487507
          ],
          [
            0.2315216,
            47.9486991
          ],
          [
            0.2315472,
            47.9486479
          ],
          [
            0.2315795,
            47.9485888
          ],
          [
            0.2315837,
            47.9485803
          ],
          [
            0.2315909,
            47.948563
          ],
          [
            0.2315939,
            47.9485542
          ],
          [
            0.231603,
            47.9485188
          ],
          [
            0.2316087,
            47.9485012
          ],
          [
            0.231612,
            47.9484925
          ],
          [
            0.231642,
            47.9484234
          ],
          [
            0.2316461,
            47.9484149
          ],
          [
            0.2316692,
            47.9483727
          ],
          [
            0.2316853,
            47.9483479
          ],
          [
            0.2317087,
            47.9483156
          ],
          [
            0.2317141,
            47.9483074
          ],
          [
            0.2317626,
            47.9482235
          ],
          [
            0.231767,
            47.9482151
          ],
          [
            0.2317899,
            47.9481633
          ],
          [
            0.2318073,
            47.9481199
          ],
          [
            0.2318235,
            47.9480763
          ],
          [
            0.2318308,
            47.948059
          ],
          [
            0.2318351,
            47.9480505
          ],
          [
            0.2318741,
            47.9479835
          ],
          [
            0.2318793,
            47.9479752
          ],
          [
            0.231907,
            47.9479343
          ],
          [
            0.2319166,
            47.9479175
          ],
          [
            0.2319783,
            47.9477891
          ],
          [
            0.2320255,
            47.9476859
          ],
          [
            0.2320604,
            47.9476179
          ],
          [
            0.2320644,
            47.9476093
          ],
          [
            0.2320776,
            47.9475745
          ],
          [
            0.2321027,
            47.9474953
          ],
          [
            0.2321059,
            47.9474866
          ],
          [
            0.2321208,
            47.947452
          ],
          [
            0.2321812,
            47.9473329
          ],
          [
            0.2322333,
            47.9472403
          ],
          [
            0.2322728,
            47.9471735
          ],
          [
            0.2323244,
            47.9470712
          ],
          [
            0.2323599,
            47.9470034
          ],
          [
            0.2323913,
            47.9469346
          ],
          [
            0.232413,
            47.9468921
          ],
          [
            0.232417,
            47.9468835
          ],
          [
            0.2324238,
            47.9468661
          ],
          [
            0.2324354,
            47.946831
          ],
          [
            0.232438,
            47.9468221
          ],
          [
            0.2324489,
            47.9467778
          ],
          [
            0.2324515,
            47.946769
          ],
          [
            0.2324645,
            47.9467341
          ],
          [
            0.2324721,
            47.9467168
          ],
          [
            0.2325212,
            47.9466141
          ],
          [
            0.2325568,
            47.9465274
          ],
          [
            0.2325732,
            47.9464931
          ],
          [
            0.2325871,
            47.9464678
          ],
          [
            0.2326093,
            47.9464351
          ],
          [
            0.2326335,
            47.946403
          ],
          [
            0.2326391,
            47.9463948
          ],
          [
            0.232649,
            47.9463781
          ],
          [
            0.2326534,
            47.9463696
          ],
          [
            0.2326819,
            47.9463003
          ],
          [
            0.2327285,
            47.9462065
          ],
          [
            0.2327751,
            47.9461126
          ],
          [
            0.2328066,
            47.9460438
          ],
          [
            0.2328103,
            47.9460352
          ],
          [
            0.2328203,
            47.9460091
          ],
          [
            0.2328379,
            47.9459564
          ],
          [
            0.2328425,
            47.9459387
          ],
          [
            0.23285,
            47.9459031
          ],
          [
            0.2328635,
            47.945859
          ],
          [
            0.2328702,
            47.9458416
          ],
          [
            0.2329069,
            47.9457552
          ],
          [
            0.232911,
            47.9457466
          ],
          [
            0.232925,
            47.9457213
          ],
          [
            0.2329556,
            47.9456714
          ],
          [
            0.232983,
            47.9456207
          ],
          [
            0.2330193,
            47.9455435
          ],
          [
            0.233023,
            47.9455349
          ],
          [
            0.233055,
            47.9454476
          ],
          [
            0.2330624,
            47.9454303
          ],
          [
            0.2330667,
            47.9454217
          ],
          [
            0.2330712,
            47.9454133
          ],
          [
            0.2331119,
            47.9453467
          ],
          [
            0.2331174,
            47.9453385
          ],
          [
            0.233148,
            47.9452986
          ],
          [
            0.2331588,
            47.9452821
          ],
          [
            0.233178,
            47.9452485
          ],
          [
            0.2331958,
            47.9452146
          ],
          [
            0.2331999,
            47.945206
          ],
          [
            0.2332059,
            47.9451885
          ],
          [
            0.2332152,
            47.945144
          ],
          [
            0.2332223,
            47.9451175
          ],
          [
            0.2332417,
            47.9450559
          ],
          [
            0.2332568,
            47.9450121
          ],
          [
            0.2332611,
            47.9449943
          ],
          [
            0.233264,
            47.9449764
          ],
          [
            0.2332649,
            47.9449585
          ],
          [
            0.233263,
            47.9449405
          ],
          [
            0.2332583,
            47.9449228
          ],
          [
            0.2332518,
            47.9449054
          ],
          [
            0.233244,
            47.9448882
          ],
          [
            0.2332173,
            47.9448373
          ],
          [
            0.2331961,
            47.9448042
          ],
          [
            0.2331717,
            47.9447722
          ],
          [
            0.2331506,
            47.9447493
          ],
          [
            0.233127,
            47.9447275
          ],
          [
            0.2331015,
            47.9447066
          ],
          [
            0.2330404,
            47.9446589
          ],
          [
            0.2330172,
            47.9446369
          ],
          [
            0.2329908,
            47.9446056
          ],
          [
            0.2329603,
            47.9445656
          ],
          [
            0.2329441,
            47.9445409
          ],
          [
            0.2329302,
            47.9445156
          ],
          [
            0.2329191,
            47.9444896
          ],
          [
            0.2329084,
            47.9444544
          ],
          [
            0.2329037,
            47.9444276
          ],
          [
            0.2329022,
            47.9444007
          ],
          [
            0.2329037,
            47.9443647
          ],
          [
            0.2329087,
            47.9443289
          ],
          [
            0.2329158,
            47.9443023
          ],
          [
            0.2329266,
            47.9442763
          ],
          [
            0.2329409,
            47.9442511
          ],
          [
            0.2329717,
            47.9442013
          ],
          [
            0.232977,
            47.944193
          ],
          [
            0.2329886,
            47.9441768
          ],
          [
            0.2330023,
            47.9441614
          ],
          [
            0.233018,
            47.9441469
          ],
          [
            0.233035,
            47.9441329
          ],
          [
            0.2330623,
            47.9441132
          ],
          [
            0.2330912,
            47.9440944
          ],
          [
            0.2331606,
            47.9440521
          ],
          [
            0.2333,
            47.9439551
          ],
          [
            0.2333485,
            47.9439241
          ],
          [
            0.2334182,
            47.943882
          ],
          [
            0.2334389,
            47.9438706
          ],
          [
            0.2336227,
            47.9437805
          ],
          [
            0.233654,
            47.9437636
          ],
          [
            0.2337027,
            47.9437327
          ],
          [
            0.2337582,
            47.9436938
          ],
          [
            0.2337774,
            47.9436812
          ],
          [
            0.2338386,
            47.9436463
          ],
          [
            0.233888,
            47.9436159
          ],
          [
            0.2339161,
            47.9435967
          ],
          [
            0.2339339,
            47.9435832
          ],
          [
            0.2339589,
            47.9435621
          ],
          [
            0.2339823,
            47.9435402
          ],
          [
            0.2340049,
            47.9435179
          ],
          [
            0.2340184,
            47.9435024
          ],
          [
            0.2340352,
            47.9434779
          ],
          [
            0.2340885,
            47.9433856
          ],
          [
            0.2341212,
            47.9433364
          ],
          [
            0.2341308,
            47.9433196
          ],
          [
            0.2341421,
            47.9432937
          ],
          [
            0.2341569,
            47.9432498
          ],
          [
            0.234174,
            47.9432063
          ],
          [
            0.2341996,
            47.9431552
          ],
          [
            0.2342333,
            47.9430965
          ],
          [
            0.2342587,
            47.9430453
          ],
          [
            0.2342783,
            47.9430023
          ],
          [
            0.2343077,
            47.9429331
          ],
          [
            0.2343658,
            47.9428134
          ],
          [
            0.2343916,
            47.9427623
          ],
          [
            0.2344207,
            47.942693
          ],
          [
            0.2344598,
            47.9426165
          ],
          [
            0.234496,
            47.9425393
          ],
          [
            0.234515,
            47.9425056
          ],
          [
            0.2345504,
            47.9424473
          ],
          [
            0.2345856,
            47.9423794
          ],
          [
            0.2345964,
            47.9423534
          ],
          [
            0.2346088,
            47.9423184
          ],
          [
            0.2346272,
            47.9422567
          ],
          [
            0.234637,
            47.9422305
          ],
          [
            0.2346459,
            47.9422136
          ],
          [
            0.2346731,
            47.9421725
          ],
          [
            0.2347086,
            47.9421241
          ],
          [
            0.2347197,
            47.9421077
          ],
          [
            0.2347292,
            47.9420909
          ],
          [
            0.2347749,
            47.9419968
          ],
          [
            0.2347822,
            47.9419796
          ],
          [
            0.2347952,
            47.9419354
          ],
          [
            0.2348276,
            47.9418389
          ],
          [
            0.2348516,
            47.9417781
          ],
          [
            0.2348669,
            47.9417343
          ],
          [
            0.2348779,
            47.9417084
          ],
          [
            0.2349322,
            47.9415973
          ],
          [
            0.2349772,
            47.9415031
          ],
          [
            0.2350222,
            47.9414089
          ],
          [
            0.2350901,
            47.9412724
          ],
          [
            0.2351574,
            47.9411264
          ],
          [
            0.2352416,
            47.9409651
          ],
          [
            0.2353074,
            47.9408187
          ],
          [
            0.23538,
            47.9406644
          ],
          [
            0.2354073,
            47.9406042
          ],
          [
            0.2354671,
            47.9404848
          ],
          [
            0.2355159,
            47.940382
          ],
          [
            0.2355647,
            47.9402792
          ],
          [
            0.2355955,
            47.9402197
          ],
          [
            0.2356095,
            47.940185
          ],
          [
            0.2356298,
            47.9401236
          ],
          [
            0.2356375,
            47.9401063
          ],
          [
            0.2356628,
            47.9400551
          ],
          [
            0.2356721,
            47.9400382
          ],
          [
            0.2357059,
            47.9399893
          ],
          [
            0.2357155,
            47.9399725
          ],
          [
            0.2357269,
            47.9399467
          ],
          [
            0.2357538,
            47.939877
          ],
          [
            0.2358048,
            47.9397652
          ],
          [
            0.2358492,
            47.9396709
          ],
          [
            0.2358753,
            47.9396199
          ],
          [
            0.235936,
            47.9395103
          ],
          [
            0.2359903,
            47.9393992
          ],
          [
            0.2360039,
            47.9393738
          ],
          [
            0.2360347,
            47.939324
          ],
          [
            0.2360617,
            47.9392828
          ],
          [
            0.2360839,
            47.9392501
          ],
          [
            0.236142,
            47.9391691
          ],
          [
            0.2361736,
            47.9391195
          ],
          [
            0.236198,
            47.9390776
          ],
          [
            0.2362277,
            47.9390179
          ],
          [
            0.2362353,
            47.9390007
          ],
          [
            0.2362449,
            47.9389745
          ],
          [
            0.2362753,
            47.9388777
          ],
          [
            0.2363015,
            47.9387987
          ],
          [
            0.2363144,
            47.9387637
          ],
          [
            0.2363269,
            47.9387381
          ],
          [
            0.236354,
            47.938697
          ],
          [
            0.2363631,
            47.9386801
          ],
          [
            0.2363975,
            47.9386025
          ],
          [
            0.2364391,
            47.938517
          ],
          [
            0.2364808,
            47.9384316
          ],
          [
            0.2365239,
            47.938337
          ],
          [
            0.2365533,
            47.9382585
          ],
          [
            0.2365772,
            47.9381883
          ],
          [
            0.2365823,
            47.9381707
          ],
          [
            0.2365919,
            47.9381262
          ],
          [
            0.2366016,
            47.9381
          ],
          [
            0.2366155,
            47.9380747
          ],
          [
            0.2366459,
            47.9380346
          ],
          [
            0.2366945,
            47.9379606
          ],
          [
            0.2367044,
            47.9379438
          ],
          [
            0.2367121,
            47.9379266
          ],
          [
            0.2367213,
            47.9379004
          ],
          [
            0.2367321,
            47.9378744
          ],
          [
            0.2367667,
            47.9378063
          ],
          [
            0.2367899,
            47.9377453
          ],
          [
            0.2367977,
            47.9377281
          ],
          [
            0.2368421,
            47.9376432
          ],
          [
            0.2368703,
            47.9376025
          ],
          [
            0.2369083,
            47.9375352
          ],
          [
            0.2369295,
            47.9374832
          ],
          [
            0.2369496,
            47.9374403
          ],
          [
            0.2369792,
            47.9373901
          ],
          [
            0.2370268,
            47.9372965
          ],
          [
            0.2370503,
            47.9372449
          ],
          [
            0.2370605,
            47.9372188
          ],
          [
            0.2370655,
            47.9372011
          ],
          [
            0.2370764,
            47.9371477
          ],
          [
            0.237113,
            47.9370334
          ],
          [
            0.2371195,
            47.9370159
          ],
          [
            0.2371272,
            47.9369987
          ],
          [
            0.2371411,
            47.9369734
          ],
          [
            0.2371628,
            47.9369405
          ],
          [
            0.2371726,
            47.9369238
          ],
          [
            0.2371886,
            47.9368894
          ],
          [
            0.2372149,
            47.9368384
          ],
          [
            0.2372302,
            47.936804
          ],
          [
            0.2372388,
            47.936787
          ],
          [
            0.2372496,
            47.9367705
          ],
          [
            0.2373059,
            47.9366989
          ],
          [
            0.2373221,
            47.9366743
          ],
          [
            0.2373298,
            47.936657
          ],
          [
            0.2373352,
            47.9366394
          ],
          [
            0.237345,
            47.9365859
          ],
          [
            0.2373494,
            47.9365681
          ],
          [
            0.2373525,
            47.9365594
          ],
          [
            0.237366,
            47.936534
          ],
          [
            0.237399,
            47.9364848
          ],
          [
            0.2374039,
            47.9364764
          ],
          [
            0.2374129,
            47.9364595
          ],
          [
            0.2374254,
            47.9364339
          ],
          [
            0.2374365,
            47.9364079
          ],
          [
            0.2374511,
            47.9363641
          ],
          [
            0.237458,
            47.9363467
          ],
          [
            0.2374825,
            47.9362953
          ],
          [
            0.2375118,
            47.936245
          ],
          [
            0.2375359,
            47.9361936
          ],
          [
            0.2375521,
            47.93615
          ],
          [
            0.2375731,
            47.9360979
          ],
          [
            0.2375885,
            47.9360541
          ],
          [
            0.2375994,
            47.9360282
          ],
          [
            0.2376165,
            47.9359941
          ],
          [
            0.2376314,
            47.935969
          ],
          [
            0.2376532,
            47.9359362
          ],
          [
            0.2376889,
            47.9358878
          ],
          [
            0.2376993,
            47.9358712
          ],
          [
            0.2377072,
            47.9358541
          ],
          [
            0.2377165,
            47.9358278
          ],
          [
            0.2377269,
            47.9358018
          ],
          [
            0.2377927,
            47.9356649
          ],
          [
            0.2377961,
            47.9356562
          ],
          [
            0.2378112,
            47.9356123
          ],
          [
            0.2378182,
            47.935595
          ],
          [
            0.2378488,
            47.9355355
          ],
          [
            0.2378815,
            47.9354765
          ],
          [
            0.2378894,
            47.9354593
          ],
          [
            0.2379058,
            47.9354157
          ],
          [
            0.2379133,
            47.9353985
          ],
          [
            0.2379175,
            47.9353899
          ],
          [
            0.2379434,
            47.9353388
          ],
          [
            0.2379836,
            47.9352722
          ],
          [
            0.2380196,
            47.9352044
          ],
          [
            0.2380248,
            47.9351961
          ],
          [
            0.2380469,
            47.9351634
          ],
          [
            0.238057,
            47.9351467
          ],
          [
            0.2380744,
            47.9351127
          ],
          [
            0.2380949,
            47.9350605
          ],
          [
            0.2380992,
            47.935052
          ],
          [
            0.2381234,
            47.9350101
          ],
          [
            0.2381406,
            47.934976
          ],
          [
            0.2381802,
            47.9348901
          ],
          [
            0.2382349,
            47.9347791
          ],
          [
            0.238292,
            47.9346592
          ],
          [
            0.2383204,
            47.9345898
          ],
          [
            0.2383402,
            47.9345469
          ],
          [
            0.2383778,
            47.93447
          ],
          [
            0.2384059,
            47.9344194
          ],
          [
            0.238423,
            47.9343853
          ],
          [
            0.2384412,
            47.9343421
          ],
          [
            0.2384589,
            47.9342894
          ],
          [
            0.2384686,
            47.9342633
          ],
          [
            0.2384804,
            47.9342375
          ],
          [
            0.2384987,
            47.9342037
          ],
          [
            0.2385065,
            47.9341865
          ],
          [
            0.2385096,
            47.9341777
          ],
          [
            0.2385234,
            47.9341337
          ],
          [
            0.2385403,
            47.9340902
          ],
          [
            0.2385773,
            47.9340132
          ],
          [
            0.2386008,
            47.9339616
          ],
          [
            0.2386227,
            47.9339191
          ],
          [
            0.2386466,
            47.9338771
          ],
          [
            0.2386625,
            47.9338523
          ],
          [
            0.2386911,
            47.9338117
          ],
          [
            0.2387061,
            47.9337866
          ],
          [
            0.2387269,
            47.9337439
          ],
          [
            0.2387488,
            47.9337014
          ],
          [
            0.2387774,
            47.9336415
          ],
          [
            0.2388203,
            47.9335563
          ],
          [
            0.2388532,
            47.9334878
          ],
          [
            0.2388963,
            47.9334027
          ],
          [
            0.2389118,
            47.9333682
          ],
          [
            0.2389219,
            47.9333421
          ],
          [
            0.2389244,
            47.9333333
          ],
          [
            0.238942,
            47.9332623
          ],
          [
            0.2389511,
            47.9332361
          ],
          [
            0.2389618,
            47.93321
          ],
          [
            0.2389819,
            47.9331672
          ],
          [
            0.2389868,
            47.9331588
          ],
          [
            0.2390129,
            47.9331174
          ],
          [
            0.2390223,
            47.9331005
          ],
          [
            0.2390732,
            47.9329887
          ],
          [
            0.2390858,
            47.9329631
          ],
          [
            0.2391012,
            47.9329382
          ],
          [
            0.2391302,
            47.9328977
          ],
          [
            0.2391405,
            47.9328811
          ],
          [
            0.2391494,
            47.9328641
          ],
          [
            0.2391797,
            47.9327951
          ],
          [
            0.2392138,
            47.9327269
          ],
          [
            0.2392462,
            47.9326584
          ],
          [
            0.2392753,
            47.9325891
          ],
          [
            0.2393022,
            47.9325288
          ],
          [
            0.2393167,
            47.9324849
          ],
          [
            0.2393282,
            47.9324406
          ],
          [
            0.2393349,
            47.9324232
          ],
          [
            0.2393442,
            47.9324063
          ],
          [
            0.2393725,
            47.9323656
          ],
          [
            0.2393885,
            47.9323409
          ],
          [
            0.2394262,
            47.9322735
          ],
          [
            0.2394303,
            47.932265
          ],
          [
            0.2394873,
            47.9321356
          ],
          [
            0.2395629,
            47.9319819
          ],
          [
            0.2396029,
            47.9318961
          ],
          [
            0.2396322,
            47.9318269
          ],
          [
            0.2396862,
            47.9317063
          ],
          [
            0.2396994,
            47.9316808
          ],
          [
            0.2397197,
            47.9316475
          ],
          [
            0.2397338,
            47.9316223
          ],
          [
            0.2397663,
            47.9315537
          ],
          [
            0.2398084,
            47.9314684
          ],
          [
            0.2398772,
            47.9313226
          ],
          [
            0.2398881,
            47.9312967
          ],
          [
            0.2399073,
            47.9312443
          ],
          [
            0.239915,
            47.931227
          ],
          [
            0.2399695,
            47.9311255
          ],
          [
            0.2400188,
            47.9310275
          ],
          [
            0.240068,
            47.9309295
          ],
          [
            0.2401055,
            47.9308432
          ],
          [
            0.2401255,
            47.9308003
          ],
          [
            0.2401443,
            47.9307571
          ],
          [
            0.2401609,
            47.930723
          ],
          [
            0.2401757,
            47.9306884
          ],
          [
            0.2402293,
            47.9305867
          ],
          [
            0.2402444,
            47.9305617
          ],
          [
            0.2402719,
            47.9305207
          ],
          [
            0.2402865,
            47.9304955
          ],
          [
            0.2403229,
            47.9304184
          ],
          [
            0.2403398,
            47.9303749
          ],
          [
            0.2403701,
            47.9303059
          ],
          [
            0.2403981,
            47.9302553
          ],
          [
            0.2404198,
            47.9302128
          ],
          [
            0.2404518,
            47.9301536
          ],
          [
            0.2404732,
            47.930111
          ],
          [
            0.2404852,
            47.9300852
          ],
          [
            0.2405032,
            47.9300419
          ],
          [
            0.240525,
            47.9299807
          ],
          [
            0.240529,
            47.9299721
          ],
          [
            0.2405383,
            47.9299552
          ],
          [
            0.240558,
            47.9299218
          ],
          [
            0.2405938,
            47.929854
          ],
          [
            0.2406052,
            47.9298281
          ],
          [
            0.240617,
            47.929793
          ],
          [
            0.2406238,
            47.9297757
          ],
          [
            0.2406281,
            47.9297671
          ],
          [
            0.2406646,
            47.9296995
          ],
          [
            0.2406993,
            47.929622
          ],
          [
            0.2407274,
            47.9295715
          ],
          [
            0.240731,
            47.9295628
          ],
          [
            0.2407339,
            47.929554
          ],
          [
            0.2407445,
            47.9295096
          ],
          [
            0.2407532,
            47.9294833
          ],
          [
            0.2407642,
            47.9294574
          ],
          [
            0.2407866,
            47.929415
          ],
          [
            0.2407903,
            47.9294063
          ],
          [
            0.2408035,
            47.9293715
          ],
          [
            0.2408187,
            47.929337
          ],
          [
            0.2408513,
            47.929278
          ],
          [
            0.2408873,
            47.9292007
          ],
          [
            0.240892,
            47.9291923
          ],
          [
            0.2409215,
            47.9291421
          ],
          [
            0.2409257,
            47.9291336
          ],
          [
            0.2409295,
            47.929125
          ],
          [
            0.2409324,
            47.9291162
          ],
          [
            0.2409427,
            47.9290809
          ],
          [
            0.2409495,
            47.9290635
          ],
          [
            0.2409541,
            47.9290551
          ],
          [
            0.2409743,
            47.9290218
          ],
          [
            0.2410051,
            47.9289623
          ],
          [
            0.2410399,
            47.9289039
          ],
          [
            0.241054,
            47.9288786
          ],
          [
            0.2411135,
            47.9287498
          ],
          [
            0.2411553,
            47.9286739
          ],
          [
            0.2411593,
            47.9286653
          ],
          [
            0.241189,
            47.9285962
          ],
          [
            0.241192,
            47.9285874
          ],
          [
            0.2412106,
            47.9285257
          ],
          [
            0.2412179,
            47.9285084
          ],
          [
            0.2412266,
            47.9284914
          ],
          [
            0.2412318,
            47.9284831
          ],
          [
            0.2412444,
            47.9284673
          ],
          [
            0.2412518,
            47.9284598
          ],
          [
            0.2412672,
            47.928445
          ],
          [
            0.2412926,
            47.9284242
          ],
          [
            0.2413209,
            47.928405
          ],
          [
            0.2413515,
            47.9283876
          ],
          [
            0.2413834,
            47.9283712
          ],
          [
            0.2414917,
            47.9283184
          ],
          [
            0.2415471,
            47.9282932
          ],
          [
            0.2415703,
            47.9282841
          ],
          [
            0.2415943,
            47.9282763
          ],
          [
            0.2416442,
            47.9282632
          ],
          [
            0.2417081,
            47.9282498
          ],
          [
            0.2418247,
            47.9282295
          ],
          [
            0.2418502,
            47.9282241
          ],
          [
            0.2418752,
            47.9282178
          ],
          [
            0.2419111,
            47.9282057
          ],
          [
            0.2419802,
            47.9281782
          ],
          [
            0.2420139,
            47.9281635
          ],
          [
            0.2420461,
            47.9281474
          ],
          [
            0.2420865,
            47.9281238
          ],
          [
            0.2421149,
            47.9281047
          ],
          [
            0.2421407,
            47.9280841
          ],
          [
            0.2421712,
            47.9280545
          ],
          [
            0.2422063,
            47.9280162
          ],
          [
            0.2422245,
            47.9279922
          ],
          [
            0.2422391,
            47.9279671
          ],
          [
            0.2422542,
            47.9279326
          ],
          [
            0.242263,
            47.9279062
          ],
          [
            0.2422675,
            47.9278885
          ],
          [
            0.2422725,
            47.9278617
          ],
          [
            0.2422768,
            47.9278259
          ],
          [
            0.2422779,
            47.9277989
          ],
          [
            0.2422769,
            47.9277809
          ],
          [
            0.2422745,
            47.927763
          ],
          [
            0.2422706,
            47.9277452
          ],
          [
            0.242265,
            47.9277277
          ],
          [
            0.2422547,
            47.9277016
          ],
          [
            0.2421849,
            47.9275373
          ],
          [
            0.2421393,
            47.9274338
          ],
          [
            0.242093,
            47.9273211
          ],
          [
            0.2420867,
            47.9273036
          ],
          [
            0.2420672,
            47.9272329
          ],
          [
            0.2420446,
            47.9271442
          ],
          [
            0.2420389,
            47.9271084
          ],
          [
            0.2420327,
            47.9270546
          ],
          [
            0.2420304,
            47.9270277
          ],
          [
            0.2420287,
            47.9269827
          ],
          [
            0.242019,
            47.9269201
          ],
          [
            0.2420171,
            47.9269022
          ],
          [
            0.242017,
            47.9268842
          ],
          [
            0.2420195,
            47.9268573
          ],
          [
            0.2420338,
            47.9267679
          ],
          [
            0.2420383,
            47.9267501
          ],
          [
            0.2420443,
            47.9267326
          ],
          [
            0.2420627,
            47.9266894
          ],
          [
            0.2420835,
            47.9266466
          ],
          [
            0.2421236,
            47.9265703
          ],
          [
            0.2421285,
            47.9265619
          ],
          [
            0.2421697,
            47.9264955
          ],
          [
            0.2421866,
            47.9264711
          ],
          [
            0.2422114,
            47.9264392
          ],
          [
            0.2422171,
            47.9264311
          ],
          [
            0.2422274,
            47.9264145
          ],
          [
            0.2422317,
            47.926406
          ],
          [
            0.242253,
            47.9263539
          ],
          [
            0.2422571,
            47.9263454
          ],
          [
            0.2422708,
            47.92632
          ],
          [
            0.2422904,
            47.9262865
          ],
          [
            0.2423034,
            47.926261
          ],
          [
            0.242307,
            47.9262524
          ],
          [
            0.2423129,
            47.9262348
          ],
          [
            0.2423153,
            47.926226
          ],
          [
            0.2423231,
            47.9261904
          ],
          [
            0.2423257,
            47.9261816
          ],
          [
            0.2423318,
            47.9261641
          ],
          [
            0.2423354,
            47.9261554
          ],
          [
            0.2423437,
            47.9261383
          ],
          [
            0.242367,
            47.9260962
          ],
          [
            0.2423876,
            47.9260534
          ],
          [
            0.2423972,
            47.9260366
          ],
          [
            0.2424028,
            47.9260284
          ],
          [
            0.2424089,
            47.9260204
          ],
          [
            0.2424155,
            47.9260126
          ],
          [
            0.2424438,
            47.9259821
          ],
          [
            0.2424505,
            47.9259743
          ],
          [
            0.242457,
            47.9259664
          ],
          [
            0.2424629,
            47.9259583
          ],
          [
            0.2424683,
            47.9259501
          ],
          [
            0.2424732,
            47.9259418
          ],
          [
            0.2424772,
            47.9259332
          ],
          [
            0.2424947,
            47.9258898
          ],
          [
            0.2424987,
            47.9258812
          ],
          [
            0.2425118,
            47.9258557
          ],
          [
            0.2425237,
            47.9258299
          ],
          [
            0.242528,
            47.9258214
          ],
          [
            0.2425652,
            47.925754
          ],
          [
            0.2425774,
            47.9257283
          ],
          [
            0.2425809,
            47.9257196
          ],
          [
            0.2425867,
            47.925702
          ],
          [
            0.2425917,
            47.9256844
          ],
          [
            0.2425936,
            47.9256755
          ],
          [
            0.242596,
            47.9256576
          ],
          [
            0.2425973,
            47.9256396
          ],
          [
            0.2425985,
            47.9256306
          ],
          [
            0.2426002,
            47.9256217
          ],
          [
            0.2426056,
            47.9256041
          ],
          [
            0.2426127,
            47.9255868
          ],
          [
            0.2426214,
            47.9255698
          ],
          [
            0.2426595,
            47.9255025
          ],
          [
            0.2426639,
            47.925494
          ],
          [
            0.2426915,
            47.9254339
          ],
          [
            0.2426957,
            47.9254253
          ],
          [
            0.2427227,
            47.9253745
          ],
          [
            0.2427384,
            47.9253401
          ],
          [
            0.2427427,
            47.9253316
          ],
          [
            0.2427765,
            47.9252729
          ],
          [
            0.2427818,
            47.9252647
          ],
          [
            0.2428112,
            47.9252242
          ],
          [
            0.242822,
            47.9252078
          ],
          [
            0.2428269,
            47.9251994
          ],
          [
            0.2428526,
            47.9251483
          ],
          [
            0.2428574,
            47.9251399
          ],
          [
            0.242879,
            47.925107
          ],
          [
            0.2429027,
            47.9250748
          ],
          [
            0.2429083,
            47.9250666
          ],
          [
            0.2429129,
            47.9250582
          ],
          [
            0.2429204,
            47.9250409
          ],
          [
            0.2429573,
            47.9249359
          ],
          [
            0.2429602,
            47.9249271
          ],
          [
            0.2429749,
            47.924874
          ],
          [
            0.242977,
            47.9248652
          ],
          [
            0.2429855,
            47.9248206
          ],
          [
            0.2429963,
            47.9247762
          ],
          [
            0.2430031,
            47.9247405
          ],
          [
            0.2430129,
            47.924696
          ],
          [
            0.2430145,
            47.9246871
          ],
          [
            0.2430157,
            47.9246691
          ],
          [
            0.2430163,
            47.9246242
          ],
          [
            0.2430168,
            47.9246152
          ],
          [
            0.2430194,
            47.9245973
          ],
          [
            0.2430238,
            47.9245795
          ],
          [
            0.2430317,
            47.9245531
          ],
          [
            0.2430348,
            47.9245443
          ],
          [
            0.2430386,
            47.9245357
          ],
          [
            0.243048,
            47.9245189
          ],
          [
            0.2430641,
            47.9244942
          ],
          [
            0.2430689,
            47.9244858
          ],
          [
            0.2430728,
            47.9244772
          ],
          [
            0.2430762,
            47.9244685
          ],
          [
            0.243081,
            47.9244508
          ],
          [
            0.2430877,
            47.9244151
          ],
          [
            0.243093,
            47.9243793
          ],
          [
            0.2430984,
            47.9243165
          ],
          [
            0.2431057,
            47.9242537
          ],
          [
            0.2431105,
            47.9241998
          ],
          [
            0.2431116,
            47.9241909
          ],
          [
            0.2431154,
            47.9241731
          ],
          [
            0.2431368,
            47.9240934
          ],
          [
            0.2431485,
            47.92404
          ],
          [
            0.2431551,
            47.9240134
          ],
          [
            0.2431571,
            47.9240045
          ],
          [
            0.2431677,
            47.923942
          ],
          [
            0.24317,
            47.9239151
          ],
          [
            0.2431696,
            47.9238971
          ],
          [
            0.2431618,
            47.9238343
          ],
          [
            0.2431561,
            47.9237445
          ],
          [
            0.2431557,
            47.9236995
          ],
          [
            0.2431518,
            47.9236546
          ],
          [
            0.2431516,
            47.9236457
          ],
          [
            0.243156,
            47.9236008
          ],
          [
            0.2431565,
            47.9235918
          ],
          [
            0.2431547,
            47.9235199
          ],
          [
            0.2431563,
            47.9234209
          ],
          [
            0.2431579,
            47.923403
          ],
          [
            0.243163,
            47.9233672
          ],
          [
            0.2431645,
            47.9233492
          ],
          [
            0.2431706,
            47.9232234
          ],
          [
            0.2431781,
            47.9231606
          ],
          [
            0.2431795,
            47.9231517
          ],
          [
            0.2431882,
            47.9231162
          ],
          [
            0.2432004,
            47.923072
          ],
          [
            0.2432034,
            47.9230541
          ],
          [
            0.2432074,
            47.9230182
          ],
          [
            0.2432183,
            47.9229015
          ],
          [
            0.2432176,
            47.9228206
          ],
          [
            0.2432232,
            47.9227578
          ],
          [
            0.2432242,
            47.9227128
          ],
          [
            0.2432301,
            47.922641
          ],
          [
            0.2432323,
            47.922623
          ],
          [
            0.2432399,
            47.9225784
          ],
          [
            0.2432434,
            47.9225245
          ],
          [
            0.243251,
            47.9224527
          ],
          [
            0.243254,
            47.9223988
          ],
          [
            0.2432641,
            47.9223271
          ],
          [
            0.2432698,
            47.9222463
          ],
          [
            0.2432767,
            47.9221925
          ],
          [
            0.2432859,
            47.9221299
          ],
          [
            0.2432892,
            47.92204
          ],
          [
            0.2432951,
            47.9219771
          ],
          [
            0.2433009,
            47.9218963
          ],
          [
            0.2433165,
            47.921807
          ],
          [
            0.2433178,
            47.921789
          ],
          [
            0.2433182,
            47.921762
          ],
          [
            0.2433198,
            47.9217441
          ],
          [
            0.2433301,
            47.9216906
          ],
          [
            0.243332,
            47.9216726
          ],
          [
            0.243336,
            47.9215828
          ],
          [
            0.2433344,
            47.9215108
          ],
          [
            0.243339,
            47.9214569
          ],
          [
            0.2433401,
            47.92143
          ],
          [
            0.2433363,
            47.9213581
          ],
          [
            0.2433366,
            47.9213311
          ],
          [
            0.2433372,
            47.9213221
          ],
          [
            0.2433382,
            47.9213132
          ],
          [
            0.2433439,
            47.9212865
          ],
          [
            0.2433503,
            47.921269
          ],
          [
            0.2433645,
            47.9212343
          ],
          [
            0.2433692,
            47.9212166
          ],
          [
            0.2433921,
            47.9210826
          ],
          [
            0.2434019,
            47.9210109
          ],
          [
            0.2434069,
            47.9209481
          ],
          [
            0.243407,
            47.9209301
          ],
          [
            0.2434047,
            47.9209032
          ],
          [
            0.2433985,
            47.9208584
          ],
          [
            0.2433979,
            47.9208404
          ],
          [
            0.2433989,
            47.9208224
          ],
          [
            0.2434064,
            47.9207597
          ],
          [
            0.2434127,
            47.9206879
          ],
          [
            0.2434223,
            47.9206343
          ],
          [
            0.2434234,
            47.9206253
          ],
          [
            0.2434248,
            47.9205624
          ],
          [
            0.2434344,
            47.9204682
          ],
          [
            0.2434441,
            47.920374
          ],
          [
            0.2434499,
            47.9203021
          ],
          [
            0.2434565,
            47.9201943
          ],
          [
            0.2434639,
            47.9201496
          ],
          [
            0.243479,
            47.9200966
          ],
          [
            0.2434812,
            47.9200877
          ],
          [
            0.243485,
            47.9200609
          ],
          [
            0.2434892,
            47.919998
          ],
          [
            0.2434961,
            47.9199442
          ],
          [
            0.2435063,
            47.9198275
          ],
          [
            0.2435156,
            47.9197333
          ],
          [
            0.243525,
            47.9196391
          ],
          [
            0.2435296,
            47.9195762
          ],
          [
            0.2435327,
            47.9194953
          ],
          [
            0.2435415,
            47.9193965
          ],
          [
            0.2435425,
            47.9193876
          ],
          [
            0.243555,
            47.919298
          ],
          [
            0.2435625,
            47.9191992
          ],
          [
            0.2435735,
            47.9190915
          ],
          [
            0.2435841,
            47.9189478
          ],
          [
            0.243585,
            47.9189388
          ],
          [
            0.2435929,
            47.9188761
          ],
          [
            0.2435964,
            47.9188222
          ],
          [
            0.2436006,
            47.9187773
          ],
          [
            0.2436038,
            47.9187054
          ],
          [
            0.2436087,
            47.9186606
          ],
          [
            0.2436196,
            47.918589
          ],
          [
            0.2436206,
            47.91858
          ],
          [
            0.2436214,
            47.9185531
          ],
          [
            0.2436195,
            47.9185081
          ],
          [
            0.2436206,
            47.9184901
          ],
          [
            0.24363,
            47.9184094
          ],
          [
            0.2436397,
            47.9183468
          ],
          [
            0.2436408,
            47.9183379
          ],
          [
            0.2436429,
            47.9182839
          ],
          [
            0.2436446,
            47.918266
          ],
          [
            0.243655,
            47.9181853
          ],
          [
            0.2436623,
            47.9181406
          ],
          [
            0.2436634,
            47.9181317
          ],
          [
            0.243664,
            47.9181137
          ],
          [
            0.2436632,
            47.9180777
          ],
          [
            0.2436639,
            47.9180508
          ],
          [
            0.2436716,
            47.917961
          ],
          [
            0.243678,
            47.9178711
          ],
          [
            0.2436783,
            47.9178621
          ],
          [
            0.243677,
            47.9178442
          ],
          [
            0.2436699,
            47.9177995
          ],
          [
            0.2436689,
            47.9177905
          ],
          [
            0.2436689,
            47.9177635
          ],
          [
            0.2436715,
            47.9177366
          ],
          [
            0.2436807,
            47.9176649
          ],
          [
            0.2436854,
            47.9175751
          ],
          [
            0.2436929,
            47.9175123
          ],
          [
            0.2436976,
            47.9174584
          ],
          [
            0.2436986,
            47.9174225
          ],
          [
            0.243697,
            47.9173865
          ],
          [
            0.2436969,
            47.9173775
          ],
          [
            0.2436988,
            47.9173596
          ],
          [
            0.2437032,
            47.9173328
          ],
          [
            0.2437048,
            47.9173148
          ],
          [
            0.2437064,
            47.9172339
          ],
          [
            0.2437093,
            47.917207
          ],
          [
            0.2437217,
            47.9171265
          ],
          [
            0.2437261,
            47.9171087
          ],
          [
            0.2437391,
            47.9170646
          ],
          [
            0.2437425,
            47.9170468
          ],
          [
            0.2437454,
            47.9170199
          ],
          [
            0.2437509,
            47.916876
          ],
          [
            0.243762,
            47.9167774
          ],
          [
            0.2437693,
            47.9166696
          ],
          [
            0.2437751,
            47.9166067
          ],
          [
            0.2437778,
            47.9165618
          ],
          [
            0.2437876,
            47.9164541
          ],
          [
            0.2437914,
            47.9164002
          ],
          [
            0.2438019,
            47.9162925
          ],
          [
            0.2438075,
            47.9161936
          ],
          [
            0.2438165,
            47.9160949
          ],
          [
            0.2438232,
            47.915996
          ],
          [
            0.2438266,
            47.9159331
          ],
          [
            0.2438364,
            47.9158254
          ],
          [
            0.2438384,
            47.9157625
          ],
          [
            0.2438377,
            47.9157085
          ],
          [
            0.243838,
            47.9156995
          ],
          [
            0.2438407,
            47.9156816
          ],
          [
            0.2438466,
            47.9156549
          ],
          [
            0.2438491,
            47.915637
          ],
          [
            0.2438547,
            47.9155202
          ],
          [
            0.2438571,
            47.9155023
          ],
          [
            0.2438654,
            47.9154577
          ],
          [
            0.2438691,
            47.9154218
          ],
          [
            0.243873,
            47.9153409
          ],
          [
            0.2438765,
            47.915287
          ],
          [
            0.2438759,
            47.915251
          ],
          [
            0.2438763,
            47.915233
          ],
          [
            0.243877,
            47.915224
          ],
          [
            0.2438862,
            47.9151704
          ],
          [
            0.2438875,
            47.9151615
          ],
          [
            0.243894,
            47.9150536
          ],
          [
            0.2438949,
            47.9150177
          ],
          [
            0.2438938,
            47.9149547
          ],
          [
            0.2438993,
            47.9148559
          ],
          [
            0.2438988,
            47.9148289
          ],
          [
            0.2438961,
            47.914802
          ],
          [
            0.2438893,
            47.9147663
          ],
          [
            0.2438822,
            47.9147398
          ],
          [
            0.2438581,
            47.9146696
          ],
          [
            0.2438428,
            47.9146352
          ],
          [
            0.2438222,
            47.914583
          ],
          [
            0.2438029,
            47.91454
          ],
          [
            0.2437994,
            47.9145313
          ],
          [
            0.2437868,
            47.9144871
          ],
          [
            0.2437778,
            47.9144608
          ],
          [
            0.2437284,
            47.9143301
          ],
          [
            0.2436807,
            47.9142083
          ],
          [
            0.2436331,
            47.9140865
          ],
          [
            0.2436073,
            47.9140167
          ],
          [
            0.2435761,
            47.9139385
          ],
          [
            0.2435323,
            47.9138347
          ],
          [
            0.2434787,
            47.9137047
          ],
          [
            0.2434251,
            47.9135747
          ],
          [
            0.2434116,
            47.9135493
          ],
          [
            0.2434062,
            47.913541
          ],
          [
            0.2434005,
            47.9135329
          ],
          [
            0.2433941,
            47.913525
          ],
          [
            0.2433874,
            47.9135173
          ],
          [
            0.2433799,
            47.9135098
          ],
          [
            0.2433721,
            47.9135025
          ],
          [
            0.2433635,
            47.9134956
          ],
          [
            0.2433545,
            47.9134889
          ],
          [
            0.243345,
            47.9134826
          ],
          [
            0.2433352,
            47.9134765
          ],
          [
            0.2433249,
            47.9134708
          ],
          [
            0.2433144,
            47.9134652
          ],
          [
            0.2433033,
            47.9134602
          ],
          [
            0.243292,
            47.9134554
          ],
          [
            0.2432681,
            47.9134472
          ],
          [
            0.2432557,
            47.913444
          ],
          [
            0.2432429,
            47.9134412
          ],
          [
            0.2432301,
            47.9134387
          ],
          [
            0.243217,
            47.913437
          ],
          [
            0.2432038,
            47.9134356
          ],
          [
            0.2431904,
            47.9134349
          ],
          [
            0.2431771,
            47.9134344
          ],
          [
            0.2431637,
            47.9134346
          ],
          [
            0.2431504,
            47.9134355
          ],
          [
            0.2431241,
            47.9134388
          ],
          [
            0.2431113,
            47.9134414
          ],
          [
            0.2430862,
            47.9134476
          ],
          [
            0.24305,
            47.9134593
          ],
          [
            0.2430151,
            47.9134726
          ],
          [
            0.242958,
            47.913496
          ],
          [
            0.2428635,
            47.9135299
          ],
          [
            0.242826,
            47.9135395
          ],
          [
            0.2427874,
            47.9135471
          ],
          [
            0.2426967,
            47.9135628
          ],
          [
            0.2425666,
            47.913584
          ],
          [
            0.2424366,
            47.9136052
          ],
          [
            0.242346,
            47.9136213
          ],
          [
            0.2421514,
            47.9136543
          ],
          [
            0.2421119,
            47.9136593
          ],
          [
            0.2419262,
            47.9136762
          ],
          [
            0.2418999,
            47.9136793
          ],
          [
            0.2417959,
            47.9136966
          ],
          [
            0.2416668,
            47.9137203
          ],
          [
            0.2416016,
            47.9137303
          ],
          [
            0.2414833,
            47.9137455
          ],
          [
            0.2414039,
            47.9137537
          ],
          [
            0.2413248,
            47.913763
          ],
          [
            0.2412857,
            47.913769
          ],
          [
            0.2411821,
            47.9137873
          ],
          [
            0.2410793,
            47.9138074
          ],
          [
            0.2408858,
            47.9138434
          ],
          [
            0.2407692,
            47.9138635
          ],
          [
            0.2407048,
            47.9138758
          ],
          [
            0.2406413,
            47.9138901
          ],
          [
            0.2405671,
            47.9139107
          ],
          [
            0.2405287,
            47.9139185
          ],
          [
            0.2404251,
            47.9139367
          ],
          [
            0.2402507,
            47.9139685
          ],
          [
            0.2400764,
            47.9140003
          ],
          [
            0.2399466,
            47.9140223
          ],
          [
            0.2399204,
            47.9140261
          ],
          [
            0.239841,
            47.9140339
          ],
          [
            0.2397757,
            47.9140438
          ],
          [
            0.2396082,
            47.9140755
          ],
          [
            0.2395191,
            47.9140949
          ],
          [
            0.2393894,
            47.9141172
          ],
          [
            0.2393258,
            47.9141312
          ],
          [
            0.2392634,
            47.9141474
          ],
          [
            0.2392125,
            47.9141586
          ],
          [
            0.2391867,
            47.9141633
          ],
          [
            0.2391083,
            47.9141749
          ],
          [
            0.2390176,
            47.9141908
          ],
          [
            0.2389157,
            47.9142129
          ],
          [
            0.2388379,
            47.9142261
          ],
          [
            0.2387606,
            47.9142408
          ],
          [
            0.2387343,
            47.914244
          ],
          [
            0.238681,
            47.9142472
          ],
          [
            0.2386544,
            47.9142497
          ],
          [
            0.2386282,
            47.9142533
          ],
          [
            0.2385894,
            47.9142602
          ],
          [
            0.2385509,
            47.9142679
          ],
          [
            0.238411,
            47.9142987
          ],
          [
            0.2382547,
            47.9143234
          ],
          [
            0.2381261,
            47.9143484
          ],
          [
            0.2381009,
            47.9143544
          ],
          [
            0.2380392,
            47.9143719
          ],
          [
            0.238001,
            47.9143801
          ],
          [
            0.2379358,
            47.9143904
          ],
          [
            0.2378588,
            47.9144056
          ],
          [
            0.2378328,
            47.9144099
          ],
          [
            0.2377139,
            47.9144226
          ],
          [
            0.2376745,
            47.9144281
          ],
          [
            0.2375197,
            47.9144568
          ],
          [
            0.2373649,
            47.9144854
          ],
          [
            0.237248,
            47.9145051
          ],
          [
            0.2371453,
            47.9145253
          ],
          [
            0.23699,
            47.914553
          ],
          [
            0.2369122,
            47.9145662
          ],
          [
            0.2367967,
            47.9145893
          ],
          [
            0.236693,
            47.9146071
          ],
          [
            0.2365768,
            47.9146284
          ],
          [
            0.2364611,
            47.914651
          ],
          [
            0.2362669,
            47.9146851
          ],
          [
            0.2361767,
            47.9147023
          ],
          [
            0.2360088,
            47.9147328
          ],
          [
            0.2358408,
            47.9147633
          ],
          [
            0.2356473,
            47.9147992
          ],
          [
            0.2355427,
            47.9148147
          ],
          [
            0.2355164,
            47.9148178
          ],
          [
            0.23545,
            47.9148238
          ],
          [
            0.2354108,
            47.9148296
          ],
          [
            0.2353855,
            47.9148354
          ],
          [
            0.235325,
            47.9148546
          ],
          [
            0.2353,
            47.914861
          ],
          [
            0.2352351,
            47.914872
          ],
          [
            0.2350933,
            47.9148987
          ],
          [
            0.2350043,
            47.9149184
          ],
          [
            0.2349786,
            47.9149234
          ],
          [
            0.234887,
            47.9149366
          ],
          [
            0.2348221,
            47.9149473
          ],
          [
            0.234669,
            47.9149801
          ],
          [
            0.234487,
            47.9150099
          ],
          [
            0.2344218,
            47.9150199
          ],
          [
            0.2343829,
            47.9150268
          ],
          [
            0.2343061,
            47.9150426
          ],
          [
            0.2342159,
            47.9150596
          ],
          [
            0.2341137,
            47.915081
          ],
          [
            0.2340256,
            47.9151024
          ],
          [
            0.2338721,
            47.9151342
          ],
          [
            0.2337962,
            47.9151518
          ],
          [
            0.2337209,
            47.9151705
          ],
          [
            0.233546,
            47.9152156
          ],
          [
            0.2334098,
            47.9152532
          ],
          [
            0.2333597,
            47.915266
          ],
          [
            0.2333351,
            47.915273
          ],
          [
            0.2332259,
            47.9153072
          ],
          [
            0.2331879,
            47.9153159
          ],
          [
            0.2330719,
            47.9153376
          ],
          [
            0.2330464,
            47.9153431
          ],
          [
            0.2329595,
            47.9153666
          ],
          [
            0.2329109,
            47.9153817
          ],
          [
            0.2328524,
            47.9154036
          ],
          [
            0.2327849,
            47.9154328
          ],
          [
            0.2327637,
            47.9154437
          ],
          [
            0.2327245,
            47.9154682
          ],
          [
            0.2327034,
            47.9154793
          ],
          [
            0.2326921,
            47.9154841
          ],
          [
            0.2326805,
            47.9154886
          ],
          [
            0.2326208,
            47.9155089
          ],
          [
            0.2325145,
            47.9155469
          ],
          [
            0.23248,
            47.9155607
          ],
          [
            0.2324234,
            47.9155847
          ],
          [
            0.2323885,
            47.915598
          ],
          [
            0.2323279,
            47.915617
          ],
          [
            0.2322439,
            47.915645
          ],
          [
            0.2321453,
            47.9156729
          ],
          [
            0.2321333,
            47.915677
          ],
          [
            0.2319912,
            47.9157272
          ],
          [
            0.2318103,
            47.9157857
          ],
          [
            0.2316823,
            47.9158346
          ],
          [
            0.2315732,
            47.915869
          ],
          [
            0.2314914,
            47.9158996
          ],
          [
            0.2313456,
            47.9159448
          ],
          [
            0.2313217,
            47.9159529
          ],
          [
            0.2312986,
            47.915962
          ],
          [
            0.2312426,
            47.9159866
          ],
          [
            0.2312079,
            47.9160002
          ],
          [
            0.2311352,
            47.9160231
          ],
          [
            0.2310754,
            47.9160433
          ],
          [
            0.2309428,
            47.9160863
          ],
          [
            0.2308723,
            47.916112
          ],
          [
            0.2307757,
            47.9161431
          ],
          [
            0.2306327,
            47.9161923
          ],
          [
            0.2305268,
            47.9162308
          ],
          [
            0.2304189,
            47.9162668
          ],
          [
            0.2302937,
            47.9163096
          ],
          [
            0.2301684,
            47.9163524
          ],
          [
            0.2300617,
            47.91639
          ],
          [
            0.2299773,
            47.9164174
          ],
          [
            0.2298914,
            47.9164425
          ],
          [
            0.2298194,
            47.9164663
          ],
          [
            0.2297949,
            47.9164735
          ],
          [
            0.2297322,
            47.9164893
          ],
          [
            0.2297077,
            47.9164965
          ],
          [
            0.2296007,
            47.9165337
          ],
          [
            0.229456,
            47.9165806
          ],
          [
            0.2293619,
            47.9166149
          ],
          [
            0.2292804,
            47.9166459
          ],
          [
            0.2292686,
            47.9166501
          ],
          [
            0.2290778,
            47.9167154
          ],
          [
            0.2289413,
            47.9167632
          ],
          [
            0.2288048,
            47.916811
          ],
          [
            0.2287202,
            47.9168381
          ],
          [
            0.2286844,
            47.9168503
          ],
          [
            0.2286494,
            47.9168635
          ],
          [
            0.2285695,
            47.9168964
          ],
          [
            0.2285135,
            47.916921
          ],
          [
            0.2284089,
            47.9169611
          ],
          [
            0.2282067,
            47.9170312
          ],
          [
            0.2281212,
            47.917057
          ],
          [
            0.2280971,
            47.9170648
          ],
          [
            0.2280276,
            47.9170919
          ],
          [
            0.2279827,
            47.9171114
          ],
          [
            0.2279598,
            47.9171207
          ],
          [
            0.227828,
            47.9171647
          ],
          [
            0.2277448,
            47.9171937
          ],
          [
            0.2276467,
            47.9172225
          ],
          [
            0.2276103,
            47.9172339
          ],
          [
            0.2275286,
            47.9172647
          ],
          [
            0.2273854,
            47.9173136
          ],
          [
            0.2272915,
            47.9173482
          ],
          [
            0.2272316,
            47.9173682
          ],
          [
            0.2271627,
            47.9173959
          ],
          [
            0.2271509,
            47.9174001
          ],
          [
            0.2271389,
            47.9174041
          ],
          [
            0.2271266,
            47.9174077
          ],
          [
            0.2270774,
            47.9174218
          ],
          [
            0.2269939,
            47.9174504
          ],
          [
            0.2269825,
            47.9174551
          ],
          [
            0.2268924,
            47.917494
          ],
          [
            0.2267933,
            47.91754
          ],
          [
            0.2267821,
            47.9175449
          ],
          [
            0.2267593,
            47.9175543
          ],
          [
            0.2266672,
            47.917591
          ],
          [
            0.226656,
            47.9175959
          ],
          [
            0.2266112,
            47.9176156
          ],
          [
            0.2265564,
            47.9176414
          ],
          [
            0.2263727,
            47.9177316
          ],
          [
            0.2262663,
            47.9177862
          ],
          [
            0.226148,
            47.917845
          ],
          [
            0.2261066,
            47.9178679
          ],
          [
            0.2260065,
            47.9179276
          ],
          [
            0.2259753,
            47.9179445
          ],
          [
            0.2259208,
            47.9179706
          ],
          [
            0.2258246,
            47.9180193
          ],
          [
            0.2258028,
            47.9180298
          ],
          [
            0.2257916,
            47.9180347
          ],
          [
            0.2257686,
            47.9180439
          ],
          [
            0.2256758,
            47.9180797
          ],
          [
            0.2256646,
            47.9180847
          ],
          [
            0.2256098,
            47.9181105
          ],
          [
            0.225503,
            47.9181647
          ],
          [
            0.2254061,
            47.9182128
          ],
          [
            0.2253854,
            47.9182242
          ],
          [
            0.2253454,
            47.9182481
          ],
          [
            0.2253247,
            47.9182595
          ],
          [
            0.2253029,
            47.9182699
          ],
          [
            0.2252459,
            47.9182934
          ],
          [
            0.2252236,
            47.9183034
          ],
          [
            0.2251491,
            47.9183415
          ],
          [
            0.2250661,
            47.918387
          ],
          [
            0.2250555,
            47.9183925
          ],
          [
            0.2250235,
            47.9184087
          ],
          [
            0.2249584,
            47.9184404
          ],
          [
            0.2248954,
            47.9184738
          ],
          [
            0.2248843,
            47.9184789
          ],
          [
            0.2248281,
            47.9185032
          ],
          [
            0.2247952,
            47.9185187
          ],
          [
            0.2247638,
            47.9185355
          ],
          [
            0.2247141,
            47.9185656
          ],
          [
            0.2246614,
            47.9185933
          ],
          [
            0.2246285,
            47.9186088
          ],
          [
            0.2246056,
            47.9186181
          ],
          [
            0.2245937,
            47.9186221
          ],
          [
            0.2245327,
            47.9186407
          ],
          [
            0.2245209,
            47.9186449
          ],
          [
            0.2244977,
            47.9186538
          ],
          [
            0.224475,
            47.9186634
          ],
          [
            0.2244537,
            47.9186743
          ],
          [
            0.2244438,
            47.9186803
          ],
          [
            0.2244148,
            47.9186989
          ],
          [
            0.2243946,
            47.9187107
          ],
          [
            0.2243839,
            47.9187162
          ],
          [
            0.2243403,
            47.918737
          ],
          [
            0.2243297,
            47.9187425
          ],
          [
            0.2242156,
            47.918805
          ],
          [
            0.2241944,
            47.918816
          ],
          [
            0.2241398,
            47.918842
          ],
          [
            0.2241293,
            47.9188476
          ],
          [
            0.2240778,
            47.9188763
          ],
          [
            0.2240245,
            47.9189035
          ],
          [
            0.223969,
            47.9189286
          ],
          [
            0.2239576,
            47.9189333
          ],
          [
            0.2238996,
            47.9189557
          ],
          [
            0.2238316,
            47.9189844
          ],
          [
            0.2238202,
            47.9189891
          ],
          [
            0.2237621,
            47.9190114
          ],
          [
            0.2237511,
            47.9190165
          ],
          [
            0.2237404,
            47.9190219
          ],
          [
            0.2237303,
            47.9190278
          ],
          [
            0.2237208,
            47.9190341
          ],
          [
            0.2236843,
            47.9190604
          ],
          [
            0.2236745,
            47.9190666
          ],
          [
            0.223654,
            47.9190781
          ],
          [
            0.2236432,
            47.9190834
          ],
          [
            0.2236206,
            47.919093
          ],
          [
            0.2236091,
            47.9190976
          ],
          [
            0.2235387,
            47.9191235
          ],
          [
            0.2235155,
            47.9191326
          ],
          [
            0.2235043,
            47.9191375
          ],
          [
            0.2233285,
            47.9192197
          ],
          [
            0.2232961,
            47.9192355
          ],
          [
            0.2232855,
            47.919241
          ],
          [
            0.2232546,
            47.9192583
          ],
          [
            0.2232446,
            47.9192643
          ],
          [
            0.2232062,
            47.9192893
          ],
          [
            0.2231964,
            47.9192954
          ],
          [
            0.2231557,
            47.9193188
          ],
          [
            0.2231061,
            47.919349
          ],
          [
            0.2230959,
            47.9193548
          ],
          [
            0.2230431,
            47.9193824
          ],
          [
            0.2230121,
            47.9193995
          ],
          [
            0.2230021,
            47.9194055
          ],
          [
            0.2229343,
            47.919449
          ],
          [
            0.2229242,
            47.9194549
          ],
          [
            0.2227882,
            47.9195278
          ],
          [
            0.2227451,
            47.9195491
          ],
          [
            0.2226786,
            47.9195794
          ],
          [
            0.2225883,
            47.919618
          ],
          [
            0.2224967,
            47.9196553
          ],
          [
            0.2224636,
            47.9196705
          ],
          [
            0.2224423,
            47.9196814
          ],
          [
            0.2224319,
            47.9196871
          ],
          [
            0.222402,
            47.9197051
          ],
          [
            0.2223253,
            47.9197553
          ],
          [
            0.2222362,
            47.9198097
          ],
          [
            0.222226,
            47.9198156
          ],
          [
            0.2220902,
            47.9198887
          ],
          [
            0.2219254,
            47.9199806
          ],
          [
            0.2219149,
            47.9199862
          ],
          [
            0.2218507,
            47.9200186
          ],
          [
            0.221809,
            47.9200411
          ],
          [
            0.2217787,
            47.9200588
          ],
          [
            0.2217299,
            47.9200895
          ],
          [
            0.2217099,
            47.9201015
          ],
          [
            0.2216472,
            47.9201352
          ],
          [
            0.2215753,
            47.9201756
          ],
          [
            0.2214042,
            47.9202694
          ],
          [
            0.2212332,
            47.9203633
          ],
          [
            0.2211621,
            47.9204043
          ],
          [
            0.2210999,
            47.9204384
          ],
          [
            0.2209979,
            47.9204967
          ],
          [
            0.2209167,
            47.9205436
          ],
          [
            0.2208573,
            47.9205798
          ],
          [
            0.2208477,
            47.9205861
          ],
          [
            0.2208292,
            47.9205991
          ],
          [
            0.2207119,
            47.9206854
          ],
          [
            0.2206252,
            47.920754
          ],
          [
            0.2205673,
            47.9208035
          ],
          [
            0.2205202,
            47.9208471
          ],
          [
            0.2205126,
            47.9208546
          ],
          [
            0.2204981,
            47.9208697
          ],
          [
            0.2204913,
            47.9208774
          ],
          [
            0.2204727,
            47.9209013
          ],
          [
            0.2204669,
            47.9209094
          ],
          [
            0.2204183,
            47.9209835
          ],
          [
            0.2204037,
            47.9210086
          ],
          [
            0.2203902,
            47.921034
          ],
          [
            0.2203861,
            47.9210426
          ],
          [
            0.2203382,
            47.921155
          ],
          [
            0.220303,
            47.9212324
          ],
          [
            0.2202812,
            47.9212843
          ],
          [
            0.2202771,
            47.9212929
          ],
          [
            0.2202256,
            47.9213856
          ],
          [
            0.220203,
            47.9214279
          ],
          [
            0.2201988,
            47.9214364
          ],
          [
            0.2201592,
            47.9215223
          ],
          [
            0.2201263,
            47.9215908
          ],
          [
            0.2200848,
            47.9216857
          ],
          [
            0.2200569,
            47.9217552
          ],
          [
            0.2200219,
            47.9218326
          ],
          [
            0.2199961,
            47.9218837
          ],
          [
            0.2199594,
            47.9219513
          ],
          [
            0.2199003,
            47.9220708
          ],
          [
            0.2198769,
            47.9221129
          ],
          [
            0.2198718,
            47.9221212
          ],
          [
            0.2198498,
            47.9221541
          ],
          [
            0.2198439,
            47.9221621
          ],
          [
            0.2198245,
            47.9221857
          ],
          [
            0.2198176,
            47.9221934
          ],
          [
            0.2197881,
            47.9222234
          ],
          [
            0.2197803,
            47.9222307
          ],
          [
            0.2197557,
            47.9222521
          ],
          [
            0.2197469,
            47.9222589
          ],
          [
            0.2197283,
            47.9222718
          ],
          [
            0.2197185,
            47.9222779
          ],
          [
            0.2196978,
            47.9222893
          ],
          [
            0.2196872,
            47.9222947
          ],
          [
            0.219665,
            47.9223047
          ],
          [
            0.2196535,
            47.9223093
          ],
          [
            0.2196417,
            47.9223136
          ],
          [
            0.2196176,
            47.9223215
          ],
          [
            0.2196054,
            47.9223251
          ],
          [
            0.2195554,
            47.922338
          ],
          [
            0.2195299,
            47.9223433
          ],
          [
            0.2195039,
            47.9223476
          ],
          [
            0.2194643,
            47.9223521
          ],
          [
            0.2193582,
            47.9223617
          ],
          [
            0.219345,
            47.9223632
          ],
          [
            0.2192796,
            47.9223728
          ],
          [
            0.2192532,
            47.9223757
          ],
          [
            0.2192399,
            47.9223767
          ],
          [
            0.2192265,
            47.922377
          ],
          [
            0.2191998,
            47.9223766
          ],
          [
            0.2191598,
            47.9223744
          ],
          [
            0.2191465,
            47.9223732
          ],
          [
            0.2191203,
            47.9223696
          ],
          [
            0.2190685,
            47.9223604
          ],
          [
            0.2190558,
            47.9223578
          ],
          [
            0.2190182,
            47.9223483
          ],
          [
            0.2189693,
            47.9223336
          ],
          [
            0.2188846,
            47.9223067
          ],
          [
            0.2187749,
            47.9222734
          ],
          [
            0.2185932,
            47.9222159
          ],
          [
            0.2185696,
            47.9222075
          ],
          [
            0.218535,
            47.9221938
          ],
          [
            0.2184228,
            47.9221448
          ],
          [
            0.2184113,
            47.9221402
          ],
          [
            0.2183871,
            47.9221325
          ],
          [
            0.2182497,
            47.922097
          ],
          [
            0.2181123,
            47.9220615
          ],
          [
            0.2179758,
            47.9220244
          ],
          [
            0.2178775,
            47.9219959
          ],
          [
            0.217817,
            47.9219766
          ],
          [
            0.2177307,
            47.9219523
          ],
          [
            0.2176574,
            47.9219302
          ],
          [
            0.2176197,
            47.921921
          ],
          [
            0.2175427,
            47.9219057
          ],
          [
            0.2174905,
            47.9218976
          ],
          [
            0.2174248,
            47.9218892
          ],
          [
            0.2173989,
            47.9218847
          ],
          [
            0.2173353,
            47.9218706
          ],
          [
            0.21726,
            47.921852
          ],
          [
            0.2172475,
            47.9218488
          ],
          [
            0.2171607,
            47.921825
          ],
          [
            0.2171119,
            47.9218103
          ],
          [
            0.2170526,
            47.9217894
          ],
          [
            0.2169923,
            47.9217699
          ],
          [
            0.2168733,
            47.9217288
          ],
          [
            0.2168613,
            47.9217248
          ],
          [
            0.216788,
            47.9217028
          ],
          [
            0.2167254,
            47.9216868
          ],
          [
            0.2167128,
            47.9216838
          ],
          [
            0.2166871,
            47.9216789
          ],
          [
            0.2166221,
            47.9216682
          ],
          [
            0.2165964,
            47.9216631
          ],
          [
            0.2164581,
            47.9216291
          ],
          [
            0.2164456,
            47.921626
          ],
          [
            0.2162843,
            47.9215822
          ],
          [
            0.216272,
            47.9215787
          ],
          [
            0.2161869,
            47.9215523
          ],
          [
            0.2161494,
            47.9215427
          ],
          [
            0.2160986,
            47.9215314
          ],
          [
            0.216047,
            47.9215216
          ],
          [
            0.2159446,
            47.9215006
          ],
          [
            0.215932,
            47.9214977
          ],
          [
            0.2158706,
            47.9214798
          ],
          [
            0.2157987,
            47.9214558
          ],
          [
            0.2157864,
            47.9214523
          ],
          [
            0.2157738,
            47.9214492
          ],
          [
            0.2157609,
            47.921447
          ],
          [
            0.2157478,
            47.9214451
          ],
          [
            0.2157345,
            47.9214443
          ],
          [
            0.2157077,
            47.9214439
          ],
          [
            0.2156811,
            47.9214452
          ],
          [
            0.2156546,
            47.9214477
          ],
          [
            0.2156283,
            47.9214513
          ],
          [
            0.2156154,
            47.9214535
          ],
          [
            0.2156028,
            47.9214566
          ],
          [
            0.2155784,
            47.9214639
          ],
          [
            0.2155667,
            47.9214683
          ],
          [
            0.2155446,
            47.9214783
          ],
          [
            0.2155241,
            47.92149
          ],
          [
            0.215515,
            47.9214965
          ],
          [
            0.2155065,
            47.9215035
          ],
          [
            0.2154986,
            47.9215107
          ],
          [
            0.2154857,
            47.9215265
          ],
          [
            0.2154705,
            47.9215514
          ],
          [
            0.2154578,
            47.921577
          ],
          [
            0.2154478,
            47.9216031
          ],
          [
            0.215408,
            47.9217262
          ],
          [
            0.2153665,
            47.921849
          ],
          [
            0.2153088,
            47.9220061
          ],
          [
            0.2153038,
            47.9220238
          ],
          [
            0.2152958,
            47.9220594
          ],
          [
            0.2152843,
            47.9221037
          ],
          [
            0.2152633,
            47.9221742
          ],
          [
            0.2152605,
            47.922183
          ],
          [
            0.2152294,
            47.9222705
          ],
          [
            0.2152118,
            47.9223323
          ],
          [
            0.2151743,
            47.9224465
          ],
          [
            0.2151425,
            47.9225338
          ],
          [
            0.2151001,
            47.9226565
          ],
          [
            0.2150578,
            47.9227792
          ],
          [
            0.2150349,
            47.9228402
          ],
          [
            0.215011,
            47.9229103
          ],
          [
            0.2149816,
            47.9229888
          ],
          [
            0.214959,
            47.9230592
          ],
          [
            0.2149142,
            47.923186
          ],
          [
            0.2148694,
            47.9233129
          ],
          [
            0.2148345,
            47.923409
          ],
          [
            0.2147971,
            47.9235186
          ],
          [
            0.2147597,
            47.9236282
          ],
          [
            0.2147155,
            47.9237506
          ],
          [
            0.2146602,
            47.9239081
          ],
          [
            0.2146048,
            47.9240657
          ],
          [
            0.2145661,
            47.9241889
          ],
          [
            0.2145635,
            47.9241977
          ],
          [
            0.214552,
            47.924242
          ],
          [
            0.2145463,
            47.9242596
          ],
          [
            0.2145359,
            47.9242856
          ],
          [
            0.2145017,
            47.9243632
          ],
          [
            0.2144782,
            47.9244334
          ],
          [
            0.2144616,
            47.9244862
          ],
          [
            0.2144181,
            47.9245901
          ],
          [
            0.2143905,
            47.9246689
          ],
          [
            0.2143687,
            47.9247393
          ],
          [
            0.2143663,
            47.9247482
          ],
          [
            0.2143556,
            47.9248107
          ],
          [
            0.214348,
            47.9248372
          ],
          [
            0.2143391,
            47.9248635
          ],
          [
            0.2143005,
            47.9249683
          ],
          [
            0.214262,
            47.925073
          ],
          [
            0.2142514,
            47.9250991
          ],
          [
            0.2142313,
            47.9251419
          ],
          [
            0.2141987,
            47.9252292
          ],
          [
            0.214175,
            47.9252807
          ],
          [
            0.2141524,
            47.9253231
          ],
          [
            0.214145,
            47.9253403
          ],
          [
            0.2141395,
            47.9253579
          ],
          [
            0.2141289,
            47.9254023
          ],
          [
            0.2141212,
            47.9254288
          ],
          [
            0.2140779,
            47.9255513
          ],
          [
            0.2140654,
            47.925577
          ],
          [
            0.2140412,
            47.9256189
          ],
          [
            0.2140333,
            47.925636
          ],
          [
            0.2140269,
            47.9256535
          ],
          [
            0.2140197,
            47.9256801
          ],
          [
            0.2140083,
            47.9257335
          ],
          [
            0.213994,
            47.9257866
          ],
          [
            0.2139814,
            47.9258399
          ],
          [
            0.2139794,
            47.9258488
          ],
          [
            0.213969,
            47.9259113
          ],
          [
            0.2139614,
            47.9259469
          ],
          [
            0.2139543,
            47.9259735
          ],
          [
            0.2139481,
            47.925991
          ],
          [
            0.2139228,
            47.9260516
          ],
          [
            0.2139058,
            47.9260857
          ],
          [
            0.2138958,
            47.9261024
          ],
          [
            0.2138733,
            47.926135
          ],
          [
            0.2138415,
            47.9261846
          ],
          [
            0.2138363,
            47.9261929
          ],
          [
            0.2138175,
            47.9262265
          ],
          [
            0.2138105,
            47.9262439
          ],
          [
            0.2138075,
            47.9262527
          ],
          [
            0.2137968,
            47.9263061
          ],
          [
            0.2137912,
            47.9263237
          ],
          [
            0.2137842,
            47.9263411
          ],
          [
            0.2137403,
            47.9264355
          ],
          [
            0.2137164,
            47.9264775
          ],
          [
            0.2136857,
            47.926537
          ],
          [
            0.213675,
            47.9265535
          ],
          [
            0.2136621,
            47.9265692
          ],
          [
            0.2136252,
            47.9266067
          ],
          [
            0.2136126,
            47.9266226
          ],
          [
            0.2136027,
            47.9266393
          ],
          [
            0.2135851,
            47.9266733
          ],
          [
            0.2135652,
            47.9267067
          ],
          [
            0.2135546,
            47.9267232
          ],
          [
            0.2135319,
            47.9267558
          ],
          [
            0.2135119,
            47.9267891
          ],
          [
            0.2134589,
            47.926891
          ],
          [
            0.2134443,
            47.9269161
          ],
          [
            0.2134097,
            47.9269648
          ],
          [
            0.2133712,
            47.9270222
          ],
          [
            0.2133579,
            47.9270378
          ],
          [
            0.2133298,
            47.9270684
          ],
          [
            0.2133174,
            47.9270844
          ],
          [
            0.2133071,
            47.927101
          ],
          [
            0.2132884,
            47.9271441
          ],
          [
            0.2132739,
            47.9271693
          ],
          [
            0.2132554,
            47.9271932
          ],
          [
            0.2132028,
            47.9272559
          ],
          [
            0.2131846,
            47.92728
          ],
          [
            0.2131689,
            47.9273048
          ],
          [
            0.2131501,
            47.9273385
          ],
          [
            0.2131335,
            47.927363
          ],
          [
            0.2131145,
            47.9273868
          ],
          [
            0.2130805,
            47.9274255
          ],
          [
            0.2130081,
            47.9275117
          ],
          [
            0.2129662,
            47.927568
          ],
          [
            0.212934,
            47.9276174
          ],
          [
            0.2129161,
            47.9276416
          ],
          [
            0.212883,
            47.9276806
          ],
          [
            0.2128282,
            47.9277424
          ],
          [
            0.2128154,
            47.9277582
          ],
          [
            0.2127556,
            47.9278387
          ],
          [
            0.2127281,
            47.9278797
          ],
          [
            0.2126971,
            47.9279195
          ],
          [
            0.2126737,
            47.9279519
          ],
          [
            0.2126493,
            47.9279839
          ],
          [
            0.2126398,
            47.9280007
          ],
          [
            0.2126246,
            47.9280352
          ],
          [
            0.2125891,
            47.9280935
          ],
          [
            0.212572,
            47.9281179
          ],
          [
            0.2125459,
            47.9281493
          ],
          [
            0.2124936,
            47.9282015
          ],
          [
            0.2124739,
            47.928225
          ],
          [
            0.2124409,
            47.9282742
          ],
          [
            0.2124117,
            47.9283147
          ],
          [
            0.2123498,
            47.9283944
          ],
          [
            0.2122879,
            47.9284741
          ],
          [
            0.2122522,
            47.9285225
          ],
          [
            0.2122031,
            47.9285864
          ],
          [
            0.2121579,
            47.9286416
          ],
          [
            0.2121467,
            47.9286579
          ],
          [
            0.2121218,
            47.9286996
          ],
          [
            0.2121107,
            47.928716
          ],
          [
            0.2120664,
            47.9287715
          ],
          [
            0.2120333,
            47.9288206
          ],
          [
            0.2120153,
            47.9288447
          ],
          [
            0.2119966,
            47.9288686
          ],
          [
            0.2119506,
            47.9289235
          ],
          [
            0.2119144,
            47.9289613
          ],
          [
            0.2118529,
            47.9290309
          ],
          [
            0.2118425,
            47.9290474
          ],
          [
            0.2118192,
            47.9290991
          ],
          [
            0.2118044,
            47.9291242
          ],
          [
            0.2117176,
            47.9292458
          ],
          [
            0.2116785,
            47.929303
          ],
          [
            0.2116351,
            47.9293588
          ],
          [
            0.2116239,
            47.9293751
          ],
          [
            0.2116106,
            47.9294006
          ],
          [
            0.2115938,
            47.9294441
          ],
          [
            0.2115795,
            47.9294693
          ],
          [
            0.2115671,
            47.9294852
          ],
          [
            0.2114962,
            47.9295615
          ],
          [
            0.2114566,
            47.9296084
          ],
          [
            0.2114206,
            47.9296567
          ],
          [
            0.2113243,
            47.9297952
          ],
          [
            0.2112826,
            47.9298516
          ],
          [
            0.2112637,
            47.9298754
          ],
          [
            0.2112303,
            47.9299144
          ],
          [
            0.2111869,
            47.9299598
          ],
          [
            0.2111366,
            47.9300233
          ],
          [
            0.2110654,
            47.93012
          ],
          [
            0.2110374,
            47.9301706
          ],
          [
            0.2110202,
            47.930195
          ],
          [
            0.210924,
            47.9303134
          ],
          [
            0.2108424,
            47.9304063
          ],
          [
            0.2108265,
            47.9304208
          ],
          [
            0.2107597,
            47.930477
          ],
          [
            0.2107452,
            47.9304921
          ],
          [
            0.2106972,
            47.9305462
          ],
          [
            0.2106682,
            47.9305764
          ],
          [
            0.2106221,
            47.9306206
          ],
          [
            0.2105487,
            47.9306958
          ],
          [
            0.210472,
            47.9307695
          ],
          [
            0.2104091,
            47.9308277
          ],
          [
            0.2103879,
            47.9308507
          ],
          [
            0.2103547,
            47.9308897
          ],
          [
            0.2102703,
            47.9309707
          ],
          [
            0.2102404,
            47.9310006
          ],
          [
            0.2101932,
            47.9310443
          ],
          [
            0.2101794,
            47.9310597
          ],
          [
            0.2101491,
            47.9310998
          ],
          [
            0.2101349,
            47.931115
          ],
          [
            0.2100788,
            47.9311654
          ],
          [
            0.2099534,
            47.9312821
          ],
          [
            0.2098813,
            47.9313469
          ],
          [
            0.2098113,
            47.9314128
          ],
          [
            0.209713,
            47.9315092
          ],
          [
            0.2096761,
            47.9315468
          ],
          [
            0.2096349,
            47.9315931
          ],
          [
            0.2095716,
            47.931662
          ],
          [
            0.209513,
            47.9317327
          ],
          [
            0.2094579,
            47.9317943
          ],
          [
            0.209401,
            47.9318657
          ],
          [
            0.2093105,
            47.9319861
          ],
          [
            0.2092758,
            47.9320348
          ],
          [
            0.209245,
            47.9320747
          ],
          [
            0.2092309,
            47.93209
          ],
          [
            0.2092231,
            47.9320973
          ],
          [
            0.2091883,
            47.9321246
          ],
          [
            0.2091724,
            47.9321391
          ],
          [
            0.2091587,
            47.9321546
          ],
          [
            0.209147,
            47.9321707
          ],
          [
            0.2090893,
            47.9322617
          ],
          [
            0.209076,
            47.9322872
          ],
          [
            0.2090491,
            47.9323661
          ],
          [
            0.2090303,
            47.9324369
          ],
          [
            0.2090159,
            47.9324808
          ],
          [
            0.2090126,
            47.9324987
          ],
          [
            0.2089972,
            47.9326242
          ],
          [
            0.2089954,
            47.9326511
          ],
          [
            0.2089955,
            47.9326781
          ],
          [
            0.209001,
            47.932759
          ],
          [
            0.2090053,
            47.9327948
          ],
          [
            0.2090106,
            47.9328216
          ],
          [
            0.2090197,
            47.932857
          ],
          [
            0.2090333,
            47.9329193
          ],
          [
            0.2090448,
            47.9329544
          ],
          [
            0.2090685,
            47.9330153
          ],
          [
            0.2091246,
            47.9331355
          ],
          [
            0.2091391,
            47.9331606
          ],
          [
            0.2091755,
            47.9332186
          ],
          [
            0.2092511,
            47.9333239
          ],
          [
            0.2092778,
            47.9333551
          ],
          [
            0.2093221,
            47.9334001
          ],
          [
            0.2093769,
            47.9334512
          ],
          [
            0.2094187,
            47.9334863
          ],
          [
            0.2095593,
            47.9335949
          ],
          [
            0.2096399,
            47.933655
          ],
          [
            0.2097728,
            47.93375
          ],
          [
            0.2099057,
            47.9338451
          ],
          [
            0.2100603,
            47.9339572
          ],
          [
            0.2100862,
            47.9339779
          ],
          [
            0.2101187,
            47.9340065
          ],
          [
            0.2101359,
            47.9340202
          ],
          [
            0.2102354,
            47.9340932
          ],
          [
            0.2103349,
            47.9341661
          ],
          [
            0.2104145,
            47.9342268
          ],
          [
            0.210483,
            47.9342821
          ],
          [
            0.2105492,
            47.9343387
          ],
          [
            0.2106025,
            47.934379
          ],
          [
            0.2106434,
            47.9344146
          ],
          [
            0.2106578,
            47.9344297
          ],
          [
            0.2106708,
            47.9344455
          ],
          [
            0.2107126,
            47.9345018
          ],
          [
            0.2107296,
            47.9345263
          ],
          [
            0.2107504,
            47.9345594
          ],
          [
            0.2107748,
            47.9346013
          ],
          [
            0.2108162,
            47.9346773
          ],
          [
            0.2108589,
            47.9347433
          ],
          [
            0.2108683,
            47.9347601
          ],
          [
            0.2108755,
            47.9347774
          ],
          [
            0.2108837,
            47.9348038
          ],
          [
            0.2109027,
            47.9348838
          ],
          [
            0.2109187,
            47.9349366
          ],
          [
            0.210923,
            47.9349635
          ],
          [
            0.2109247,
            47.9349994
          ],
          [
            0.2109168,
            47.9351162
          ],
          [
            0.2109165,
            47.9351432
          ],
          [
            0.2109174,
            47.9351792
          ],
          [
            0.2109164,
            47.9352061
          ],
          [
            0.2109105,
            47.9352599
          ],
          [
            0.2109007,
            47.9353044
          ],
          [
            0.2108984,
            47.9353223
          ],
          [
            0.210898,
            47.9354033
          ],
          [
            0.210895,
            47.9354572
          ],
          [
            0.2108892,
            47.935529
          ],
          [
            0.2108734,
            47.9356635
          ],
          [
            0.2108701,
            47.9356814
          ],
          [
            0.210855,
            47.9357435
          ],
          [
            0.2108418,
            47.935842
          ],
          [
            0.2108315,
            47.9359046
          ],
          [
            0.210817,
            47.9359759
          ],
          [
            0.21079,
            47.9360914
          ],
          [
            0.2107878,
            47.9361003
          ],
          [
            0.2107794,
            47.9361266
          ],
          [
            0.2107673,
            47.9361524
          ],
          [
            0.2107218,
            47.9362369
          ],
          [
            0.2106887,
            47.9363054
          ],
          [
            0.2106695,
            47.9363389
          ],
          [
            0.2106417,
            47.9363798
          ],
          [
            0.2105998,
            47.9364361
          ],
          [
            0.2105742,
            47.9364677
          ],
          [
            0.21054,
            47.9365064
          ],
          [
            0.2104742,
            47.9365742
          ],
          [
            0.2104434,
            47.9366036
          ],
          [
            0.210402,
            47.936639
          ],
          [
            0.2103584,
            47.9366731
          ],
          [
            0.2103222,
            47.9366995
          ],
          [
            0.2102754,
            47.9367317
          ],
          [
            0.2102365,
            47.9367564
          ],
          [
            0.2101966,
            47.9367804
          ],
          [
            0.2100549,
            47.9368628
          ],
          [
            0.2098773,
            47.9369583
          ],
          [
            0.2097947,
            47.9370041
          ],
          [
            0.2096842,
            47.9370695
          ],
          [
            0.2096058,
            47.9371185
          ],
          [
            0.209568,
            47.937144
          ],
          [
            0.2095316,
            47.9371703
          ],
          [
            0.2094965,
            47.9371975
          ],
          [
            0.2094538,
            47.9372321
          ],
          [
            0.2094204,
            47.9372602
          ],
          [
            0.2093964,
            47.9372819
          ],
          [
            0.2093354,
            47.937341
          ],
          [
            0.2092921,
            47.9373865
          ],
          [
            0.209258,
            47.9374251
          ],
          [
            0.2092191,
            47.9374724
          ],
          [
            0.2091887,
            47.9375124
          ],
          [
            0.2091662,
            47.937545
          ],
          [
            0.2091405,
            47.9375866
          ],
          [
            0.2091165,
            47.9376286
          ],
          [
            0.209099,
            47.9376626
          ],
          [
            0.2090791,
            47.9377055
          ],
          [
            0.2090614,
            47.9377488
          ],
          [
            0.2090422,
            47.9378012
          ],
          [
            0.2090287,
            47.9378453
          ],
          [
            0.209018,
            47.9378897
          ],
          [
            0.2090096,
            47.9379343
          ],
          [
            0.2090034,
            47.9379791
          ],
          [
            0.2089981,
            47.9380329
          ],
          [
            0.2089964,
            47.9380779
          ],
          [
            0.2089973,
            47.9381228
          ],
          [
            0.2090006,
            47.9381677
          ],
          [
            0.2090075,
            47.9382215
          ],
          [
            0.2090156,
            47.9382661
          ],
          [
            0.2090259,
            47.9383106
          ],
          [
            0.2090409,
            47.9383636
          ],
          [
            0.2090551,
            47.9384075
          ],
          [
            0.2090725,
            47.9384509
          ],
          [
            0.209093,
            47.9384937
          ],
          [
            0.2091199,
            47.9385446
          ],
          [
            0.2091626,
            47.9386203
          ],
          [
            0.2091784,
            47.9386451
          ],
          [
            0.2092015,
            47.9386775
          ],
          [
            0.2092318,
            47.9387176
          ],
          [
            0.2092577,
            47.9387491
          ],
          [
            0.2092922,
            47.9387876
          ],
          [
            0.2093287,
            47.9388253
          ],
          [
            0.2093665,
            47.9388624
          ],
          [
            0.209406,
            47.9388987
          ],
          [
            0.209439,
            47.938927
          ],
          [
            0.2094819,
            47.9389616
          ],
          [
            0.2095262,
            47.9389953
          ],
          [
            0.2095717,
            47.9390282
          ],
          [
            0.2096373,
            47.9390732
          ],
          [
            0.2097342,
            47.9391352
          ],
          [
            0.2097647,
            47.9391528
          ],
          [
            0.2098577,
            47.9392042
          ],
          [
            0.2099493,
            47.9392567
          ],
          [
            0.2100502,
            47.9393159
          ],
          [
            0.2100996,
            47.9393462
          ],
          [
            0.2101575,
            47.9393836
          ],
          [
            0.2102046,
            47.9394155
          ],
          [
            0.2102315,
            47.9394356
          ],
          [
            0.2102567,
            47.9394565
          ],
          [
            0.2102883,
            47.9394856
          ],
          [
            0.2103725,
            47.9395668
          ],
          [
            0.2103798,
            47.9395743
          ],
          [
            0.2104066,
            47.9396054
          ],
          [
            0.2104436,
            47.9396533
          ],
          [
            0.2104605,
            47.9396778
          ],
          [
            0.2104759,
            47.9397027
          ],
          [
            0.2105084,
            47.9397617
          ],
          [
            0.2105204,
            47.9397875
          ],
          [
            0.2105352,
            47.9398221
          ],
          [
            0.2105387,
            47.9398307
          ],
          [
            0.2105509,
            47.9398658
          ],
          [
            0.210571,
            47.9399456
          ],
          [
            0.2105785,
            47.9399812
          ],
          [
            0.2105831,
            47.940017
          ],
          [
            0.2105851,
            47.940053
          ],
          [
            0.2105837,
            47.9400979
          ],
          [
            0.2105791,
            47.9401518
          ],
          [
            0.2105731,
            47.9401966
          ],
          [
            0.2105615,
            47.9402681
          ],
          [
            0.2105533,
            47.9403127
          ],
          [
            0.2105345,
            47.9403927
          ],
          [
            0.2105142,
            47.9404861
          ],
          [
            0.210494,
            47.9405796
          ],
          [
            0.2104644,
            47.9407085
          ],
          [
            0.2104348,
            47.9408373
          ],
          [
            0.2104077,
            47.9409619
          ],
          [
            0.2103827,
            47.9410685
          ],
          [
            0.2103555,
            47.9411931
          ],
          [
            0.2103284,
            47.9413177
          ],
          [
            0.2102985,
            47.9414511
          ],
          [
            0.2102686,
            47.9415845
          ],
          [
            0.2102442,
            47.9417094
          ],
          [
            0.2102341,
            47.9417719
          ],
          [
            0.2102302,
            47.9418078
          ],
          [
            0.2102251,
            47.9418977
          ],
          [
            0.2102246,
            47.9419427
          ],
          [
            0.2102292,
            47.9420325
          ],
          [
            0.2102376,
            47.9421133
          ],
          [
            0.2102437,
            47.942149
          ],
          [
            0.210259,
            47.9422202
          ],
          [
            0.2102993,
            47.9423935
          ],
          [
            0.2103396,
            47.9425668
          ],
          [
            0.2103547,
            47.942638
          ],
          [
            0.2103701,
            47.9427364
          ],
          [
            0.2103712,
            47.9427454
          ],
          [
            0.2103728,
            47.9427813
          ],
          [
            0.2103713,
            47.9428173
          ],
          [
            0.2103631,
            47.942898
          ],
          [
            0.2103542,
            47.9429516
          ],
          [
            0.2103431,
            47.942996
          ],
          [
            0.210325,
            47.9430486
          ],
          [
            0.2103079,
            47.943092
          ],
          [
            0.2102784,
            47.9431612
          ],
          [
            0.2102262,
            47.9432727
          ],
          [
            0.210181,
            47.9433621
          ],
          [
            0.2101357,
            47.9434515
          ],
          [
            0.2101262,
            47.9434684
          ],
          [
            0.2100956,
            47.9435182
          ],
          [
            0.210074,
            47.9435608
          ],
          [
            0.2100552,
            47.943604
          ],
          [
            0.21001,
            47.9437169
          ],
          [
            0.2099737,
            47.9438034
          ],
          [
            0.2099087,
            47.9439686
          ],
          [
            0.2098437,
            47.9441338
          ],
          [
            0.2098405,
            47.9441426
          ],
          [
            0.2098329,
            47.944169
          ],
          [
            0.2098254,
            47.9442047
          ],
          [
            0.2098203,
            47.9442223
          ],
          [
            0.2097891,
            47.9443098
          ],
          [
            0.2097702,
            47.9443714
          ],
          [
            0.2097542,
            47.9444335
          ],
          [
            0.2097427,
            47.9444869
          ],
          [
            0.2097344,
            47.9445133
          ],
          [
            0.2097247,
            47.9445394
          ],
          [
            0.2096814,
            47.9446434
          ],
          [
            0.2096541,
            47.9447129
          ],
          [
            0.2096383,
            47.9447473
          ],
          [
            0.2096245,
            47.9447727
          ],
          [
            0.2095951,
            47.9448228
          ],
          [
            0.2095537,
            47.9448892
          ],
          [
            0.2095267,
            47.9449304
          ],
          [
            0.2095135,
            47.9449558
          ],
          [
            0.2094708,
            47.9450692
          ],
          [
            0.2094282,
            47.9451732
          ],
          [
            0.209371,
            47.9453166
          ],
          [
            0.2093139,
            47.9454599
          ],
          [
            0.2092888,
            47.9455206
          ],
          [
            0.2092443,
            47.9456336
          ],
          [
            0.2092015,
            47.9457376
          ],
          [
            0.2091711,
            47.9458066
          ],
          [
            0.209121,
            47.9459091
          ],
          [
            0.2091062,
            47.9459437
          ],
          [
            0.2090951,
            47.9459789
          ],
          [
            0.2090877,
            47.9460145
          ],
          [
            0.2090826,
            47.9460503
          ],
          [
            0.209078,
            47.9460952
          ],
          [
            0.2090661,
            47.9461667
          ],
          [
            0.2090569,
            47.9462384
          ],
          [
            0.2090517,
            47.9462651
          ],
          [
            0.2090466,
            47.9462828
          ],
          [
            0.209023,
            47.946353
          ],
          [
            0.20901,
            47.9463971
          ],
          [
            0.2089973,
            47.946432
          ],
          [
            0.2089624,
            47.9465188
          ],
          [
            0.2089221,
            47.946614
          ],
          [
            0.2088558,
            47.946779
          ],
          [
            0.2088405,
            47.9468134
          ],
          [
            0.2088276,
            47.946839
          ],
          [
            0.2088124,
            47.9468639
          ],
          [
            0.2088006,
            47.9468801
          ],
          [
            0.2087876,
            47.9468958
          ],
          [
            0.2087662,
            47.9469187
          ],
          [
            0.2087427,
            47.9469405
          ],
          [
            0.2087257,
            47.9469544
          ],
          [
            0.2086984,
            47.9469742
          ],
          [
            0.2086789,
            47.9469865
          ],
          [
            0.2086585,
            47.9469981
          ],
          [
            0.208637,
            47.9470088
          ],
          [
            0.2086146,
            47.9470187
          ],
          [
            0.2085798,
            47.9470322
          ],
          [
            0.2085317,
            47.9470479
          ],
          [
            0.2084575,
            47.9470686
          ],
          [
            0.2084213,
            47.9470802
          ],
          [
            0.2083744,
            47.9470976
          ],
          [
            0.2083296,
            47.9471172
          ],
          [
            0.2082984,
            47.9471342
          ],
          [
            0.2082704,
            47.9471535
          ],
          [
            0.2082374,
            47.9471819
          ],
          [
            0.2082072,
            47.9472115
          ],
          [
            0.2081803,
            47.9472426
          ],
          [
            0.2081568,
            47.9472749
          ],
          [
            0.208137,
            47.9473084
          ],
          [
            0.2081289,
            47.9473255
          ],
          [
            0.2081222,
            47.9473429
          ],
          [
            0.2080903,
            47.9474487
          ],
          [
            0.2080532,
            47.9475813
          ],
          [
            0.2080161,
            47.9477139
          ],
          [
            0.2079863,
            47.9478291
          ],
          [
            0.2079496,
            47.9479617
          ],
          [
            0.2079381,
            47.9479968
          ],
          [
            0.207928,
            47.9480229
          ],
          [
            0.2079156,
            47.9480486
          ],
          [
            0.2079007,
            47.9480736
          ],
          [
            0.2078882,
            47.9480896
          ],
          [
            0.2078809,
            47.9480971
          ],
          [
            0.2078642,
            47.9481111
          ],
          [
            0.2078548,
            47.9481175
          ],
          [
            0.2078344,
            47.9481291
          ],
          [
            0.207812,
            47.948139
          ],
          [
            0.2078,
            47.948143
          ],
          [
            0.2077749,
            47.9481492
          ],
          [
            0.2076583,
            47.9481695
          ],
          [
            0.2076198,
            47.9481772
          ],
          [
            0.2075828,
            47.9481877
          ],
          [
            0.2075596,
            47.9481966
          ],
          [
            0.2075488,
            47.9482019
          ],
          [
            0.2075387,
            47.9482078
          ],
          [
            0.2075201,
            47.9482208
          ],
          [
            0.2074963,
            47.9482425
          ],
          [
            0.207483,
            47.9482581
          ],
          [
            0.2074775,
            47.9482663
          ],
          [
            0.2074684,
            47.9482832
          ],
          [
            0.2074651,
            47.9482919
          ],
          [
            0.2074628,
            47.9483008
          ],
          [
            0.2074604,
            47.9483187
          ],
          [
            0.2074602,
            47.9483367
          ],
          [
            0.2074618,
            47.9483547
          ],
          [
            0.2074707,
            47.9484083
          ],
          [
            0.2074799,
            47.9484528
          ],
          [
            0.2074891,
            47.9484883
          ],
          [
            0.2074917,
            47.9485062
          ],
          [
            0.2074904,
            47.9485421
          ],
          [
            0.2074835,
            47.9485959
          ],
          [
            0.2074831,
            47.9486229
          ],
          [
            0.2074874,
            47.9486948
          ],
          [
            0.2074934,
            47.9487396
          ],
          [
            0.2075032,
            47.9488293
          ],
          [
            0.2075052,
            47.9488562
          ],
          [
            0.2075061,
            47.9489192
          ],
          [
            0.2075084,
            47.9489731
          ],
          [
            0.2075117,
            47.949126
          ],
          [
            0.2075152,
            47.9492249
          ],
          [
            0.2075196,
            47.9492517
          ],
          [
            0.2075312,
            47.949296
          ],
          [
            0.2075346,
            47.9493229
          ],
          [
            0.207534,
            47.9493498
          ],
          [
            0.2075304,
            47.9493767
          ],
          [
            0.2075156,
            47.9494389
          ],
          [
            0.2074944,
            47.9495185
          ],
          [
            0.2074914,
            47.9495364
          ],
          [
            0.2074903,
            47.9495544
          ],
          [
            0.2074919,
            47.9495813
          ],
          [
            0.2075038,
            47.9496709
          ],
          [
            0.2075088,
            47.9497158
          ],
          [
            0.2075172,
            47.9498325
          ],
          [
            0.2075251,
            47.9499223
          ],
          [
            0.2075307,
            47.9500662
          ],
          [
            0.2075374,
            47.950192
          ],
          [
            0.2075399,
            47.9502729
          ],
          [
            0.2075433,
            47.9503358
          ],
          [
            0.2075451,
            47.9504258
          ],
          [
            0.2075525,
            47.9505606
          ],
          [
            0.2075562,
            47.950664
          ],
          [
            0.20756,
            47.9507674
          ],
          [
            0.207567,
            47.950905
          ]
        ]
      }
    },
    {
      "type": "Feature",
      "properties": {
        "role": "start_finish",
        "name": "Start / Finish",
        "marker": 0.0
      },
      "geometry": {
        "type": "Point",
        "coordinates": [
          0.2075668,
          47.9509022
        ]
      }
    },
    {
      "type": "Feature",
      "properties": {
        "role": "pit_entry",
        "name": "Pit Entry",
        "marker": 0.99002
      },
      "geometry": {
        "type": "Point",
        "coordinates": [
          0.2075048,
          47.9496799
        ]
      }
    },
    {
      "type": "Feature",
      "properties": {
        "role": "pit_exit",
        "name": "Pit Exit",
        "marker": 0.03012
      },
      "geometry": {
        "type": "Point",
        "coordinates": [
          0.2082133,
          47.9545443
        ]
      }
    },
    {
      "type": "Feature",
      "properties": {
        "role": "corner",
        "id": "t1",
        "number": 1,
        "code": "1",
        "display": "Dunlop Curve",
        "labels": {
          "numbered": "Turn 1",
          "driver": "Dunlop Curve",
          "official": "Courbe Dunlop"
        },
        "direction": "right",
        "scale": 5,
        "marker": 0.04088
      },
      "geometry": {
        "type": "Point",
        "coordinates": [
          0.2091308,
          47.9556934
        ]
      }
    },
    {
      "type": "Feature",
      "properties": {
        "role": "corner",
        "id": "t2",
        "number": 2,
        "code": "2",
        "display": "Dunlop Chicane",
        "labels": {
          "numbered": "Turn 2",
          "driver": "Dunlop Chicane",
          "official": "Chicane Dunlop"
        },
        "direction": "left",
        "scale": 4,
        "marker": 0.05365
      },
      "geometry": {
        "type": "Point",
        "coordinates": [
          0.2110334,
          47.9565679
        ]
      }
    },
    {
      "type": "Feature",
      "properties": {
        "role": "corner",
        "id": "t3",
        "number": 3,
        "code": "3",
        "display": "Dunlop Chicane",
        "labels": {
          "numbered": "Turn 3",
          "official": "Chicane Dunlop",
          "driver": "Dunlop Chicane"
        },
        "direction": "right",
        "scale": 4,
        "marker": 0.0579
      },
      "geometry": {
        "type": "Point",
        "coordinates": [
          0.2109552,
          47.9570794
        ]
      }
    },
    {
      "type": "Feature",
      "properties": {
        "role": "corner",
        "id": "t4",
        "number": 4,
        "code": "4",
        "display": "Esses de la Forêt",
        "labels": {
          "numbered": "Turn 4",
          "driver": "Esses de la Forêt",
          "official": "Esses de la Forêt"
        },
        "direction": "left",
        "scale": 4,
        "marker": 0.10172
      },
      "geometry": {
        "type": "Point",
        "coordinates": [
          0.2175167,
          47.9597124
        ]
      }
    },
    {
      "type": "Feature",
      "properties": {
        "role": "corner",
        "id": "t5",
        "number": 5,
        "code": "5",
        "display": "Esses de la Forêt",
        "labels": {
          "numbered": "Turn 5",
          "official": "Esses de la Forêt",
          "driver": "Esses de la Forêt"
        },
        "direction": "right",
        "scale": 4,
        "marker": 0.10803
      },
      "geometry": {
        "type": "Point",
        "coordinates": [
          0.2177069,
          47.960469
        ]
      }
    },
    {
      "type": "Feature",
      "properties": {
        "role": "corner",
        "id": "t6",
        "number": 6,
        "code": "6",
        "display": "Tertre Rouge",
        "labels": {
          "numbered": "Turn 6",
          "driver": "Tertre Rouge",
          "official": "Virage du Tertre Rouge"
        },
        "direction": "right",
        "scale": 4,
        "marker": 0.13233
      },
      "geometry": {
        "type": "Point",
        "coordinates": [
          0.2214745,
          47.9618707
        ]
      }
    },
    {
      "type": "Feature",
      "properties": {
        "role": "corner",
        "id": "t7",
        "number": 7,
        "code": "7",
        "display": "First Chicane",
        "labels": {
          "numbered": "Turn 7",
          "driver": "First Chicane",
          "official": "Chicane Daytona"
        },
        "direction": "right",
        "scale": 2,
        "marker": 0.28917
      },
      "geometry": {
        "type": "Point",
        "coordinates": [
          0.2332396,
          47.9448797
        ]
      }
    },
    {
      "type": "Feature",
      "properties": {
        "role": "corner",
        "id": "t8",
        "number": 8,
        "code": "8",
        "display": "Second Chicane",
        "labels": {
          "numbered": "Turn 8",
          "driver": "Second Chicane",
          "official": "Chicane Michelin"
        },
        "direction": "left",
        "scale": 2,
        "marker": 0.43476
      },
      "geometry": {
        "type": "Point",
        "coordinates": [
          0.2415703,
          47.9282841
        ]
      }
    },
    {
      "type": "Feature",
      "properties": {
        "role": "corner",
        "id": "t9",
        "number": 9,
        "code": "9",
        "display": "Mulsanne",
        "labels": {
          "numbered": "Turn 9",
          "driver": "Mulsanne",
          "official": "Virage de Mulsanne"
        },
        "direction": "right",
        "scale": 1,
        "marker": 0.55979
      },
      "geometry": {
        "type": "Point",
        "coordinates": [
          0.2432801,
          47.9134512
        ]
      }
    },
    {
      "type": "Feature",
      "properties": {
        "role": "corner",
        "id": "t10",
        "number": 10,
        "code": "10",
        "display": "Indianapolis",
        "labels": {
          "numbered": "Turn 10",
          "official": "Virage d'Indianapolis",
          "driver": "Indianapolis"
        },
        "direction": "right",
        "scale": 5,
        "marker": 0.70072
      },
      "geometry": {
        "type": "Point",
        "coordinates": [
          0.2205126,
          47.9208546
        ]
      }
    },
    {
      "type": "Feature",
      "properties": {
        "role": "corner",
        "id": "t11",
        "number": 11,
        "code": "11",
        "display": "Indianapolis",
        "labels": {
          "numbered": "Turn 11",
          "driver": "Indianapolis",
          "official": "Virage d'Indianapolis"
        },
        "direction": "left",
        "scale": 3,
        "marker": 0.71535
      },
      "geometry": {
        "type": "Point",
        "coordinates": [
          0.2193582,
          47.9223617
        ]
      }
    },
    {
      "type": "Feature",
      "properties": {
        "role": "corner",
        "id": "t12",
        "number": 12,
        "code": "12",
        "display": "Arnage",
        "labels": {
          "numbered": "Turn 12",
          "driver": "Arnage",
          "official": "Virage d'Arnage"
        },
        "direction": "right",
        "scale": 2,
        "marker": 0.73746
      },
      "geometry": {
        "type": "Point",
        "coordinates": [
          0.2156028,
          47.9214566
        ]
      }
    },
    {
      "type": "Feature",
      "properties": {
        "role": "corner",
        "id": "t13",
        "number": 13,
        "code": "13",
        "display": "Turn 13",
        "labels": {
          "numbered": "Turn 13"
        },
        "direction": "left",
        "scale": 6,
        "marker": 0.81565
      },
      "geometry": {
        "type": "Point",
        "coordinates": [
          0.2108493,
          47.9303986
        ]
      }
    },
    {
      "type": "Feature",
      "properties": {
        "role": "corner",
        "id": "t14",
        "number": 14,
        "code": "14",
        "display": "Porsche Curves",
        "labels": {
          "numbered": "Turn 14",
          "driver": "Porsche Curves",
          "official": "Virage Porsche"
        },
        "direction": "right",
        "scale": 5,
        "marker": 0.84269
      },
      "geometry": {
        "type": "Point",
        "coordinates": [
          0.2092578,
          47.9333317
        ]
      }
    },
    {
      "type": "Feature",
      "properties": {
        "role": "corner",
        "id": "t15",
        "number": 15,
        "code": "15",
        "display": "Porsche Curves",
        "labels": {
          "numbered": "Turn 15",
          "driver": "Porsche Curves",
          "official": "Virage du Pont"
        },
        "direction": "left",
        "scale": 5,
        "marker": 0.85451
      },
      "geometry": {
        "type": "Point",
        "coordinates": [
          0.2106578,
          47.9344297
        ]
      }
    },
    {
      "type": "Feature",
      "properties": {
        "role": "corner",
        "id": "t16",
        "number": 16,
        "code": "16",
        "display": "Karting",
        "labels": {
          "numbered": "Turn 16",
          "driver": "Karting",
          "official": "Virage du Karting"
        },
        "direction": "right",
        "scale": 4,
        "marker": 0.882
      },
      "geometry": {
        "type": "Point",
        "coordinates": [
          0.2092853,
          47.9373942
        ]
      }
    },
    {
      "type": "Feature",
      "properties": {
        "role": "corner",
        "id": "t17",
        "number": 17,
        "code": "17",
        "display": "Corvette",
        "labels": {
          "numbered": "Turn 17",
          "driver": "Corvette",
          "official": "Virage Corvette"
        },
        "direction": "left",
        "scale": 4,
        "marker": 0.90324
      },
      "geometry": {
        "type": "Point",
        "coordinates": [
          0.210419,
          47.9396213
        ]
      }
    },
    {
      "type": "Feature",
      "properties": {
        "role": "corner",
        "id": "t18",
        "number": 18,
        "code": "18",
        "display": "Ford Chicane",
        "labels": {
          "numbered": "Turn 18",
          "driver": "Ford Chicane",
          "official": "Chicane Ford"
        },
        "direction": "left",
        "scale": 3,
        "marker": 0.9647
      },
      "geometry": {
        "type": "Point",
        "coordinates": [
          0.2087166,
          47.946961
        ]
      }
    },
    {
      "type": "Feature",
      "properties": {
        "role": "corner",
        "id": "t19",
        "number": 19,
        "code": "19",
        "display": "Ford Chicane",
        "labels": {
          "numbered": "Turn 19",
          "official": "Chicane Ford",
          "driver": "Ford Chicane"
        },
        "direction": "right",
        "scale": 3,
        "marker": 0.96777
      },
      "geometry": {
        "type": "Point",
        "coordinates": [
          0.2082538,
          47.9471677
        ]
      }
    },
    {
      "type": "Feature",
      "properties": {
        "role": "corner",
        "id": "t20",
        "number": 20,
        "code": "20",
        "display": "Ford Chicane",
        "labels": {
          "numbered": "Turn 20",
          "driver": "Ford Chicane",
          "official": "Chicane du Raccordement"
        },
        "direction": "left",
        "scale": 3,
        "marker": 0.97587
      },
      "geometry": {
        "type": "Point",
        "coordinates": [
          0.2078642,
          47.9481111
        ]
      }
    },
    {
      "type": "Feature",
      "properties": {
        "role": "corner",
        "id": "t21",
        "number": 21,
        "code": "21",
        "display": "Ford Chicane",
        "labels": {
          "numbered": "Turn 21",
          "official": "Virage du Raccordement",
          "driver": "Ford Chicane"
        },
        "direction": "right",
        "scale": 3,
        "marker": 0.97796
      },
      "geometry": {
        "type": "Point",
        "coordinates": [
          0.2075201,
          47.9482208
        ]
      }
    }
  ]
}