{"type":"FeatureCollection","features":[{"type":"Feature","properties":{"role":"edge_left","orientation":"driving direction, from the lap origin","unseen_spans":[[0.0084,0.00968],[0.00986,0.01131],[0.04875,0.04966],[0.08401,0.08529],[0.10782,0.11109],[0.11128,0.11291],[0.13908,0.13999],[0.2076,0.20906],[0.46115,0.46206],[0.46224,0.46388],[0.46569,0.46824],[0.77285,0.77376],[0.77413,0.77503],[0.81447,0.81557],[0.95933,0.96042]],"quality":{"source":"txgio-2021-caparea","accuracy_m":0.88,"relative_accuracy_m":0.14,"measured":true,"date":"2021-01-03","measured_fraction":0.96}},"geometry":{"type":"LineString","coordinates":[[-97.6432037,30.1342579],[-97.6430496,30.1341515],[-97.6430103,30.1341225],[-97.6429359,30.1340743],[-97.6428785,30.1340347],[-97.6428393,30.1340061],[-97.6427976,30.1339793],[-97.6427486,30.1339447],[-97.6426986,30.1339126],[-97.6426106,30.1338503],[-97.6424296,30.1337286],[-97.6423323,30.1336611],[-97.6422822,30.1336288],[-97.6422344,30.1335945],[-97.6420628,30.1334781],[-97.6419985,30.1334321],[-97.6419654,30.1334098],[-97.641923,30.1333828],[-97.6418376,30.1333238],[-97.6418135,30.1333093],[-97.6417979,30.133302],[-97.6417901,30.1332991],[-97.6417742,30.1332947],[-97.6417406,30.1332879],[-97.6417219,30.1332833],[-97.6417018,30.133277],[-97.6416807,30.1332687],[-97.6416668,30.1332687],[-97.6416277,30.1332437],[-97.6415917,30.1332187],[-97.6414817,30.133145],[-97.6414333,30.133111],[-97.6413192,30.1330328],[-97.6412526,30.1329896],[-97.6411717,30.1329341],[-97.6411162,30.1328939],[-97.641067,30.1328607],[-97.6410249,30.1328337],[-97.6409922,30.1328103],[-97.6409411,30.1327766],[-97.6408709,30.1327272],[-97.6407202,30.1326261],[-97.6406694,30.1325906],[-97.6406263,30.1325627],[-97.640544,30.1325055],[-97.6403404,30.1323663],[-97.6401276,30.1322212],[-97.6400744,30.1321861],[-97.6400373,30.1321594],[-97.6400348,30.132147],[-97.6400142,30.1321238],[-97.6399735,30.1320717],[-97.6399568,30.132052],[-97.6399557,30.1320417],[-97.639942,30.1320318],[-97.6397575,30.1319057],[-97.639653,30.1318325],[-97.639629,30.1318167],[-97.6395868,30.1317907],[-97.6395542,30.1317672],[-97.6394722,30.1317112],[-97.6393901,30.1316555],[-97.6393482,30.1316284],[-97.6392682,30.1315721],[-97.6392178,30.1315397],[-97.6391699,30.131505],[-97.63912,30.1314733],[-97.6390298,30.1314124],[-97.6389237,30.1313398],[-97.6388759,30.1313051],[-97.6388267,30.1312719],[-97.6387767,30.1312398],[-97.6386711,30.1311657],[-97.638605,30.1311224],[-97.6384985,30.1310493],[-97.6384911,30.1310445],[-97.6384793,30.131046],[-97.6384519,30.1310358],[-97.6383919,30.1310149],[-97.6383604,30.131002],[-97.638346,30.1310022],[-97.6383084,30.1309773],[-97.6382581,30.1309417],[-97.6382004,30.1309038],[-97.6381435,30.1308648],[-97.6381033,30.1308359],[-97.6380614,30.1308091],[-97.6377922,30.130626],[-97.6376208,30.1305108],[-97.637597,30.1304956],[-97.6375806,30.1304862],[-97.637538,30.1304637],[-97.637365,30.1303771],[-97.6373292,30.1303571],[-97.637324,30.1303486],[-97.6372839,30.1303274],[-97.6372499,30.1303128],[-97.6371818,30.130289],[-97.6371614,30.1302803],[-97.6371316,30.1302658],[-97.6371042,30.1302509],[-97.6370617,30.1302262],[-97.6370059,30.1301987],[-97.6370042,30.1301901],[-97.6369814,30.1301744],[-97.63697,30.1301678],[-97.6369545,30.1301619],[-97.6369486,30.1301662],[-97.6369309,30.1301586],[-97.636907,30.1301521],[-97.6368954,30.1301506],[-97.6368889,30.1301516],[-97.6368845,30.1301543],[-97.6368781,30.1301624],[-97.6368689,30.1301697],[-97.6368661,30.1301729],[-97.6368642,30.1301766],[-97.6368634,30.1301807],[-97.6368644,30.1301947],[-97.6368683,30.130212],[-97.6368849,30.1302656],[-97.6368995,30.1303091],[-97.6369109,30.1303533],[-97.6369327,30.1304213],[-97.6369451,30.1304551],[-97.6369787,30.1305398],[-97.6369945,30.1305838],[-97.6370119,30.1306264],[-97.6370398,30.1307013],[-97.6370573,30.1307444],[-97.6370761,30.1307965],[-97.6371476,30.1309759],[-97.6371499,30.1309847],[-97.637163,30.131019],[-97.6371655,30.1310279],[-97.6371896,30.1310877],[-97.6372078,30.1311387],[-97.6372357,30.1312064],[-97.6372869,30.1313443],[-97.6373137,30.1314127],[-97.6373323,30.1314645],[-97.63737,30.1315608],[-97.6373764,30.1315791],[-97.6373899,30.1316259],[-97.6373966,30.1316542],[-97.6374038,30.1316926],[-97.6374077,30.1317217],[-97.6374116,30.1317799],[-97.6374123,30.1318186],[-97.6374115,30.131857],[-97.6374094,30.1318855],[-97.6374019,30.1319517],[-97.6373973,30.1319799],[-97.6373896,30.1320175],[-97.6373807,30.132055],[-97.6373676,30.132101],[-97.6373526,30.1321466],[-97.637339,30.1321829],[-97.6373238,30.1322188],[-97.6373028,30.1322629],[-97.6372798,30.132306],[-97.6372599,30.13234],[-97.6372272,30.1323901],[-97.6371857,30.1324458],[-97.6371475,30.1324921],[-97.637127,30.1325149],[-97.6371055,30.1325373],[-97.637054,30.1325881],[-97.6370074,30.1326273],[-97.6369829,30.1326465],[-97.6369656,30.1326588],[-97.6369111,30.1326935],[-97.6368838,30.13271],[-97.6368474,30.1327306],[-97.6367588,30.1327779],[-97.6367068,30.1328077],[-97.6366181,30.1328555],[-97.6365456,30.1328922],[-97.6364931,30.1329214],[-97.6364307,30.1329531],[-97.6362446,30.1330517],[-97.6361735,30.1330873],[-97.6360755,30.1331402],[-97.6360229,30.1331697],[-97.6359526,30.1332067],[-97.6359166,30.1332245],[-97.6358551,30.1332588],[-97.6357485,30.1333146],[-97.6356692,30.1333572],[-97.6356145,30.1333842],[-97.6355792,30.1334032],[-97.6355081,30.1334388],[-97.6354505,30.1334628],[-97.6354051,30.1334861],[-97.6353985,30.1334931],[-97.6353823,30.1335016],[-97.6353543,30.1335234],[-97.635344,30.1335251],[-97.635291,30.1335623],[-97.6352401,30.1336016],[-97.6351989,30.133638],[-97.6351742,30.1336637],[-97.6351286,30.1337162],[-97.6351109,30.1337356],[-97.6350851,30.1337708],[-97.6350624,30.1338079],[-97.6350371,30.1338541],[-97.6350104,30.1339115],[-97.6349847,30.1339605],[-97.6349726,30.1339851],[-97.6349465,30.1340441],[-97.6349152,30.1341207],[-97.6349003,30.1341542],[-97.6348919,30.1341713],[-97.6348495,30.1342492],[-97.6348307,30.1342854],[-97.6348134,30.1343111],[-97.6347878,30.1343435],[-97.6347598,30.134375],[-97.6347294,30.1344048],[-97.6347135,30.1344187],[-97.634672,30.1344519],[-97.6346453,30.1344715],[-97.6345977,30.1345006],[-97.6345495,30.1345262],[-97.6345103,30.1345443],[-97.6344403,30.1345732],[-97.6342357,30.1346431],[-97.6341604,30.134667],[-97.6341425,30.1346736],[-97.6340995,30.1346919],[-97.6340675,30.1347091],[-97.6340135,30.1347421],[-97.6339772,30.134768],[-97.6339369,30.1348006],[-97.6339133,30.1348248],[-97.6339028,30.1348379],[-97.633883,30.1348649],[-97.6338518,30.134914],[-97.6338393,30.1349361],[-97.6338321,30.1349514],[-97.6338198,30.1349826],[-97.6338061,30.1350223],[-97.6337902,30.1350801],[-97.6337839,30.1351141],[-97.6337762,30.1351473],[-97.6337756,30.1351558],[-97.633776,30.1351644],[-97.6337787,30.1351822],[-97.6337789,30.1352004],[-97.6337767,30.1352188],[-97.6337691,30.1352644],[-97.633765,30.1353004],[-97.6337603,30.1353552],[-97.6337556,30.1353833],[-97.6337381,30.1354505],[-97.6337231,30.1354969],[-97.6337087,30.1355329],[-97.6336797,30.1355955],[-97.6336524,30.1356488],[-97.6336372,30.135675],[-97.6335893,30.13574],[-97.633557,30.1357796],[-97.6335157,30.1358257],[-97.6334942,30.1358474],[-97.6334169,30.1359139],[-97.6333757,30.1359458],[-97.6333503,30.1359639],[-97.6333154,30.135986],[-97.6332735,30.1360152],[-97.633256,30.1360265],[-97.6331943,30.1360637],[-97.6331132,30.1361098],[-97.6330754,30.1361291],[-97.6330272,30.1361511],[-97.6329782,30.1361717],[-97.6329277,30.1361907],[-97.6328968,30.1362004],[-97.6327939,30.13623],[-97.6327507,30.1362406],[-97.6327176,30.1362468],[-97.6326404,30.1362566],[-97.6325953,30.1362606],[-97.6324833,30.1362641],[-97.6324485,30.1362638],[-97.632425,30.136262],[-97.6324017,30.1362589],[-97.6323675,30.1362527],[-97.6323343,30.1362451],[-97.632281,30.1362295],[-97.6321914,30.136197],[-97.6320566,30.1361455],[-97.6319902,30.1361188],[-97.6319041,30.1360855],[-97.6318378,30.1360579],[-97.6317727,30.1360338],[-97.6315748,30.135954],[-97.6313765,30.1358768],[-97.6313388,30.1358612],[-97.6312728,30.135837],[-97.6312383,30.1358222],[-97.6312218,30.135816],[-97.6311902,30.1358069],[-97.6311747,30.1358053],[-97.631137,30.1358049],[-97.6310993,30.1358121],[-97.6310838,30.1358162],[-97.6310451,30.1358331],[-97.6310129,30.1358515],[-97.6309685,30.1358724],[-97.6309342,30.1358902],[-97.6308676,30.1359281],[-97.6308109,30.1359635],[-97.6307469,30.1360065],[-97.6306928,30.1360453],[-97.6306406,30.1360856],[-97.6306045,30.1361156],[-97.6305618,30.1361529],[-97.6304651,30.1362423],[-97.6304082,30.1363037],[-97.6303842,30.1363307],[-97.6303366,30.1363866],[-97.6303014,30.1364324],[-97.6302556,30.1364867],[-97.6302256,30.1365168],[-97.6302014,30.1365384],[-97.6301759,30.1365589],[-97.6301492,30.1365782],[-97.6301114,30.1366021],[-97.6300716,30.1366234],[-97.6300309,30.1366418],[-97.6299889,30.136658],[-97.6299453,30.1366718],[-97.6299004,30.1366828],[-97.6298663,30.1366892],[-97.6298202,30.1366951],[-97.629797,30.1366969],[-97.6297621,30.1366982],[-97.6297042,30.1366975],[-97.6296582,30.1366944],[-97.6296351,30.1366916],[-97.6296122,30.1366876],[-97.6295894,30.1366824],[-97.6295447,30.1366703],[-97.629512,30.1366604],[-97.6294594,30.1366407],[-97.6294286,30.136627],[-97.6293985,30.1366121],[-97.6293791,30.1366009],[-97.6293603,30.1365885],[-97.6293149,30.1365554],[-97.6292978,30.1365414],[-97.6292738,30.1365198],[-97.6292367,30.1364822],[-97.6292227,30.1364663],[-97.6292097,30.1364498],[-97.6291738,30.1363989],[-97.6291363,30.1363347],[-97.6291232,30.1363143],[-97.6291048,30.1362908],[-97.6290949,30.1362804],[-97.629089,30.1362761],[-97.6290693,30.1362654],[-97.629051,30.1362529],[-97.6290444,30.1362492],[-97.6290306,30.1362432],[-97.6290164,30.1362381],[-97.6290091,30.1362362],[-97.6289635,30.1362286],[-97.6289475,30.1362288],[-97.6289137,30.1362315],[-97.6288579,30.1362428],[-97.628767,30.136258],[-97.6283325,30.1363423],[-97.6280687,30.1363926],[-97.6276834,30.1364653],[-97.6273491,30.1365293],[-97.6272774,30.1365411],[-97.6272272,30.136552],[-97.6271401,30.1365685],[-97.627105,30.136577],[-97.6270886,30.1365826],[-97.6270575,30.1365956],[-97.6270427,30.1366031],[-97.6270146,30.1366203],[-97.6269884,30.1366403],[-97.6269695,30.1366573],[-97.6269125,30.1367175],[-97.6268703,30.1367574],[-97.6268502,30.1367777],[-97.6266783,30.1369578],[-97.6266338,30.1370077],[-97.6265927,30.1370485],[-97.6265411,30.1371046],[-97.6264601,30.1371868],[-97.6262358,30.1374238],[-97.6261098,30.1375557],[-97.6260456,30.1376265],[-97.6259731,30.1377032],[-97.6259262,30.137752],[-97.6258654,30.1378129],[-97.6258201,30.1378631],[-97.6256022,30.1380918],[-97.6255574,30.1381414],[-97.6255166,30.1381828],[-97.6254776,30.1382261],[-97.625285,30.138426],[-97.6252529,30.138461],[-97.6252123,30.1385026],[-97.62518,30.1385382],[-97.6250822,30.1386419],[-97.6250577,30.1386702],[-97.6250056,30.138736],[-97.6249515,30.1388119],[-97.6248906,30.138895],[-97.6248644,30.1389345],[-97.62481,30.1390111],[-97.6247802,30.1390495],[-97.624769,30.1390655],[-97.6247594,30.1390708],[-97.6247037,30.139136],[-97.6246192,30.1392249],[-97.6246036,30.1392425],[-97.6245881,30.1392619],[-97.6245776,30.1392786],[-97.624574,30.1392871],[-97.6245717,30.1392962],[-97.6245708,30.1393059],[-97.6245712,30.1393159],[-97.6245729,30.1393257],[-97.6245757,30.1393348],[-97.6245772,30.1393388],[-97.6245856,30.1393389],[-97.6245854,30.1393455],[-97.6245863,30.1393503],[-97.6245887,30.1393537],[-97.6245905,30.139355],[-97.6246112,30.1393619],[-97.6246239,30.1393637],[-97.6246395,30.1393625],[-97.6247079,30.1393538],[-97.624772,30.1393414],[-97.6248239,30.1393344],[-97.6248513,30.1393293],[-97.6249028,30.1393163],[-97.6250768,30.1392677],[-97.6251262,30.1392548],[-97.6251761,30.1392406],[-97.6252267,30.1392278],[-97.6253949,30.1391804],[-97.6254553,30.1391658],[-97.6255437,30.1391419],[-97.6256524,30.1391104],[-97.6260189,30.1390093],[-97.6261679,30.1389696],[-97.626386,30.1389103],[-97.6265954,30.1388557],[-97.6266754,30.1388359],[-97.6268045,30.1388019],[-97.626875,30.1387848],[-97.6269147,30.1387741],[-97.6269945,30.1387541],[-97.6275047,30.1386288],[-97.6275749,30.1386131],[-97.6276455,30.1385961],[-97.6278168,30.1385565],[-97.6279475,30.1385278],[-97.6280479,30.1385049],[-97.6283903,30.1384294],[-97.6286528,30.1383733],[-97.6289562,30.1383103],[-97.6292095,30.1382592],[-97.629565,30.1381913],[-97.6298597,30.1381369],[-97.6304603,30.138029],[-97.630991,30.1379414],[-97.631575,30.1378517],[-97.6320165,30.137789],[-97.6320879,30.1377774],[-97.6322311,30.1377572],[-97.6323653,30.1377395],[-97.6326013,30.1377098],[-97.6326318,30.1377056],[-97.6326834,30.1376971],[-97.6327355,30.1376916],[-97.6328273,30.137679],[-97.6329208,30.1376677],[-97.6332609,30.1376294],[-97.6333329,30.1376196],[-97.6335698,30.1375939],[-97.6336318,30.1375854],[-97.633663,30.1375821],[-97.6337872,30.1375698],[-97.6338699,30.1375628],[-97.633942,30.1375554],[-97.6342211,30.1375298],[-97.6344366,30.1375091],[-97.6344886,30.1375051],[-97.6345404,30.1374992],[-97.6346539,30.1374898],[-97.6346954,30.1374851],[-97.6347473,30.1374813],[-97.6347986,30.1374763],[-97.63485,30.1374701],[-97.6349637,30.13746],[-97.6350557,30.1374506],[-97.6351076,30.1374464],[-97.6351488,30.137442],[-97.6351901,30.1374388],[-97.6352211,30.1374355],[-97.6352836,30.1374308],[-97.6353353,30.1374249],[-97.6353766,30.1374218],[-97.6354378,30.1374145],[-97.6357154,30.1373881],[-97.6357764,30.1373795],[-97.6358378,30.1373723],[-97.6358886,30.1373646],[-97.6359398,30.1373581],[-97.6359909,30.1373502],[-97.6360522,30.1373424],[-97.6361958,30.137321],[-97.6362576,30.1373132],[-97.6363084,30.1373054],[-97.6363597,30.1372988],[-97.6364105,30.1372909],[-97.6364736,30.1372823],[-97.6364836,30.1372803],[-97.6365048,30.1372735],[-97.6365174,30.1372704],[-97.6365221,30.1372675],[-97.6365229,30.1372652],[-97.6365211,30.1372532],[-97.6365206,30.1372408],[-97.6365194,30.1372363],[-97.636517,30.1372319],[-97.6364436,30.1371549],[-97.6363841,30.137089],[-97.6363017,30.137001],[-97.63627,30.1369646],[-97.6362042,30.1368927],[-97.6361674,30.1368485],[-97.6361278,30.1368056],[-97.6361034,30.1367762],[-97.6360659,30.1367336],[-97.6360355,30.1366963],[-97.6358943,30.1365275],[-97.635821,30.1364374],[-97.6357569,30.136356],[-97.6357396,30.1363334],[-97.635712,30.1362948],[-97.6356521,30.1362188],[-97.6355406,30.1360653],[-97.6354979,30.1360033],[-97.6354685,30.135964],[-97.635389,30.1358416],[-97.6353669,30.1358004],[-97.6353575,30.1357775],[-97.6353509,30.1357533],[-97.635349,30.1357409],[-97.63535,30.1357283],[-97.6353493,30.1357038],[-97.63535,30.1356793],[-97.6353516,30.1356673],[-97.6353571,30.1356433],[-97.635361,30.1356315],[-97.6353657,30.1356199],[-97.6353771,30.1355971],[-97.6353905,30.135575],[-97.6353979,30.1355643],[-97.6354139,30.1355438],[-97.6354226,30.135534],[-97.6354418,30.1355157],[-97.6354523,30.1355073],[-97.6354633,30.1354994],[-97.6354864,30.1354848],[-97.6355107,30.135472],[-97.6355232,30.1354663],[-97.635536,30.1354611],[-97.635562,30.1354522],[-97.6355885,30.1354454],[-97.6356149,30.1354406],[-97.6356535,30.1354373],[-97.6357249,30.1354346],[-97.6357475,30.1354355],[-97.6357908,30.1354398],[-97.635822,30.1354411],[-97.6358426,30.1354412],[-97.6358737,30.1354393],[-97.635884,30.1354393],[-97.6359045,30.1354412],[-97.6359452,30.135447],[-97.6359761,30.1354501],[-97.6360502,30.1354529],[-97.6361224,30.1354589],[-97.6361968,30.1354627],[-97.636232,30.1354664],[-97.6362684,30.1354729],[-97.636329,30.1354884],[-97.636353,30.1354964],[-97.6363763,30.1355066],[-97.6364095,30.1355248],[-97.6364394,30.135546],[-97.6364581,30.1355606],[-97.6364841,30.135584],[-97.6365082,30.1356092],[-97.6365132,30.1356198],[-97.6365368,30.1356458],[-97.6365504,30.1356643],[-97.6365615,30.1356835],[-97.6365702,30.1357027],[-97.6366208,30.1358338],[-97.6366515,30.1359008],[-97.6366672,30.1359334],[-97.6366836,30.1359731],[-97.6367032,30.1360104],[-97.636725,30.136047],[-97.6367487,30.1360827],[-97.6367695,30.1361107],[-97.6367871,30.1361308],[-97.6368308,30.1361767],[-97.6368582,30.1362029],[-97.6368986,30.136245],[-97.6369325,30.1362785],[-97.6370299,30.1363698],[-97.6370513,30.1363888],[-97.6370807,30.1364134],[-97.6371006,30.1364324],[-97.6371143,30.1364437],[-97.6371423,30.1364644],[-97.6371571,30.1364734],[-97.6371732,30.1364803],[-97.6371896,30.1364862],[-97.6372064,30.136491],[-97.6372236,30.1364948],[-97.6372286,30.1365034],[-97.63724,30.1365001],[-97.6372619,30.1365133],[-97.6372776,30.1365194],[-97.637294,30.136523],[-97.6373277,30.1365283],[-97.6373923,30.1365322],[-97.6375027,30.1365336],[-97.6375122,30.1365317],[-97.6375397,30.1365317],[-97.6375665,30.1365305],[-97.637609,30.1365253],[-97.6376322,30.1365233],[-97.6376729,30.1365165],[-97.6376816,30.1365131],[-97.6376849,30.1365103],[-97.6376951,30.1364963],[-97.6377057,30.1364859],[-97.637708,30.1364817],[-97.6377091,30.1364771],[-97.6377096,30.1364626],[-97.6377112,30.1364459],[-97.6377105,30.1364398],[-97.6377056,30.1364277],[-97.6376944,30.1364084],[-97.6376435,30.136333],[-97.6376145,30.1362867],[-97.6375579,30.1362006],[-97.6375284,30.136154],[-97.6374069,30.1359758],[-97.6373724,30.1359204],[-97.6372572,30.1357489],[-97.6372079,30.1356798],[-97.6371725,30.1356246],[-97.637089,30.1354997],[-97.6370691,30.1354685],[-97.6370316,30.1354146],[-97.63698,30.1353356],[-97.6369423,30.1352811],[-97.6369177,30.1352418],[-97.6368599,30.135155],[-97.6368104,30.1350834],[-97.6367783,30.1350329],[-97.6367574,30.1349959],[-97.6367494,30.1349764],[-97.6367442,30.1349672],[-97.6367286,30.1349198],[-97.6367205,30.1348909],[-97.636712,30.1348511],[-97.6367076,30.1348211],[-97.6367052,30.1347912],[-97.6367048,30.134741],[-97.6367063,30.1347105],[-97.6367123,30.13467],[-97.6367211,30.1346309],[-97.6367353,30.1345837],[-97.6367488,30.1345467],[-97.6367962,30.1344397],[-97.636839,30.134347],[-97.6369274,30.1341508],[-97.6369362,30.1341328],[-97.6369461,30.134115],[-97.6369626,30.1340887],[-97.6369747,30.1340714],[-97.6369944,30.1340461],[-97.6370083,30.1340297],[-97.6370299,30.1340057],[-97.6370454,30.1339903],[-97.6370618,30.1339758],[-97.6370878,30.1339551],[-97.6371247,30.1339296],[-97.6371437,30.1339177],[-97.637173,30.1339012],[-97.6372225,30.1338768],[-97.6373004,30.1338452],[-97.6373479,30.1338271],[-97.6374034,30.133803],[-97.6374503,30.1337838],[-97.6375067,30.1337623],[-97.6375343,30.1337503],[-97.6376004,30.1337198],[-97.6376204,30.1337127],[-97.6376502,30.1337037],[-97.6376879,30.1336899],[-97.6377349,30.1336714],[-97.6377815,30.133651],[-97.6378008,30.1336435],[-97.6378719,30.1336193],[-97.6379253,30.1336033],[-97.6379586,30.1335951],[-97.6379813,30.1335907],[-97.6380157,30.1335856],[-97.63805,30.1335819],[-97.638084,30.1335795],[-97.6381178,30.1335784],[-97.6381842,30.1335792],[-97.6382275,30.1335813],[-97.6382812,30.1335852],[-97.6383241,30.1335892],[-97.638367,30.1335942],[-97.6384096,30.1336001],[-97.6384622,30.1336085],[-97.6385564,30.1336261],[-97.6385983,30.1336353],[-97.6386399,30.1336454],[-97.638681,30.1336562],[-97.6387319,30.1336706],[-97.6388223,30.133699],[-97.6388625,30.1337129],[-97.6389022,30.1337276],[-97.6389414,30.1337431],[-97.6389897,30.1337634],[-97.6390281,30.1337806],[-97.6390664,30.1337988],[-97.6391044,30.1338185],[-97.6391325,30.1338343],[-97.6391599,30.1338509],[-97.6391866,30.1338682],[-97.6392299,30.1338989],[-97.6392713,30.1339321],[-97.6393102,30.1339677],[-97.639332,30.1339899],[-97.6393528,30.1340126],[-97.639379,30.1340431],[-97.6394036,30.1340734],[-97.639503,30.1342003],[-97.6395511,30.1342591],[-97.6396209,30.1343487],[-97.6396803,30.134422],[-97.6397651,30.1345244],[-97.6398061,30.1345757],[-97.6398488,30.134626],[-97.6398994,30.1346835],[-97.6399478,30.1347426],[-97.6400985,30.1349129],[-97.6401292,30.1349485],[-97.6401684,30.13499],[-97.640395,30.1352358],[-97.6405385,30.1353846],[-97.6405701,30.1354125],[-97.6405766,30.1354175],[-97.6405903,30.1354263],[-97.6406182,30.1354411],[-97.640654,30.1354541],[-97.6406687,30.135458],[-97.6406999,30.1354608],[-97.6407158,30.1354612],[-97.6407483,30.1354569],[-97.6407909,30.1354553],[-97.6408087,30.1354528],[-97.6408848,30.135437],[-97.640953,30.1354212],[-97.641001,30.1354088],[-97.6410294,30.1354001],[-97.6411223,30.1353689],[-97.6411673,30.1353518],[-97.6412294,30.1353235],[-97.641354,30.1352598],[-97.6414172,30.1352291],[-97.6414879,30.1351915],[-97.6415251,30.135173],[-97.6415538,30.13516],[-97.6416119,30.1351359],[-97.6417276,30.1350918],[-97.6417939,30.1350648],[-97.6418504,30.1350447],[-97.6419254,30.1350142],[-97.6419842,30.1349938],[-97.642022,30.1349797],[-97.6421459,30.1349323],[-97.6422111,30.1349055],[-97.6422875,30.1348768],[-97.6423355,30.1348601],[-97.6424014,30.1348333],[-97.6424594,30.134813],[-97.6425814,30.1347639],[-97.6426396,30.1347434],[-97.6426963,30.1347202],[-97.6427964,30.1346826],[-97.6428077,30.1346788],[-97.6428218,30.1346824],[-97.6428559,30.134677],[-97.6429185,30.13467],[-97.6429475,30.1346657],[-97.6429588,30.1346696],[-97.6429846,30.1346601],[-97.6430741,30.1346247],[-97.6431218,30.1346077],[-97.6431874,30.1345802],[-97.6432525,30.1345564],[-97.6432827,30.1345437],[-97.6432949,30.1345368],[-97.6433002,30.1345328],[-97.6433245,30.1345104],[-97.6433327,30.1344999],[-97.643348,30.1344716],[-97.6433521,30.1344601],[-97.6433574,30.1344262],[-97.643356,30.1344151],[-97.6433503,30.1343987],[-97.6433458,30.1343817],[-97.6433435,30.1343762],[-97.643328,30.1343504],[-97.6433204,30.1343406],[-97.6433106,30.1343313],[-97.6432921,30.134317],[-97.6432447,30.1342861],[-97.6432037,30.1342579]]}},{"type":"Feature","properties":{"role":"edge_right","orientation":"driving direction, from the lap origin","unseen_spans":[[0.00659,0.02749],[0.02767,0.03403],[0.11309,0.11437],[0.11473,0.116],[0.13908,0.13999],[0.20742,0.2087],[0.68543,0.68707],[0.68743,0.68852],[0.7067,0.7076],[0.81411,0.81538]],"quality":{"source":"txgio-2021-caparea","accuracy_m":0.88,"relative_accuracy_m":0.14,"measured":true,"date":"2021-01-03","measured_fraction":0.948}},"geometry":{"type":"LineString","coordinates":[[-97.6433044,30.1341491],[-97.6431088,30.134014],[-97.6430423,30.1339697],[-97.6429861,30.1339308],[-97.6429269,30.1338928],[-97.6428057,30.1338091],[-97.6426651,30.1337153],[-97.6424373,30.1335595],[-97.6423481,30.1334972],[-97.6422401,30.1334269],[-97.6420601,30.1333053],[-97.6419895,30.1332558],[-97.6419212,30.1332026],[-97.6418938,30.1331826],[-97.6418741,30.1331698],[-97.6418539,30.1331578],[-97.6417808,30.1331198],[-97.6417576,30.1331068],[-97.6417348,30.1330928],[-97.6417039,30.1330724],[-97.6416326,30.1330225],[-97.6413202,30.1327987],[-97.6411431,30.1326736],[-97.6409988,30.1325683],[-97.640971,30.1325499],[-97.6408361,30.1324672],[-97.6407639,30.1324211],[-97.6406925,30.1323714],[-97.6405204,30.1322548],[-97.6404637,30.1322151],[-97.6401578,30.1320067],[-97.6400823,30.1319542],[-97.6399106,30.1318388],[-97.6397573,30.1317316],[-97.6396334,30.1316491],[-97.6394784,30.131544],[-97.6394134,30.1314987],[-97.6392992,30.1314209],[-97.6392187,30.1313632],[-97.6391361,30.1313087],[-97.6389156,30.1311586],[-97.6388508,30.1311132],[-97.6387039,30.1310138],[-97.6386117,30.1309488],[-97.6384697,30.1308542],[-97.6379716,30.1305141],[-97.6378645,30.1304423],[-97.6377588,30.1303683],[-97.6375332,30.1302157],[-97.637435,30.1301473],[-97.6373718,30.130106],[-97.6372616,30.1300324],[-97.6372175,30.1300075],[-97.6371713,30.1299791],[-97.6371352,30.1299601],[-97.6371067,30.1299483],[-97.6370913,30.1299432],[-97.6370753,30.1299389],[-97.6370588,30.1299355],[-97.6370421,30.1299332],[-97.6370254,30.129932],[-97.6370089,30.129932],[-97.6369929,30.1299329],[-97.6369773,30.1299348],[-97.6369623,30.1299374],[-97.6369333,30.1299436],[-97.636875,30.1299585],[-97.6368446,30.1299679],[-97.6368294,30.1299735],[-97.6367994,30.1299869],[-97.6367848,30.1299948],[-97.6367707,30.1300036],[-97.6367572,30.1300132],[-97.6367444,30.1300237],[-97.6367324,30.1300349],[-97.6367107,30.1300591],[-97.6367012,30.1300718],[-97.6366929,30.130085],[-97.636686,30.1300987],[-97.6366807,30.1301127],[-97.6366769,30.1301269],[-97.6366744,30.1301412],[-97.6366729,30.1301554],[-97.6366724,30.1301695],[-97.636674,30.1301967],[-97.6366758,30.1302096],[-97.6366812,30.1302339],[-97.6366915,30.1302663],[-97.6367027,30.1302947],[-97.6367638,30.1304403],[-97.6368015,30.1305359],[-97.6368239,30.1305864],[-97.636834,30.1306114],[-97.6368557,30.1306711],[-97.6368683,30.1307168],[-97.6368741,30.1307348],[-97.6368859,30.1307601],[-97.636905,30.1307918],[-97.6369172,30.1308163],[-97.636945,30.1308843],[-97.6369703,30.1309432],[-97.6369972,30.1310113],[-97.6370599,30.1311643],[-97.6370895,30.1312324],[-97.6371104,30.1312828],[-97.6371405,30.1313591],[-97.6372243,30.1315624],[-97.6372438,30.1316196],[-97.637257,30.1316687],[-97.6372638,30.1317016],[-97.6372691,30.1317344],[-97.6372723,30.1317675],[-97.6372736,30.1318009],[-97.6372734,30.1318345],[-97.6372709,30.1318769],[-97.6372673,30.1319109],[-97.6372604,30.1319532],[-97.6372492,30.1320118],[-97.6372434,30.1320368],[-97.6372338,30.13207],[-97.6372168,30.1321192],[-97.637201,30.1321593],[-97.6371832,30.1321987],[-97.6371632,30.1322376],[-97.6371456,30.1322681],[-97.6371131,30.13232],[-97.6370931,30.1323491],[-97.63706,30.132392],[-97.6370198,30.1324398],[-97.6370073,30.1324525],[-97.6369481,30.1325079],[-97.6369201,30.1325326],[-97.6368765,30.1325666],[-97.6368388,30.1325919],[-97.6367983,30.1326149],[-97.6367113,30.1326607],[-97.6365179,30.1327655],[-97.6361808,30.132943],[-97.6360654,30.1330055],[-97.63596,30.1330604],[-97.6358532,30.1331177],[-97.6357644,30.1331635],[-97.6356669,30.133216],[-97.6356144,30.1332455],[-97.6355522,30.1332764],[-97.6355256,30.1332904],[-97.6354196,30.133349],[-97.6353603,30.1333809],[-97.6353151,30.1334071],[-97.6352759,30.1334269],[-97.6352571,30.1334373],[-97.6352214,30.1334596],[-97.6351869,30.1334837],[-97.6351539,30.1335091],[-97.63513,30.1335287],[-97.6350921,30.1335634],[-97.6350276,30.1336307],[-97.6350078,30.1336546],[-97.6349901,30.1336796],[-97.6349681,30.1337133],[-97.6349473,30.1337472],[-97.6349326,30.1337729],[-97.6349146,30.1338075],[-97.6349021,30.1338332],[-97.6348761,30.1338926],[-97.6348408,30.1339687],[-97.6347869,30.1340758],[-97.6347535,30.1341498],[-97.6347336,30.1341882],[-97.6347107,30.1342238],[-97.6346957,30.1342444],[-97.6346796,30.1342648],[-97.6346454,30.1343034],[-97.6346141,30.1343339],[-97.6345799,30.1343625],[-97.6345589,30.1343777],[-97.6345373,30.1343919],[-97.6345063,30.1344097],[-97.6344642,30.1344296],[-97.6344209,30.1344482],[-97.6343856,30.1344621],[-97.6343103,30.1344863],[-97.6341349,30.1345474],[-97.6340752,30.1345715],[-97.6340257,30.1345946],[-97.6339674,30.1346253],[-97.6339302,30.1346477],[-97.6339124,30.1346598],[-97.6338863,30.134679],[-97.633861,30.1346995],[-97.6338447,30.134714],[-97.6338214,30.1347367],[-97.6337997,30.1347604],[-97.6337796,30.134785],[-97.6337552,30.1348193],[-97.6337335,30.1348547],[-97.6337191,30.1348815],[-97.6337021,30.1349178],[-97.6336912,30.1349458],[-97.6336821,30.134974],[-97.6336741,30.1350023],[-97.6336633,30.1350491],[-97.6336442,30.1351523],[-97.6336364,30.1352059],[-97.6336126,30.1353553],[-97.6336015,30.1354122],[-97.6335927,30.1354446],[-97.6335691,30.1355094],[-97.6335596,30.1355332],[-97.6335451,30.1355642],[-97.6335292,30.1355944],[-97.6335064,30.135631],[-97.6334808,30.1356667],[-97.6334528,30.1357008],[-97.6334166,30.1357392],[-97.6333699,30.135783],[-97.6333347,30.1358134],[-97.6332841,30.1358531],[-97.6332304,30.1358912],[-97.6331985,30.1359121],[-97.6331335,30.1359519],[-97.6330744,30.1359855],[-97.6330145,30.1360151],[-97.6329711,30.1360353],[-97.6329091,30.1360617],[-97.6328556,30.1360826],[-97.6327908,30.1361047],[-97.6327536,30.1361161],[-97.6326987,30.13613],[-97.6326802,30.1361339],[-97.6326518,30.1361388],[-97.632614,30.1361445],[-97.6325859,30.1361468],[-97.6325574,30.1361463],[-97.632472,30.1361418],[-97.6324541,30.1361399],[-97.6324364,30.1361369],[-97.632365,30.1361215],[-97.6323282,30.1361125],[-97.6323006,30.1361042],[-97.6322448,30.1360836],[-97.6321587,30.1360549],[-97.6320742,30.1360227],[-97.6319525,30.1359744],[-97.6319158,30.1359589],[-97.63186,30.1359328],[-97.6318408,30.1359246],[-97.6317645,30.135897],[-97.631557,30.1358129],[-97.6314703,30.1357813],[-97.6313951,30.1357515],[-97.6313383,30.135728],[-97.6313081,30.1357171],[-97.6312531,30.1357002],[-97.6312292,30.135694],[-97.6312041,30.135689],[-97.6311782,30.1356859],[-97.631165,30.1356851],[-97.6311385,30.135685],[-97.6311121,30.135687],[-97.6310991,30.1356886],[-97.6310737,30.1356933],[-97.6310373,30.1357035],[-97.6310146,30.1357119],[-97.6309929,30.135721],[-97.6309624,30.1357347],[-97.630934,30.1357485],[-97.6308336,30.1358026],[-97.6307624,30.1358447],[-97.6307189,30.1358722],[-97.6306264,30.1359348],[-97.6305772,30.135971],[-97.6304828,30.1360475],[-97.6304531,30.136074],[-97.6304031,30.1361219],[-97.6303611,30.1361643],[-97.6302791,30.1362506],[-97.6302599,30.1362739],[-97.6301957,30.1363569],[-97.6301607,30.136398],[-97.6301246,30.1364355],[-97.630112,30.1364471],[-97.6300922,30.1364637],[-97.6300644,30.1364845],[-97.6300425,30.1364986],[-97.630012,30.1365153],[-97.6299798,30.1365309],[-97.629946,30.1365445],[-97.6299203,30.136553],[-97.6298941,30.1365598],[-97.6298413,30.136572],[-97.6298234,30.1365748],[-97.6297962,30.136577],[-97.629769,30.136578],[-97.6297325,30.136578],[-97.6297141,30.1365774],[-97.6296865,30.136575],[-97.6296414,30.1365685],[-97.6296063,30.1365612],[-97.6295719,30.1365504],[-97.6295125,30.1365273],[-97.6294717,30.1365087],[-97.6294562,30.1365002],[-97.6294415,30.1364911],[-97.6294278,30.1364813],[-97.6294082,30.1364658],[-97.6293566,30.1364201],[-97.6293379,30.136402],[-97.6293262,30.1363895],[-97.6293101,30.13637],[-97.6292957,30.1363491],[-97.6292825,30.1363266],[-97.6292555,30.1362764],[-97.6292447,30.1362585],[-97.6292323,30.1362403],[-97.6292179,30.1362223],[-97.62921,30.1362135],[-97.6292015,30.136205],[-97.6291832,30.1361887],[-97.6291635,30.1361738],[-97.6291426,30.1361603],[-97.6291093,30.1361429],[-97.6290858,30.136133],[-97.6290614,30.1361248],[-97.6290362,30.1361184],[-97.6290106,30.136114],[-97.6289719,30.1361109],[-97.6289464,30.1361108],[-97.6289216,30.1361118],[-97.6288746,30.1361166],[-97.6288313,30.1361235],[-97.6287597,30.1361373],[-97.6286978,30.136147],[-97.6286569,30.1361543],[-97.628545,30.1361768],[-97.6284441,30.1361955],[-97.6283427,30.1362167],[-97.6281908,30.1362445],[-97.6280087,30.1362802],[-97.6277754,30.136324],[-97.6272382,30.1364267],[-97.6271559,30.1364417],[-97.6271132,30.1364508],[-97.6270803,30.1364592],[-97.6270468,30.1364695],[-97.6270134,30.1364816],[-97.6269914,30.1364907],[-97.62697,30.1365009],[-97.6269495,30.1365124],[-97.6269299,30.136525],[-97.6269115,30.1365388],[-97.6268858,30.1365604],[-97.6268621,30.1365823],[-97.6268331,30.1366109],[-97.6267267,30.136723],[-97.626666,30.136785],[-97.6264344,30.1370284],[-97.6263675,30.1370975],[-97.626309,30.1371603],[-97.6262555,30.1372158],[-97.6261243,30.1373554],[-97.6260379,30.1374453],[-97.625979,30.1375085],[-97.6259253,30.1375637],[-97.6258597,30.1376334],[-97.6255677,30.1379386],[-97.6254532,30.1380558],[-97.6254074,30.1381041],[-97.6253541,30.1381582],[-97.6252473,30.1382696],[-97.6251591,30.1383589],[-97.6250661,30.1384553],[-97.6248329,30.138692],[-97.6247461,30.1387828],[-97.6247054,30.1388241],[-97.6246136,30.1389219],[-97.6245744,30.1389619],[-97.6245215,30.1390178],[-97.6244742,30.1390652],[-97.6244542,30.1390866],[-97.6244267,30.1391187],[-97.6244129,30.1391376],[-97.6244062,30.139148],[-97.6243937,30.139171],[-97.6243881,30.1391834],[-97.6243786,30.1392098],[-97.624375,30.1392236],[-97.6243704,30.1392517],[-97.6243695,30.1392659],[-97.6243705,30.1392939],[-97.6243723,30.1393075],[-97.6243783,30.1393342],[-97.6243911,30.1393725],[-97.6244013,30.1393981],[-97.6244077,30.139411],[-97.6244156,30.1394238],[-97.6244251,30.1394362],[-97.6244362,30.1394482],[-97.6244488,30.1394596],[-97.6244628,30.13947],[-97.6244779,30.1394792],[-97.624494,30.139487],[-97.6245107,30.1394934],[-97.6245277,30.1394982],[-97.6245449,30.1395014],[-97.6245618,30.1395033],[-97.6245783,30.1395038],[-97.6246093,30.139502],[-97.624637,30.1394978],[-97.6247649,30.1394732],[-97.6247842,30.1394708],[-97.6248038,30.13947],[-97.6248683,30.1394698],[-97.6248918,30.1394679],[-97.6249036,30.1394661],[-97.6249379,30.1394579],[-97.6250095,30.1394353],[-97.6251088,30.1394063],[-97.6252169,30.1393732],[-97.625324,30.1393418],[-97.6254031,30.1393199],[-97.6255007,30.1392908],[-97.6256005,30.1392633],[-97.6259153,30.139174],[-97.6259949,30.1391529],[-97.6262516,30.1390827],[-97.6266383,30.1389811],[-97.6268868,30.1389172],[-97.627036,30.1388798],[-97.6274448,30.1387795],[-97.6276445,30.1387318],[-97.6278243,30.1386898],[-97.6282962,30.1385849],[-97.6286281,30.1385132],[-97.6289806,30.1384397],[-97.629283,30.1383789],[-97.6295968,30.1383192],[-97.629901,30.138263],[-97.6304493,30.1381643],[-97.6305908,30.1381402],[-97.6310901,30.1380586],[-97.6314986,30.1379958],[-97.6316206,30.1379777],[-97.6319785,30.1379268],[-97.6321217,30.1379074],[-97.6323777,30.1378744],[-97.6324802,30.1378624],[-97.632686,30.1378357],[-97.6327988,30.1378236],[-97.6328909,30.1378121],[-97.6332708,30.1377693],[-97.6333841,30.1377574],[-97.6334767,30.1377493],[-97.633631,30.137733],[-97.6337133,30.1377266],[-97.6337852,30.1377191],[-97.6339806,30.1377006],[-97.6340738,30.1376925],[-97.6341874,30.1376813],[-97.6346208,30.1376407],[-97.6346929,30.1376346],[-97.6348062,30.1376231],[-97.6349919,30.1376057],[-97.635075,30.1375973],[-97.6353015,30.1375771],[-97.6353732,30.1375692],[-97.6354769,30.13756],[-97.6355802,30.1375518],[-97.6357674,30.1375336],[-97.6359025,30.137522],[-97.635985,30.1375131],[-97.6361298,30.1374997],[-97.6363565,30.1374762],[-97.6364985,30.1374639],[-97.6365259,30.1374595],[-97.6365402,30.1374558],[-97.6365545,30.1374508],[-97.6365688,30.1374447],[-97.6365969,30.13743],[-97.636624,30.1374125],[-97.6366369,30.1374025],[-97.636649,30.1373914],[-97.6366603,30.1373794],[-97.6366705,30.1373665],[-97.6366795,30.1373526],[-97.6366872,30.137338],[-97.6366933,30.1373228],[-97.6366978,30.1373073],[-97.6367008,30.1372916],[-97.6367021,30.1372761],[-97.6367021,30.1372608],[-97.6367008,30.137246],[-97.6366949,30.1372178],[-97.6366859,30.1371912],[-97.6366739,30.1371664],[-97.6366666,30.137155],[-97.6366501,30.1371347],[-97.6365929,30.1370728],[-97.6365529,30.1370337],[-97.6365402,30.1370202],[-97.6365285,30.137006],[-97.6365005,30.1369672],[-97.6364807,30.136944],[-97.6364528,30.1369154],[-97.6364026,30.1368706],[-97.6363755,30.1368434],[-97.6363379,30.1368022],[-97.6361372,30.1365751],[-97.6360477,30.1364644],[-97.6359499,30.1363401],[-97.6359011,30.1362808],[-97.6358199,30.1361775],[-97.6357647,30.1361028],[-97.635689,30.1359962],[-97.6356337,30.1359202],[-97.6356134,30.1358904],[-97.6355794,30.135836],[-97.6355525,30.1357982],[-97.6355393,30.1357776],[-97.6355294,30.1357591],[-97.6355242,30.1357478],[-97.6355207,30.1357367],[-97.6355189,30.1357255],[-97.6355183,30.1357083],[-97.6355194,30.1356966],[-97.635522,30.1356849],[-97.6355274,30.1356681],[-97.6355348,30.1356526],[-97.6355485,30.1356338],[-97.6355569,30.135625],[-97.6355717,30.135614],[-97.6355931,30.1356015],[-97.6356109,30.1355939],[-97.6356237,30.1355899],[-97.6356374,30.1355867],[-97.63566,30.1355843],[-97.6356851,30.1355844],[-97.6357794,30.1355881],[-97.6360179,30.1356006],[-97.636121,30.1356071],[-97.6362078,30.1356107],[-97.6362326,30.1356136],[-97.6362564,30.1356184],[-97.6362794,30.1356244],[-97.636301,30.1356322],[-97.6363144,30.1356386],[-97.636334,30.1356496],[-97.6363533,30.1356625],[-97.6363658,30.1356718],[-97.6363774,30.1356819],[-97.6363879,30.1356925],[-97.636402,30.1357091],[-97.6364103,30.135721],[-97.6364254,30.135747],[-97.6364394,30.1357769],[-97.6365315,30.1359989],[-97.636548,30.1360349],[-97.6365579,30.1360527],[-97.6365746,30.1360784],[-97.6366166,30.1361364],[-97.6366419,30.1361687],[-97.6366691,30.1361992],[-97.6367262,30.1362571],[-97.6367544,30.1362845],[-97.6368036,30.1363299],[-97.6368456,30.1363712],[-97.6368882,30.1364115],[-97.6369819,30.1364983],[-97.6370286,30.1365399],[-97.6370631,30.1365673],[-97.6370909,30.1365869],[-97.6371106,30.1365989],[-97.6371314,30.1366096],[-97.6371741,30.1366282],[-97.6372184,30.136644],[-97.6372416,30.1366506],[-97.6372652,30.1366561],[-97.6373009,30.1366618],[-97.6373358,30.1366655],[-97.637444,30.1366746],[-97.6375312,30.1366808],[-97.6375779,30.1366829],[-97.6376139,30.1366831],[-97.6376512,30.1366807],[-97.6376771,30.1366764],[-97.6377038,30.1366693],[-97.6377311,30.1366591],[-97.637758,30.1366454],[-97.637771,30.1366372],[-97.6377834,30.136628],[-97.637795,30.1366181],[-97.6378057,30.1366075],[-97.6378154,30.1365964],[-97.6378243,30.1365849],[-97.6378322,30.136573],[-97.6378453,30.1365482],[-97.6378548,30.1365224],[-97.6378581,30.1365092],[-97.6378603,30.1364959],[-97.6378614,30.1364825],[-97.6378605,30.1364563],[-97.6378557,30.1364312],[-97.6378521,30.1364192],[-97.6378429,30.1363965],[-97.6378321,30.1363757],[-97.6378057,30.13633],[-97.6377794,30.1362808],[-97.6377598,30.1362485],[-97.6377101,30.1361772],[-97.637628,30.1360497],[-97.6375682,30.1359665],[-97.637516,30.1358997],[-97.6374571,30.1358148],[-97.637369,30.1356819],[-97.6373182,30.1356035],[-97.6372645,30.135526],[-97.637215,30.1354472],[-97.6371671,30.1353765],[-97.6370388,30.1351815],[-97.6369971,30.1351195],[-97.6369732,30.135081],[-97.6369563,30.1350491],[-97.6369334,30.1350006],[-97.6369117,30.1349485],[-97.6369065,30.1349338],[-97.6369024,30.1349183],[-97.6368906,30.1348619],[-97.6368833,30.1348067],[-97.6368805,30.1347746],[-97.6368789,30.1347426],[-97.6368788,30.1347191],[-97.6368799,30.1346956],[-97.6368828,30.1346636],[-97.6368879,30.1346308],[-97.6368957,30.1345895],[-97.6369036,30.1345567],[-97.6369109,30.1345323],[-97.6369196,30.1345078],[-97.6369537,30.1344244],[-97.6370057,30.1343064],[-97.6370394,30.134232],[-97.6370546,30.1342007],[-97.6370668,30.1341784],[-97.6370887,30.134143],[-97.6371085,30.1341166],[-97.6371306,30.1340918],[-97.6371549,30.1340685],[-97.6371679,30.1340576],[-97.6371883,30.1340423],[-97.6372235,30.1340181],[-97.6372542,30.134001],[-97.6372874,30.1339856],[-97.6375293,30.1338866],[-97.6376968,30.13382],[-97.6377727,30.133789],[-97.6378938,30.1337418],[-97.6379386,30.1337263],[-97.6379738,30.1337152],[-97.6379914,30.1337107],[-97.6380182,30.1337056],[-97.6380454,30.1337021],[-97.6380732,30.1337001],[-97.6381108,30.1336987],[-97.6381395,30.1336984],[-97.6382181,30.1337015],[-97.6382976,30.1337078],[-97.6383665,30.1337161],[-97.638485,30.133736],[-97.6385531,30.1337497],[-97.6386299,30.1337686],[-97.6387253,30.1337967],[-97.6388002,30.1338213],[-97.6388734,30.1338489],[-97.6389452,30.1338797],[-97.6390141,30.1339125],[-97.6390465,30.1339306],[-97.63911,30.1339685],[-97.6391331,30.1339835],[-97.6391619,30.1340052],[-97.6391883,30.1340287],[-97.6392317,30.1340727],[-97.6392558,30.1340992],[-97.6393122,30.1341724],[-97.6393725,30.1342458],[-97.6394125,30.1342986],[-97.6394418,30.1343359],[-97.6395547,30.1344769],[-97.6396509,30.1345949],[-97.6397686,30.1347341],[-97.6399125,30.1349012],[-97.6401041,30.1351152],[-97.6403069,30.1353336],[-97.6404008,30.1354317],[-97.6404443,30.1354755],[-97.640469,30.1354974],[-97.6404869,30.1355114],[-97.6405058,30.135525],[-97.6405258,30.135538],[-97.640547,30.1355503],[-97.6405812,30.1355663],[-97.6405931,30.1355709],[-97.6406177,30.1355788],[-97.6406555,30.1355874],[-97.6406809,30.1355912],[-97.6407062,30.1355936],[-97.640744,30.135595],[-97.640781,30.1355933],[-97.6408168,30.1355884],[-97.6408509,30.1355818],[-97.6408832,30.1355743],[-97.640996,30.1355454],[-97.6411287,30.1355082],[-97.6411696,30.1354954],[-97.64125,30.1354655],[-97.6413371,30.1354298],[-97.6414994,30.135369],[-97.641676,30.1352996],[-97.641807,30.1352502],[-97.6419305,30.1352017],[-97.6421584,30.1351147],[-97.6422631,30.1350762],[-97.6424815,30.1349921],[-97.6427013,30.1349108],[-97.6427485,30.1348941],[-97.6428408,30.1348551],[-97.6430569,30.1347748],[-97.6432017,30.1347172],[-97.6433388,30.1346641],[-97.6433614,30.134654],[-97.6433726,30.1346478],[-97.6433835,30.1346409],[-97.6434044,30.1346256],[-97.6434239,30.1346092],[-97.6434418,30.1345917],[-97.6434656,30.1345637],[-97.6434795,30.1345438],[-97.643492,30.1345228],[-97.6435029,30.1345007],[-97.6435076,30.1344893],[-97.6435152,30.1344657],[-97.6435179,30.1344535],[-97.6435208,30.1344287],[-97.6435209,30.1344162],[-97.6435188,30.1343913],[-97.6435165,30.134379],[-97.64351,30.1343552],[-97.6435059,30.1343435],[-97.6434958,30.1343209],[-97.643477,30.1342884],[-97.6434625,30.1342674],[-97.6434544,30.1342574],[-97.6434455,30.1342481],[-97.6434257,30.1342319],[-97.6433044,30.1341491]]}},{"type":"Feature","properties":{"role":"midline","derived_from":["edge_left","edge_right"],"quality":{"source":"derived","accuracy_m":0.88,"relative_accuracy_m":0.14,"measured":true,"date":"2021-01-03"}},"geometry":{"type":"LineString","coordinates":[[-97.643254,30.1342035],[-97.6431077,30.1341026],[-97.6430596,30.1340683],[-97.6429933,30.1340248],[-97.6428955,30.1339577],[-97.642846,30.133925],[-97.6427974,30.133891],[-97.6427398,30.1338526],[-97.6426585,30.1337965],[-97.6424784,30.1336746],[-97.6423315,30.1335743],[-97.642283,30.1335404],[-97.6421675,30.1334637],[-97.6420537,30.1333852],[-97.6419715,30.1333302],[-97.6418674,30.1332559],[-97.6418419,30.1332409],[-97.6418151,30.1332283],[-97.641759,30.1332066],[-97.6417308,30.1331943],[-97.6417199,30.1331921],[-97.6416851,30.1331707],[-97.6416187,30.1331258],[-97.6415452,30.1330752],[-97.6413839,30.1329618],[-97.6413186,30.1329172],[-97.6412379,30.1328606],[-97.6411899,30.1328261],[-97.6410919,30.1327593],[-97.641019,30.1327082],[-97.6409393,30.1326508],[-97.6406994,30.1324947],[-97.6406264,30.132444],[-97.6401204,30.1320988],[-97.6401123,30.1320931],[-97.6401076,30.1320845],[-97.640086,30.1320652],[-97.6400368,30.1320191],[-97.640015,30.132],[-97.6400098,30.1319918],[-97.6400018,30.1319861],[-97.6398385,30.1318751],[-97.6397091,30.1317847],[-97.6396344,30.131736],[-97.6393972,30.131575],[-97.6393243,30.1315242],[-97.6392666,30.1314859],[-97.6392104,30.1314459],[-97.6390788,30.1313578],[-97.6389244,30.1312512],[-97.638834,30.1311906],[-97.6387286,30.1311175],[-97.6386544,30.1310681],[-97.6385655,30.1310062],[-97.6385327,30.1309842],[-97.6385222,30.130982],[-97.6384151,30.1309281],[-97.6384045,30.1309259],[-97.6382086,30.1307925],[-97.6381682,30.1307642],[-97.6377995,30.130515],[-97.6376937,30.1304422],[-97.6376606,30.1304205],[-97.6376011,30.1303842],[-97.6374377,30.1302884],[-97.637404,30.1302675],[-97.6373972,30.1302603],[-97.6373549,30.1302343],[-97.6373196,30.1302152],[-97.6372565,30.1301839],[-97.6372299,30.1301698],[-97.6371528,30.1301241],[-97.637083,30.1300858],[-97.6370762,30.1300782],[-97.6370491,30.1300649],[-97.63703,30.1300578],[-97.63701,30.1300527],[-97.6369895,30.1300499],[-97.6369791,30.1300493],[-97.6369584,30.1300496],[-97.6369481,30.1300533],[-97.6369278,30.1300539],[-97.6369077,30.1300556],[-97.6368878,30.1300585],[-97.6368682,30.1300628],[-97.6368492,30.1300689],[-97.6368401,30.1300727],[-97.6368231,30.1300824],[-97.6368154,30.1300882],[-97.6368084,30.1300946],[-97.6367962,30.1301086],[-97.6367807,30.1301316],[-97.6367729,30.1301483],[-97.6367702,30.1301571],[-97.6367679,30.1301751],[-97.6367681,30.1301842],[-97.6367701,30.1302021],[-97.6367763,30.1302286],[-97.6367944,30.1302804],[-97.6368136,30.1303319],[-97.6368283,30.1303751],[-97.6368598,30.130461],[-97.6368799,30.1305123],[-97.6369047,30.1305716],[-97.6369307,30.1306402],[-97.6369571,30.1307181],[-97.6369645,30.130735],[-97.636985,30.1307765],[-97.6370121,30.1308447],[-97.6370437,30.1309211],[-97.6370741,30.1309978],[-97.6370935,30.1310493],[-97.6371178,30.1311088],[-97.637134,30.1311516],[-97.6371662,30.1312278],[-97.6372157,30.1313561],[-97.6372903,30.1315436],[-97.637306,30.1315866],[-97.6373191,30.1316303],[-97.6373277,30.1316656],[-97.637336,30.1317101],[-97.6373393,30.131737],[-97.6373424,30.131782],[-97.637343,30.1318181],[-97.6373416,30.1318632],[-97.6373384,30.1318992],[-97.6373327,30.131944],[-97.6373173,30.132024],[-97.6373084,30.1320593],[-97.637298,30.1320942],[-97.6372831,30.1321374],[-97.6372698,30.1321716],[-97.6372552,30.1322053],[-97.6372391,30.1322386],[-97.6372218,30.1322714],[-97.637203,30.1323036],[-97.637173,30.1323509],[-97.6371458,30.1323893],[-97.6371046,30.1324414],[-97.6370861,30.1324631],[-97.6370668,30.1324844],[-97.6370044,30.1325448],[-97.6369677,30.1325768],[-97.6369448,30.1325951],[-97.636921,30.1326127],[-97.6368795,30.1326399],[-97.6368277,30.13267],[-97.6367304,30.1327218],[-97.6366693,30.132756],[-97.6365811,30.1328035],[-97.6365098,30.1328404],[-97.6364568,30.1328689],[-97.6361371,30.1330369],[-97.6359428,30.1331411],[-97.6358716,30.1331781],[-97.6357122,30.1332628],[-97.635642,30.1333013],[-97.6355789,30.1333326],[-97.6354726,30.1333891],[-97.635418,30.133415],[-97.6353914,30.1334289],[-97.635374,30.1334386],[-97.6353662,30.1334448],[-97.6353487,30.1334543],[-97.6353151,30.1334752],[-97.6353052,30.1334785],[-97.6352801,30.1334945],[-97.6352475,30.1335168],[-97.635193,30.1335586],[-97.6351634,30.1335839],[-97.6351424,30.1336039],[-97.6351158,30.1336316],[-97.6350775,30.1336741],[-97.6350533,30.1337034],[-97.6350318,30.1337342],[-97.6350023,30.1337818],[-97.6349758,30.1338308],[-97.6349449,30.1338978],[-97.6349126,30.1339642],[-97.6348281,30.1341486],[-97.6348072,30.1341898],[-97.6347848,30.1342304],[-97.6347655,30.1342624],[-97.634737,30.1343001],[-97.6347055,30.134336],[-97.6346852,30.1343567],[-97.6346711,30.1343699],[-97.6346259,30.1344072],[-97.6346102,30.134419],[-97.6345938,30.13443],[-97.6345512,30.1344557],[-97.6345245,30.1344696],[-97.6344971,30.1344825],[-97.6344413,30.1345065],[-97.6344034,30.1345211],[-97.6343354,30.1345433],[-97.6341327,30.134613],[-97.6341045,30.1346244],[-97.6340584,30.1346452],[-97.6340145,30.1346692],[-97.6339803,30.1346896],[-97.6339637,30.1347004],[-97.6339317,30.1347235],[-97.6339014,30.1347482],[-97.6338868,30.134761],[-97.63386,30.1347886],[-97.6338478,30.1348032],[-97.633825,30.1348334],[-97.6337997,30.1348727],[-97.6337857,30.1348969],[-97.6337729,30.1349216],[-97.6337621,30.1349471],[-97.6337525,30.1349728],[-97.6337389,30.1350164],[-97.6337279,30.1350604],[-97.6337119,30.1351404],[-97.6337101,30.1351584],[-97.6337097,30.1351855],[-97.6337078,30.1352034],[-97.6336978,30.135266],[-97.6336865,30.1353557],[-97.6336796,30.1353913],[-97.6336664,30.1354441],[-97.6336551,30.1354789],[-97.6336312,30.1355385],[-97.6336121,30.1355805],[-97.6335908,30.1356216],[-97.6335714,30.1356535],[-97.6335324,30.1357069],[-97.633502,30.1357434],[-97.6334629,30.1357856],[-97.6334351,30.1358124],[-97.6333686,30.1358694],[-97.6333299,30.1358995],[-97.6332977,30.1359222],[-97.6332152,30.1359768],[-97.6331555,30.1360127],[-97.6330855,30.1360515],[-97.6330407,30.1360742],[-97.6329947,30.1360952],[-97.6329387,30.1361187],[-97.6328911,30.1361367],[-97.6328131,30.1361615],[-97.6327737,30.1361731],[-97.6327238,30.1361854],[-97.6326831,30.1361927],[-97.6326216,30.1362011],[-97.6325906,30.1362037],[-97.6325594,30.1362042],[-97.6324765,30.1362033],[-97.6324557,30.1362024],[-97.6324249,30.1361987],[-97.6323945,30.136193],[-97.6323542,30.1361843],[-97.6323145,30.1361739],[-97.6322851,30.1361647],[-97.6321317,30.1361095],[-97.6319329,30.1360319],[-97.6318208,30.1359847],[-97.6317354,30.1359519],[-97.6315282,30.1358687],[-97.6314235,30.135829],[-97.6313101,30.1357843],[-97.6312529,30.1357629],[-97.6312136,30.1357513],[-97.6311933,30.1357474],[-97.631183,30.1357463],[-97.6311519,30.1357448],[-97.6311311,30.1357453],[-97.6311106,30.1357481],[-97.6310904,30.135752],[-97.6310703,30.1357568],[-97.6310606,30.1357599],[-97.6310416,30.1357672],[-97.6310138,30.1357793],[-97.6309242,30.1358248],[-97.6308627,30.1358582],[-97.6308028,30.1358939],[-97.6307527,30.1359259],[-97.6306711,30.1359817],[-97.630616,30.1360228],[-97.6305554,30.1360721],[-97.6305183,30.1361036],[-97.6304756,30.136143],[-97.6304199,30.1361965],[-97.6303346,30.1362873],[-97.6302806,30.1363534],[-97.6302397,30.1364056],[-97.6302021,30.1364488],[-97.630182,30.1364694],[-97.6301608,30.1364892],[-97.6301307,30.136514],[-97.6301068,30.1365314],[-97.6300818,30.1365474],[-97.6300468,30.1365668],[-97.6300104,30.1365842],[-97.6299728,30.1365993],[-97.6299339,30.136612],[-97.6298941,30.1366222],[-97.6298538,30.1366306],[-97.6298231,30.1366348],[-97.6298024,30.1366365],[-97.6297713,30.136638],[-97.6297195,30.1366378],[-97.6296781,30.1366352],[-97.6296472,30.1366315],[-97.6296268,30.1366281],[-97.6296066,30.1366238],[-97.6295768,30.1366161],[-97.6295377,30.1366038],[-97.6294808,30.1365818],[-97.6294531,30.1365694],[-97.6294351,30.1365604],[-97.6294176,30.1365505],[-97.6294009,30.1365398],[-97.6293615,30.1365106],[-97.6293393,30.1364917],[-97.6293179,30.1364721],[-97.6292838,30.1364382],[-97.6292651,30.1364165],[-97.6292376,30.1363782],[-97.629223,30.1363543],[-97.6291959,30.1363056],[-97.629181,30.1362818],[-97.6291636,30.1362594],[-97.6291508,30.1362452],[-97.6291437,30.1362385],[-97.629128,30.1362267],[-97.6290944,30.1362056],[-97.6290769,30.136196],[-97.6290582,30.1361881],[-97.6290389,30.1361814],[-97.6290189,30.1361766],[-97.6289883,30.1361718],[-97.6289677,30.1361698],[-97.628947,30.1361698],[-97.6289263,30.1361709],[-97.6288954,30.1361741],[-97.6286718,30.1362141],[-97.6284591,30.1362552],[-97.6283276,30.1362813],[-97.6281957,30.1363059],[-97.6280336,30.1363373],[-97.6276786,30.1364043],[-97.627334,30.1364703],[-97.6272629,30.136483],[-97.6271717,30.1365004],[-97.6271313,30.1365087],[-97.6271013,30.1365159],[-97.6270718,30.1365246],[-97.6270526,30.1365315],[-97.6270245,30.1365431],[-97.6270064,30.136552],[-97.626989,30.1365619],[-97.6269723,30.1365727],[-97.6269564,30.1365844],[-97.6269339,30.1366031],[-97.6268992,30.1366366],[-97.6268527,30.1366851],[-97.6268117,30.1367259],[-97.6267186,30.1368228],[-97.6266325,30.1369131],[-97.6265804,30.1369692],[-97.6265333,30.1370173],[-97.6264811,30.1370734],[-97.6264139,30.1371422],[-97.6261767,30.1373931],[-97.6260837,30.1374901],[-97.6259131,30.1376718],[-97.6258127,30.1377752],[-97.625767,30.1378243],[-97.6255612,30.1380392],[-97.6254225,30.1381853],[-97.6252222,30.1383924],[-97.624997,30.1386286],[-97.6249463,30.1386857],[-97.6249032,30.1387365],[-97.6248054,30.1388532],[-97.6247215,30.1389563],[-97.6246783,30.139007],[-97.6246702,30.139013],[-97.6246126,30.1390769],[-97.6245393,30.1391532],[-97.6245202,30.1391749],[-97.6245027,30.1391979],[-97.6244881,30.1392227],[-97.6244804,30.1392401],[-97.6244749,30.1392581],[-97.6244717,30.1392765],[-97.6244711,30.139295],[-97.6244729,30.1393134],[-97.6244767,30.1393315],[-97.6244851,30.1393578],[-97.6244925,30.1393749],[-97.6245006,30.1393813],[-97.6245052,30.1393893],[-97.6245108,30.1393969],[-97.6245172,30.1394038],[-97.6245246,30.1394101],[-97.6245326,30.1394157],[-97.6245414,30.1394204],[-97.6245506,30.1394242],[-97.6245603,30.1394271],[-97.6245801,30.1394305],[-97.6246103,30.1394319],[-97.6246305,30.1394307],[-97.6247219,30.1394164],[-97.6247727,30.139407],[-97.6247933,30.1394048],[-97.6248554,30.1394005],[-97.624886,30.1393956],[-97.6249258,30.1393855],[-97.6249846,30.1393677],[-97.6251914,30.1393083],[-97.6254284,30.1392415],[-97.6255671,30.139204],[-97.6256557,30.1391783],[-97.6258829,30.1391148],[-97.6261007,30.1390553],[-97.626428,30.1389676],[-97.6268358,30.1388621],[-97.6270352,30.138812],[-97.6275247,30.1386922],[-97.6277551,30.1386382],[-97.6282375,30.1385303],[-97.6284791,30.1384776],[-97.6287917,30.1384114],[-97.629216,30.138325],[-97.6295809,30.1382552],[-97.6298956,30.1381971],[-97.6304342,30.1381002],[-97.6305666,30.1380776],[-97.6310766,30.1379943],[-97.6316286,30.1379102],[-97.6320996,30.1378431],[-97.6322432,30.1378236],[-97.6325924,30.1377794],[-97.6326948,30.1377652],[-97.6327567,30.1377587],[-97.6328696,30.1377442],[-97.6332709,30.1376988],[-97.6333429,30.1376901],[-97.6335078,30.1376733],[-97.6336416,30.1376583],[-97.6345392,30.1375739],[-97.6346632,30.1375631],[-97.6350654,30.1375239],[-97.6352822,30.1375049],[-97.635344,30.1374981],[-97.6354574,30.1374872],[-97.635571,30.1374775],[-97.6357051,30.1374646],[-97.6358596,30.1374478],[-97.6359932,30.1374315],[-97.6360653,30.1374235],[-97.6363324,30.1373906],[-97.6364764,30.1373744],[-97.6364969,30.1373713],[-97.6365069,30.137369],[-97.6365262,30.1373625],[-97.6365529,30.1373491],[-97.6365693,30.1373384],[-97.6365769,30.1373325],[-97.6365907,30.1373192],[-97.6365969,30.1373119],[-97.6366023,30.1373042],[-97.6366068,30.137296],[-97.63661,30.1372874],[-97.6366118,30.1372784],[-97.6366124,30.1372693],[-97.6366111,30.1372513],[-97.636608,30.1372336],[-97.6366033,30.137216],[-97.6365999,30.1372074],[-97.6365954,30.1371991],[-97.6365839,30.137184],[-97.636472,30.1370656],[-97.6364294,30.1370145],[-97.6364105,30.136993],[-97.6363229,30.1369038],[-97.6362774,30.1368545],[-97.6362338,30.1368041],[-97.6362017,30.1367686],[-97.6361327,30.1366896],[-97.6360646,30.1366099],[-97.6359683,30.1364924],[-97.6358319,30.1363221],[-97.6357222,30.1361798],[-97.6355463,30.135935],[-97.6355058,30.135872],[-97.635474,30.1358255],[-97.6354551,30.1357934],[-97.6354468,30.1357769],[-97.6354398,30.1357598],[-97.6354372,30.1357511],[-97.6354339,30.1357332],[-97.6354338,30.135706],[-97.6354347,30.135688],[-97.635438,30.1356701],[-97.6354432,30.1356526],[-97.6354546,30.1356273],[-97.6354696,30.1356037],[-97.6354876,30.1355816],[-97.6354944,30.1355748],[-97.6355094,30.1355624],[-97.6355258,30.1355513],[-97.635543,30.1355413],[-97.6355704,30.1355286],[-97.6355896,30.135522],[-97.6356095,30.1355168],[-97.6356298,30.1355131],[-97.6356401,30.1355119],[-97.6356712,30.1355105],[-97.635723,30.1355103],[-97.6358162,30.1355154],[-97.6358785,30.1355161],[-97.6359715,30.1355241],[-97.6360441,30.1355273],[-97.6361268,30.1355333],[-97.6361993,30.1355367],[-97.6362302,30.1355398],[-97.6362606,30.1355454],[-97.6363004,30.1355554],[-97.6363294,30.1355653],[-97.6363477,30.1355738],[-97.6363652,30.1355834],[-97.6363979,30.1356056],[-97.6364207,30.1356239],[-97.6364349,30.135637],[-97.6364481,30.1356508],[-97.636453,30.1356588],[-97.6364715,30.1356804],[-97.6364823,30.1356957],[-97.6364916,30.1357118],[-97.6365033,30.1357369],[-97.636551,30.1358562],[-97.6365921,30.1359487],[-97.6366136,30.1359995],[-97.6366312,30.1360322],[-97.6366461,30.1360559],[-97.6366833,30.1361101],[-97.6367063,30.1361401],[-97.6367316,30.1361687],[-97.6367785,30.1362169],[-97.6369098,30.1363447],[-97.6369878,30.1364171],[-97.6370599,30.136482],[-97.6370905,30.1365065],[-97.6371063,30.1365183],[-97.6371232,30.1365288],[-97.6371501,30.1365426],[-97.6371689,30.1365503],[-97.6371881,30.1365571],[-97.637196,30.1365636],[-97.637207,30.1365642],[-97.6372345,30.1365768],[-97.637244,30.1365804],[-97.6372737,30.1365882],[-97.6373041,30.1365937],[-97.6373246,30.1365962],[-97.6373657,30.1365995],[-97.6375001,30.136606],[-97.6375104,30.1366055],[-97.6375412,30.1366066],[-97.6375722,30.1366067],[-97.6375928,30.1366059],[-97.6376238,30.1366036],[-97.6376546,30.1365998],[-97.6376648,30.1365977],[-97.6376845,30.1365923],[-97.637713,30.1365814],[-97.6377305,30.1365716],[-97.6377383,30.1365656],[-97.6377453,30.1365589],[-97.6377515,30.1365517],[-97.6377622,30.1365363],[-97.6377765,30.1365125],[-97.6377803,30.1365041],[-97.637783,30.1364954],[-97.6377854,30.1364775],[-97.637785,30.1364594],[-97.6377833,30.1364415],[-97.6377791,30.1364237],[-97.6377716,30.1364068],[-97.6377528,30.1363745],[-97.6376943,30.1362791],[-97.6376319,30.1361854],[-97.6375865,30.1361145],[-97.6375494,30.1360601],[-97.6375008,30.1359909],[-97.6374565,30.1359299],[-97.6374308,30.1358907],[-97.6372159,30.1355715],[-97.637134,30.135446],[-97.6370917,30.1353839],[-97.6369313,30.1351415],[-97.6369062,30.135102],[-97.6368775,30.135054],[-97.6368553,30.1350133],[-97.6368345,30.1349722],[-97.6368243,30.1349467],[-97.6368075,30.1348853],[-97.636799,30.1348408],[-97.6367938,30.1347959],[-97.6367918,30.1347418],[-97.6367932,30.1347058],[-97.6367991,30.134661],[-97.6368065,30.1346254],[-97.6368179,30.1345814],[-97.636832,30.134538],[-97.6368664,30.134453],[-97.6369753,30.1342091],[-97.6369994,30.1341593],[-97.6370134,30.1341351],[-97.6370286,30.1341115],[-97.6370455,30.1340888],[-97.6370637,30.1340669],[-97.6370832,30.1340457],[-97.6371042,30.1340257],[-97.6371346,30.1340012],[-97.6371752,30.1339732],[-97.6372097,30.1339532],[-97.637255,30.1339312],[-97.6373774,30.1338819],[-97.6374803,30.1338391],[-97.6375465,30.1338131],[-97.6376302,30.1337771],[-97.6376877,30.1337563],[-97.6378386,30.1336961],[-97.6378963,30.1336758],[-97.637955,30.1336578],[-97.637975,30.1336529],[-97.6380055,30.1336472],[-97.6380363,30.1336432],[-97.6380673,30.1336405],[-97.6381087,30.1336387],[-97.6381398,30.1336384],[-97.6382124,30.1336408],[-97.6382951,30.133647],[-97.6383364,30.1336513],[-97.6383774,30.1336566],[-97.6384896,30.133675],[-97.6385302,30.1336827],[-97.6385705,30.1336913],[-97.6386205,30.1337033],[-97.6386603,30.1337137],[-97.6387487,30.1337397],[-97.6388264,30.1337653],[-97.6389025,30.1337941],[-97.6389771,30.1338258],[-97.6390137,30.1338427],[-97.6390498,30.1338605],[-97.6390762,30.1338748],[-97.639102,30.1338899],[-97.6391443,30.133916],[-97.6391691,30.1339323],[-97.6392008,30.1339557],[-97.6392306,30.1339809],[-97.6392654,30.1340143],[-97.6393047,30.1340563],[-97.639323,30.1340782],[-97.6394755,30.1342717],[-97.6396236,30.1344569],[-97.6397439,30.1346039],[-97.6398556,30.134734],[-97.6398921,30.1347779],[-97.639961,30.1348569],[-97.6400815,30.1349926],[-97.6401654,30.1350844],[-97.6403412,30.1352741],[-97.6404005,30.1353368],[-97.6404945,30.135433],[-97.640524,30.1354585],[-97.6405481,30.1354756],[-97.640565,30.1354861],[-97.6405826,30.1354957],[-97.640601,30.1355039],[-97.64062,30.1355112],[-97.6406394,30.1355176],[-97.6406495,30.13552],[-97.6406904,30.135526],[-97.640711,30.1355274],[-97.6407214,30.1355274],[-97.6407627,30.1355253],[-97.6407936,30.1355231],[-97.6408242,30.1355184],[-97.6408946,30.1355027],[-97.6409845,30.1354807],[-97.6410536,30.1354612],[-97.6411414,30.1354337],[-97.6411892,30.1354161],[-97.6412268,30.1354008],[-97.6413931,30.1353269],[-97.6414583,30.135299],[-97.6415594,30.1352529],[-97.641606,30.1352331],[-97.6416531,30.1352143],[-97.6417673,30.135171],[-97.6418238,30.1351483],[-97.6418904,30.1351232],[-97.6419661,30.1350934],[-97.6420331,30.135069],[-97.6421948,30.1350078],[-97.6422515,30.1349853],[-97.6423849,30.1349352],[-97.6424415,30.1349127],[-97.6424991,30.1348922],[-97.6426223,30.1348445],[-97.6426894,30.1348202],[-97.6427836,30.1347824],[-97.642831,30.1347643],[-97.6428406,30.1347609],[-97.6428516,30.1347612],[-97.6429311,30.1347423],[-97.6429707,30.1347319],[-97.6429816,30.1347319],[-97.6430198,30.1347178],[-97.6431047,30.1346841],[-97.6431523,30.1346661],[-97.6432276,30.1346358],[-97.6432942,30.1346108],[-97.643322,30.1345988],[-97.6433308,30.1345941],[-97.6433472,30.1345831],[-97.6433763,30.1345578],[-97.6433896,30.134544],[-97.6433954,30.1345366],[-97.6434106,30.1345132],[-97.6434241,30.1344889],[-97.6434275,30.1344804],[-97.6434327,30.134463],[-97.6434382,30.1344365],[-97.643439,30.1344184],[-97.6434381,30.1344094],[-97.643432,30.1343829],[-97.6434235,30.1343569],[-97.6434106,30.1343324],[-97.6434006,30.1343166],[-97.6433894,30.1343014],[-97.6433758,30.1342878],[-97.6433602,30.1342758],[-97.643254,30.1342035]]}},{"type":"Feature","properties":{"role":"surface","rings":["outer","inner"],"area_m2":null},"geometry":{"type":"Polygon","coordinates":[[[-97.6433044,30.1341491],[-97.6431088,30.134014],[-97.6430423,30.1339697],[-97.6429861,30.1339308],[-97.6429269,30.1338928],[-97.6428057,30.1338091],[-97.6426651,30.1337153],[-97.6424373,30.1335595],[-97.6423481,30.1334972],[-97.6422401,30.1334269],[-97.6420601,30.1333053],[-97.6419895,30.1332558],[-97.6419212,30.1332026],[-97.6418938,30.1331826],[-97.6418741,30.1331698],[-97.6418539,30.1331578],[-97.6417808,30.1331198],[-97.6417576,30.1331068],[-97.6417348,30.1330928],[-97.6417039,30.1330724],[-97.6416326,30.1330225],[-97.6413202,30.1327987],[-97.6411431,30.1326736],[-97.6409988,30.1325683],[-97.640971,30.1325499],[-97.6408361,30.1324672],[-97.6407639,30.1324211],[-97.6406925,30.1323714],[-97.6405204,30.1322548],[-97.6404637,30.1322151],[-97.6401578,30.1320067],[-97.6400823,30.1319542],[-97.6399106,30.1318388],[-97.6397573,30.1317316],[-97.6396334,30.1316491],[-97.6394784,30.131544],[-97.6394134,30.1314987],[-97.6392992,30.1314209],[-97.6392187,30.1313632],[-97.6391361,30.1313087],[-97.6389156,30.1311586],[-97.6388508,30.1311132],[-97.6387039,30.1310138],[-97.6386117,30.1309488],[-97.6384697,30.1308542],[-97.6379716,30.1305141],[-97.6378645,30.1304423],[-97.6377588,30.1303683],[-97.6375332,30.1302157],[-97.637435,30.1301473],[-97.6373718,30.130106],[-97.6372616,30.1300324],[-97.6372175,30.1300075],[-97.6371713,30.1299791],[-97.6371352,30.1299601],[-97.6371067,30.1299483],[-97.6370913,30.1299432],[-97.6370753,30.1299389],[-97.6370588,30.1299355],[-97.6370421,30.1299332],[-97.6370254,30.129932],[-97.6370089,30.129932],[-97.6369929,30.1299329],[-97.6369773,30.1299348],[-97.6369623,30.1299374],[-97.6369333,30.1299436],[-97.636875,30.1299585],[-97.6368446,30.1299679],[-97.6368294,30.1299735],[-97.6367994,30.1299869],[-97.6367848,30.1299948],[-97.6367707,30.1300036],[-97.6367572,30.1300132],[-97.6367444,30.1300237],[-97.6367324,30.1300349],[-97.6367107,30.1300591],[-97.6367012,30.1300718],[-97.6366929,30.130085],[-97.636686,30.1300987],[-97.6366807,30.1301127],[-97.6366769,30.1301269],[-97.6366744,30.1301412],[-97.6366729,30.1301554],[-97.6366724,30.1301695],[-97.636674,30.1301967],[-97.6366758,30.1302096],[-97.6366812,30.1302339],[-97.6366915,30.1302663],[-97.6367027,30.1302947],[-97.6367638,30.1304403],[-97.6368015,30.1305359],[-97.6368239,30.1305864],[-97.636834,30.1306114],[-97.6368557,30.1306711],[-97.6368683,30.1307168],[-97.6368741,30.1307348],[-97.6368859,30.1307601],[-97.636905,30.1307918],[-97.6369172,30.1308163],[-97.636945,30.1308843],[-97.6369703,30.1309432],[-97.6369972,30.1310113],[-97.6370599,30.1311643],[-97.6370895,30.1312324],[-97.6371104,30.1312828],[-97.6371405,30.1313591],[-97.6372243,30.1315624],[-97.6372438,30.1316196],[-97.637257,30.1316687],[-97.6372638,30.1317016],[-97.6372691,30.1317344],[-97.6372723,30.1317675],[-97.6372736,30.1318009],[-97.6372734,30.1318345],[-97.6372709,30.1318769],[-97.6372673,30.1319109],[-97.6372604,30.1319532],[-97.6372492,30.1320118],[-97.6372434,30.1320368],[-97.6372338,30.13207],[-97.6372168,30.1321192],[-97.637201,30.1321593],[-97.6371832,30.1321987],[-97.6371632,30.1322376],[-97.6371456,30.1322681],[-97.6371131,30.13232],[-97.6370931,30.1323491],[-97.63706,30.132392],[-97.6370198,30.1324398],[-97.6370073,30.1324525],[-97.6369481,30.1325079],[-97.6369201,30.1325326],[-97.6368765,30.1325666],[-97.6368388,30.1325919],[-97.6367983,30.1326149],[-97.6367113,30.1326607],[-97.6365179,30.1327655],[-97.6361808,30.132943],[-97.6360654,30.1330055],[-97.63596,30.1330604],[-97.6358532,30.1331177],[-97.6357644,30.1331635],[-97.6356669,30.133216],[-97.6356144,30.1332455],[-97.6355522,30.1332764],[-97.6355256,30.1332904],[-97.6354196,30.133349],[-97.6353603,30.1333809],[-97.6353151,30.1334071],[-97.6352759,30.1334269],[-97.6352571,30.1334373],[-97.6352214,30.1334596],[-97.6351869,30.1334837],[-97.6351539,30.1335091],[-97.63513,30.1335287],[-97.6350921,30.1335634],[-97.6350276,30.1336307],[-97.6350078,30.1336546],[-97.6349901,30.1336796],[-97.6349681,30.1337133],[-97.6349473,30.1337472],[-97.6349326,30.1337729],[-97.6349146,30.1338075],[-97.6349021,30.1338332],[-97.6348761,30.1338926],[-97.6348408,30.1339687],[-97.6347869,30.1340758],[-97.6347535,30.1341498],[-97.6347336,30.1341882],[-97.6347107,30.1342238],[-97.6346957,30.1342444],[-97.6346796,30.1342648],[-97.6346454,30.1343034],[-97.6346141,30.1343339],[-97.6345799,30.1343625],[-97.6345589,30.1343777],[-97.6345373,30.1343919],[-97.6345063,30.1344097],[-97.6344642,30.1344296],[-97.6344209,30.1344482],[-97.6343856,30.1344621],[-97.6343103,30.1344863],[-97.6341349,30.1345474],[-97.6340752,30.1345715],[-97.6340257,30.1345946],[-97.6339674,30.1346253],[-97.6339302,30.1346477],[-97.6339124,30.1346598],[-97.6338863,30.134679],[-97.633861,30.1346995],[-97.6338447,30.134714],[-97.6338214,30.1347367],[-97.6337997,30.1347604],[-97.6337796,30.134785],[-97.6337552,30.1348193],[-97.6337335,30.1348547],[-97.6337191,30.1348815],[-97.6337021,30.1349178],[-97.6336912,30.1349458],[-97.6336821,30.134974],[-97.6336741,30.1350023],[-97.6336633,30.1350491],[-97.6336442,30.1351523],[-97.6336364,30.1352059],[-97.6336126,30.1353553],[-97.6336015,30.1354122],[-97.6335927,30.1354446],[-97.6335691,30.1355094],[-97.6335596,30.1355332],[-97.6335451,30.1355642],[-97.6335292,30.1355944],[-97.6335064,30.135631],[-97.6334808,30.1356667],[-97.6334528,30.1357008],[-97.6334166,30.1357392],[-97.6333699,30.135783],[-97.6333347,30.1358134],[-97.6332841,30.1358531],[-97.6332304,30.1358912],[-97.6331985,30.1359121],[-97.6331335,30.1359519],[-97.6330744,30.1359855],[-97.6330145,30.1360151],[-97.6329711,30.1360353],[-97.6329091,30.1360617],[-97.6328556,30.1360826],[-97.6327908,30.1361047],[-97.6327536,30.1361161],[-97.6326987,30.13613],[-97.6326802,30.1361339],[-97.6326518,30.1361388],[-97.632614,30.1361445],[-97.6325859,30.1361468],[-97.6325574,30.1361463],[-97.632472,30.1361418],[-97.6324541,30.1361399],[-97.6324364,30.1361369],[-97.632365,30.1361215],[-97.6323282,30.1361125],[-97.6323006,30.1361042],[-97.6322448,30.1360836],[-97.6321587,30.1360549],[-97.6320742,30.1360227],[-97.6319525,30.1359744],[-97.6319158,30.1359589],[-97.63186,30.1359328],[-97.6318408,30.1359246],[-97.6317645,30.135897],[-97.631557,30.1358129],[-97.6314703,30.1357813],[-97.6313951,30.1357515],[-97.6313383,30.135728],[-97.6313081,30.1357171],[-97.6312531,30.1357002],[-97.6312292,30.135694],[-97.6312041,30.135689],[-97.6311782,30.1356859],[-97.631165,30.1356851],[-97.6311385,30.135685],[-97.6311121,30.135687],[-97.6310991,30.1356886],[-97.6310737,30.1356933],[-97.6310373,30.1357035],[-97.6310146,30.1357119],[-97.6309929,30.135721],[-97.6309624,30.1357347],[-97.630934,30.1357485],[-97.6308336,30.1358026],[-97.6307624,30.1358447],[-97.6307189,30.1358722],[-97.6306264,30.1359348],[-97.6305772,30.135971],[-97.6304828,30.1360475],[-97.6304531,30.136074],[-97.6304031,30.1361219],[-97.6303611,30.1361643],[-97.6302791,30.1362506],[-97.6302599,30.1362739],[-97.6301957,30.1363569],[-97.6301607,30.136398],[-97.6301246,30.1364355],[-97.630112,30.1364471],[-97.6300922,30.1364637],[-97.6300644,30.1364845],[-97.6300425,30.1364986],[-97.630012,30.1365153],[-97.6299798,30.1365309],[-97.629946,30.1365445],[-97.6299203,30.136553],[-97.6298941,30.1365598],[-97.6298413,30.136572],[-97.6298234,30.1365748],[-97.6297962,30.136577],[-97.629769,30.136578],[-97.6297325,30.136578],[-97.6297141,30.1365774],[-97.6296865,30.136575],[-97.6296414,30.1365685],[-97.6296063,30.1365612],[-97.6295719,30.1365504],[-97.6295125,30.1365273],[-97.6294717,30.1365087],[-97.6294562,30.1365002],[-97.6294415,30.1364911],[-97.6294278,30.1364813],[-97.6294082,30.1364658],[-97.6293566,30.1364201],[-97.6293379,30.136402],[-97.6293262,30.1363895],[-97.6293101,30.13637],[-97.6292957,30.1363491],[-97.6292825,30.1363266],[-97.6292555,30.1362764],[-97.6292447,30.1362585],[-97.6292323,30.1362403],[-97.6292179,30.1362223],[-97.62921,30.1362135],[-97.6292015,30.136205],[-97.6291832,30.1361887],[-97.6291635,30.1361738],[-97.6291426,30.1361603],[-97.6291093,30.1361429],[-97.6290858,30.136133],[-97.6290614,30.1361248],[-97.6290362,30.1361184],[-97.6290106,30.136114],[-97.6289719,30.1361109],[-97.6289464,30.1361108],[-97.6289216,30.1361118],[-97.6288746,30.1361166],[-97.6288313,30.1361235],[-97.6287597,30.1361373],[-97.6286978,30.136147],[-97.6286569,30.1361543],[-97.628545,30.1361768],[-97.6284441,30.1361955],[-97.6283427,30.1362167],[-97.6281908,30.1362445],[-97.6280087,30.1362802],[-97.6277754,30.136324],[-97.6272382,30.1364267],[-97.6271559,30.1364417],[-97.6271132,30.1364508],[-97.6270803,30.1364592],[-97.6270468,30.1364695],[-97.6270134,30.1364816],[-97.6269914,30.1364907],[-97.62697,30.1365009],[-97.6269495,30.1365124],[-97.6269299,30.136525],[-97.6269115,30.1365388],[-97.6268858,30.1365604],[-97.6268621,30.1365823],[-97.6268331,30.1366109],[-97.6267267,30.136723],[-97.626666,30.136785],[-97.6264344,30.1370284],[-97.6263675,30.1370975],[-97.626309,30.1371603],[-97.6262555,30.1372158],[-97.6261243,30.1373554],[-97.6260379,30.1374453],[-97.625979,30.1375085],[-97.6259253,30.1375637],[-97.6258597,30.1376334],[-97.6255677,30.1379386],[-97.6254532,30.1380558],[-97.6254074,30.1381041],[-97.6253541,30.1381582],[-97.6252473,30.1382696],[-97.6251591,30.1383589],[-97.6250661,30.1384553],[-97.6248329,30.138692],[-97.6247461,30.1387828],[-97.6247054,30.1388241],[-97.6246136,30.1389219],[-97.6245744,30.1389619],[-97.6245215,30.1390178],[-97.6244742,30.1390652],[-97.6244542,30.1390866],[-97.6244267,30.1391187],[-97.6244129,30.1391376],[-97.6244062,30.139148],[-97.6243937,30.139171],[-97.6243881,30.1391834],[-97.6243786,30.1392098],[-97.624375,30.1392236],[-97.6243704,30.1392517],[-97.6243695,30.1392659],[-97.6243705,30.1392939],[-97.6243723,30.1393075],[-97.6243783,30.1393342],[-97.6243911,30.1393725],[-97.6244013,30.1393981],[-97.6244077,30.139411],[-97.6244156,30.1394238],[-97.6244251,30.1394362],[-97.6244362,30.1394482],[-97.6244488,30.1394596],[-97.6244628,30.13947],[-97.6244779,30.1394792],[-97.624494,30.139487],[-97.6245107,30.1394934],[-97.6245277,30.1394982],[-97.6245449,30.1395014],[-97.6245618,30.1395033],[-97.6245783,30.1395038],[-97.6246093,30.139502],[-97.624637,30.1394978],[-97.6247649,30.1394732],[-97.6247842,30.1394708],[-97.6248038,30.13947],[-97.6248683,30.1394698],[-97.6248918,30.1394679],[-97.6249036,30.1394661],[-97.6249379,30.1394579],[-97.6250095,30.1394353],[-97.6251088,30.1394063],[-97.6252169,30.1393732],[-97.625324,30.1393418],[-97.6254031,30.1393199],[-97.6255007,30.1392908],[-97.6256005,30.1392633],[-97.6259153,30.139174],[-97.6259949,30.1391529],[-97.6262516,30.1390827],[-97.6266383,30.1389811],[-97.6268868,30.1389172],[-97.627036,30.1388798],[-97.6274448,30.1387795],[-97.6276445,30.1387318],[-97.6278243,30.1386898],[-97.6282962,30.1385849],[-97.6286281,30.1385132],[-97.6289806,30.1384397],[-97.629283,30.1383789],[-97.6295968,30.1383192],[-97.629901,30.138263],[-97.6304493,30.1381643],[-97.6305908,30.1381402],[-97.6310901,30.1380586],[-97.6314986,30.1379958],[-97.6316206,30.1379777],[-97.6319785,30.1379268],[-97.6321217,30.1379074],[-97.6323777,30.1378744],[-97.6324802,30.1378624],[-97.632686,30.1378357],[-97.6327988,30.1378236],[-97.6328909,30.1378121],[-97.6332708,30.1377693],[-97.6333841,30.1377574],[-97.6334767,30.1377493],[-97.633631,30.137733],[-97.6337133,30.1377266],[-97.6337852,30.1377191],[-97.6339806,30.1377006],[-97.6340738,30.1376925],[-97.6341874,30.1376813],[-97.6346208,30.1376407],[-97.6346929,30.1376346],[-97.6348062,30.1376231],[-97.6349919,30.1376057],[-97.635075,30.1375973],[-97.6353015,30.1375771],[-97.6353732,30.1375692],[-97.6354769,30.13756],[-97.6355802,30.1375518],[-97.6357674,30.1375336],[-97.6359025,30.137522],[-97.635985,30.1375131],[-97.6361298,30.1374997],[-97.6363565,30.1374762],[-97.6364985,30.1374639],[-97.6365259,30.1374595],[-97.6365402,30.1374558],[-97.6365545,30.1374508],[-97.6365688,30.1374447],[-97.6365969,30.13743],[-97.636624,30.1374125],[-97.6366369,30.1374025],[-97.636649,30.1373914],[-97.6366603,30.1373794],[-97.6366705,30.1373665],[-97.6366795,30.1373526],[-97.6366872,30.137338],[-97.6366933,30.1373228],[-97.6366978,30.1373073],[-97.6367008,30.1372916],[-97.6367021,30.1372761],[-97.6367021,30.1372608],[-97.6367008,30.137246],[-97.6366949,30.1372178],[-97.6366859,30.1371912],[-97.6366739,30.1371664],[-97.6366666,30.137155],[-97.6366501,30.1371347],[-97.6365929,30.1370728],[-97.6365529,30.1370337],[-97.6365402,30.1370202],[-97.6365285,30.137006],[-97.6365005,30.1369672],[-97.6364807,30.136944],[-97.6364528,30.1369154],[-97.6364026,30.1368706],[-97.6363755,30.1368434],[-97.6363379,30.1368022],[-97.6361372,30.1365751],[-97.6360477,30.1364644],[-97.6359499,30.1363401],[-97.6359011,30.1362808],[-97.6358199,30.1361775],[-97.6357647,30.1361028],[-97.635689,30.1359962],[-97.6356337,30.1359202],[-97.6356134,30.1358904],[-97.6355794,30.135836],[-97.6355525,30.1357982],[-97.6355393,30.1357776],[-97.6355294,30.1357591],[-97.6355242,30.1357478],[-97.6355207,30.1357367],[-97.6355189,30.1357255],[-97.6355183,30.1357083],[-97.6355194,30.1356966],[-97.635522,30.1356849],[-97.6355274,30.1356681],[-97.6355348,30.1356526],[-97.6355485,30.1356338],[-97.6355569,30.135625],[-97.6355717,30.135614],[-97.6355931,30.1356015],[-97.6356109,30.1355939],[-97.6356237,30.1355899],[-97.6356374,30.1355867],[-97.63566,30.1355843],[-97.6356851,30.1355844],[-97.6357794,30.1355881],[-97.6360179,30.1356006],[-97.636121,30.1356071],[-97.6362078,30.1356107],[-97.6362326,30.1356136],[-97.6362564,30.1356184],[-97.6362794,30.1356244],[-97.636301,30.1356322],[-97.6363144,30.1356386],[-97.636334,30.1356496],[-97.6363533,30.1356625],[-97.6363658,30.1356718],[-97.6363774,30.1356819],[-97.6363879,30.1356925],[-97.636402,30.1357091],[-97.6364103,30.135721],[-97.6364254,30.135747],[-97.6364394,30.1357769],[-97.6365315,30.1359989],[-97.636548,30.1360349],[-97.6365579,30.1360527],[-97.6365746,30.1360784],[-97.6366166,30.1361364],[-97.6366419,30.1361687],[-97.6366691,30.1361992],[-97.6367262,30.1362571],[-97.6367544,30.1362845],[-97.6368036,30.1363299],[-97.6368456,30.1363712],[-97.6368882,30.1364115],[-97.6369819,30.1364983],[-97.6370286,30.1365399],[-97.6370631,30.1365673],[-97.6370909,30.1365869],[-97.6371106,30.1365989],[-97.6371314,30.1366096],[-97.6371741,30.1366282],[-97.6372184,30.136644],[-97.6372416,30.1366506],[-97.6372652,30.1366561],[-97.6373009,30.1366618],[-97.6373358,30.1366655],[-97.637444,30.1366746],[-97.6375312,30.1366808],[-97.6375779,30.1366829],[-97.6376139,30.1366831],[-97.6376512,30.1366807],[-97.6376771,30.1366764],[-97.6377038,30.1366693],[-97.6377311,30.1366591],[-97.637758,30.1366454],[-97.637771,30.1366372],[-97.6377834,30.136628],[-97.637795,30.1366181],[-97.6378057,30.1366075],[-97.6378154,30.1365964],[-97.6378243,30.1365849],[-97.6378322,30.136573],[-97.6378453,30.1365482],[-97.6378548,30.1365224],[-97.6378581,30.1365092],[-97.6378603,30.1364959],[-97.6378614,30.1364825],[-97.6378605,30.1364563],[-97.6378557,30.1364312],[-97.6378521,30.1364192],[-97.6378429,30.1363965],[-97.6378321,30.1363757],[-97.6378057,30.13633],[-97.6377794,30.1362808],[-97.6377598,30.1362485],[-97.6377101,30.1361772],[-97.637628,30.1360497],[-97.6375682,30.1359665],[-97.637516,30.1358997],[-97.6374571,30.1358148],[-97.637369,30.1356819],[-97.6373182,30.1356035],[-97.6372645,30.135526],[-97.637215,30.1354472],[-97.6371671,30.1353765],[-97.6370388,30.1351815],[-97.6369971,30.1351195],[-97.6369732,30.135081],[-97.6369563,30.1350491],[-97.6369334,30.1350006],[-97.6369117,30.1349485],[-97.6369065,30.1349338],[-97.6369024,30.1349183],[-97.6368906,30.1348619],[-97.6368833,30.1348067],[-97.6368805,30.1347746],[-97.6368789,30.1347426],[-97.6368788,30.1347191],[-97.6368799,30.1346956],[-97.6368828,30.1346636],[-97.6368879,30.1346308],[-97.6368957,30.1345895],[-97.6369036,30.1345567],[-97.6369109,30.1345323],[-97.6369196,30.1345078],[-97.6369537,30.1344244],[-97.6370057,30.1343064],[-97.6370394,30.134232],[-97.6370546,30.1342007],[-97.6370668,30.1341784],[-97.6370887,30.134143],[-97.6371085,30.1341166],[-97.6371306,30.1340918],[-97.6371549,30.1340685],[-97.6371679,30.1340576],[-97.6371883,30.1340423],[-97.6372235,30.1340181],[-97.6372542,30.134001],[-97.6372874,30.1339856],[-97.6375293,30.1338866],[-97.6376968,30.13382],[-97.6377727,30.133789],[-97.6378938,30.1337418],[-97.6379386,30.1337263],[-97.6379738,30.1337152],[-97.6379914,30.1337107],[-97.6380182,30.1337056],[-97.6380454,30.1337021],[-97.6380732,30.1337001],[-97.6381108,30.1336987],[-97.6381395,30.1336984],[-97.6382181,30.1337015],[-97.6382976,30.1337078],[-97.6383665,30.1337161],[-97.638485,30.133736],[-97.6385531,30.1337497],[-97.6386299,30.1337686],[-97.6387253,30.1337967],[-97.6388002,30.1338213],[-97.6388734,30.1338489],[-97.6389452,30.1338797],[-97.6390141,30.1339125],[-97.6390465,30.1339306],[-97.63911,30.1339685],[-97.6391331,30.1339835],[-97.6391619,30.1340052],[-97.6391883,30.1340287],[-97.6392317,30.1340727],[-97.6392558,30.1340992],[-97.6393122,30.1341724],[-97.6393725,30.1342458],[-97.6394125,30.1342986],[-97.6394418,30.1343359],[-97.6395547,30.1344769],[-97.6396509,30.1345949],[-97.6397686,30.1347341],[-97.6399125,30.1349012],[-97.6401041,30.1351152],[-97.6403069,30.1353336],[-97.6404008,30.1354317],[-97.6404443,30.1354755],[-97.640469,30.1354974],[-97.6404869,30.1355114],[-97.6405058,30.135525],[-97.6405258,30.135538],[-97.640547,30.1355503],[-97.6405812,30.1355663],[-97.6405931,30.1355709],[-97.6406177,30.1355788],[-97.6406555,30.1355874],[-97.6406809,30.1355912],[-97.6407062,30.1355936],[-97.640744,30.135595],[-97.640781,30.1355933],[-97.6408168,30.1355884],[-97.6408509,30.1355818],[-97.6408832,30.1355743],[-97.640996,30.1355454],[-97.6411287,30.1355082],[-97.6411696,30.1354954],[-97.64125,30.1354655],[-97.6413371,30.1354298],[-97.6414994,30.135369],[-97.641676,30.1352996],[-97.641807,30.1352502],[-97.6419305,30.1352017],[-97.6421584,30.1351147],[-97.6422631,30.1350762],[-97.6424815,30.1349921],[-97.6427013,30.1349108],[-97.6427485,30.1348941],[-97.6428408,30.1348551],[-97.6430569,30.1347748],[-97.6432017,30.1347172],[-97.6433388,30.1346641],[-97.6433614,30.134654],[-97.6433726,30.1346478],[-97.6433835,30.1346409],[-97.6434044,30.1346256],[-97.6434239,30.1346092],[-97.6434418,30.1345917],[-97.6434656,30.1345637],[-97.6434795,30.1345438],[-97.643492,30.1345228],[-97.6435029,30.1345007],[-97.6435076,30.1344893],[-97.6435152,30.1344657],[-97.6435179,30.1344535],[-97.6435208,30.1344287],[-97.6435209,30.1344162],[-97.6435188,30.1343913],[-97.6435165,30.134379],[-97.64351,30.1343552],[-97.6435059,30.1343435],[-97.6434958,30.1343209],[-97.643477,30.1342884],[-97.6434625,30.1342674],[-97.6434544,30.1342574],[-97.6434455,30.1342481],[-97.6434257,30.1342319],[-97.6433044,30.1341491]],[[-97.6432037,30.1342579],[-97.6430496,30.1341515],[-97.6430103,30.1341225],[-97.6429359,30.1340743],[-97.6428785,30.1340347],[-97.6428393,30.1340061],[-97.6427976,30.1339793],[-97.6427486,30.1339447],[-97.6426986,30.1339126],[-97.6426106,30.1338503],[-97.6424296,30.1337286],[-97.6423323,30.1336611],[-97.6422822,30.1336288],[-97.6422344,30.1335945],[-97.6420628,30.1334781],[-97.6419985,30.1334321],[-97.6419654,30.1334098],[-97.641923,30.1333828],[-97.6418376,30.1333238],[-97.6418135,30.1333093],[-97.6417979,30.133302],[-97.6417901,30.1332991],[-97.6417742,30.1332947],[-97.6417406,30.1332879],[-97.6417219,30.1332833],[-97.6417018,30.133277],[-97.6416807,30.1332687],[-97.6416668,30.1332687],[-97.6416277,30.1332437],[-97.6415917,30.1332187],[-97.6414817,30.133145],[-97.6414333,30.133111],[-97.6413192,30.1330328],[-97.6412526,30.1329896],[-97.6411717,30.1329341],[-97.6411162,30.1328939],[-97.641067,30.1328607],[-97.6410249,30.1328337],[-97.6409922,30.1328103],[-97.6409411,30.1327766],[-97.6408709,30.1327272],[-97.6407202,30.1326261],[-97.6406694,30.1325906],[-97.6406263,30.1325627],[-97.640544,30.1325055],[-97.6403404,30.1323663],[-97.6401276,30.1322212],[-97.6400744,30.1321861],[-97.6400373,30.1321594],[-97.6400348,30.132147],[-97.6400142,30.1321238],[-97.6399735,30.1320717],[-97.6399568,30.132052],[-97.6399557,30.1320417],[-97.639942,30.1320318],[-97.6397575,30.1319057],[-97.639653,30.1318325],[-97.639629,30.1318167],[-97.6395868,30.1317907],[-97.6395542,30.1317672],[-97.6394722,30.1317112],[-97.6393901,30.1316555],[-97.6393482,30.1316284],[-97.6392682,30.1315721],[-97.6392178,30.1315397],[-97.6391699,30.131505],[-97.63912,30.1314733],[-97.6390298,30.1314124],[-97.6389237,30.1313398],[-97.6388759,30.1313051],[-97.6388267,30.1312719],[-97.6387767,30.1312398],[-97.6386711,30.1311657],[-97.638605,30.1311224],[-97.6384985,30.1310493],[-97.6384911,30.1310445],[-97.6384793,30.131046],[-97.6384519,30.1310358],[-97.6383919,30.1310149],[-97.6383604,30.131002],[-97.638346,30.1310022],[-97.6383084,30.1309773],[-97.6382581,30.1309417],[-97.6382004,30.1309038],[-97.6381435,30.1308648],[-97.6381033,30.1308359],[-97.6380614,30.1308091],[-97.6377922,30.130626],[-97.6376208,30.1305108],[-97.637597,30.1304956],[-97.6375806,30.1304862],[-97.637538,30.1304637],[-97.637365,30.1303771],[-97.6373292,30.1303571],[-97.637324,30.1303486],[-97.6372839,30.1303274],[-97.6372499,30.1303128],[-97.6371818,30.130289],[-97.6371614,30.1302803],[-97.6371316,30.1302658],[-97.6371042,30.1302509],[-97.6370617,30.1302262],[-97.6370059,30.1301987],[-97.6370042,30.1301901],[-97.6369814,30.1301744],[-97.63697,30.1301678],[-97.6369545,30.1301619],[-97.6369486,30.1301662],[-97.6369309,30.1301586],[-97.636907,30.1301521],[-97.6368954,30.1301506],[-97.6368889,30.1301516],[-97.6368845,30.1301543],[-97.6368781,30.1301624],[-97.6368689,30.1301697],[-97.6368661,30.1301729],[-97.6368642,30.1301766],[-97.6368634,30.1301807],[-97.6368644,30.1301947],[-97.6368683,30.130212],[-97.6368849,30.1302656],[-97.6368995,30.1303091],[-97.6369109,30.1303533],[-97.6369327,30.1304213],[-97.6369451,30.1304551],[-97.6369787,30.1305398],[-97.6369945,30.1305838],[-97.6370119,30.1306264],[-97.6370398,30.1307013],[-97.6370573,30.1307444],[-97.6370761,30.1307965],[-97.6371476,30.1309759],[-97.6371499,30.1309847],[-97.637163,30.131019],[-97.6371655,30.1310279],[-97.6371896,30.1310877],[-97.6372078,30.1311387],[-97.6372357,30.1312064],[-97.6372869,30.1313443],[-97.6373137,30.1314127],[-97.6373323,30.1314645],[-97.63737,30.1315608],[-97.6373764,30.1315791],[-97.6373899,30.1316259],[-97.6373966,30.1316542],[-97.6374038,30.1316926],[-97.6374077,30.1317217],[-97.6374116,30.1317799],[-97.6374123,30.1318186],[-97.6374115,30.131857],[-97.6374094,30.1318855],[-97.6374019,30.1319517],[-97.6373973,30.1319799],[-97.6373896,30.1320175],[-97.6373807,30.132055],[-97.6373676,30.132101],[-97.6373526,30.1321466],[-97.637339,30.1321829],[-97.6373238,30.1322188],[-97.6373028,30.1322629],[-97.6372798,30.132306],[-97.6372599,30.13234],[-97.6372272,30.1323901],[-97.6371857,30.1324458],[-97.6371475,30.1324921],[-97.637127,30.1325149],[-97.6371055,30.1325373],[-97.637054,30.1325881],[-97.6370074,30.1326273],[-97.6369829,30.1326465],[-97.6369656,30.1326588],[-97.6369111,30.1326935],[-97.6368838,30.13271],[-97.6368474,30.1327306],[-97.6367588,30.1327779],[-97.6367068,30.1328077],[-97.6366181,30.1328555],[-97.6365456,30.1328922],[-97.6364931,30.1329214],[-97.6364307,30.1329531],[-97.6362446,30.1330517],[-97.6361735,30.1330873],[-97.6360755,30.1331402],[-97.6360229,30.1331697],[-97.6359526,30.1332067],[-97.6359166,30.1332245],[-97.6358551,30.1332588],[-97.6357485,30.1333146],[-97.6356692,30.1333572],[-97.6356145,30.1333842],[-97.6355792,30.1334032],[-97.6355081,30.1334388],[-97.6354505,30.1334628],[-97.6354051,30.1334861],[-97.6353985,30.1334931],[-97.6353823,30.1335016],[-97.6353543,30.1335234],[-97.635344,30.1335251],[-97.635291,30.1335623],[-97.6352401,30.1336016],[-97.6351989,30.133638],[-97.6351742,30.1336637],[-97.6351286,30.1337162],[-97.6351109,30.1337356],[-97.6350851,30.1337708],[-97.6350624,30.1338079],[-97.6350371,30.1338541],[-97.6350104,30.1339115],[-97.6349847,30.1339605],[-97.6349726,30.1339851],[-97.6349465,30.1340441],[-97.6349152,30.1341207],[-97.6349003,30.1341542],[-97.6348919,30.1341713],[-97.6348495,30.1342492],[-97.6348307,30.1342854],[-97.6348134,30.1343111],[-97.6347878,30.1343435],[-97.6347598,30.134375],[-97.6347294,30.1344048],[-97.6347135,30.1344187],[-97.634672,30.1344519],[-97.6346453,30.1344715],[-97.6345977,30.1345006],[-97.6345495,30.1345262],[-97.6345103,30.1345443],[-97.6344403,30.1345732],[-97.6342357,30.1346431],[-97.6341604,30.134667],[-97.6341425,30.1346736],[-97.6340995,30.1346919],[-97.6340675,30.1347091],[-97.6340135,30.1347421],[-97.6339772,30.134768],[-97.6339369,30.1348006],[-97.6339133,30.1348248],[-97.6339028,30.1348379],[-97.633883,30.1348649],[-97.6338518,30.134914],[-97.6338393,30.1349361],[-97.6338321,30.1349514],[-97.6338198,30.1349826],[-97.6338061,30.1350223],[-97.6337902,30.1350801],[-97.6337839,30.1351141],[-97.6337762,30.1351473],[-97.6337756,30.1351558],[-97.633776,30.1351644],[-97.6337787,30.1351822],[-97.6337789,30.1352004],[-97.6337767,30.1352188],[-97.6337691,30.1352644],[-97.633765,30.1353004],[-97.6337603,30.1353552],[-97.6337556,30.1353833],[-97.6337381,30.1354505],[-97.6337231,30.1354969],[-97.6337087,30.1355329],[-97.6336797,30.1355955],[-97.6336524,30.1356488],[-97.6336372,30.135675],[-97.6335893,30.13574],[-97.633557,30.1357796],[-97.6335157,30.1358257],[-97.6334942,30.1358474],[-97.6334169,30.1359139],[-97.6333757,30.1359458],[-97.6333503,30.1359639],[-97.6333154,30.135986],[-97.6332735,30.1360152],[-97.633256,30.1360265],[-97.6331943,30.1360637],[-97.6331132,30.1361098],[-97.6330754,30.1361291],[-97.6330272,30.1361511],[-97.6329782,30.1361717],[-97.6329277,30.1361907],[-97.6328968,30.1362004],[-97.6327939,30.13623],[-97.6327507,30.1362406],[-97.6327176,30.1362468],[-97.6326404,30.1362566],[-97.6325953,30.1362606],[-97.6324833,30.1362641],[-97.6324485,30.1362638],[-97.632425,30.136262],[-97.6324017,30.1362589],[-97.6323675,30.1362527],[-97.6323343,30.1362451],[-97.632281,30.1362295],[-97.6321914,30.136197],[-97.6320566,30.1361455],[-97.6319902,30.1361188],[-97.6319041,30.1360855],[-97.6318378,30.1360579],[-97.6317727,30.1360338],[-97.6315748,30.135954],[-97.6313765,30.1358768],[-97.6313388,30.1358612],[-97.6312728,30.135837],[-97.6312383,30.1358222],[-97.6312218,30.135816],[-97.6311902,30.1358069],[-97.6311747,30.1358053],[-97.631137,30.1358049],[-97.6310993,30.1358121],[-97.6310838,30.1358162],[-97.6310451,30.1358331],[-97.6310129,30.1358515],[-97.6309685,30.1358724],[-97.6309342,30.1358902],[-97.6308676,30.1359281],[-97.6308109,30.1359635],[-97.6307469,30.1360065],[-97.6306928,30.1360453],[-97.6306406,30.1360856],[-97.6306045,30.1361156],[-97.6305618,30.1361529],[-97.6304651,30.1362423],[-97.6304082,30.1363037],[-97.6303842,30.1363307],[-97.6303366,30.1363866],[-97.6303014,30.1364324],[-97.6302556,30.1364867],[-97.6302256,30.1365168],[-97.6302014,30.1365384],[-97.6301759,30.1365589],[-97.6301492,30.1365782],[-97.6301114,30.1366021],[-97.6300716,30.1366234],[-97.6300309,30.1366418],[-97.6299889,30.136658],[-97.6299453,30.1366718],[-97.6299004,30.1366828],[-97.6298663,30.1366892],[-97.6298202,30.1366951],[-97.629797,30.1366969],[-97.6297621,30.1366982],[-97.6297042,30.1366975],[-97.6296582,30.1366944],[-97.6296351,30.1366916],[-97.6296122,30.1366876],[-97.6295894,30.1366824],[-97.6295447,30.1366703],[-97.629512,30.1366604],[-97.6294594,30.1366407],[-97.6294286,30.136627],[-97.6293985,30.1366121],[-97.6293791,30.1366009],[-97.6293603,30.1365885],[-97.6293149,30.1365554],[-97.6292978,30.1365414],[-97.6292738,30.1365198],[-97.6292367,30.1364822],[-97.6292227,30.1364663],[-97.6292097,30.1364498],[-97.6291738,30.1363989],[-97.6291363,30.1363347],[-97.6291232,30.1363143],[-97.6291048,30.1362908],[-97.6290949,30.1362804],[-97.629089,30.1362761],[-97.6290693,30.1362654],[-97.629051,30.1362529],[-97.6290444,30.1362492],[-97.6290306,30.1362432],[-97.6290164,30.1362381],[-97.6290091,30.1362362],[-97.6289635,30.1362286],[-97.6289475,30.1362288],[-97.6289137,30.1362315],[-97.6288579,30.1362428],[-97.628767,30.136258],[-97.6283325,30.1363423],[-97.6280687,30.1363926],[-97.6276834,30.1364653],[-97.6273491,30.1365293],[-97.6272774,30.1365411],[-97.6272272,30.136552],[-97.6271401,30.1365685],[-97.627105,30.136577],[-97.6270886,30.1365826],[-97.6270575,30.1365956],[-97.6270427,30.1366031],[-97.6270146,30.1366203],[-97.6269884,30.1366403],[-97.6269695,30.1366573],[-97.6269125,30.1367175],[-97.6268703,30.1367574],[-97.6268502,30.1367777],[-97.6266783,30.1369578],[-97.6266338,30.1370077],[-97.6265927,30.1370485],[-97.6265411,30.1371046],[-97.6264601,30.1371868],[-97.6262358,30.1374238],[-97.6261098,30.1375557],[-97.6260456,30.1376265],[-97.6259731,30.1377032],[-97.6259262,30.137752],[-97.6258654,30.1378129],[-97.6258201,30.1378631],[-97.6256022,30.1380918],[-97.6255574,30.1381414],[-97.6255166,30.1381828],[-97.6254776,30.1382261],[-97.625285,30.138426],[-97.6252529,30.138461],[-97.6252123,30.1385026],[-97.62518,30.1385382],[-97.6250822,30.1386419],[-97.6250577,30.1386702],[-97.6250056,30.138736],[-97.6249515,30.1388119],[-97.6248906,30.138895],[-97.6248644,30.1389345],[-97.62481,30.1390111],[-97.6247802,30.1390495],[-97.624769,30.1390655],[-97.6247594,30.1390708],[-97.6247037,30.139136],[-97.6246192,30.1392249],[-97.6246036,30.1392425],[-97.6245881,30.1392619],[-97.6245776,30.1392786],[-97.624574,30.1392871],[-97.6245717,30.1392962],[-97.6245708,30.1393059],[-97.6245712,30.1393159],[-97.6245729,30.1393257],[-97.6245757,30.1393348],[-97.6245772,30.1393388],[-97.6245856,30.1393389],[-97.6245854,30.1393455],[-97.6245863,30.1393503],[-97.6245887,30.1393537],[-97.6245905,30.139355],[-97.6246112,30.1393619],[-97.6246239,30.1393637],[-97.6246395,30.1393625],[-97.6247079,30.1393538],[-97.624772,30.1393414],[-97.6248239,30.1393344],[-97.6248513,30.1393293],[-97.6249028,30.1393163],[-97.6250768,30.1392677],[-97.6251262,30.1392548],[-97.6251761,30.1392406],[-97.6252267,30.1392278],[-97.6253949,30.1391804],[-97.6254553,30.1391658],[-97.6255437,30.1391419],[-97.6256524,30.1391104],[-97.6260189,30.1390093],[-97.6261679,30.1389696],[-97.626386,30.1389103],[-97.6265954,30.1388557],[-97.6266754,30.1388359],[-97.6268045,30.1388019],[-97.626875,30.1387848],[-97.6269147,30.1387741],[-97.6269945,30.1387541],[-97.6275047,30.1386288],[-97.6275749,30.1386131],[-97.6276455,30.1385961],[-97.6278168,30.1385565],[-97.6279475,30.1385278],[-97.6280479,30.1385049],[-97.6283903,30.1384294],[-97.6286528,30.1383733],[-97.6289562,30.1383103],[-97.6292095,30.1382592],[-97.629565,30.1381913],[-97.6298597,30.1381369],[-97.6304603,30.138029],[-97.630991,30.1379414],[-97.631575,30.1378517],[-97.6320165,30.137789],[-97.6320879,30.1377774],[-97.6322311,30.1377572],[-97.6323653,30.1377395],[-97.6326013,30.1377098],[-97.6326318,30.1377056],[-97.6326834,30.1376971],[-97.6327355,30.1376916],[-97.6328273,30.137679],[-97.6329208,30.1376677],[-97.6332609,30.1376294],[-97.6333329,30.1376196],[-97.6335698,30.1375939],[-97.6336318,30.1375854],[-97.633663,30.1375821],[-97.6337872,30.1375698],[-97.6338699,30.1375628],[-97.633942,30.1375554],[-97.6342211,30.1375298],[-97.6344366,30.1375091],[-97.6344886,30.1375051],[-97.6345404,30.1374992],[-97.6346539,30.1374898],[-97.6346954,30.1374851],[-97.6347473,30.1374813],[-97.6347986,30.1374763],[-97.63485,30.1374701],[-97.6349637,30.13746],[-97.6350557,30.1374506],[-97.6351076,30.1374464],[-97.6351488,30.137442],[-97.6351901,30.1374388],[-97.6352211,30.1374355],[-97.6352836,30.1374308],[-97.6353353,30.1374249],[-97.6353766,30.1374218],[-97.6354378,30.1374145],[-97.6357154,30.1373881],[-97.6357764,30.1373795],[-97.6358378,30.1373723],[-97.6358886,30.1373646],[-97.6359398,30.1373581],[-97.6359909,30.1373502],[-97.6360522,30.1373424],[-97.6361958,30.137321],[-97.6362576,30.1373132],[-97.6363084,30.1373054],[-97.6363597,30.1372988],[-97.6364105,30.1372909],[-97.6364736,30.1372823],[-97.6364836,30.1372803],[-97.6365048,30.1372735],[-97.6365174,30.1372704],[-97.6365221,30.1372675],[-97.6365229,30.1372652],[-97.6365211,30.1372532],[-97.6365206,30.1372408],[-97.6365194,30.1372363],[-97.636517,30.1372319],[-97.6364436,30.1371549],[-97.6363841,30.137089],[-97.6363017,30.137001],[-97.63627,30.1369646],[-97.6362042,30.1368927],[-97.6361674,30.1368485],[-97.6361278,30.1368056],[-97.6361034,30.1367762],[-97.6360659,30.1367336],[-97.6360355,30.1366963],[-97.6358943,30.1365275],[-97.635821,30.1364374],[-97.6357569,30.136356],[-97.6357396,30.1363334],[-97.635712,30.1362948],[-97.6356521,30.1362188],[-97.6355406,30.1360653],[-97.6354979,30.1360033],[-97.6354685,30.135964],[-97.635389,30.1358416],[-97.6353669,30.1358004],[-97.6353575,30.1357775],[-97.6353509,30.1357533],[-97.635349,30.1357409],[-97.63535,30.1357283],[-97.6353493,30.1357038],[-97.63535,30.1356793],[-97.6353516,30.1356673],[-97.6353571,30.1356433],[-97.635361,30.1356315],[-97.6353657,30.1356199],[-97.6353771,30.1355971],[-97.6353905,30.135575],[-97.6353979,30.1355643],[-97.6354139,30.1355438],[-97.6354226,30.135534],[-97.6354418,30.1355157],[-97.6354523,30.1355073],[-97.6354633,30.1354994],[-97.6354864,30.1354848],[-97.6355107,30.135472],[-97.6355232,30.1354663],[-97.635536,30.1354611],[-97.635562,30.1354522],[-97.6355885,30.1354454],[-97.6356149,30.1354406],[-97.6356535,30.1354373],[-97.6357249,30.1354346],[-97.6357475,30.1354355],[-97.6357908,30.1354398],[-97.635822,30.1354411],[-97.6358426,30.1354412],[-97.6358737,30.1354393],[-97.635884,30.1354393],[-97.6359045,30.1354412],[-97.6359452,30.135447],[-97.6359761,30.1354501],[-97.6360502,30.1354529],[-97.6361224,30.1354589],[-97.6361968,30.1354627],[-97.636232,30.1354664],[-97.6362684,30.1354729],[-97.636329,30.1354884],[-97.636353,30.1354964],[-97.6363763,30.1355066],[-97.6364095,30.1355248],[-97.6364394,30.135546],[-97.6364581,30.1355606],[-97.6364841,30.135584],[-97.6365082,30.1356092],[-97.6365132,30.1356198],[-97.6365368,30.1356458],[-97.6365504,30.1356643],[-97.6365615,30.1356835],[-97.6365702,30.1357027],[-97.6366208,30.1358338],[-97.6366515,30.1359008],[-97.6366672,30.1359334],[-97.6366836,30.1359731],[-97.6367032,30.1360104],[-97.636725,30.136047],[-97.6367487,30.1360827],[-97.6367695,30.1361107],[-97.6367871,30.1361308],[-97.6368308,30.1361767],[-97.6368582,30.1362029],[-97.6368986,30.136245],[-97.6369325,30.1362785],[-97.6370299,30.1363698],[-97.6370513,30.1363888],[-97.6370807,30.1364134],[-97.6371006,30.1364324],[-97.6371143,30.1364437],[-97.6371423,30.1364644],[-97.6371571,30.1364734],[-97.6371732,30.1364803],[-97.6371896,30.1364862],[-97.6372064,30.136491],[-97.6372236,30.1364948],[-97.6372286,30.1365034],[-97.63724,30.1365001],[-97.6372619,30.1365133],[-97.6372776,30.1365194],[-97.637294,30.136523],[-97.6373277,30.1365283],[-97.6373923,30.1365322],[-97.6375027,30.1365336],[-97.6375122,30.1365317],[-97.6375397,30.1365317],[-97.6375665,30.1365305],[-97.637609,30.1365253],[-97.6376322,30.1365233],[-97.6376729,30.1365165],[-97.6376816,30.1365131],[-97.6376849,30.1365103],[-97.6376951,30.1364963],[-97.6377057,30.1364859],[-97.637708,30.1364817],[-97.6377091,30.1364771],[-97.6377096,30.1364626],[-97.6377112,30.1364459],[-97.6377105,30.1364398],[-97.6377056,30.1364277],[-97.6376944,30.1364084],[-97.6376435,30.136333],[-97.6376145,30.1362867],[-97.6375579,30.1362006],[-97.6375284,30.136154],[-97.6374069,30.1359758],[-97.6373724,30.1359204],[-97.6372572,30.1357489],[-97.6372079,30.1356798],[-97.6371725,30.1356246],[-97.637089,30.1354997],[-97.6370691,30.1354685],[-97.6370316,30.1354146],[-97.63698,30.1353356],[-97.6369423,30.1352811],[-97.6369177,30.1352418],[-97.6368599,30.135155],[-97.6368104,30.1350834],[-97.6367783,30.1350329],[-97.6367574,30.1349959],[-97.6367494,30.1349764],[-97.6367442,30.1349672],[-97.6367286,30.1349198],[-97.6367205,30.1348909],[-97.636712,30.1348511],[-97.6367076,30.1348211],[-97.6367052,30.1347912],[-97.6367048,30.134741],[-97.6367063,30.1347105],[-97.6367123,30.13467],[-97.6367211,30.1346309],[-97.6367353,30.1345837],[-97.6367488,30.1345467],[-97.6367962,30.1344397],[-97.636839,30.134347],[-97.6369274,30.1341508],[-97.6369362,30.1341328],[-97.6369461,30.134115],[-97.6369626,30.1340887],[-97.6369747,30.1340714],[-97.6369944,30.1340461],[-97.6370083,30.1340297],[-97.6370299,30.1340057],[-97.6370454,30.1339903],[-97.6370618,30.1339758],[-97.6370878,30.1339551],[-97.6371247,30.1339296],[-97.6371437,30.1339177],[-97.637173,30.1339012],[-97.6372225,30.1338768],[-97.6373004,30.1338452],[-97.6373479,30.1338271],[-97.6374034,30.133803],[-97.6374503,30.1337838],[-97.6375067,30.1337623],[-97.6375343,30.1337503],[-97.6376004,30.1337198],[-97.6376204,30.1337127],[-97.6376502,30.1337037],[-97.6376879,30.1336899],[-97.6377349,30.1336714],[-97.6377815,30.133651],[-97.6378008,30.1336435],[-97.6378719,30.1336193],[-97.6379253,30.1336033],[-97.6379586,30.1335951],[-97.6379813,30.1335907],[-97.6380157,30.1335856],[-97.63805,30.1335819],[-97.638084,30.1335795],[-97.6381178,30.1335784],[-97.6381842,30.1335792],[-97.6382275,30.1335813],[-97.6382812,30.1335852],[-97.6383241,30.1335892],[-97.638367,30.1335942],[-97.6384096,30.1336001],[-97.6384622,30.1336085],[-97.6385564,30.1336261],[-97.6385983,30.1336353],[-97.6386399,30.1336454],[-97.638681,30.1336562],[-97.6387319,30.1336706],[-97.6388223,30.133699],[-97.6388625,30.1337129],[-97.6389022,30.1337276],[-97.6389414,30.1337431],[-97.6389897,30.1337634],[-97.6390281,30.1337806],[-97.6390664,30.1337988],[-97.6391044,30.1338185],[-97.6391325,30.1338343],[-97.6391599,30.1338509],[-97.6391866,30.1338682],[-97.6392299,30.1338989],[-97.6392713,30.1339321],[-97.6393102,30.1339677],[-97.639332,30.1339899],[-97.6393528,30.1340126],[-97.639379,30.1340431],[-97.6394036,30.1340734],[-97.639503,30.1342003],[-97.6395511,30.1342591],[-97.6396209,30.1343487],[-97.6396803,30.134422],[-97.6397651,30.1345244],[-97.6398061,30.1345757],[-97.6398488,30.134626],[-97.6398994,30.1346835],[-97.6399478,30.1347426],[-97.6400985,30.1349129],[-97.6401292,30.1349485],[-97.6401684,30.13499],[-97.640395,30.1352358],[-97.6405385,30.1353846],[-97.6405701,30.1354125],[-97.6405766,30.1354175],[-97.6405903,30.1354263],[-97.6406182,30.1354411],[-97.640654,30.1354541],[-97.6406687,30.135458],[-97.6406999,30.1354608],[-97.6407158,30.1354612],[-97.6407483,30.1354569],[-97.6407909,30.1354553],[-97.6408087,30.1354528],[-97.6408848,30.135437],[-97.640953,30.1354212],[-97.641001,30.1354088],[-97.6410294,30.1354001],[-97.6411223,30.1353689],[-97.6411673,30.1353518],[-97.6412294,30.1353235],[-97.641354,30.1352598],[-97.6414172,30.1352291],[-97.6414879,30.1351915],[-97.6415251,30.135173],[-97.6415538,30.13516],[-97.6416119,30.1351359],[-97.6417276,30.1350918],[-97.6417939,30.1350648],[-97.6418504,30.1350447],[-97.6419254,30.1350142],[-97.6419842,30.1349938],[-97.642022,30.1349797],[-97.6421459,30.1349323],[-97.6422111,30.1349055],[-97.6422875,30.1348768],[-97.6423355,30.1348601],[-97.6424014,30.1348333],[-97.6424594,30.134813],[-97.6425814,30.1347639],[-97.6426396,30.1347434],[-97.6426963,30.1347202],[-97.6427964,30.1346826],[-97.6428077,30.1346788],[-97.6428218,30.1346824],[-97.6428559,30.134677],[-97.6429185,30.13467],[-97.6429475,30.1346657],[-97.6429588,30.1346696],[-97.6429846,30.1346601],[-97.6430741,30.1346247],[-97.6431218,30.1346077],[-97.6431874,30.1345802],[-97.6432525,30.1345564],[-97.6432827,30.1345437],[-97.6432949,30.1345368],[-97.6433002,30.1345328],[-97.6433245,30.1345104],[-97.6433327,30.1344999],[-97.643348,30.1344716],[-97.6433521,30.1344601],[-97.6433574,30.1344262],[-97.643356,30.1344151],[-97.6433503,30.1343987],[-97.6433458,30.1343817],[-97.6433435,30.1343762],[-97.643328,30.1343504],[-97.6433204,30.1343406],[-97.6433106,30.1343313],[-97.6432921,30.134317],[-97.6432447,30.1342861],[-97.6432037,30.1342579]]]}},{"type":"Feature","properties":{"role":"pit_lane","name":"Pit Lane","osm_way":514836373,"quality":{"source":"osm","accuracy_m":5.0,"measured":false,"note":"OSM-traced pit-lane centerline; not measured"}},"geometry":{"type":"LineString","coordinates":[[-97.6413928,30.1353383],[-97.6428125,30.1347041],[-97.6428473,30.1346867],[-97.6428916,30.1346646],[-97.6429265,30.1346414],[-97.6429577,30.1346129],[-97.6429815,30.1345823],[-97.6430002,30.1345463],[-97.6430163,30.1345057],[-97.6430257,30.1344605],[-97.6430284,30.1344095],[-97.6430257,30.1343608],[-97.643019,30.1343167],[-97.6430069,30.1342749],[-97.6429922,30.1342367],[-97.6429721,30.1342053],[-97.6429439,30.1341671],[-97.6429171,30.1341392],[-97.6428742,30.1341056],[-97.6428058,30.134058],[-97.6426984,30.133984],[-97.6423603,30.1337629],[-97.6421912,30.1336492],[-97.6418057,30.1333859],[-97.6410217,30.1328498],[-97.6401816,30.1322751],[-97.6395533,30.1318433],[-97.6393102,30.1316813],[-97.6389855,30.1314643],[-97.6389435,30.1314342],[-97.6387917,30.1313252],[-97.6386602,30.1312162],[-97.6383688,30.1309938],[-97.6381531,30.1308409],[-97.6376268,30.1304797],[-97.6372979,30.1302492],[-97.6370612,30.1300873]]}},{"type":"Feature","properties":{"role":"edge_unseen","side":"left","note":"bridged: the edge was not seen in the imagery here"},"geometry":{"type":"MultiLineString","coordinates":[[[-97.6418336,30.1333214],[-97.6418261,30.1333169],[-97.641819,30.1333126],[-97.6418122,30.1333087],[-97.6418052,30.1333054],[-97.6417983,30.1333022],[-97.6417911,30.1332995]],[[-97.6417753,30.133295],[-97.6417665,30.1332931],[-97.6417572,30.1332913],[-97.6417473,30.1332893],[-97.641737,30.133287],[-97.6417266,30.1332845],[-97.6417164,30.1332816],[-97.6417063,30.1332784]],[[-97.6399964,30.132101],[-97.6399905,30.1320935],[-97.6399847,30.132086],[-97.6399789,30.1320786],[-97.6399729,30.132071]],[[-97.638441,30.131032],[-97.638431,30.1310285],[-97.6384212,30.1310251],[-97.6384116,30.1310218],[-97.6384022,30.1310185],[-97.638393,30.1310153],[-97.6383842,30.1310118]],[[-97.6373188,30.1303459],[-97.6373113,30.1303419],[-97.6373044,30.1303382],[-97.6372975,30.1303346],[-97.6372904,30.1303308],[-97.6372831,30.1303271],[-97.6372754,30.1303237],[-97.6372675,30.1303203],[-97.6372594,30.1303169],[-97.6372513,30.1303134],[-97.6372426,30.1303102],[-97.6372335,30.1303071],[-97.6372242,30.1303038],[-97.6372145,30.1303004],[-97.6372044,30.1302969],[-97.637194,30.1302933],[-97.6371832,30.1302895],[-97.6371725,30.130285]],[[-97.637151,30.1302752],[-97.6371406,30.1302702],[-97.6371305,30.1302652],[-97.6371211,30.1302601],[-97.6371121,30.1302552],[-97.6371033,30.1302504],[-97.6370948,30.1302454],[-97.6370866,30.1302407],[-97.6370786,30.130236]],[[-97.6371515,30.130989],[-97.6371548,30.1309976],[-97.6371581,30.1310061],[-97.6371613,30.1310145],[-97.6371641,30.131023]],[[-97.6353383,30.1335291],[-97.6353312,30.1335341],[-97.6353242,30.133539],[-97.6353171,30.133544],[-97.6353098,30.1335491],[-97.6353025,30.1335543],[-97.6352951,30.1335595],[-97.6352877,30.1335648]],[[-97.6247464,30.139086],[-97.6247408,30.1390925],[-97.6247351,30.1390993],[-97.6247291,30.1391063],[-97.6247229,30.1391135]],[[-97.6247101,30.1391285],[-97.6247036,30.1391361],[-97.6246965,30.1391435],[-97.6246896,30.1391509],[-97.6246827,30.1391581],[-97.6246759,30.1391652],[-97.6246693,30.1391722],[-97.6246626,30.1391792],[-97.6246561,30.1391861]],[[-97.6245981,30.1392494],[-97.6245945,30.1392539],[-97.624591,30.1392583],[-97.6245878,30.1392624],[-97.6245852,30.1392664],[-97.6245828,30.1392703],[-97.6245805,30.139274],[-97.6245781,30.1392777],[-97.6245763,30.1392816],[-97.6245747,30.1392854],[-97.6245734,30.1392895],[-97.6245723,30.1392937],[-97.6245715,30.1392983],[-97.624571,30.1393032]],[[-97.6373868,30.1365319],[-97.6373968,30.1365323],[-97.637407,30.1365324],[-97.6374173,30.1365325],[-97.6374277,30.1365326]],[[-97.6374587,30.136533],[-97.6374689,30.1365332],[-97.6374789,30.1365333],[-97.6374887,30.1365334],[-97.6374984,30.1365335]],[[-97.6368013,30.1350691],[-97.636796,30.1350608],[-97.6367908,30.1350525],[-97.6367855,30.1350443],[-97.6367802,30.1350359],[-97.6367752,30.1350274]],[[-97.6428567,30.1346769],[-97.6428664,30.1346758],[-97.6428763,30.1346747],[-97.6428864,30.1346736],[-97.6428965,30.1346725],[-97.6429068,30.1346713]]]}},{"type":"Feature","properties":{"role":"edge_unseen","side":"right","note":"bridged: the edge was not seen in the imagery here"},"geometry":{"type":"MultiLineString","coordinates":[[[-97.6420121,30.1332717],[-97.6420043,30.1332662],[-97.6419964,30.1332606],[-97.6419885,30.133255],[-97.6419808,30.133249],[-97.641973,30.133243],[-97.6419653,30.1332369],[-97.6419575,30.1332309],[-97.6419497,30.1332248],[-97.6419417,30.1332185],[-97.6419334,30.1332121],[-97.6419247,30.1332053],[-97.6419154,30.1331984],[-97.6419057,30.1331913],[-97.6418957,30.133184],[-97.6418854,30.1331771],[-97.6418749,30.1331703],[-97.6418643,30.133164],[-97.6418539,30.1331578],[-97.6418435,30.1331524],[-97.6418337,30.1331473],[-97.6418243,30.1331424],[-97.6418154,30.1331378],[-97.6418067,30.1331333],[-97.641798,30.1331288],[-97.6417894,30.1331243],[-97.6417811,30.13312],[-97.6417739,30.133116],[-97.6417683,30.1331128],[-97.6417631,30.1331099],[-97.6417578,30.1331069],[-97.6417519,30.1331033],[-97.6417452,30.1330992],[-97.6417379,30.1330947],[-97.6417302,30.1330898],[-97.6417223,30.1330846],[-97.6417143,30.1330792],[-97.6417061,30.1330738],[-97.641698,30.1330683],[-97.6416901,30.1330627],[-97.6416821,30.1330571],[-97.6416741,30.1330516],[-97.6416662,30.133046],[-97.6416581,30.1330404],[-97.6416501,30.1330347],[-97.641642,30.1330291],[-97.641634,30.1330235],[-97.641626,30.1330178],[-97.6416181,30.1330121],[-97.6416103,30.1330065],[-97.6416024,30.1330009],[-97.6415945,30.1329952],[-97.6415866,30.1329896],[-97.6415786,30.1329838],[-97.6415707,30.1329781],[-97.6415627,30.1329724],[-97.6415546,30.1329667],[-97.6415466,30.1329609],[-97.6415386,30.1329552],[-97.6415306,30.1329494],[-97.6415226,30.1329437],[-97.6415146,30.132938],[-97.6415066,30.1329322],[-97.6414986,30.1329265],[-97.6414906,30.1329207],[-97.6414825,30.132915],[-97.6414745,30.1329092],[-97.6414664,30.1329034],[-97.6414582,30.1328976],[-97.64145,30.1328917],[-97.6414418,30.1328858],[-97.6414336,30.1328799],[-97.6414255,30.1328741],[-97.6414174,30.1328683],[-97.6414094,30.1328626],[-97.6414015,30.1328569],[-97.6413936,30.1328513],[-97.6413858,30.1328457],[-97.641378,30.1328401],[-97.6413701,30.1328345],[-97.6413622,30.1328288],[-97.6413543,30.1328231],[-97.6413463,30.1328174],[-97.6413383,30.1328117],[-97.6413304,30.132806],[-97.6413224,30.1328003],[-97.6413145,30.1327947],[-97.6413067,30.1327891],[-97.6412988,30.1327836],[-97.6412908,30.132778],[-97.6412828,30.1327723],[-97.6412746,30.1327665],[-97.6412663,30.1327606],[-97.6412578,30.1327546],[-97.6412494,30.1327487],[-97.641241,30.1327427],[-97.6412327,30.1327369],[-97.6412246,30.1327311],[-97.6412165,30.1327254],[-97.6412084,30.1327197],[-97.6412003,30.132714],[-97.6411923,30.1327083],[-97.6411843,30.1327027],[-97.6411763,30.1326971],[-97.6411684,30.1326915],[-97.6411606,30.132686],[-97.6411528,30.1326804],[-97.6411449,30.1326749],[-97.641137,30.1326692],[-97.6411291,30.1326634],[-97.6411212,30.1326576],[-97.6411133,30.1326519],[-97.6411055,30.1326461],[-97.6410977,30.1326405],[-97.6410899,30.1326348]],[[-97.6410744,30.1326235],[-97.6410666,30.1326178],[-97.6410587,30.132612],[-97.6410507,30.1326062],[-97.6410427,30.1326004],[-97.6410346,30.1325944],[-97.6410263,30.1325884],[-97.6410177,30.1325821],[-97.641009,30.1325758],[-97.6410003,30.1325694],[-97.6409914,30.1325634],[-97.6409827,30.1325577],[-97.6409742,30.132552],[-97.6409657,30.1325467],[-97.6409572,30.1325415],[-97.6409487,30.1325363],[-97.6409403,30.1325311],[-97.6409318,30.1325258],[-97.6409233,30.1325206],[-97.6409148,30.1325154],[-97.6409063,30.1325102],[-97.6408978,30.132505],[-97.6408893,30.1324998],[-97.6408809,30.1324946],[-97.6408724,30.1324894],[-97.6408639,30.1324842],[-97.6408554,30.132479],[-97.6408469,30.1324738],[-97.6408384,30.1324686],[-97.64083,30.1324633],[-97.6408217,30.132458],[-97.6408133,30.1324526],[-97.640805,30.1324473],[-97.6407966,30.132442],[-97.6407884,30.1324367]],[[-97.6372236,30.130011],[-97.6372144,30.1300056],[-97.6372058,30.1300003],[-97.6371977,30.1299953],[-97.6371904,30.1299908],[-97.6371837,30.1299867],[-97.637177,30.1299826]],[[-97.6371446,30.129965],[-97.637129,30.1299575],[-97.6371123,30.1299506],[-97.6370951,30.1299444],[-97.6370772,30.1299394],[-97.6370588,30.1299355],[-97.6370398,30.129933]],[[-97.6370053,30.1310312],[-97.6370088,30.1310396],[-97.6370123,30.1310481],[-97.6370158,30.1310568],[-97.6370194,30.1310655]],[[-97.6352739,30.133428],[-97.6352647,30.1334331],[-97.635255,30.1334386],[-97.6352454,30.1334446],[-97.635236,30.1334505],[-97.6352267,30.1334563],[-97.6352177,30.1334622]],[[-97.6365896,30.1374338],[-97.6366029,30.1374262],[-97.6366156,30.1374179],[-97.6366284,30.1374091],[-97.6366405,30.1373992],[-97.636652,30.1373883],[-97.6366628,30.1373762],[-97.6366728,30.1373629],[-97.6366818,30.1373482]],[[-97.6366995,30.1372981],[-97.6367017,30.1372814],[-97.6367021,30.1372657],[-97.6367013,30.1372512],[-97.6366991,30.1372377],[-97.6366963,30.1372247]],[[-97.6360512,30.1364688],[-97.6360454,30.1364615],[-97.6360396,30.1364541],[-97.6360338,30.1364468],[-97.6360281,30.1364395]],[[-97.6369461,30.1350275],[-97.6369423,30.1350196],[-97.6369386,30.1350116],[-97.6369348,30.1350036],[-97.6369313,30.1349956],[-97.6369279,30.1349875],[-97.6369246,30.1349794]]]}},{"type":"Feature","properties":{"role":"start_finish","id":"start_finish","marker":0.0,"width_m":15.14,"quality":{"source":"txgio-2021-caparea","accuracy_m":0.88,"relative_accuracy_m":0.14,"measured":true,"date":"2021-01-03"}},"geometry":{"type":"LineString","coordinates":[[-97.6422103,30.1335781],[-97.6423059,30.1334697]]}},{"type":"Feature","properties":{"role":"pit_entry","id":"pit_entry","marker":0.98999,"width_m":15.24,"quality":{"source":"txgio-2021-caparea","accuracy_m":0.88,"relative_accuracy_m":0.14,"measured":true,"date":"2021-01-03"}},"geometry":{"type":"LineString","coordinates":[[-97.6426581,30.1338839],[-97.6427564,30.1337762]]}},{"type":"Feature","properties":{"role":"pit_exit","id":"pit_exit","marker":0.07015,"width_m":15.39,"quality":{"source":"txgio-2021-caparea","accuracy_m":0.88,"relative_accuracy_m":0.14,"measured":true,"date":"2021-01-03"}},"geometry":{"type":"LineString","coordinates":[[-97.6390627,30.1314346],[-97.6391602,30.1313246]]}},{"type":"Feature","properties":{"role":"corner_entry","id":"t1-entry","marker":0.11438,"width_m":28.34,"quality":{"source":"txgio-2021-caparea","accuracy_m":0.88,"relative_accuracy_m":0.14,"measured":true,"date":"2021-01-03"},"corner":"t1"},"geometry":{"type":"LineString","coordinates":[[-97.6369997,30.130187],[-97.6371688,30.1299778]]}},{"type":"Feature","properties":{"role":"corner_exit","id":"t1-exit","marker":0.12293,"width_m":17.97,"quality":{"source":"txgio-2021-caparea","accuracy_m":0.88,"relative_accuracy_m":0.14,"measured":true,"date":"2021-01-03"},"corner":"t1"},"geometry":{"type":"LineString","coordinates":[[-97.6368729,30.1302269],[-97.6366938,30.1302722]]}},{"type":"Feature","properties":{"role":"corner_entry","id":"t2-entry","marker":0.15001,"width_m":13.39,"quality":{"source":"txgio-2021-caparea","accuracy_m":0.88,"relative_accuracy_m":0.14,"measured":true,"date":"2021-01-03"},"corner":"t2"},"geometry":{"type":"LineString","coordinates":[[-97.6373471,30.1315022],[-97.6372156,30.1315413]]}},{"type":"Feature","properties":{"role":"corner_exit","id":"t2-exit","marker":0.17673,"width_m":13.43,"quality":{"source":"txgio-2021-caparea","accuracy_m":0.88,"relative_accuracy_m":0.14,"measured":true,"date":"2021-01-03"},"corner":"t2"},"geometry":{"type":"LineString","coordinates":[[-97.636843,30.1327329],[-97.6367697,30.13263]]}},{"type":"Feature","properties":{"role":"corner_entry","id":"t3-entry","marker":0.20545,"width_m":12.27,"quality":{"source":"txgio-2021-caparea","accuracy_m":0.88,"relative_accuracy_m":0.14,"measured":true,"date":"2021-01-03"},"corner":"t3"},"geometry":{"type":"LineString","coordinates":[[-97.6354381,30.1334692],[-97.6353723,30.1333744]]}},{"type":"Feature","properties":{"role":"corner_exit","id":"t3-exit","marker":0.21745,"width_m":12.92,"quality":{"source":"txgio-2021-caparea","accuracy_m":0.88,"relative_accuracy_m":0.14,"measured":true,"date":"2021-01-03"},"corner":"t3"},"geometry":{"type":"LineString","coordinates":[[-97.6350242,30.1338817],[-97.6349,30.133838]]}},{"type":"Feature","properties":{"role":"corner_entry","id":"t4-entry","marker":0.22381,"width_m":13.25,"quality":{"source":"txgio-2021-caparea","accuracy_m":0.88,"relative_accuracy_m":0.14,"measured":true,"date":"2021-01-03"},"corner":"t4"},"geometry":{"type":"LineString","coordinates":[[-97.6348894,30.134176],[-97.6347628,30.1341293]]}},{"type":"Feature","properties":{"role":"corner_exit","id":"t4-exit","marker":0.23472,"width_m":13.42,"quality":{"source":"txgio-2021-caparea","accuracy_m":0.88,"relative_accuracy_m":0.14,"measured":true,"date":"2021-01-03"},"corner":"t4"},"geometry":{"type":"LineString","coordinates":[[-97.6344246,30.1345786],[-97.6343724,30.1344663]]}},{"type":"Feature","properties":{"role":"corner_entry","id":"t5-entry","marker":0.23926,"width_m":13.27,"quality":{"source":"txgio-2021-caparea","accuracy_m":0.88,"relative_accuracy_m":0.14,"measured":true,"date":"2021-01-03"},"corner":"t5"},"geometry":{"type":"LineString","coordinates":[[-97.6341826,30.13466],[-97.634131,30.134549]]}},{"type":"Feature","properties":{"role":"corner_exit","id":"t5-exit","marker":0.2529,"width_m":12.56,"quality":{"source":"txgio-2021-caparea","accuracy_m":0.88,"relative_accuracy_m":0.14,"measured":true,"date":"2021-01-03"},"corner":"t5"},"geometry":{"type":"LineString","coordinates":[[-97.6337809,30.1351271],[-97.6336522,30.1351089]]}},{"type":"Feature","properties":{"role":"corner_entry","id":"t6-entry","marker":0.25689,"width_m":13.87,"quality":{"source":"txgio-2021-caparea","accuracy_m":0.88,"relative_accuracy_m":0.14,"measured":true,"date":"2021-01-03"},"corner":"t6"},"geometry":{"type":"LineString","coordinates":[[-97.6337632,30.135322],[-97.6336201,30.1353082]]}},{"type":"Feature","properties":{"role":"corner_exit","id":"t6-exit","marker":0.27325,"width_m":13.56,"quality":{"source":"txgio-2021-caparea","accuracy_m":0.88,"relative_accuracy_m":0.14,"measured":true,"date":"2021-01-03"},"corner":"t6"},"geometry":{"type":"LineString","coordinates":[[-97.6332522,30.1360288],[-97.63317,30.1359295]]}},{"type":"Feature","properties":{"role":"corner_entry","id":"t7-entry","marker":0.30961,"width_m":13.55,"quality":{"source":"txgio-2021-caparea","accuracy_m":0.88,"relative_accuracy_m":0.14,"measured":true,"date":"2021-01-03"},"corner":"t7"},"geometry":{"type":"LineString","coordinates":[[-97.631268,30.1358349],[-97.631324,30.1357228]]}},{"type":"Feature","properties":{"role":"corner_exit","id":"t7-exit","marker":0.31561,"width_m":13.67,"quality":{"source":"txgio-2021-caparea","accuracy_m":0.88,"relative_accuracy_m":0.14,"measured":true,"date":"2021-01-03"},"corner":"t7"},"geometry":{"type":"LineString","coordinates":[[-97.6310094,30.1358531],[-97.630938,30.1357466]]}},{"type":"Feature","properties":{"role":"corner_entry","id":"t8-entry","marker":0.3336,"width_m":13.17,"quality":{"source":"txgio-2021-caparea","accuracy_m":0.88,"relative_accuracy_m":0.14,"measured":true,"date":"2021-01-03"},"corner":"t8"},"geometry":{"type":"LineString","coordinates":[[-97.6302914,30.1364443],[-97.6301808,30.1363744]]}},{"type":"Feature","properties":{"role":"corner_exit","id":"t8-exit","marker":0.35451,"width_m":12.9,"quality":{"source":"txgio-2021-caparea","accuracy_m":0.88,"relative_accuracy_m":0.14,"measured":true,"date":"2021-01-03"},"corner":"t8"},"geometry":{"type":"LineString","coordinates":[[-97.6291822,30.1364108],[-97.6292978,30.1363522]]}},{"type":"Feature","properties":{"role":"corner_entry","id":"t9-entry","marker":0.35632,"width_m":13.19,"quality":{"source":"txgio-2021-caparea","accuracy_m":0.88,"relative_accuracy_m":0.14,"measured":true,"date":"2021-01-03"},"corner":"t9"},"geometry":{"type":"LineString","coordinates":[[-97.6291327,30.1363291],[-97.6292534,30.1362729]]}},{"type":"Feature","properties":{"role":"corner_exit","id":"t9-exit","marker":0.36305,"width_m":13.36,"quality":{"source":"txgio-2021-caparea","accuracy_m":0.88,"relative_accuracy_m":0.14,"measured":true,"date":"2021-01-03"},"corner":"t9"},"geometry":{"type":"LineString","coordinates":[[-97.6288824,30.1362378],[-97.6288557,30.1361196]]}},{"type":"Feature","properties":{"role":"corner_entry","id":"t10-entry","marker":0.39359,"width_m":13.4,"quality":{"source":"txgio-2021-caparea","accuracy_m":0.88,"relative_accuracy_m":0.14,"measured":true,"date":"2021-01-03"},"corner":"t10"},"geometry":{"type":"LineString","coordinates":[[-97.6271813,30.1365607],[-97.6271498,30.136443]]}},{"type":"Feature","properties":{"role":"corner_exit","id":"t10-exit","marker":0.39941,"width_m":13.41,"quality":{"source":"txgio-2021-caparea","accuracy_m":0.88,"relative_accuracy_m":0.14,"measured":true,"date":"2021-01-03"},"corner":"t10"},"geometry":{"type":"LineString","coordinates":[[-97.6269416,30.1366868],[-97.6268355,30.1366085]]}},{"type":"Feature","properties":{"role":"corner_entry","id":"t11-entry","marker":0.46521,"width_m":21.86,"quality":{"source":"txgio-2021-caparea","accuracy_m":0.88,"relative_accuracy_m":0.14,"measured":true,"date":"2021-01-03"},"corner":"t11"},"geometry":{"type":"LineString","coordinates":[[-97.6246105,30.1392348],[-97.6244232,30.1391235]]}},{"type":"Feature","properties":{"role":"corner_exit","id":"t11-exit","marker":0.47284,"width_m":14.53,"quality":{"source":"txgio-2021-caparea","accuracy_m":0.88,"relative_accuracy_m":0.14,"measured":true,"date":"2021-01-03"},"corner":"t11"},"geometry":{"type":"LineString","coordinates":[[-97.6246509,30.139361],[-97.6246766,30.1394902]]}},{"type":"Feature","properties":{"role":"corner_entry","id":"t12-entry","marker":0.68406,"width_m":20.14,"quality":{"source":"txgio-2021-caparea","accuracy_m":0.88,"relative_accuracy_m":0.14,"measured":true,"date":"2021-01-03"},"corner":"t12"},"geometry":{"type":"LineString","coordinates":[[-97.6364453,30.1372862],[-97.6364754,30.1374659]]}},{"type":"Feature","properties":{"role":"corner_exit","id":"t12-exit","marker":0.69024,"width_m":16.8,"quality":{"source":"txgio-2021-caparea","accuracy_m":0.88,"relative_accuracy_m":0.14,"measured":true,"date":"2021-01-03"},"corner":"t12"},"geometry":{"type":"LineString","coordinates":[[-97.6364936,30.1372073],[-97.6366289,30.1371118]]}},{"type":"Feature","properties":{"role":"corner_entry","id":"t13-entry","marker":0.72315,"width_m":16.09,"quality":{"source":"txgio-2021-caparea","accuracy_m":0.88,"relative_accuracy_m":0.14,"measured":true,"date":"2021-01-03"},"corner":"t13"},"geometry":{"type":"LineString","coordinates":[[-97.6354038,30.1358644],[-97.6355496,30.1357937]]}},{"type":"Feature","properties":{"role":"corner_exit","id":"t13-exit","marker":0.73278,"width_m":16.63,"quality":{"source":"txgio-2021-caparea","accuracy_m":0.88,"relative_accuracy_m":0.14,"measured":true,"date":"2021-01-03"},"corner":"t13"},"geometry":{"type":"LineString","coordinates":[[-97.6357085,30.1354352],[-97.6357069,30.1355853]]}},{"type":"Feature","properties":{"role":"corner_entry","id":"t14-entry","marker":0.74096,"width_m":16.36,"quality":{"source":"txgio-2021-caparea","accuracy_m":0.88,"relative_accuracy_m":0.14,"measured":true,"date":"2021-01-03"},"corner":"t14"},"geometry":{"type":"LineString","coordinates":[[-97.6361789,30.1354618],[-97.6361684,30.1356091]]}},{"type":"Feature","properties":{"role":"corner_exit","id":"t14-exit","marker":0.74896,"width_m":14.56,"quality":{"source":"txgio-2021-caparea","accuracy_m":0.88,"relative_accuracy_m":0.14,"measured":true,"date":"2021-01-03"},"corner":"t14"},"geometry":{"type":"LineString","coordinates":[[-97.6365835,30.1357371],[-97.6364411,30.1357809]]}},{"type":"Feature","properties":{"role":"corner_entry","id":"t15-entry","marker":0.76568,"width_m":13.32,"quality":{"source":"txgio-2021-caparea","accuracy_m":0.88,"relative_accuracy_m":0.14,"measured":true,"date":"2021-01-03"},"corner":"t15"},"geometry":{"type":"LineString","coordinates":[[-97.637071,30.1364053],[-97.6369716,30.1364888]]}},{"type":"Feature","properties":{"role":"corner_exit","id":"t15-exit","marker":0.77422,"width_m":15.76,"quality":{"source":"txgio-2021-caparea","accuracy_m":1.86,"relative_accuracy_m":1.64,"measured":false,"date":"2021-01-03"},"corner":"t15"},"geometry":{"type":"LineString","coordinates":[[-97.6374587,30.136533],[-97.6374498,30.136675]]}},{"type":"Feature","properties":{"role":"corner_entry","id":"t16-entry","marker":0.77659,"width_m":17.17,"quality":{"source":"txgio-2021-caparea","accuracy_m":0.88,"relative_accuracy_m":0.14,"measured":true,"date":"2021-01-03"},"corner":"t16"},"geometry":{"type":"LineString","coordinates":[[-97.6375842,30.1365283],[-97.6375939,30.136683]]}},{"type":"Feature","properties":{"role":"corner_exit","id":"t16-exit","marker":0.78368,"width_m":13.57,"quality":{"source":"txgio-2021-caparea","accuracy_m":0.88,"relative_accuracy_m":0.14,"measured":true,"date":"2021-01-03"},"corner":"t16"},"geometry":{"type":"LineString","coordinates":[[-97.6376872,30.1363977],[-97.6378121,30.1363412]]}},{"type":"Feature","properties":{"role":"corner_entry","id":"t17-entry","marker":0.83203,"width_m":13.33,"quality":{"source":"txgio-2021-caparea","accuracy_m":0.88,"relative_accuracy_m":0.14,"measured":true,"date":"2021-01-03"},"corner":"t17"},"geometry":{"type":"LineString","coordinates":[[-97.6369102,30.134189],[-97.6370385,30.1342339]]}},{"type":"Feature","properties":{"role":"corner_exit","id":"t17-exit","marker":0.84039,"width_m":13.56,"quality":{"source":"txgio-2021-caparea","accuracy_m":0.88,"relative_accuracy_m":0.14,"measured":true,"date":"2021-01-03"},"corner":"t17"},"geometry":{"type":"LineString","coordinates":[[-97.6372605,30.1338614],[-97.63732,30.1339722]]}},{"type":"Feature","properties":{"role":"corner_entry","id":"t18-entry","marker":0.85093,"width_m":13.57,"quality":{"source":"txgio-2021-caparea","accuracy_m":0.88,"relative_accuracy_m":0.14,"measured":true,"date":"2021-01-03"},"corner":"t18"},"geometry":{"type":"LineString","coordinates":[[-97.6378084,30.1336409],[-97.6378645,30.1337532]]}},{"type":"Feature","properties":{"role":"corner_exit","id":"t18-exit","marker":0.86057,"width_m":13.36,"quality":{"source":"txgio-2021-caparea","accuracy_m":0.88,"relative_accuracy_m":0.14,"measured":true,"date":"2021-01-03"},"corner":"t18"},"geometry":{"type":"LineString","coordinates":[[-97.6383864,30.1335969],[-97.6383637,30.1337158]]}},{"type":"Feature","properties":{"role":"corner_entry","id":"t19-entry","marker":0.91328,"width_m":13.48,"quality":{"source":"txgio-2021-caparea","accuracy_m":0.88,"relative_accuracy_m":0.14,"measured":true,"date":"2021-01-03"},"corner":"t19"},"geometry":{"type":"LineString","coordinates":[[-97.640526,30.1353716],[-97.6404198,30.1354508]]}},{"type":"Feature","properties":{"role":"corner_exit","id":"t19-exit","marker":0.92074,"width_m":14.8,"quality":{"source":"txgio-2021-caparea","accuracy_m":0.88,"relative_accuracy_m":0.14,"measured":true,"date":"2021-01-03"},"corner":"t19"},"geometry":{"type":"LineString","coordinates":[[-97.6408343,30.1354475],[-97.6408715,30.135577]]}},{"type":"Feature","properties":{"role":"corner_entry","id":"t20-entry","marker":0.96691,"width_m":14.31,"quality":{"source":"txgio-2021-caparea","accuracy_m":0.88,"relative_accuracy_m":0.14,"measured":true,"date":"2021-01-03"},"corner":"t20"},"geometry":{"type":"LineString","coordinates":[[-97.6432439,30.1345595],[-97.643304,30.1346776]]}},{"type":"Feature","properties":{"role":"corner_exit","id":"t20-exit","marker":0.97618,"width_m":15.41,"quality":{"source":"txgio-2021-caparea","accuracy_m":0.88,"relative_accuracy_m":0.14,"measured":true,"date":"2021-01-03"},"corner":"t20"},"geometry":{"type":"LineString","coordinates":[[-97.6432783,30.134308],[-97.6433771,30.1341987]]}},{"type":"Feature","properties":{"role":"brake_point","id":"t1-brake","marker":0.12004,"width_m":19.77,"quality":{"source":"txgio-2021-caparea","accuracy_m":0.88,"relative_accuracy_m":0.14,"measured":true,"date":"2021-01-03"},"corner":"t1","speed_kmh":83.1},"geometry":{"type":"LineString","coordinates":[[-97.6368794,30.1301607],[-97.6367083,30.1300623]]}},{"type":"Feature","properties":{"role":"brake_point","id":"t4-brake","marker":0.21903,"width_m":12.54,"quality":{"source":"txgio-2021-caparea","accuracy_m":0.88,"relative_accuracy_m":0.14,"measured":true,"date":"2021-01-03"},"corner":"t4","speed_kmh":214.8},"geometry":{"type":"LineString","coordinates":[[-97.6349866,30.1339569],[-97.6348666,30.133913]]}},{"type":"Feature","properties":{"role":"brake_point","id":"t5-brake","marker":0.23807,"width_m":13.47,"quality":{"source":"txgio-2021-caparea","accuracy_m":0.88,"relative_accuracy_m":0.14,"measured":true,"date":"2021-01-03"},"corner":"t5","speed_kmh":172.5},"geometry":{"type":"LineString","coordinates":[[-97.6342503,30.1346381],[-97.6341988,30.1345251]]}},{"type":"Feature","properties":{"role":"brake_point","id":"t7-brake","marker":0.30085,"width_m":13.48,"quality":{"source":"txgio-2021-caparea","accuracy_m":0.88,"relative_accuracy_m":0.14,"measured":true,"date":"2021-01-03"},"corner":"t7","speed_kmh":169.1},"geometry":{"type":"LineString","coordinates":[[-97.6317212,30.136013],[-97.6317783,30.135902]]}},{"type":"Feature","properties":{"role":"brake_point","id":"t9-brake","marker":0.35607,"width_m":13.11,"quality":{"source":"txgio-2021-caparea","accuracy_m":0.88,"relative_accuracy_m":0.14,"measured":true,"date":"2021-01-03"},"corner":"t9","speed_kmh":132.6},"geometry":{"type":"LineString","coordinates":[[-97.6291415,30.1363437],[-97.6292632,30.1362907]]}},{"type":"Feature","properties":{"role":"brake_point","id":"t11-brake","marker":0.46796,"width_m":19.15,"quality":{"source":"txgio-2021-caparea","accuracy_m":1.86,"relative_accuracy_m":1.64,"measured":false,"date":"2021-01-03"},"corner":"t11","speed_kmh":81.9},"geometry":{"type":"LineString","coordinates":[[-97.6245715,30.1392983],[-97.6243735,30.1393129]]}},{"type":"Feature","properties":{"role":"brake_point","id":"t12-brake","marker":0.65949,"width_m":16.36,"quality":{"source":"txgio-2021-caparea","accuracy_m":0.88,"relative_accuracy_m":0.14,"measured":true,"date":"2021-01-03"},"corner":"t12","speed_kmh":267.4},"geometry":{"type":"LineString","coordinates":[[-97.6350608,30.1374502],[-97.6350786,30.137597]]}},{"type":"Feature","properties":{"role":"brake_point","id":"t13-brake","marker":0.72849,"width_m":16.38,"quality":{"source":"txgio-2021-caparea","accuracy_m":0.88,"relative_accuracy_m":0.14,"measured":true,"date":"2021-01-03"},"corner":"t13","speed_kmh":95.4},"geometry":{"type":"LineString","coordinates":[[-97.6354178,30.1355394],[-97.635551,30.1356311]]}},{"type":"Feature","properties":{"role":"brake_point","id":"t15-brake","marker":0.76016,"width_m":13.48,"quality":{"source":"txgio-2021-caparea","accuracy_m":0.88,"relative_accuracy_m":0.14,"measured":true,"date":"2021-01-03"},"corner":"t15","speed_kmh":161.8},"geometry":{"type":"LineString","coordinates":[[-97.6368559,30.1362007],[-97.6367514,30.1362816]]}},{"type":"Feature","properties":{"role":"brake_point","id":"t16-brake","marker":0.78038,"width_m":15.42,"quality":{"source":"txgio-2021-caparea","accuracy_m":0.88,"relative_accuracy_m":0.14,"measured":true,"date":"2021-01-03"},"corner":"t16","speed_kmh":82.5},"geometry":{"type":"LineString","coordinates":[[-97.6376984,30.1364931],[-97.6378425,30.1365535]]}},{"type":"Feature","properties":{"role":"brake_point","id":"t17-brake","marker":0.81679,"width_m":16.13,"quality":{"source":"txgio-2021-caparea","accuracy_m":0.88,"relative_accuracy_m":0.14,"measured":true,"date":"2021-01-03"},"corner":"t17","speed_kmh":177.2},"geometry":{"type":"LineString","coordinates":[[-97.6367419,30.1349601],[-97.6369031,30.1349208]]}},{"type":"Feature","properties":{"role":"brake_point","id":"t19-brake","marker":0.89866,"width_m":13.37,"quality":{"source":"txgio-2021-caparea","accuracy_m":0.88,"relative_accuracy_m":0.14,"measured":true,"date":"2021-01-03"},"corner":"t19","speed_kmh":219.0},"geometry":{"type":"LineString","coordinates":[[-97.6400026,30.1348045],[-97.6398921,30.1348775]]}},{"type":"Feature","properties":{"role":"brake_point","id":"t20-brake","marker":0.97203,"width_m":15.75,"quality":{"source":"txgio-2021-caparea","accuracy_m":0.88,"relative_accuracy_m":0.14,"measured":true,"date":"2021-01-03"},"corner":"t20","speed_kmh":92.2},"geometry":{"type":"LineString","coordinates":[[-97.6433573,30.1344256],[-97.6435207,30.1344295]]}},{"type":"Feature","properties":{"role":"racing_line","model":"gt3","lap_time_s":124.91,"speed_kmh":[92,96,100,103,107,111,114,118,121,124,126,129,131,134,136,138,140,142,144,146,148,150,152,153,155,157,158,160,161,163,164,165,167,168,169,171,172,173,174,176,177,178,179,180,181,182,183,184,185,186,187,188,189,190,191,192,193,194,195,195,196,197,198,199,200,200,201,202,203,203,204,205,206,206,207,208,208,209,210,210,211,212,212,213,214,214,215,215,216,217,217,218,218,219,219,220,221,221,222,222,223,223,224,224,225,225,226,226,227,227,228,228,229,229,230,230,230,231,231,232,232,233,233,234,234,234,235,235,236,236,236,237,237,238,238,238,239,239,239,240,240,241,241,241,242,242,242,243,243,243,244,244,244,245,245,245,246,246,246,240,235,230,224,219,213,208,202,196,191,185,179,173,167,161,155,148,142,135,129,123,116,110,103,96,90,84,80,78,77,79,82,85,83,82,82,81,76,74,74,75,77,81,85,89,93,98,102,106,110,114,117,120,123,126,128,131,133,135,138,140,142,144,146,148,149,151,153,155,156,158,159,161,162,164,165,166,168,169,170,172,173,174,172,170,168,166,165,164,164,164,164,165,164,164,164,164,165,165,166,167,168,169,171,172,173,174,176,177,178,179,180,181,182,183,184,185,186,187,188,189,190,191,192,193,194,195,195,196,197,198,199,200,200,201,202,203,203,204,205,206,206,207,208,208,209,210,210,211,212,212,213,214,214,215,215,214,212,211,210,210,210,210,211,212,212,213,214,214,215,211,206,200,195,190,185,181,176,172,169,165,162,160,159,159,160,161,163,164,166,167,168,170,171,172,170,164,159,154,150,145,142,139,136,135,135,135,136,137,139,141,143,145,147,149,151,152,154,156,157,159,160,162,163,165,166,167,169,170,170,169,169,168,167,165,164,164,163,162,161,160,160,159,158,157,156,155,154,153,151,150,149,149,149,148,146,145,143,142,142,142,143,144,146,148,149,151,153,155,156,158,159,161,162,164,165,166,168,169,166,161,155,150,145,140,136,131,127,123,120,119,118,119,120,122,124,124,123,123,124,125,127,129,131,134,136,138,140,142,144,146,148,150,152,153,155,157,158,160,160,155,151,146,142,138,134,130,127,123,119,116,113,110,108,106,105,104,104,104,104,104,105,107,110,113,116,119,122,125,128,130,133,130,126,122,119,116,114,112,112,112,113,115,118,120,123,126,129,131,133,136,138,140,142,144,146,148,150,151,153,155,156,158,160,161,162,164,165,167,168,169,171,172,173,174,175,177,178,179,180,181,182,183,184,185,186,187,188,189,190,191,192,193,194,195,195,196,197,198,199,199,200,201,202,203,203,204,205,206,206,207,208,208,209,210,210,211,212,212,213,214,214,215,215,216,217,217,218,218,219,219,220,221,221,222,222,223,223,224,224,225,225,226,226,227,227,228,228,229,229,230,230,230,231,227,222,217,211,205,200,194,188,183,177,171,165,159,152,146,139,133,126,119,112,105,99,92,86,81,77,76,77,78,80,82,77,73,72,72,73,75,77,80,84,88,92,96,100,104,108,112,115,118,121,124,127,129,132,134,137,139,141,143,145,147,149,150,152,154,155,157,159,160,162,163,164,166,167,168,170,171,172,173,175,176,177,178,179,180,181,182,184,185,186,187,188,188,189,190,191,192,193,194,195,196,196,197,198,199,200,201,201,202,203,204,204,205,206,206,207,208,209,209,210,211,211,212,212,213,214,214,215,216,216,217,217,218,218,219,220,220,221,221,222,222,223,223,224,224,225,225,226,226,227,227,228,228,229,229,230,230,231,231,231,232,232,233,233,234,234,234,235,235,236,236,236,237,237,238,238,238,239,239,240,240,240,241,241,241,242,242,242,243,243,243,244,244,244,245,245,245,246,246,246,247,247,247,248,248,248,249,249,249,249,250,250,250,251,251,251,251,252,252,252,252,253,253,253,254,254,254,254,255,255,255,255,256,256,256,256,256,257,257,257,257,258,258,258,258,259,259,259,259,259,260,260,260,260,261,261,261,261,261,262,262,262,262,262,263,263,263,263,263,263,264,264,264,264,264,265,265,265,265,265,265,266,266,266,266,266,267,267,267,267,267,267,267,261,256,251,245,240,235,229,224,218,213,207,202,196,190,185,179,173,167,161,154,148,141,135,128,121,114,108,101,95,89,84,80,79,79,80,81,82,83,81,80,80,81,83,87,91,95,99,103,107,110,114,117,120,123,126,128,131,133,136,138,140,142,144,146,148,150,151,153,155,156,158,159,156,150,145,139,133,128,122,116,110,105,100,95,90,87,86,86,88,90,93,95,94,90,87,83,81,81,82,84,87,90,93,96,100,103,105,107,109,110,111,113,116,119,122,125,127,130,132,135,137,139,141,143,145,147,149,151,152,154,156,157,159,160,162,158,153,148,143,138,133,128,124,120,118,116,113,109,106,102,100,97,94,90,86,82,78,76,76,76,78,81,80,76,73,73,74,76,80,84,88,93,98,102,106,110,114,117,120,123,126,128,131,133,135,138,140,142,144,146,148,149,151,153,155,156,158,159,161,162,164,165,166,168,169,170,172,173,174,175,176,177,175,173,172,172,170,168,166,164,162,160,159,158,157,157,156,156,156,155,155,155,156,157,158,159,161,162,163,164,164,162,162,162,162,163,163,164,165,167,168,169,170,171,172,173,174,175,176,177,178,179,180,181,183,184,185,186,187,188,189,189,190,191,192,193,194,194,195,195,196,196,196,197,197,197,197,197,198,198,198,199,200,201,202,202,203,204,205,205,206,207,207,208,209,209,210,211,211,212,213,213,214,215,215,216,216,217,218,218,219,217,212,207,201,196,191,186,181,176,171,166,161,157,152,148,144,140,136,133,131,130,130,131,132,134,135,137,135,134,134,134,135,136,138,140,142,144,146,148,150,151,153,155,156,158,159,161,162,164,165,167,168,169,171,172,173,174,175,177,178,179,180,181,182,183,184,185,186,187,188,189,190,191,192,193,193,187,181,175,169,163,157,151,144,138,131,125,119,113,107,101,96,92,89,89,89,90,91,91,92,91,89,87,85,85,87,90],"quality":{"source":"model","measured":false,"note":"minimum-curvature line inside the measured edges; not driven, no elevation"}},"geometry":{"type":"LineString","coordinates":[[-97.6432804,30.1341744],[-97.6432543,30.1341464],[-97.6432264,30.1341196],[-97.6431972,30.134094],[-97.6431666,30.1340696],[-97.6431353,30.134046],[-97.6431033,30.134023],[-97.6430708,30.1340006],[-97.643038,30.1339784],[-97.6430052,30.1339563],[-97.6429722,30.1339344],[-97.6429393,30.1339125],[-97.6429063,30.1338906],[-97.6428733,30.1338687],[-97.6428403,30.1338467],[-97.6428073,30.1338248],[-97.6427744,30.1338029],[-97.6427414,30.133781],[-97.6427084,30.1337591],[-97.6426755,30.1337371],[-97.6426425,30.1337152],[-97.6426096,30.1336933],[-97.6425766,30.1336713],[-97.6425437,30.1336494],[-97.6425107,30.1336274],[-97.6424778,30.1336055],[-97.6424449,30.1335835],[-97.6424119,30.1335615],[-97.642379,30.1335395],[-97.6423461,30.1335176],[-97.6423132,30.1334956],[-97.6422803,30.1334736],[-97.6422474,30.1334516],[-97.6422145,30.1334296],[-97.6421816,30.1334076],[-97.6421487,30.1333856],[-97.6421158,30.1333636],[-97.6420829,30.1333416],[-97.64205,30.1333196],[-97.6420172,30.1332975],[-97.6419843,30.1332755],[-97.6419514,30.1332535],[-97.6419186,30.1332314],[-97.6418857,30.1332094],[-97.6418528,30.1331874],[-97.64182,30.1331653],[-97.6417871,30.1331432],[-97.6417543,30.1331211],[-97.6417215,30.133099],[-97.6416887,30.1330769],[-97.6416559,30.1330548],[-97.6416231,30.1330327],[-97.6415903,30.1330106],[-97.6415575,30.1329885],[-97.6415248,30.1329663],[-97.641492,30.1329442],[-97.6414592,30.132922],[-97.6414264,30.1328999],[-97.6413937,30.1328778],[-97.6413609,30.1328556],[-97.6413282,30.1328334],[-97.6412954,30.1328113],[-97.6412627,30.1327891],[-97.6412299,30.1327669],[-97.6411972,30.1327447],[-97.6411645,30.1327225],[-97.6411317,30.1327003],[-97.641099,30.1326781],[-97.6410663,30.1326559],[-97.6410336,30.1326337],[-97.6410009,30.1326115],[-97.6409682,30.1325893],[-97.6409355,30.1325671],[-97.6409028,30.1325448],[-97.6408701,30.1325226],[-97.6408374,30.1325004],[-97.6408047,30.1324781],[-97.6407721,30.1324559],[-97.6407394,30.1324336],[-97.6407067,30.1324113],[-97.6406741,30.1323891],[-97.6406414,30.1323668],[-97.6406088,30.1323445],[-97.6405761,30.1323223],[-97.6405435,30.1323],[-97.6405108,30.1322777],[-97.6404782,30.1322554],[-97.6404456,30.1322331],[-97.640413,30.1322108],[-97.6403803,30.1321885],[-97.6403477,30.1321662],[-97.6403151,30.1321438],[-97.6402825,30.1321215],[-97.6402499,30.1320992],[-97.6402173,30.1320769],[-97.6401847,30.1320545],[-97.6401521,30.1320322],[-97.6401195,30.1320098],[-97.6400869,30.1319875],[-97.6400544,30.1319651],[-97.6400218,30.1319427],[-97.6399893,30.1319203],[-97.6399567,30.1318979],[-97.6399242,30.1318756],[-97.6398916,30.1318532],[-97.6398591,30.1318308],[-97.6398265,30.1318084],[-97.639794,30.131786],[-97.6397614,30.1317636],[-97.6397289,30.1317412],[-97.6396964,30.1317188],[-97.6396638,30.1316964],[-97.6396313,30.1316739],[-97.6395988,30.1316515],[-97.6395663,30.1316291],[-97.6395337,30.1316067],[-97.6395012,30.1315843],[-97.6394687,30.1315618],[-97.6394362,30.1315394],[-97.6394037,30.131517],[-97.6393712,30.1314946],[-97.6393387,30.1314721],[-97.6393062,30.1314497],[-97.6392737,30.1314272],[-97.6392412,30.1314048],[-97.6392087,30.1313824],[-97.6391762,30.1313599],[-97.6391437,30.1313375],[-97.6391112,30.131315],[-97.6390787,30.1312926],[-97.6390462,30.1312701],[-97.6390137,30.1312477],[-97.6389812,30.1312252],[-97.6389487,30.1312028],[-97.6389162,30.1311803],[-97.6388837,30.1311579],[-97.6388512,30.1311354],[-97.6388187,30.131113],[-97.6387862,30.1310905],[-97.6387537,30.1310681],[-97.6387212,30.1310456],[-97.6386887,30.1310232],[-97.6386562,30.1310007],[-97.6386237,30.1309783],[-97.6385913,30.1309558],[-97.6385587,30.1309334],[-97.6385263,30.130911],[-97.6384938,30.1308885],[-97.6384613,30.1308661],[-97.6384288,30.1308436],[-97.6383963,30.1308211],[-97.6383638,30.1307987],[-97.6383313,30.1307762],[-97.6382988,30.1307538],[-97.6382664,30.1307313],[-97.6382339,30.1307088],[-97.6382014,30.1306864],[-97.6381689,30.1306639],[-97.6381364,30.1306415],[-97.6381039,30.1306191],[-97.6380714,30.1305966],[-97.6380389,30.1305742],[-97.6380064,30.1305518],[-97.6379738,30.1305293],[-97.6379413,30.1305069],[-97.6379088,30.1304845],[-97.6378763,30.1304621],[-97.6378438,30.1304397],[-97.6378112,30.1304173],[-97.6377787,30.1303949],[-97.6377461,30.1303725],[-97.6377135,30.1303501],[-97.6376809,30.1303278],[-97.6376483,30.1303055],[-97.6376156,30.1302833],[-97.6375829,30.130261],[-97.6375502,30.1302389],[-97.6375173,30.1302168],[-97.6374842,30.130195],[-97.6374507,30.1301738],[-97.6374163,30.1301536],[-97.637381,30.1301347],[-97.6373448,30.1301169],[-97.6373079,30.1301004],[-97.6372702,30.1300853],[-97.6372313,30.1300729],[-97.6371911,30.1300639],[-97.6371501,30.1300587],[-97.6371086,30.1300591],[-97.6370676,30.1300644],[-97.6370276,30.1300738],[-97.6369887,30.1300865],[-97.6369511,30.1301017],[-97.6369154,30.1301199],[-97.6368833,30.1301428],[-97.6368542,30.1301685],[-97.6368276,30.1301961],[-97.636806,30.1302268],[-97.6367898,30.13026],[-97.6367797,30.1302949],[-97.6367751,30.1303307],[-97.6367752,30.1303667],[-97.6367792,30.1304026],[-97.6367858,30.1304382],[-97.6367947,30.1304735],[-97.6368056,30.1305083],[-97.6368179,30.1305427],[-97.6368312,30.1305769],[-97.6368452,30.1306109],[-97.6368597,30.1306447],[-97.6368746,30.1306784],[-97.63689,30.1307119],[-97.6369057,30.1307453],[-97.6369218,30.1307785],[-97.6369382,30.1308117],[-97.6369547,30.1308448],[-97.6369714,30.1308778],[-97.6369882,30.1309108],[-97.637005,30.1309438],[-97.6370219,30.1309768],[-97.6370386,30.1310098],[-97.6370553,30.1310428],[-97.6370718,30.1310759],[-97.637088,30.1311091],[-97.637104,30.1311424],[-97.6371197,30.1311758],[-97.637135,30.1312093],[-97.6371499,30.131243],[-97.6371643,30.1312769],[-97.6371781,30.1313109],[-97.6371914,30.1313451],[-97.637204,30.1313794],[-97.6372159,30.131414],[-97.637227,30.1314488],[-97.6372373,30.1314837],[-97.6372467,30.1315189],[-97.6372551,30.1315542],[-97.6372625,30.1315897],[-97.6372689,30.1316253],[-97.6372743,30.1316611],[-97.6372786,30.131697],[-97.6372816,30.131733],[-97.6372836,30.131769],[-97.6372842,30.1318051],[-97.6372835,30.1318412],[-97.6372814,30.1318772],[-97.6372778,30.1319131],[-97.6372729,30.1319489],[-97.6372664,30.1319846],[-97.6372585,30.13202],[-97.6372491,30.1320551],[-97.6372383,30.13209],[-97.6372262,30.1321245],[-97.6372126,30.1321585],[-97.6371976,30.1321922],[-97.6371813,30.1322254],[-97.6371635,30.132258],[-97.6371446,30.1322901],[-97.6371243,30.1323216],[-97.637103,30.1323525],[-97.6370805,30.1323828],[-97.6370568,30.1324125],[-97.6370323,30.1324416],[-97.6370068,30.13247],[-97.6369804,30.1324979],[-97.6369532,30.1325251],[-97.6369252,30.1325517],[-97.6368965,30.1325778],[-97.6368671,30.1326033],[-97.6368372,30.1326283],[-97.6368066,30.1326527],[-97.6367754,30.1326764],[-97.6367436,30.1326997],[-97.6367114,30.1327224],[-97.6366786,30.1327445],[-97.6366454,30.1327662],[-97.6366119,30.1327875],[-97.6365779,30.1328082],[-97.6365436,30.1328286],[-97.6365091,30.1328485],[-97.6364742,30.1328681],[-97.6364391,30.1328874],[-97.6364038,30.1329064],[-97.6363683,30.1329251],[-97.6363326,30.1329435],[-97.6362968,30.1329617],[-97.6362609,30.1329798],[-97.6362248,30.1329977],[-97.6361887,30.1330154],[-97.6361525,30.1330331],[-97.6361163,30.1330507],[-97.6360801,30.1330683],[-97.6360438,30.1330859],[-97.6360076,30.1331036],[-97.6359714,30.1331212],[-97.6359353,30.1331391],[-97.6358993,30.133157],[-97.6358634,30.1331751],[-97.6358276,30.1331934],[-97.635792,30.1332119],[-97.6357565,30.1332306],[-97.6357213,30.1332497],[-97.6356862,30.133269],[-97.6356515,30.1332887],[-97.635617,30.1333088],[-97.6355828,30.1333292],[-97.6355489,30.1333501],[-97.6355155,30.1333714],[-97.6354824,30.1333932],[-97.6354497,30.1334155],[-97.6354176,30.1334384],[-97.635386,30.1334618],[-97.6353549,30.1334856],[-97.6353245,30.1335102],[-97.6352946,30.1335352],[-97.6352654,30.1335608],[-97.6352369,30.1335871],[-97.635209,30.1336138],[-97.635182,30.1336412],[-97.6351557,30.1336691],[-97.6351302,30.1336976],[-97.6351056,30.1337267],[-97.6350817,30.1337561],[-97.6350584,30.133786],[-97.6350358,30.1338163],[-97.6350137,30.1338468],[-97.6349919,30.1338775],[-97.6349705,30.1339084],[-97.6349493,30.1339394],[-97.6349282,30.1339705],[-97.6349071,30.1340016],[-97.6348858,30.1340325],[-97.6348642,30.1340633],[-97.6348423,30.134094],[-97.6348198,30.1341243],[-97.6347967,30.1341543],[-97.634773,30.1341839],[-97.6347485,30.134213],[-97.634723,30.1342415],[-97.6346968,30.1342695],[-97.6346695,30.1342967],[-97.6346413,30.1343231],[-97.6346119,30.1343486],[-97.6345815,30.1343731],[-97.63455,30.1343966],[-97.6345176,30.1344192],[-97.6344845,30.1344409],[-97.6344507,30.1344619],[-97.6344164,30.1344822],[-97.6343817,30.134502],[-97.6343467,30.1345214],[-97.6343116,30.1345406],[-97.6342764,30.1345597],[-97.6342412,30.1345789],[-97.6342062,30.1345983],[-97.6341715,30.1346181],[-97.6341372,30.1346384],[-97.6341034,30.1346594],[-97.6340703,30.1346811],[-97.6340379,30.1347037],[-97.6340064,30.1347271],[-97.6339761,30.1347518],[-97.6339469,30.1347775],[-97.6339193,30.1348044],[-97.6338931,30.1348324],[-97.6338687,30.1348615],[-97.6338459,30.1348917],[-97.6338247,30.1349227],[-97.633805,30.1349545],[-97.6337866,30.1349868],[-97.6337696,30.1350197],[-97.6337537,30.135053],[-97.6337388,30.1350867],[-97.633725,30.1351207],[-97.6337118,30.1351549],[-97.6336993,30.1351893],[-97.6336872,30.1352238],[-97.6336754,30.1352584],[-97.6336638,30.1352931],[-97.633652,30.1353277],[-97.6336401,30.1353622],[-97.6336278,30.1353967],[-97.633615,30.135431],[-97.6336016,30.1354652],[-97.6335874,30.135499],[-97.6335722,30.1355326],[-97.6335559,30.1355658],[-97.6335384,30.1355985],[-97.6335197,30.1356307],[-97.6334997,30.1356623],[-97.6334786,30.1356934],[-97.6334562,30.1357238],[-97.6334326,30.1357534],[-97.6334079,30.1357824],[-97.633382,30.1358106],[-97.633355,30.135838],[-97.6333269,30.1358646],[-97.6332976,30.1358902],[-97.6332674,30.1359149],[-97.6332362,30.1359386],[-97.6332039,30.1359613],[-97.6331707,30.135983],[-97.6331366,30.1360035],[-97.6331016,30.1360229],[-97.6330658,30.1360412],[-97.6330292,30.1360582],[-97.6329919,30.136074],[-97.6329539,30.1360885],[-97.6329152,30.1361017],[-97.632876,30.1361135],[-97.6328363,30.1361241],[-97.6327961,30.136133],[-97.6327555,30.1361405],[-97.6327146,30.1361465],[-97.6326734,30.136151],[-97.6326321,30.1361541],[-97.6325906,30.1361556],[-97.6325491,30.1361556],[-97.6325077,30.1361539],[-97.6324663,30.1361504],[-97.6324252,30.1361455],[-97.6323844,30.1361392],[-97.6323438,30.1361314],[-97.6323037,30.1361223],[-97.6322639,30.136112],[-97.6322245,30.1361006],[-97.6321856,30.136088],[-97.6321471,30.1360746],[-97.6321089,30.1360604],[-97.6320711,30.1360455],[-97.6320336,30.1360301],[-97.6319964,30.1360142],[-97.6319593,30.1359979],[-97.6319223,30.1359815],[-97.6318854,30.135965],[-97.6318485,30.1359485],[-97.6318115,30.1359321],[-97.6317744,30.1359159],[-97.6317371,30.1359002],[-97.6316996,30.1358848],[-97.6316617,30.13587],[-97.6316234,30.135856],[-97.6315849,30.1358427],[-97.6315458,30.1358304],[-97.6315063,30.1358193],[-97.6314664,30.1358094],[-97.6314261,30.1358009],[-97.6313854,30.135794],[-97.6313443,30.1357889],[-97.6313029,30.1357857],[-97.6312614,30.135785],[-97.63122,30.1357865],[-97.6311787,30.1357901],[-97.6311377,30.1357956],[-97.631097,30.1358028],[-97.6310568,30.1358117],[-97.6310172,30.1358225],[-97.6309784,30.1358353],[-97.6309406,30.1358501],[-97.6309037,30.1358667],[-97.6308678,30.1358848],[-97.630833,30.1359044],[-97.6307991,30.1359252],[-97.630766,30.1359471],[-97.630734,30.13597],[-97.6307028,30.1359938],[-97.6306723,30.1360182],[-97.6306426,30.1360434],[-97.6306134,30.1360691],[-97.6305846,30.1360951],[-97.6305563,30.1361215],[-97.6305283,30.1361481],[-97.6305005,30.1361749],[-97.6304727,30.1362017],[-97.6304449,30.1362285],[-97.6304169,30.1362551],[-97.6303887,30.1362816],[-97.6303601,30.1363077],[-97.630331,30.1363335],[-97.6303013,30.1363587],[-97.630271,30.1363833],[-97.6302398,30.1364071],[-97.6302077,30.13643],[-97.6301748,30.1364519],[-97.6301408,30.1364726],[-97.6301058,30.1364921],[-97.63007,30.1365103],[-97.6300332,30.1365269],[-97.6299955,30.136542],[-97.6299568,30.1365552],[-97.6299174,30.1365665],[-97.6298773,30.1365756],[-97.6298365,30.1365823],[-97.6297953,30.1365865],[-97.6297538,30.136588],[-97.6297124,30.1365868],[-97.6296711,30.1365827],[-97.6296304,30.1365759],[-97.6295904,30.1365663],[-97.6295513,30.1365541],[-97.6295136,30.1365392],[-97.629477,30.1365221],[-97.6294418,30.136503],[-97.6294077,30.1364825],[-97.6293747,30.1364605],[-97.6293426,30.1364377],[-97.6293112,30.1364141],[-97.6292801,30.1363903],[-97.629249,30.1363663],[-97.6292176,30.1363427],[-97.6291856,30.1363198],[-97.6291526,30.1362979],[-97.6291185,30.1362773],[-97.6290835,30.1362579],[-97.6290473,30.1362403],[-97.62901,30.1362245],[-97.6289717,30.1362106],[-97.6289324,30.136199],[-97.6288923,30.1361897],[-97.6288516,30.1361827],[-97.6288104,30.1361783],[-97.628769,30.1361761],[-97.6287275,30.1361757],[-97.628686,30.1361769],[-97.6286446,30.1361797],[-97.6286034,30.1361837],[-97.6285622,30.1361886],[-97.6285213,30.1361945],[-97.6284805,30.136201],[-97.6284398,30.1362081],[-97.6283992,30.1362155],[-97.6283586,30.1362231],[-97.628318,30.1362307],[-97.6282774,30.1362383],[-97.6282369,30.1362459],[-97.6281963,30.1362536],[-97.6281557,30.1362613],[-97.6281152,30.136269],[-97.6280747,30.1362768],[-97.6280342,30.1362847],[-97.6279937,30.1362927],[-97.6279532,30.1363008],[-97.6279128,30.1363091],[-97.6278725,30.1363175],[-97.6278322,30.1363262],[-97.627792,30.1363351],[-97.6277518,30.1363442],[-97.6277118,30.1363537],[-97.6276718,30.1363635],[-97.627632,30.1363736],[-97.6275922,30.136384],[-97.6275527,30.1363949],[-97.6275132,30.1364062],[-97.627474,30.1364179],[-97.6274349,30.1364301],[-97.6273961,30.1364429],[-97.6273575,30.1364561],[-97.6273191,30.1364699],[-97.627281,30.1364843],[-97.6272433,30.1364992],[-97.6272059,30.1365148],[-97.6271688,30.1365311],[-97.6271321,30.136548],[-97.6270959,30.1365656],[-97.62706,30.1365837],[-97.6270245,30.1366024],[-97.6269893,30.1366215],[-97.6269545,30.1366412],[-97.6269202,30.1366615],[-97.6268864,30.1366825],[-97.6268531,30.136704],[-97.6268204,30.1367262],[-97.626788,30.1367488],[-97.6267562,30.136772],[-97.6267249,30.1367956],[-97.6266939,30.1368197],[-97.6266634,30.1368441],[-97.6266334,30.136869],[-97.6266037,30.1368942],[-97.6265743,30.1369198],[-97.6265454,30.1369456],[-97.6265167,30.1369717],[-97.6264884,30.1369981],[-97.6264604,30.1370247],[-97.6264326,30.1370515],[-97.6264051,30.1370785],[-97.6263778,30.1371057],[-97.6263507,30.137133],[-97.6263238,30.1371605],[-97.626297,30.1371881],[-97.6262704,30.1372157],[-97.6262439,30.1372435],[-97.6262175,30.1372713],[-97.6261911,30.1372992],[-97.6261647,30.1373271],[-97.6261384,30.137355],[-97.6261121,30.1373828],[-97.6260857,30.1374107],[-97.6260593,30.1374386],[-97.626033,30.1374664],[-97.6260066,30.1374943],[-97.6259801,30.1375221],[-97.6259537,30.1375499],[-97.6259272,30.1375777],[-97.6259008,30.1376055],[-97.6258743,30.1376333],[-97.6258478,30.1376611],[-97.6258213,30.1376888],[-97.6257948,30.1377166],[-97.6257682,30.1377443],[-97.6257417,30.1377721],[-97.6257151,30.1377998],[-97.6256885,30.1378275],[-97.6256619,30.1378552],[-97.6256353,30.1378829],[-97.6256087,30.1379105],[-97.625582,30.1379382],[-97.6255554,30.1379659],[-97.6255287,30.1379935],[-97.625502,30.1380212],[-97.6254754,30.1380488],[-97.6254486,30.1380764],[-97.6254219,30.138104],[-97.6253952,30.1381316],[-97.6253684,30.1381592],[-97.6253417,30.1381868],[-97.6253149,30.1382143],[-97.6252881,30.1382419],[-97.6252613,30.1382695],[-97.6252345,30.138297],[-97.6252077,30.1383245],[-97.6251808,30.1383521],[-97.625154,30.1383796],[-97.6251271,30.1384071],[-97.6251003,30.1384346],[-97.6250734,30.1384621],[-97.6250465,30.1384896],[-97.6250196,30.1385171],[-97.6249927,30.1385445],[-97.6249658,30.138572],[-97.6249389,30.1385995],[-97.624912,30.138627],[-97.6248852,30.1386545],[-97.6248583,30.138682],[-97.6248314,30.1387095],[-97.6248045,30.138737],[-97.6247777,30.1387645],[-97.6247509,30.138792],[-97.6247241,30.1388196],[-97.6246975,30.1388473],[-97.6246714,30.1388753],[-97.6246458,30.1389037],[-97.6246212,30.1389328],[-97.6245975,30.1389624],[-97.6245753,30.1389929],[-97.624555,30.1390243],[-97.6245367,30.1390567],[-97.6245216,30.1390903],[-97.6245113,30.1391252],[-97.6245065,30.139161],[-97.6245077,30.139197],[-97.6245144,30.1392325],[-97.6245261,30.1392671],[-97.6245421,30.1393003],[-97.6245617,30.1393321],[-97.624585,30.139362],[-97.6246135,30.1393881],[-97.6246466,30.1394098],[-97.6246829,30.139427],[-97.6247219,30.1394392],[-97.6247625,30.1394466],[-97.6248038,30.1394499],[-97.6248453,30.1394498],[-97.6248867,30.1394471],[-97.6249277,30.1394418],[-97.6249683,30.1394343],[-97.6250083,30.1394247],[-97.625048,30.1394141],[-97.6250874,30.1394028],[-97.6251266,30.139391],[-97.6251658,30.1393791],[-97.6252049,30.1393671],[-97.6252441,30.1393551],[-97.6252833,30.1393432],[-97.6253224,30.1393313],[-97.6253616,30.1393194],[-97.6254009,30.1393076],[-97.6254401,30.1392958],[-97.6254793,30.139284],[-97.6255186,30.1392723],[-97.6255578,30.1392606],[-97.6255971,30.1392489],[-97.6256364,30.1392373],[-97.6256757,30.1392257],[-97.625715,30.1392141],[-97.6257544,30.1392026],[-97.6257937,30.1391911],[-97.6258331,30.1391796],[-97.6258724,30.1391682],[-97.6259118,30.1391568],[-97.6259512,30.1391455],[-97.6259906,30.1391341],[-97.6260301,30.1391229],[-97.6260695,30.1391116],[-97.6261089,30.1391004],[-97.6261484,30.1390892],[-97.6261879,30.1390781],[-97.6262274,30.139067],[-97.6262669,30.1390559],[-97.6263064,30.1390449],[-97.6263459,30.1390339],[-97.6263855,30.1390229],[-97.626425,30.139012],[-97.6264646,30.1390011],[-97.6265042,30.1389902],[-97.6265438,30.1389794],[-97.6265834,30.1389687],[-97.626623,30.1389579],[-97.6266627,30.1389472],[-97.6267023,30.1389366],[-97.626742,30.1389259],[-97.6267817,30.1389154],[-97.6268214,30.1389048],[-97.6268611,30.1388943],[-97.6269008,30.1388838],[-97.6269406,30.1388734],[-97.6269803,30.138863],[-97.6270201,30.1388527],[-97.6270599,30.1388424],[-97.6270996,30.1388321],[-97.6271395,30.1388219],[-97.6271793,30.1388117],[-97.6272191,30.1388015],[-97.627259,30.1387914],[-97.6272988,30.1387814],[-97.6273387,30.1387713],[-97.6273786,30.1387614],[-97.6274185,30.1387514],[-97.6274584,30.1387415],[-97.6274983,30.1387316],[-97.6275383,30.1387218],[-97.6275782,30.138712],[-97.6276182,30.1387023],[-97.6276582,30.1386926],[-97.6276981,30.1386829],[-97.6277382,30.1386733],[-97.6277782,30.1386638],[-97.6278182,30.1386542],[-97.6278583,30.1386447],[-97.6278983,30.1386353],[-97.6279384,30.1386259],[-97.6279785,30.1386165],[-97.6280186,30.1386072],[-97.6280587,30.1385979],[-97.6280988,30.1385887],[-97.6281389,30.1385795],[-97.6281791,30.1385703],[-97.6282193,30.1385612],[-97.6282594,30.1385522],[-97.6282996,30.1385432],[-97.6283398,30.1385342],[-97.62838,30.1385252],[-97.6284203,30.1385163],[-97.6284605,30.1385075],[-97.6285008,30.1384987],[-97.628541,30.1384899],[-97.6285813,30.1384812],[-97.6286216,30.1384725],[-97.6286619,30.1384639],[-97.6287022,30.1384553],[-97.6287425,30.1384468],[-97.6287829,30.1384383],[-97.6288232,30.1384298],[-97.6288636,30.1384214],[-97.628904,30.138413],[-97.6289444,30.1384047],[-97.6289848,30.1383964],[-97.6290252,30.1383882],[-97.6290656,30.13838],[-97.629106,30.1383719],[-97.6291465,30.1383638],[-97.6291869,30.1383557],[-97.6292274,30.1383477],[-97.6292679,30.1383397],[-97.6293084,30.1383318],[-97.6293489,30.1383239],[-97.6293894,30.138316],[-97.6294299,30.1383083],[-97.6294705,30.1383005],[-97.629511,30.1382928],[-97.6295516,30.1382851],[-97.6295922,30.1382775],[-97.6296327,30.1382699],[-97.6296733,30.1382624],[-97.6297139,30.1382549],[-97.6297545,30.1382475],[-97.6297952,30.1382401],[-97.6298358,30.1382327],[-97.6298765,30.1382254],[-97.6299171,30.1382181],[-97.6299578,30.1382109],[-97.6299985,30.1382037],[-97.6300391,30.1381966],[-97.6300798,30.1381895],[-97.6301205,30.1381824],[-97.6301613,30.1381754],[-97.630202,30.1381684],[-97.6302427,30.1381615],[-97.6302835,30.1381546],[-97.6303242,30.1381478],[-97.630365,30.138141],[-97.6304058,30.1381342],[-97.6304465,30.1381275],[-97.6304873,30.1381208],[-97.6305281,30.1381142],[-97.630569,30.1381076],[-97.6306098,30.1381011],[-97.6306506,30.1380946],[-97.6306914,30.1380881],[-97.6307323,30.1380817],[-97.6307731,30.1380753],[-97.630814,30.138069],[-97.6308549,30.1380627],[-97.6308958,30.1380565],[-97.6309366,30.1380503],[-97.6309775,30.1380441],[-97.6310184,30.138038],[-97.6310594,30.1380319],[-97.6311003,30.1380258],[-97.6311412,30.1380198],[-97.6311821,30.1380138],[-97.6312231,30.1380079],[-97.631264,30.138002],[-97.631305,30.1379962],[-97.631346,30.1379904],[-97.6313869,30.1379846],[-97.6314279,30.1379789],[-97.6314689,30.1379732],[-97.6315099,30.1379675],[-97.6315509,30.1379619],[-97.6315919,30.1379563],[-97.6316329,30.1379508],[-97.631674,30.1379453],[-97.631715,30.1379398],[-97.631756,30.1379344],[-97.6317971,30.137929],[-97.6318381,30.1379236],[-97.6318792,30.1379183],[-97.6319202,30.137913],[-97.6319613,30.1379078],[-97.6320024,30.1379025],[-97.6320434,30.1378974],[-97.6320845,30.1378922],[-97.6321256,30.1378871],[-97.6321667,30.137882],[-97.6322078,30.137877],[-97.6322489,30.137872],[-97.63229,30.137867],[-97.6323311,30.137862],[-97.6323723,30.1378571],[-97.6324134,30.1378523],[-97.6324545,30.1378474],[-97.6324957,30.1378426],[-97.6325368,30.1378378],[-97.6325779,30.137833],[-97.6326191,30.1378283],[-97.6326602,30.1378236],[-97.6327014,30.137819],[-97.6327426,30.1378143],[-97.6327837,30.1378097],[-97.6328249,30.1378051],[-97.6328661,30.1378006],[-97.6329073,30.1377961],[-97.6329485,30.1377916],[-97.6329896,30.1377871],[-97.6330308,30.1377827],[-97.633072,30.1377782],[-97.6331132,30.1377739],[-97.6331544,30.1377695],[-97.6331956,30.1377652],[-97.6332368,30.1377608],[-97.6332781,30.1377565],[-97.6333193,30.1377523],[-97.6333605,30.137748],[-97.6334017,30.1377438],[-97.6334429,30.1377396],[-97.6334842,30.1377354],[-97.6335254,30.1377313],[-97.6335666,30.1377272],[-97.6336079,30.137723],[-97.6336491,30.1377189],[-97.6336904,30.1377149],[-97.6337316,30.1377108],[-97.6337729,30.1377068],[-97.6338141,30.1377028],[-97.6338554,30.1376988],[-97.6338966,30.1376948],[-97.6339379,30.1376908],[-97.6339791,30.1376869],[-97.6340204,30.1376829],[-97.6340616,30.137679],[-97.6341029,30.1376751],[-97.6341442,30.1376712],[-97.6341854,30.1376673],[-97.6342267,30.1376635],[-97.634268,30.1376596],[-97.6343093,30.1376558],[-97.6343505,30.137652],[-97.6343918,30.1376481],[-97.6344331,30.1376443],[-97.6344744,30.1376405],[-97.6345156,30.1376368],[-97.6345569,30.137633],[-97.6345982,30.1376292],[-97.6346395,30.1376255],[-97.6346808,30.1376217],[-97.6347221,30.137618],[-97.6347633,30.1376142],[-97.6348046,30.1376105],[-97.6348459,30.1376068],[-97.6348872,30.137603],[-97.6349285,30.1375993],[-97.6349698,30.1375956],[-97.6350111,30.1375919],[-97.6350523,30.1375882],[-97.6350936,30.1375845],[-97.6351349,30.1375808],[-97.6351762,30.1375771],[-97.6352175,30.1375734],[-97.6352588,30.1375697],[-97.6353001,30.137566],[-97.6353414,30.1375622],[-97.6353827,30.1375585],[-97.6354239,30.1375548],[-97.6354652,30.1375511],[-97.6355065,30.1375474],[-97.6355478,30.1375437],[-97.6355891,30.1375399],[-97.6356304,30.1375362],[-97.6356717,30.1375325],[-97.6357129,30.1375287],[-97.6357542,30.137525],[-97.6357955,30.1375212],[-97.6358368,30.1375174],[-97.6358781,30.1375136],[-97.6359193,30.1375099],[-97.6359606,30.137506],[-97.6360019,30.1375022],[-97.6360432,30.1374984],[-97.6360844,30.1374944],[-97.6361256,30.1374899],[-97.6361667,30.1374847],[-97.6362075,30.1374783],[-97.6362481,30.1374706],[-97.6362881,30.1374611],[-97.6363273,30.1374492],[-97.6363653,30.1374348],[-97.6364016,30.1374173],[-97.6364349,30.1373958],[-97.6364644,30.1373705],[-97.6364898,30.137342],[-97.6365113,30.1373112],[-97.6365289,30.1372786],[-97.6365405,30.1372439],[-97.6365492,30.1372087],[-97.6365524,30.1371727],[-97.63655,30.1371367],[-97.6365422,30.1371013],[-97.6365298,30.1370669],[-97.6365139,30.1370336],[-97.636495,30.1370015],[-97.6364739,30.1369705],[-97.6364509,30.1369404],[-97.6364263,30.1369114],[-97.6364003,30.1368833],[-97.6363736,30.1368557],[-97.6363463,30.1368285],[-97.6363184,30.1368018],[-97.6362902,30.1367753],[-97.6362615,30.1367492],[-97.6362325,30.1367235],[-97.6362032,30.1366979],[-97.6361736,30.1366726],[-97.6361439,30.1366474],[-97.636114,30.1366224],[-97.636084,30.1365974],[-97.636054,30.1365725],[-97.636024,30.1365476],[-97.635994,30.1365226],[-97.6359642,30.1364975],[-97.6359345,30.1364723],[-97.635905,30.1364469],[-97.6358758,30.1364212],[-97.635847,30.1363953],[-97.6358184,30.1363691],[-97.6357903,30.1363425],[-97.6357628,30.1363156],[-97.6357357,30.1362882],[-97.6357092,30.1362604],[-97.6356835,30.1362321],[-97.6356584,30.1362034],[-97.6356342,30.1361741],[-97.6356109,30.1361442],[-97.6355885,30.1361139],[-97.6355672,30.1360829],[-97.6355472,30.1360513],[-97.6355287,30.136019],[-97.635512,30.135986],[-97.6354977,30.1359521],[-97.6354858,30.1359176],[-97.6354768,30.1358823],[-97.6354718,30.1358466],[-97.6354713,30.1358105],[-97.6354755,30.1357747],[-97.635484,30.1357394],[-97.6354966,30.135705],[-97.6355123,30.1356716],[-97.6355313,30.1356396],[-97.6355535,30.1356091],[-97.6355785,30.1355803],[-97.6356065,30.1355537],[-97.6356372,30.1355295],[-97.6356711,30.1355087],[-97.6357077,30.1354918],[-97.6357465,30.1354789],[-97.6357866,30.1354701],[-97.6358277,30.1354648],[-97.6358691,30.1354626],[-97.6359106,30.1354631],[-97.6359519,30.1354663],[-97.6359929,30.1354721],[-97.6360334,30.1354798],[-97.6360733,30.1354898],[-97.6361122,30.1355023],[-97.6361501,30.1355169],[-97.6361868,30.1355338],[-97.6362221,30.1355527],[-97.6362558,30.1355738],[-97.6362882,30.1355964],[-97.6363195,30.1356201],[-97.6363497,30.1356448],[-97.636379,30.1356703],[-97.6364074,30.1356966],[-97.6364349,30.1357237],[-97.6364614,30.1357514],[-97.6364868,30.13578],[-97.6365112,30.1358092],[-97.6365347,30.1358389],[-97.6365572,30.1358692],[-97.6365791,30.1358998],[-97.6366004,30.1359308],[-97.6366212,30.1359621],[-97.6366416,30.1359935],[-97.6366618,30.136025],[-97.6366818,30.1360566],[-97.6367017,30.1360883],[-97.6367216,30.1361199],[-97.6367418,30.1361514],[-97.6367623,30.1361828],[-97.6367831,30.136214],[-97.6368046,30.1362449],[-97.6368267,30.1362755],[-97.6368494,30.1363056],[-97.636873,30.1363353],[-97.6368975,30.1363645],[-97.6369229,30.136393],[-97.6369494,30.1364207],[-97.6369771,30.1364476],[-97.6370058,30.1364736],[-97.6370361,30.1364983],[-97.6370679,30.1365215],[-97.6371012,30.1365431],[-97.637136,30.1365626],[-97.6371722,30.1365803],[-97.6372095,30.1365961],[-97.6372479,30.1366098],[-97.6372875,30.1366206],[-97.6373279,30.1366286],[-97.637369,30.1366337],[-97.6374104,30.1366359],[-97.6374519,30.1366345],[-97.637493,30.1366299],[-97.6375333,30.1366215],[-97.637572,30.1366085],[-97.6376081,30.1365907],[-97.6376409,30.1365688],[-97.6376701,30.1365432],[-97.6376955,30.1365147],[-97.6377179,30.1364843],[-97.6377364,30.136452],[-97.6377504,30.1364181],[-97.6377577,30.1363826],[-97.6377581,30.1363466],[-97.6377527,30.1363109],[-97.6377429,30.1362758],[-97.6377297,30.1362417],[-97.6377136,30.1362084],[-97.6376956,30.1361759],[-97.6376763,30.1361439],[-97.6376561,30.1361124],[-97.6376353,30.1360812],[-97.6376139,30.1360503],[-97.6375921,30.1360196],[-97.6375698,30.1359892],[-97.6375471,30.135959],[-97.6375241,30.1359289],[-97.6375008,30.1358991],[-97.6374773,30.1358693],[-97.6374536,30.1358397],[-97.6374298,30.1358102],[-97.6374058,30.1357807],[-97.6373818,30.1357513],[-97.6373578,30.1357219],[-97.6373338,30.1356924],[-97.6373099,30.1356629],[-97.6372861,30.1356334],[-97.6372624,30.1356037],[-97.637239,30.1355739],[-97.6372158,30.135544],[-97.637193,30.1355139],[-97.6371705,30.1354836],[-97.6371484,30.135453],[-97.6371267,30.1354223],[-97.6371055,30.1353912],[-97.6370849,30.1353599],[-97.6370648,30.1353283],[-97.6370455,30.1352964],[-97.6370268,30.1352642],[-97.6370089,30.1352317],[-97.6369919,30.1351988],[-97.6369757,30.1351655],[-97.6369604,30.135132],[-97.6369463,30.1350981],[-97.6369331,30.1350638],[-97.6369211,30.1350293],[-97.6369103,30.1349945],[-97.6369007,30.1349594],[-97.6368922,30.1349241],[-97.6368848,30.1348886],[-97.6368786,30.1348529],[-97.6368739,30.1348171],[-97.6368705,30.1347811],[-97.6368685,30.1347451],[-97.6368678,30.134709],[-97.6368685,30.1346729],[-97.6368705,30.1346369],[-97.636874,30.1346009],[-97.6368789,30.1345651],[-97.6368853,30.1345295],[-97.6368932,30.1344941],[-97.6369026,30.1344589],[-97.6369137,30.1344242],[-97.6369262,30.1343898],[-97.6369402,30.1343558],[-97.6369558,30.1343224],[-97.6369728,30.1342895],[-97.6369912,30.1342571],[-97.6370113,30.1342255],[-97.6370326,30.1341946],[-97.6370552,30.1341643],[-97.6370791,30.1341348],[-97.637104,30.134106],[-97.6371301,30.1340779],[-97.6371572,30.1340506],[-97.6371853,30.1340241],[-97.6372144,30.1339983],[-97.6372445,30.1339735],[-97.6372755,30.1339495],[-97.6373075,30.1339265],[-97.6373405,30.1339047],[-97.6373744,30.1338838],[-97.6374091,30.133864],[-97.6374446,30.1338453],[-97.6374808,30.1338277],[-97.6375176,30.133811],[-97.637555,30.1337954],[-97.637593,30.1337809],[-97.6376315,30.1337674],[-97.6376705,30.133755],[-97.6377099,30.1337436],[-97.6377496,30.1337333],[-97.6377898,30.1337241],[-97.6378302,30.133716],[-97.6378709,30.1337089],[-97.6379118,30.1337029],[-97.637953,30.133698],[-97.6379942,30.1336938],[-97.6380355,30.1336907],[-97.638077,30.1336882],[-97.6381184,30.1336868],[-97.6381599,30.1336861],[-97.6382014,30.1336864],[-97.6382429,30.1336876],[-97.6382843,30.1336898],[-97.6383257,30.1336929],[-97.6383669,30.1336969],[-97.6384081,30.1337018],[-97.638449,30.1337078],[-97.6384898,30.1337146],[-97.6385303,30.1337224],[-97.6385706,30.1337311],[-97.6386106,30.1337407],[-97.6386503,30.1337512],[-97.6386897,30.1337626],[-97.6387287,30.1337749],[-97.6387673,30.1337881],[-97.6388055,30.1338022],[-97.6388433,30.1338171],[-97.6388805,30.133833],[-97.6389173,30.1338498],[-97.6389536,30.1338673],[-97.6389893,30.1338858],[-97.6390244,30.133905],[-97.6390589,30.133925],[-97.6390928,30.1339459],[-97.639126,30.1339674],[-97.6391586,30.1339898],[-97.6391905,30.1340129],[-97.6392218,30.1340366],[-97.6392524,30.134061],[-97.6392823,30.134086],[-97.6393116,30.1341116],[-97.6393402,30.1341377],[-97.6393681,30.1341644],[-97.6393954,30.1341916],[-97.6394221,30.1342192],[-97.6394482,30.1342473],[-97.6394737,30.1342757],[-97.6394988,30.1343045],[-97.6395233,30.1343336],[-97.6395474,30.134363],[-97.6395711,30.1343926],[-97.6395945,30.1344224],[-97.6396175,30.1344524],[-97.6396402,30.1344826],[-97.6396626,30.134513],[-97.6396848,30.1345435],[-97.6397069,30.134574],[-97.6397288,30.1346047],[-97.6397505,30.1346354],[-97.6397723,30.1346661],[-97.639794,30.1346969],[-97.6398157,30.1347276],[-97.6398375,30.1347583],[-97.6398594,30.134789],[-97.6398814,30.1348196],[-97.6399037,30.13485],[-97.6399261,30.1348804],[-97.6399488,30.1349106],[-97.6399718,30.1349406],[-97.6399952,30.1349704],[-97.6400189,30.135],[-97.6400431,30.1350294],[-97.6400676,30.1350585],[-97.6400927,30.1350872],[-97.6401183,30.1351156],[-97.6401444,30.1351437],[-97.6401711,30.1351713],[-97.6401985,30.1351984],[-97.6402266,30.1352249],[-97.6402556,30.1352508],[-97.6402854,30.1352759],[-97.640316,30.1353002],[-97.6403478,30.1353235],[-97.6403805,30.1353457],[-97.6404142,30.1353667],[-97.640449,30.1353863],[-97.640485,30.1354043],[-97.640522,30.1354206],[-97.6405599,30.1354353],[-97.6405987,30.1354482],[-97.6406381,30.1354596],[-97.6406779,30.1354696],[-97.6407183,30.1354781],[-97.640759,30.135485],[-97.6408001,30.13549],[-97.6408414,30.1354934],[-97.6408829,30.135495],[-97.6409244,30.1354946],[-97.6409658,30.1354927],[-97.6410071,30.1354893],[-97.6410483,30.1354843],[-97.6410891,30.1354781],[-97.6411298,30.1354707],[-97.6411701,30.1354622],[-97.6412101,30.1354525],[-97.6412498,30.135442],[-97.6412892,30.1354307],[-97.6413283,30.1354185],[-97.6413671,30.1354058],[-97.6414057,30.1353925],[-97.6414441,30.1353788],[-97.6414823,30.1353647],[-97.6415204,30.1353503],[-97.6415583,30.1353356],[-97.6415961,30.1353208],[-97.641634,30.135306],[-97.6416718,30.1352911],[-97.6417096,30.1352763],[-97.6417475,30.1352614],[-97.6417853,30.1352466],[-97.6418232,30.1352318],[-97.641861,30.1352171],[-97.6418989,30.1352023],[-97.6419368,30.1351876],[-97.6419747,30.1351729],[-97.6420126,30.1351582],[-97.6420506,30.1351436],[-97.6420885,30.1351289],[-97.6421265,30.1351143],[-97.6421644,30.1350997],[-97.6422024,30.1350852],[-97.6422404,30.1350706],[-97.6422784,30.1350561],[-97.6423164,30.1350416],[-97.6423544,30.1350272],[-97.6423925,30.1350127],[-97.6424305,30.1349983],[-97.6424686,30.1349839],[-97.6425067,30.1349696],[-97.6425448,30.1349552],[-97.6425829,30.1349409],[-97.642621,30.1349267],[-97.6426591,30.1349124],[-97.6426973,30.1348982],[-97.6427354,30.134884],[-97.6427736,30.1348699],[-97.6428118,30.1348557],[-97.64285,30.1348416],[-97.6428882,30.1348275],[-97.6429264,30.1348133],[-97.6429645,30.134799],[-97.6430024,30.1347844],[-97.64304,30.134769],[-97.643077,30.1347527],[-97.6431133,30.1347352],[-97.6431488,30.1347165],[-97.6431832,30.1346963],[-97.6432161,30.1346743],[-97.6432469,30.1346502],[-97.6432753,30.1346239],[-97.6433002,30.1345951],[-97.6433214,30.1345641],[-97.6433388,30.1345314],[-97.6433525,30.1344974],[-97.6433623,30.1344623],[-97.6433679,30.1344266],[-97.6433699,30.1343905],[-97.6433676,30.1343545],[-97.6433614,30.1343189],[-97.6433507,30.1342841],[-97.6433355,30.1342505],[-97.643316,30.1342187],[-97.643293,30.1341887]]}},{"type":"Feature","properties":{"role":"apex","id":"t1-apex","corner":"t1","edge":"left","marker":0.12004,"quality":{"source":"txgio-2021-caparea","accuracy_m":0.88,"relative_accuracy_m":0.14,"measured":true,"date":"2021-01-03"}},"geometry":{"type":"Point","coordinates":[-97.6368794,30.1301607]}},{"type":"Feature","properties":{"role":"geometric_apex","id":"t1-geometric-apex","corner":"t1","edge":"left","marker":0.11911,"quality":{"source":"txgio-2021-caparea","accuracy_m":0.88,"relative_accuracy_m":0.14,"measured":true,"date":"2021-01-03"}},"geometry":{"type":"Point","coordinates":[-97.6368881,30.1301521]}},{"type":"Feature","properties":{"role":"apex","id":"t2-apex","corner":"t2","edge":"right","marker":0.16311,"quality":{"source":"txgio-2021-caparea","accuracy_m":0.88,"relative_accuracy_m":0.14,"measured":true,"date":"2021-01-03"}},"geometry":{"type":"Point","coordinates":[-97.6372091,30.1321386]}},{"type":"Feature","properties":{"role":"geometric_apex","id":"t2-geometric-apex","corner":"t2","edge":"right","marker":0.15455,"quality":{"source":"txgio-2021-caparea","accuracy_m":0.88,"relative_accuracy_m":0.14,"measured":true,"date":"2021-01-03"}},"geometry":{"type":"Point","coordinates":[-97.6372702,30.1317458]}},{"type":"Feature","properties":{"role":"apex","id":"t3-apex","corner":"t3","edge":"left","marker":0.21264,"quality":{"source":"txgio-2021-caparea","accuracy_m":0.88,"relative_accuracy_m":0.14,"measured":true,"date":"2021-01-03"}},"geometry":{"type":"Point","coordinates":[-97.6351546,30.1336863]}},{"type":"Feature","properties":{"role":"geometric_apex","id":"t3-geometric-apex","corner":"t3","edge":"left","marker":0.21454,"quality":{"source":"txgio-2021-caparea","accuracy_m":0.88,"relative_accuracy_m":0.14,"measured":true,"date":"2021-01-03"}},"geometry":{"type":"Point","coordinates":[-97.6350931,30.1337599]}},{"type":"Feature","properties":{"role":"apex","id":"t4-apex","corner":"t4","edge":"right","marker":0.23025,"quality":{"source":"txgio-2021-caparea","accuracy_m":0.88,"relative_accuracy_m":0.14,"measured":true,"date":"2021-01-03"}},"geometry":{"type":"Point","coordinates":[-97.6345768,30.1343648]}},{"type":"Feature","properties":{"role":"geometric_apex","id":"t4-geometric-apex","corner":"t4","edge":"right","marker":0.2309,"quality":{"source":"txgio-2021-caparea","accuracy_m":0.88,"relative_accuracy_m":0.14,"measured":true,"date":"2021-01-03"}},"geometry":{"type":"Point","coordinates":[-97.6345489,30.1343843]}},{"type":"Feature","properties":{"role":"apex","id":"t5-apex","corner":"t5","edge":"left","marker":0.24571,"quality":{"source":"txgio-2021-caparea","accuracy_m":0.88,"relative_accuracy_m":0.14,"measured":true,"date":"2021-01-03"}},"geometry":{"type":"Point","coordinates":[-97.6339164,30.1348216]}},{"type":"Feature","properties":{"role":"geometric_apex","id":"t5-geometric-apex","corner":"t5","edge":"left","marker":0.24544,"quality":{"source":"txgio-2021-caparea","accuracy_m":0.88,"relative_accuracy_m":0.14,"measured":true,"date":"2021-01-03"}},"geometry":{"type":"Point","coordinates":[-97.6339222,30.1348157]}},{"type":"Feature","properties":{"role":"apex","id":"t6-apex","corner":"t6","edge":"right","marker":0.26296,"quality":{"source":"txgio-2021-caparea","accuracy_m":0.88,"relative_accuracy_m":0.14,"measured":true,"date":"2021-01-03"}},"geometry":{"type":"Point","coordinates":[-97.6335388,30.1355761]}},{"type":"Feature","properties":{"role":"geometric_apex","id":"t6-geometric-apex","corner":"t6","edge":"right","marker":0.26326,"quality":{"source":"txgio-2021-caparea","accuracy_m":0.88,"relative_accuracy_m":0.14,"measured":true,"date":"2021-01-03"}},"geometry":{"type":"Point","coordinates":[-97.6335309,30.1355912]}},{"type":"Feature","properties":{"role":"apex","id":"t7-apex","corner":"t7","edge":"left","marker":0.31307,"quality":{"source":"txgio-2021-caparea","accuracy_m":0.88,"relative_accuracy_m":0.14,"measured":true,"date":"2021-01-03"}},"geometry":{"type":"Point","coordinates":[-97.6311191,30.1358083]}},{"type":"Feature","properties":{"role":"geometric_apex","id":"t7-geometric-apex","corner":"t7","edge":"left","marker":0.31179,"quality":{"source":"txgio-2021-caparea","accuracy_m":0.88,"relative_accuracy_m":0.14,"measured":true,"date":"2021-01-03"}},"geometry":{"type":"Point","coordinates":[-97.6311712,30.1358053]}},{"type":"Feature","properties":{"role":"apex","id":"t8-apex","corner":"t8","edge":"right","marker":0.34483,"quality":{"source":"txgio-2021-caparea","accuracy_m":0.88,"relative_accuracy_m":0.14,"measured":true,"date":"2021-01-03"}},"geometry":{"type":"Point","coordinates":[-97.6296894,30.1365753]}},{"type":"Feature","properties":{"role":"geometric_apex","id":"t8-geometric-apex","corner":"t8","edge":"right","marker":0.34996,"quality":{"source":"txgio-2021-caparea","accuracy_m":0.88,"relative_accuracy_m":0.14,"measured":true,"date":"2021-01-03"}},"geometry":{"type":"Point","coordinates":[-97.6294535,30.1364985]}},{"type":"Feature","properties":{"role":"apex","id":"t9-apex","corner":"t9","edge":"left","marker":0.35985,"quality":{"source":"txgio-2021-caparea","accuracy_m":0.88,"relative_accuracy_m":0.14,"measured":true,"date":"2021-01-03"}},"geometry":{"type":"Point","coordinates":[-97.6290265,30.1362417]}},{"type":"Feature","properties":{"role":"geometric_apex","id":"t9-geometric-apex","corner":"t9","edge":"left","marker":0.35778,"quality":{"source":"txgio-2021-caparea","accuracy_m":0.88,"relative_accuracy_m":0.14,"measured":true,"date":"2021-01-03"}},"geometry":{"type":"Point","coordinates":[-97.6290971,30.1362827]}},{"type":"Feature","properties":{"role":"apex","id":"t10-apex","corner":"t10","edge":"left","marker":0.39647,"quality":{"source":"txgio-2021-caparea","accuracy_m":0.88,"relative_accuracy_m":0.14,"measured":true,"date":"2021-01-03"}},"geometry":{"type":"Point","coordinates":[-97.6270451,30.1366019]}},{"type":"Feature","properties":{"role":"geometric_apex","id":"t10-geometric-apex","corner":"t10","edge":"left","marker":0.39632,"quality":{"source":"txgio-2021-caparea","accuracy_m":0.88,"relative_accuracy_m":0.14,"measured":true,"date":"2021-01-03"}},"geometry":{"type":"Point","coordinates":[-97.6270523,30.1365983]}},{"type":"Feature","properties":{"role":"apex","id":"t11-apex","corner":"t11","edge":"left","marker":0.47103,"quality":{"source":"txgio-2021-caparea","accuracy_m":0.88,"relative_accuracy_m":0.14,"measured":true,"date":"2021-01-03"}},"geometry":{"type":"Point","coordinates":[-97.6245875,30.139352]}},{"type":"Feature","properties":{"role":"geometric_apex","id":"t11-geometric-apex","corner":"t11","edge":"left","marker":0.47102,"quality":{"source":"txgio-2021-caparea","accuracy_m":0.88,"relative_accuracy_m":0.14,"measured":true,"date":"2021-01-03"}},"geometry":{"type":"Point","coordinates":[-97.6245875,30.139352]}},{"type":"Feature","properties":{"role":"apex","id":"t12-apex","corner":"t12","edge":"left","marker":0.68802,"quality":{"source":"txgio-2021-caparea","accuracy_m":0.88,"relative_accuracy_m":0.14,"measured":true,"date":"2021-01-03"}},"geometry":{"type":"Point","coordinates":[-97.6365222,30.1372604]}},{"type":"Feature","properties":{"role":"geometric_apex","id":"t12-geometric-apex","corner":"t12","edge":"left","marker":0.68752,"quality":{"source":"txgio-2021-caparea","accuracy_m":0.88,"relative_accuracy_m":0.14,"measured":true,"date":"2021-01-03"}},"geometry":{"type":"Point","coordinates":[-97.6365221,30.1372674]}},{"type":"Feature","properties":{"role":"apex","id":"t13-apex","corner":"t13","edge":"right","marker":0.72796,"quality":{"source":"txgio-2021-caparea","accuracy_m":0.88,"relative_accuracy_m":0.14,"measured":true,"date":"2021-01-03"}},"geometry":{"type":"Point","coordinates":[-97.6355399,30.1356457]}},{"type":"Feature","properties":{"role":"geometric_apex","id":"t13-geometric-apex","corner":"t13","edge":"right","marker":0.72842,"quality":{"source":"txgio-2021-caparea","accuracy_m":0.88,"relative_accuracy_m":0.14,"measured":true,"date":"2021-01-03"}},"geometry":{"type":"Point","coordinates":[-97.635551,30.1356311]}},{"type":"Feature","properties":{"role":"apex","id":"t14-apex","corner":"t14","edge":"right","marker":0.746,"quality":{"source":"txgio-2021-caparea","accuracy_m":0.88,"relative_accuracy_m":0.14,"measured":true,"date":"2021-01-03"}},"geometry":{"type":"Point","coordinates":[-97.636374,30.135679]}},{"type":"Feature","properties":{"role":"geometric_apex","id":"t14-geometric-apex","corner":"t14","edge":"right","marker":0.74387,"quality":{"source":"txgio-2021-caparea","accuracy_m":0.88,"relative_accuracy_m":0.14,"measured":true,"date":"2021-01-03"}},"geometry":{"type":"Point","coordinates":[-97.6362979,30.1356311]}},{"type":"Feature","properties":{"role":"apex","id":"t15-apex","corner":"t15","edge":"left","marker":0.76767,"quality":{"source":"txgio-2021-caparea","accuracy_m":0.88,"relative_accuracy_m":0.14,"measured":true,"date":"2021-01-03"}},"geometry":{"type":"Point","coordinates":[-97.6371473,30.1364675]}},{"type":"Feature","properties":{"role":"geometric_apex","id":"t15-geometric-apex","corner":"t15","edge":"left","marker":0.76786,"quality":{"source":"txgio-2021-caparea","accuracy_m":0.88,"relative_accuracy_m":0.14,"measured":true,"date":"2021-01-03"}},"geometry":{"type":"Point","coordinates":[-97.6371539,30.1364715]}},{"type":"Feature","properties":{"role":"apex","id":"t16-apex","corner":"t16","edge":"left","marker":0.78038,"quality":{"source":"txgio-2021-caparea","accuracy_m":0.88,"relative_accuracy_m":0.14,"measured":true,"date":"2021-01-03"}},"geometry":{"type":"Point","coordinates":[-97.6376984,30.1364931]}},{"type":"Feature","properties":{"role":"geometric_apex","id":"t16-geometric-apex","corner":"t16","edge":"left","marker":0.7795,"quality":{"source":"txgio-2021-caparea","accuracy_m":0.88,"relative_accuracy_m":0.14,"measured":true,"date":"2021-01-03"}},"geometry":{"type":"Point","coordinates":[-97.6376822,30.1365126]}},{"type":"Feature","properties":{"role":"apex","id":"t17-apex","corner":"t17","edge":"right","marker":0.83558,"quality":{"source":"txgio-2021-caparea","accuracy_m":0.88,"relative_accuracy_m":0.14,"measured":true,"date":"2021-01-03"}},"geometry":{"type":"Point","coordinates":[-97.6371239,30.1340993]}},{"type":"Feature","properties":{"role":"geometric_apex","id":"t17-geometric-apex","corner":"t17","edge":"right","marker":0.83603,"quality":{"source":"txgio-2021-caparea","accuracy_m":0.88,"relative_accuracy_m":0.14,"measured":true,"date":"2021-01-03"}},"geometry":{"type":"Point","coordinates":[-97.6371413,30.1340816]}},{"type":"Feature","properties":{"role":"apex","id":"t18-apex","corner":"t18","edge":"right","marker":0.8557,"quality":{"source":"txgio-2021-caparea","accuracy_m":0.88,"relative_accuracy_m":0.14,"measured":true,"date":"2021-01-03"}},"geometry":{"type":"Point","coordinates":[-97.6380989,30.1336991]}},{"type":"Feature","properties":{"role":"geometric_apex","id":"t18-geometric-apex","corner":"t18","edge":"right","marker":0.85384,"quality":{"source":"txgio-2021-caparea","accuracy_m":0.88,"relative_accuracy_m":0.14,"measured":true,"date":"2021-01-03"}},"geometry":{"type":"Point","coordinates":[-97.6380071,30.1337077]}},{"type":"Feature","properties":{"role":"apex","id":"t19-apex","corner":"t19","edge":"left","marker":0.91701,"quality":{"source":"txgio-2021-caparea","accuracy_m":0.88,"relative_accuracy_m":0.14,"measured":true,"date":"2021-01-03"}},"geometry":{"type":"Point","coordinates":[-97.6406596,30.1354556]}},{"type":"Feature","properties":{"role":"geometric_apex","id":"t19-geometric-apex","corner":"t19","edge":"left","marker":0.91728,"quality":{"source":"txgio-2021-caparea","accuracy_m":0.88,"relative_accuracy_m":0.14,"measured":true,"date":"2021-01-03"}},"geometry":{"type":"Point","coordinates":[-97.6406736,30.1354584]}},{"type":"Feature","properties":{"role":"apex","id":"t20-apex","corner":"t20","edge":"left","marker":0.97147,"quality":{"source":"txgio-2021-caparea","accuracy_m":0.88,"relative_accuracy_m":0.14,"measured":true,"date":"2021-01-03"}},"geometry":{"type":"Point","coordinates":[-97.643355,30.1344414]}},{"type":"Feature","properties":{"role":"geometric_apex","id":"t20-geometric-apex","corner":"t20","edge":"left","marker":0.972,"quality":{"source":"txgio-2021-caparea","accuracy_m":0.88,"relative_accuracy_m":0.14,"measured":true,"date":"2021-01-03"}},"geometry":{"type":"Point","coordinates":[-97.6433573,30.1344256]}},{"type":"Feature","properties":{"role":"sector_boundary","id":"s1-start","marker":0.0,"width_m":15.14,"quality":{"source":"txgio-2021-caparea","accuracy_m":0.88,"relative_accuracy_m":0.14,"measured":true,"date":"2021-01-03"},"range":"s1"},"geometry":{"type":"LineString","coordinates":[[-97.6422103,30.1335781],[-97.6423059,30.1334697]]}},{"type":"Feature","properties":{"role":"sector_boundary","id":"s2-start","marker":0.30023,"width_m":13.64,"quality":{"source":"txgio-2021-caparea","accuracy_m":0.88,"relative_accuracy_m":0.14,"measured":true,"date":"2021-01-03"},"range":"s2"},"geometry":{"type":"LineString","coordinates":[[-97.631759,30.1360283],[-97.6318165,30.1359158]]}},{"type":"Feature","properties":{"role":"sector_boundary","id":"s3-start","marker":0.70016,"width_m":16.23,"quality":{"source":"txgio-2021-caparea","accuracy_m":0.88,"relative_accuracy_m":0.14,"measured":true,"date":"2021-01-03"},"range":"s3"},"geometry":{"type":"LineString","coordinates":[[-97.6361449,30.1368242],[-97.6362779,30.1367343]]}},{"type":"Feature","properties":{"role":"complex_entry","id":"t4-t5-t6-t7-t8-t9-entry","marker":0.22381,"width_m":13.25,"quality":{"source":"txgio-2021-caparea","accuracy_m":0.88,"relative_accuracy_m":0.14,"measured":true,"date":"2021-01-03"},"complex":"t4-t5-t6-t7-t8-t9"},"geometry":{"type":"LineString","coordinates":[[-97.6348894,30.134176],[-97.6347628,30.1341293]]}},{"type":"Feature","properties":{"role":"complex_exit","id":"t4-t5-t6-t7-t8-t9-exit","marker":0.36305,"width_m":13.36,"quality":{"source":"txgio-2021-caparea","accuracy_m":0.88,"relative_accuracy_m":0.14,"measured":true,"date":"2021-01-03"},"complex":"t4-t5-t6-t7-t8-t9"},"geometry":{"type":"LineString","coordinates":[[-97.6288824,30.1362378],[-97.6288557,30.1361196]]}},{"type":"Feature","properties":{"role":"complex_entry","id":"t15-t16-entry","marker":0.76568,"width_m":13.32,"quality":{"source":"txgio-2021-caparea","accuracy_m":0.88,"relative_accuracy_m":0.14,"measured":true,"date":"2021-01-03"},"complex":"t15-t16"},"geometry":{"type":"LineString","coordinates":[[-97.637071,30.1364053],[-97.6369716,30.1364888]]}},{"type":"Feature","properties":{"role":"complex_exit","id":"t15-t16-exit","marker":0.78368,"width_m":13.57,"quality":{"source":"txgio-2021-caparea","accuracy_m":0.88,"relative_accuracy_m":0.14,"measured":true,"date":"2021-01-03"},"complex":"t15-t16"},"geometry":{"type":"LineString","coordinates":[[-97.6376872,30.1363977],[-97.6378121,30.1363412]]}}]}